date,Close,High,Low,Open,Volume
2022-01-03 00:00:00+00:00,23.07,23.75,22.87,23.38,236529
2022-01-04 00:00:00+00:00,22.96,23.24,22.86,23.13,144580
2022-01-05 00:00:00+00:00,23.08,23.25,22.96,23.0,128915
2022-01-06 00:00:00+00:00,23.18,23.2,22.8,23.09,143824
2022-01-07 00:00:00+00:00,25.05,25.06,23.62,23.75,428918
2022-01-10 00:00:00+00:00,25.83,25.87,24.5317,25.07,486476
2022-01-11 00:00:00+00:00,25.3,25.87,25.05,25.87,288393
2022-01-12 00:00:00+00:00,25.61,25.65,25.08,25.24,389174
2022-01-13 00:00:00+00:00,24.91,25.68,24.7287,25.68,228158
2022-01-14 00:00:00+00:00,25.37,25.37,24.481,24.85,158981
2022-01-18 00:00:00+00:00,25.35,25.47,24.8,25.41,236443
2022-01-19 00:00:00+00:00,25.09,25.5,24.89,25.34,206330
2022-01-20 00:00:00+00:00,24.63,25.4,24.61,25.05,155364
2022-01-21 00:00:00+00:00,24.75,25.3299,24.22,24.37,179993
2022-01-24 00:00:00+00:00,24.72,24.94,23.571,24.53,166302
2022-01-25 00:00:00+00:00,24.91,24.99,24.0,24.53,148017
2022-01-26 00:00:00+00:00,24.63,25.36,24.51,24.91,219894
2022-01-27 00:00:00+00:00,25.03,25.1769,24.65,24.65,139688
2022-01-28 00:00:00+00:00,26.06,26.09,24.9,24.98,641583
2022-01-31 00:00:00+00:00,23.09,26.49,22.07,26.1,950146
2022-02-01 00:00:00+00:00,24.68,24.7,22.97,23.03,402516
2022-02-02 00:00:00+00:00,25.33,25.49,23.85,24.34,378032
2022-02-03 00:00:00+00:00,25.44,25.6,24.63,25.1,273062
2022-02-04 00:00:00+00:00,25.04,25.52,24.76,25.37,256363
2022-02-07 00:00:00+00:00,26.27,26.74,24.75,25.13,909135
2022-02-08 00:00:00+00:00,26.51,27.28,25.3761,26.52,469199
2022-02-09 00:00:00+00:00,26.07,26.9755,25.93,26.75,267564
2022-02-10 00:00:00+00:00,26.32,26.42,25.6264,25.9,236554
2022-02-11 00:00:00+00:00,27.14,27.29,26.345,26.41,217022
2022-02-14 00:00:00+00:00,26.05,27.36,25.84,27.25,436918
2022-02-15 00:00:00+00:00,26.4,26.89,26.16,26.16,220131
2022-02-16 00:00:00+00:00,26.52,26.84,26.21,26.4,217629
2022-02-17 00:00:00+00:00,26.02,26.35,25.61,26.35,300745
2022-02-18 00:00:00+00:00,26.21,26.46,25.71,25.85,820992
2022-02-22 00:00:00+00:00,26.1,26.4,25.84,26.25,230947
2022-02-23 00:00:00+00:00,27.46,27.9,26.49,26.84,506823
2022-02-24 00:00:00+00:00,27.56,27.9,26.52,26.77,467309
2022-02-25 00:00:00+00:00,28.77,29.19,27.6401,27.79,652566
2022-02-28 00:00:00+00:00,27.71,28.98,27.36,28.77,435310
2022-03-01 00:00:00+00:00,27.43,28.0803,26.9,27.75,890387
2022-03-02 00:00:00+00:00,28.4,28.83,27.39,27.5,216662
2022-03-03 00:00:00+00:00,28.46,28.97,28.3,28.56,284827
2022-03-04 00:00:00+00:00,28.63,28.74,27.89,28.05,274315
2022-03-07 00:00:00+00:00,30.74,30.92,28.5,28.72,547971
2022-03-08 00:00:00+00:00,29.91,30.69,29.91,30.09,405636
2022-03-09 00:00:00+00:00,30.1,30.68,29.6,30.01,348605
2022-03-10 00:00:00+00:00,30.47,30.79,29.88,30.1,401676
2022-03-11 00:00:00+00:00,34.3,34.96,29.665,30.0,1230488
2022-03-14 00:00:00+00:00,34.81,35.7394,32.56,34.3,966522
2022-03-15 00:00:00+00:00,34.74,34.86,33.85,34.49,658047
2022-03-16 00:00:00+00:00,34.22,35.0,33.2313,35.0,526453
2022-03-17 00:00:00+00:00,34.18,35.58,33.965,34.49,470885
2022-03-18 00:00:00+00:00,34.22,35.0,33.8171,34.86,656824
2022-03-21 00:00:00+00:00,35.45,35.72,34.15,34.56,400951
2022-03-22 00:00:00+00:00,35.54,36.0,34.25,35.74,365763
2022-03-23 00:00:00+00:00,35.48,36.2,35.265,35.44,290502
2022-03-24 00:00:00+00:00,35.77,36.22,35.06,35.56,228461
2022-03-25 00:00:00+00:00,36.44,36.97,35.695,35.87,330964
2022-03-28 00:00:00+00:00,36.45,36.79,35.93,36.37,358350
2022-03-29 00:00:00+00:00,35.83,36.86,35.37,36.37,431897
2022-03-30 00:00:00+00:00,36.43,36.815,35.93,35.96,225301
2022-03-31 00:00:00+00:00,35.9,37.1615,35.67,36.5,662704
2022-04-01 00:00:00+00:00,37.41,37.49,35.54,36.14,326861
2022-04-04 00:00:00+00:00,37.89,38.1,36.79,37.5,361273
2022-04-05 00:00:00+00:00,36.82,39.015,36.63,38.19,479235
2022-04-06 00:00:00+00:00,37.79,38.0,36.55,36.6,403772
2022-04-07 00:00:00+00:00,40.17,40.36,37.48,37.93,730317
2022-04-08 00:00:00+00:00,41.16,41.6507,39.81,40.28,782054
2022-04-11 00:00:00+00:00,41.25,43.2,40.79,41.66,818109
2022-04-12 00:00:00+00:00,42.1,42.745,40.54,40.82,570820
2022-04-13 00:00:00+00:00,42.29,43.19,41.66,42.18,388060
2022-04-14 00:00:00+00:00,41.54,44.46,41.28,42.87,750220
2022-04-18 00:00:00+00:00,38.43,41.1,38.18,40.29,905500
2022-04-19 00:00:00+00:00,39.04,39.84,38.5201,38.63,437515
2022-04-20 00:00:00+00:00,39.11,39.49,38.4,39.05,270884
2022-04-21 00:00:00+00:00,38.44,40.2099,38.08,38.7,362296
2022-04-22 00:00:00+00:00,37.38,38.8699,37.32,38.38,359642
2022-04-25 00:00:00+00:00,36.88,37.435,35.43,36.88,537078
2022-04-26 00:00:00+00:00,36.14,38.205,36.0,36.92,600488
2022-04-27 00:00:00+00:00,36.05,37.0574,35.63,36.22,411461
2022-04-28 00:00:00+00:00,35.43,36.39,34.8937,36.39,323377
2022-04-29 00:00:00+00:00,35.47,36.16,34.98,35.43,334374
2022-05-02 00:00:00+00:00,35.31,35.69,34.47,35.3,493665
2022-05-03 00:00:00+00:00,35.09,35.73,34.5,35.34,346028
2022-05-04 00:00:00+00:00,35.02,35.34,34.02,35.31,371275
2022-05-05 00:00:00+00:00,34.1,35.3965,33.495,34.94,336061
2022-05-06 00:00:00+00:00,32.71,34.34,32.49,34.1,562833
2022-05-09 00:00:00+00:00,31.76,33.05,31.33,32.18,630734
2022-05-10 00:00:00+00:00,34.0,34.245,31.14,31.33,709748
2022-05-11 00:00:00+00:00,32.98,34.24,32.89,33.87,528238
2022-05-12 00:00:00+00:00,34.8,34.94,32.99,33.09,593402
2022-05-13 00:00:00+00:00,35.34,35.43,34.19,35.09,582650
2022-05-16 00:00:00+00:00,35.37,36.66,35.18,35.2,506635
2022-05-17 00:00:00+00:00,35.93,36.27,35.065,35.6,374417
2022-05-18 00:00:00+00:00,34.07,36.16,33.45,35.74,567005
2022-05-19 00:00:00+00:00,33.7,34.32,33.25,33.77,344029
2022-05-20 00:00:00+00:00,33.7,34.7084,33.41,33.68,499770
2022-05-23 00:00:00+00:00,34.8,35.2,33.93,34.21,355629
2022-05-24 00:00:00+00:00,33.94,34.9,33.59,34.27,309063
2022-05-25 00:00:00+00:00,36.72,37.05,33.94,33.94,957641
2022-05-26 00:00:00+00:00,36.18,36.83,35.75,36.12,479448
2022-05-27 00:00:00+00:00,38.87,39.26,36.01,36.15,844206
2022-05-31 00:00:00+00:00,37.14,39.98,36.68,39.22,803029
2022-06-01 00:00:00+00:00,37.66,38.0998,36.11,37.39,513059
2022-06-02 00:00:00+00:00,38.27,38.44,36.41,37.64,674420
2022-06-03 00:00:00+00:00,37.77,38.73,36.64,38.0,600609
2022-06-06 00:00:00+00:00,37.47,38.3,37.37,38.15,358810
2022-06-07 00:00:00+00:00,41.41,41.94,37.33,37.33,2036427
2022-06-08 00:00:00+00:00,38.29,42.31,37.45,41.72,1207125
2022-06-09 00:00:00+00:00,30.19,38.7399,28.64,37.66,2794141
2022-06-10 00:00:00+00:00,30.02,30.84,29.34,29.71,992532
2022-06-13 00:00:00+00:00,29.79,30.61,29.0,29.12,828985
2022-06-14 00:00:00+00:00,31.02,31.22,29.73,29.73,588073
2022-06-15 00:00:00+00:00,31.32,31.845,30.44,30.94,663565
2022-06-16 00:00:00+00:00,31.11,31.565,30.6,30.9,459505
2022-06-17 00:00:00+00:00,31.52,32.57,31.27,31.35,1116452
2022-06-21 00:00:00+00:00,31.61,32.5,31.13,31.98,420831
2022-06-22 00:00:00+00:00,31.71,32.38,31.3,31.35,361540
2022-06-23 00:00:00+00:00,32.74,32.9,31.72,31.72,515689
2022-06-24 00:00:00+00:00,31.78,33.0,31.52,32.89,1255861
2022-06-27 00:00:00+00:00,34.28,34.6875,31.94,32.22,375743
2022-06-28 00:00:00+00:00,33.25,34.39,32.9,34.18,291496
2022-06-29 00:00:00+00:00,34.15,34.49,32.54,33.52,331829
2022-06-30 00:00:00+00:00,34.79,35.3,33.69,33.77,749116
2022-07-01 00:00:00+00:00,35.35,35.405,34.42,34.75,408505
2022-07-05 00:00:00+00:00,34.66,35.55,33.81,34.82,437257
2022-07-06 00:00:00+00:00,35.28,35.98,34.44,34.44,415465
2022-07-07 00:00:00+00:00,36.41,36.74,35.25,35.47,370021
2022-07-08 00:00:00+00:00,36.11,36.765,35.91,36.5,275355
2022-07-11 00:00:00+00:00,36.63,36.65,35.58,36.11,313258
2022-07-12 00:00:00+00:00,35.82,36.88,35.335,36.8,331944
2022-07-13 00:00:00+00:00,35.8,36.26,35.03,35.32,229206
2022-07-14 00:00:00+00:00,35.56,35.68,34.68,35.16,220399
2022-07-15 00:00:00+00:00,36.99,37.34,35.135,35.93,491731
2022-07-18 00:00:00+00:00,36.7,37.79,36.43,37.29,414127
2022-07-19 00:00:00+00:00,36.64,37.67,36.61,36.97,259879
2022-07-20 00:00:00+00:00,35.61,36.6538,35.27,36.4,319479
2022-07-21 00:00:00+00:00,36.09,36.1183,35.0002,35.6,223656
2022-07-22 00:00:00+00:00,35.96,36.3,35.55,36.09,170704
2022-07-25 00:00:00+00:00,36.88,36.95,36.0437,36.13,232555
2022-07-26 00:00:00+00:00,37.12,37.45,36.6567,36.88,204210
2022-07-27 00:00:00+00:00,37.2,37.28,35.97,37.09,240371
2022-07-28 00:00:00+00:00,37.27,37.62,36.24,37.19,201639
2022-07-29 00:00:00+00:00,37.39,37.96,36.816,37.62,269588
2022-08-01 00:00:00+00:00,36.99,37.95,36.965,37.18,215189
2022-08-02 00:00:00+00:00,37.38,37.79,36.99,36.99,209129
2022-08-03 00:00:00+00:00,37.29,37.71,36.43,37.71,414325
2022-08-04 00:00:00+00:00,36.96,37.88,36.5,37.35,247289
2022-08-05 00:00:00+00:00,36.76,36.9799,35.48,36.61,336381
2022-08-08 00:00:00+00:00,37.75,38.2,36.53,36.53,453488
2022-08-09 00:00:00+00:00,32.06,39.07,30.74,38.13,1346700
2022-08-10 00:00:00+00:00,32.06,33.15,31.91,32.24,457425
2022-08-11 00:00:00+00:00,31.32,32.2999,30.52,32.0,623021
2022-08-12 00:00:00+00:00,31.62,32.2,31.2523,31.34,416343
2022-08-15 00:00:00+00:00,32.53,32.61,31.35,31.6,335710
2022-08-16 00:00:00+00:00,32.52,33.05,32.11,32.62,305267
2022-08-17 00:00:00+00:00,32.04,32.55,31.94,32.52,197820
2022-08-18 00:00:00+00:00,32.44,32.53,31.76,32.04,166835
2022-08-19 00:00:00+00:00,33.76,33.95,32.2,32.46,232819
2022-08-22 00:00:00+00:00,33.02,34.35,32.805,33.59,229958
2022-08-23 00:00:00+00:00,32.41,32.99,31.82,32.95,230989
2022-08-24 00:00:00+00:00,31.78,32.41,31.54,32.41,197070
2022-08-25 00:00:00+00:00,31.58,32.15,31.435,31.86,166217
2022-08-26 00:00:00+00:00,31.01,31.73,30.81,31.44,208800
2022-08-29 00:00:00+00:00,30.42,30.97,30.38,30.85,247771
2022-08-30 00:00:00+00:00,30.04,30.44,29.8,30.34,299161
2022-08-31 00:00:00+00:00,29.6,30.29,29.57,30.1,379704
2022-09-01 00:00:00+00:00,29.7,29.81,28.7,29.6,322524
2022-09-02 00:00:00+00:00,28.91,30.05,28.84,29.68,272041
2022-09-06 00:00:00+00:00,28.36,29.01,28.3,28.91,371340
2022-09-07 00:00:00+00:00,28.47,28.61,27.61,28.27,332906
2022-09-08 00:00:00+00:00,28.18,28.69,27.89,28.48,246548
2022-09-09 00:00:00+00:00,28.17,28.8,28.0,28.45,254972
2022-09-12 00:00:00+00:00,29.03,29.31,28.25,28.29,312045
2022-09-13 00:00:00+00:00,28.93,29.16,28.44,28.61,348938
2022-09-14 00:00:00+00:00,29.62,30.21,28.88,28.94,349244
2022-09-15 00:00:00+00:00,29.33,29.81,28.9042,29.62,268410
2022-09-16 00:00:00+00:00,29.23,29.33,28.64,29.23,705347
2022-09-19 00:00:00+00:00,28.45,29.19,27.82,28.94,282428
2022-09-20 00:00:00+00:00,28.26,28.43,28.13,28.39,198418
2022-09-21 00:00:00+00:00,27.97,28.67,27.91,28.51,222007
2022-09-22 00:00:00+00:00,27.59,28.01,27.34,27.88,267294
2022-09-23 00:00:00+00:00,27.56,27.59,27.1,27.17,222635
2022-09-26 00:00:00+00:00,28.24,28.66,27.46,27.46,315736
2022-09-27 00:00:00+00:00,28.37,28.67,28.12,28.36,232364
2022-09-28 00:00:00+00:00,29.33,29.56,28.6293,28.85,239446
2022-09-29 00:00:00+00:00,28.99,29.51,28.75,29.1,190690
2022-09-30 00:00:00+00:00,28.1,29.34,28.07,28.97,312009
2022-10-03 00:00:00+00:00,28.4,28.95,27.87,28.37,216191
2022-10-04 00:00:00+00:00,28.54,29.125,28.28,28.72,204260
2022-10-05 00:00:00+00:00,28.35,28.505,28.01,28.28,192518
2022-10-06 00:00:00+00:00,28.86,28.9582,28.26,28.26,188663
2022-10-07 00:00:00+00:00,29.04,29.09,28.63,28.98,346301
2022-10-10 00:00:00+00:00,28.02,29.3,28.02,29.2,227284
2022-10-11 00:00:00+00:00,28.09,28.9,27.49,27.88,274606
2022-10-12 00:00:00+00:00,27.67,28.47,27.64,28.2,190969
2022-10-13 00:00:00+00:00,28.66,28.81,27.5,27.61,284812
2022-10-14 00:00:00+00:00,28.53,29.25,28.29,28.75,181438
2022-10-17 00:00:00+00:00,29.32,29.78,28.5675,28.94,192594
2022-10-18 00:00:00+00:00,29.88,30.18,29.49,29.49,191960
2022-10-19 00:00:00+00:00,29.23,30.07,28.825,29.85,199862
2022-10-20 00:00:00+00:00,29.1,29.56,28.8585,29.1,139991
2022-10-21 00:00:00+00:00,30.66,30.99,29.52,29.71,214677
2022-10-24 00:00:00+00:00,30.88,31.4995,30.6,30.81,174296
2022-10-25 00:00:00+00:00,29.64,30.85,29.08,30.84,229604
2022-10-26 00:00:00+00:00,30.59,31.19,29.81,29.83,162898
2022-10-27 00:00:00+00:00,30.35,31.22,30.32,30.71,128311
2022-10-28 00:00:00+00:00,30.98,31.64,30.5,30.53,230325
2022-10-31 00:00:00+00:00,30.9,31.21,30.66,31.2,214902
2022-11-01 00:00:00+00:00,31.27,31.39,30.64,30.99,194508
2022-11-02 00:00:00+00:00,30.35,31.13,30.15,31.08,292882
2022-11-03 00:00:00+00:00,29.77,30.342,29.58,30.2,208833
2022-11-04 00:00:00+00:00,29.76,30.0258,29.36,29.98,160769
2022-11-07 00:00:00+00:00,30.1,30.64,29.65,29.65,166148
2022-11-08 00:00:00+00:00,27.28,28.9,26.76,28.9,489265
2022-11-09 00:00:00+00:00,28.26,28.93,27.0,27.12,257118
2022-11-10 00:00:00+00:00,28.48,28.87,27.894,28.39,329521
2022-11-11 00:00:00+00:00,28.31,28.49,27.74,28.31,205735
2022-11-14 00:00:00+00:00,28.36,28.92,28.315,28.44,188267
2022-11-15 00:00:00+00:00,28.37,29.04,28.2,28.63,207831
2022-11-16 00:00:00+00:00,28.29,28.585,28.17,28.42,140220
2022-11-17 00:00:00+00:00,28.33,28.63,27.82,28.19,173030
2022-11-18 00:00:00+00:00,28.4,28.94,28.24,28.73,159849
2022-11-21 00:00:00+00:00,28.4,28.7399,28.0152,28.35,208793
2022-11-22 00:00:00+00:00,28.78,28.94,28.3679,28.5,190210
2022-11-23 00:00:00+00:00,28.69,29.03,28.69,28.9,120076
2022-11-25 00:00:00+00:00,29.18,29.45,28.6735,28.7,86831
2022-11-28 00:00:00+00:00,29.25,29.39,29.12,29.12,223271
2022-11-29 00:00:00+00:00,29.39,29.625,29.245,29.27,239002
2022-11-30 00:00:00+00:00,29.49,29.54,28.82,29.4,275045
2022-12-01 00:00:00+00:00,30.02,30.5,29.64,29.64,206331
2022-12-02 00:00:00+00:00,30.21,30.295,29.77,29.94,121977
2022-12-05 00:00:00+00:00,29.36,30.15,29.32,30.12,227599
2022-12-06 00:00:00+00:00,28.82,29.2,28.6,29.2,217923
2022-12-07 00:00:00+00:00,29.5,29.92,28.88,28.88,199506
2022-12-08 00:00:00+00:00,29.2,29.51,28.95,29.34,174702
2022-12-09 00:00:00+00:00,28.38,29.38,28.32,29.16,165606
2022-12-12 00:00:00+00:00,28.63,28.96,28.015,28.12,193094
2022-12-13 00:00:00+00:00,28.78,29.39,28.65,29.11,251091
2022-12-14 00:00:00+00:00,29.16,29.41,28.57,28.69,204186
2022-12-15 00:00:00+00:00,28.78,29.1,28.62,29.07,194622
2022-12-16 00:00:00+00:00,28.68,28.925,27.825,28.67,1239138
2022-12-19 00:00:00+00:00,28.24,28.92,28.22,28.72,236922
2022-12-20 00:00:00+00:00,28.43,28.97,28.24,28.24,150818
2022-12-21 00:00:00+00:00,28.91,29.15,28.44,28.62,125609
2022-12-22 00:00:00+00:00,28.55,29.24,28.01,28.91,124297
2022-12-23 00:00:00+00:00,28.67,28.76,28.355,28.47,99510
2022-12-27 00:00:00+00:00,28.38,28.74,28.25,28.7,106069
2022-12-28 00:00:00+00:00,28.13,28.64,28.05,28.34,141173
2022-12-29 00:00:00+00:00,28.31,28.72,28.14,28.21,204733
2022-12-30 00:00:00+00:00,28.02,28.275,27.7,28.2,179379
2023-01-03 00:00:00+00:00,28.2,28.32,27.72,28.01,255423
2023-01-04 00:00:00+00:00,27.99,28.53,27.88,28.35,226657
2023-01-05 00:00:00+00:00,28.12,28.24,27.58,27.77,181986
2023-01-06 00:00:00+00:00,28.85,29.25,28.31,28.35,217821
2023-01-09 00:00:00+00:00,28.04,28.955,28.02,28.95,256366
2023-01-10 00:00:00+00:00,28.1,28.31,28.0,28.08,177620
2023-01-11 00:00:00+00:00,28.21,28.41,28.05,28.15,142727
2023-01-12 00:00:00+00:00,28.31,28.54,27.99,28.27,223444
2023-01-13 00:00:00+00:00,28.96,28.99,28.3,28.3,214004
2023-01-17 00:00:00+00:00,28.95,29.21,28.74,28.94,187162
2023-01-18 00:00:00+00:00,28.7,29.12,28.57,29.0,126012
2023-01-19 00:00:00+00:00,28.89,29.03,28.47,28.68,152849
2023-01-20 00:00:00+00:00,28.97,29.2,28.68,29.03,195975
2023-01-23 00:00:00+00:00,30.38,30.38,28.94,28.94,391286
2023-01-24 00:00:00+00:00,30.75,30.985,30.165,30.38,219278
2023-01-25 00:00:00+00:00,30.91,30.93,30.5,30.75,131833
2023-01-26 00:00:00+00:00,31.12,31.23,29.74,30.97,124175
2023-01-27 00:00:00+00:00,30.57,31.28,30.32,31.0,167016
2023-01-30 00:00:00+00:00,30.29,30.73,30.17,30.51,121317
2023-01-31 00:00:00+00:00,30.26,30.75,30.24,30.35,271833
2023-02-01 00:00:00+00:00,30.61,30.85,29.91,30.08,243107
2023-02-02 00:00:00+00:00,31.17,31.19,30.41,30.61,167095
2023-02-03 00:00:00+00:00,31.21,31.79,31.08,31.08,211647
2023-02-06 00:00:00+00:00,31.3,31.48,30.7621,31.21,203602
2023-02-07 00:00:00+00:00,30.89,31.2,30.48,31.2,144905
2023-02-08 00:00:00+00:00,30.61,31.22,30.59,30.89,185741
2023-02-09 00:00:00+00:00,31.17,31.26,30.6788,30.88,171571
2023-02-10 00:00:00+00:00,31.77,31.84,31.07,31.18,187808
2023-02-13 00:00:00+00:00,32.44,32.73,31.67,31.86,229648
2023-02-14 00:00:00+00:00,32.37,32.55,31.96,32.47,217207
2023-02-15 00:00:00+00:00,32.56,32.93,32.01,32.2,208661
2023-02-16 00:00:00+00:00,31.98,32.46,31.95,32.46,191808
2023-02-17 00:00:00+00:00,32.39,32.48,31.88,32.23,126088
2023-02-21 00:00:00+00:00,31.86,32.355,31.85,32.18,193926
2023-02-22 00:00:00+00:00,32.06,32.23,31.81,31.81,229537
2023-02-23 00:00:00+00:00,32.33,32.52,31.97,32.08,167792
2023-02-24 00:00:00+00:00,32.54,32.705,32.0,32.17,303511
2023-02-27 00:00:00+00:00,32.46,33.13,32.135,32.75,355898
2023-02-28 00:00:00+00:00,31.86,32.65,31.86,32.42,366078
2023-03-01 00:00:00+00:00,36.56,38.22,33.61,33.7,790835
2023-03-02 00:00:00+00:00,37.0,37.03,35.95,36.33,349641
2023-03-03 00:00:00+00:00,36.11,37.32,36.05,37.1,241137
2023-03-06 00:00:00+00:00,35.13,36.11,34.91,36.11,306951
2023-03-07 00:00:00+00:00,35.3,35.925,34.78,35.29,239196
2023-03-08 00:00:00+00:00,35.43,35.73,34.79,35.45,875422
2023-03-09 00:00:00+00:00,35.36,35.82,35.27,35.62,238546
2023-03-10 00:00:00+00:00,35.73,36.145,35.17,35.19,291632
2023-03-13 00:00:00+00:00,35.71,36.48,35.41,35.41,297802
2023-03-14 00:00:00+00:00,37.2,37.275,35.96,36.12,410303
2023-03-15 00:00:00+00:00,36.84,36.94,36.12,36.78,356013
2023-03-16 00:00:00+00:00,37.6,37.887,36.0547,36.52,357232
2023-03-17 00:00:00+00:00,36.29,37.4,36.03,37.4,1221594
2023-03-20 00:00:00+00:00,37.19,37.45,36.48,36.66,336397
2023-03-21 00:00:00+00:00,36.98,37.55,36.91,37.5,315047
2023-03-22 00:00:00+00:00,36.93,37.7,36.91,36.98,383628
2023-03-23 00:00:00+00:00,36.91,37.38,36.66,37.08,218809
2023-03-24 00:00:00+00:00,37.57,37.6,36.45,36.71,205699
2023-03-27 00:00:00+00:00,37.89,38.21,37.43,37.6,425104
2023-03-28 00:00:00+00:00,37.92,38.19,37.595,37.64,222366
2023-03-29 00:00:00+00:00,37.55,38.0436,37.5,38.0,219569
2023-03-30 00:00:00+00:00,37.67,37.85,37.34,37.62,129376
2023-03-31 00:00:00+00:00,37.5,38.18,37.19,37.8,322703
2023-04-03 00:00:00+00:00,38.13,38.42,37.5,37.5,364558
2023-04-04 00:00:00+00:00,38.74,39.0,37.3148,38.18,528891
2023-04-05 00:00:00+00:00,38.94,39.3748,38.81,38.88,344397
2023-04-06 00:00:00+00:00,39.47,39.64,38.81,39.04,258169
2023-04-10 00:00:00+00:00,40.19,40.52,39.2,39.56,433126
2023-04-11 00:00:00+00:00,40.05,40.825,40.0,40.1,384238
2023-04-12 00:00:00+00:00,39.37,40.2,39.16,40.2,322356
2023-04-13 00:00:00+00:00,41.87,42.35,39.36,39.5,622793
2023-04-14 00:00:00+00:00,42.15,42.2,40.845,41.87,424577
2023-04-17 00:00:00+00:00,41.96,42.35,41.2629,42.28,237033
2023-04-18 00:00:00+00:00,42.71,42.88,42.01,42.11,239749
2023-04-19 00:00:00+00:00,43.22,43.24,42.195,42.78,241104
2023-04-20 00:00:00+00:00,43.04,43.81,42.75,43.19,344218
2023-04-21 00:00:00+00:00,43.84,43.95,43.14,43.14,241795
2023-04-24 00:00:00+00:00,40.91,44.15,39.75,44.15,1116357
2023-04-25 00:00:00+00:00,39.28,41.065,39.21,40.65,558931
2023-04-26 00:00:00+00:00,38.16,39.21,38.13,39.06,436347
2023-04-27 00:00:00+00:00,36.38,38.36,36.26,38.24,461092
2023-04-28 00:00:00+00:00,35.77,36.98,35.62,35.93,471881
2023-05-01 00:00:00+00:00,37.28,38.2,35.69,36.01,434409
2023-05-02 00:00:00+00:00,36.95,37.55,36.44,37.11,313215
2023-05-03 00:00:00+00:00,36.25,37.73,36.18,37.14,279682
2023-05-04 00:00:00+00:00,36.56,36.64,35.93,36.27,290649
2023-05-05 00:00:00+00:00,36.49,36.9591,36.24,36.79,327908
2023-05-08 00:00:00+00:00,36.42,36.69,36.195,36.52,320670
2023-05-09 00:00:00+00:00,36.44,36.97,36.06,36.47,422787
2023-05-10 00:00:00+00:00,41.19,41.41,37.41,37.67,638041
2023-05-11 00:00:00+00:00,41.68,42.37,40.79,41.3,411348
2023-05-12 00:00:00+00:00,41.62,42.37,41.3,41.5,464504
2023-05-15 00:00:00+00:00,41.76,43.665,41.4,41.62,642189
2023-05-16 00:00:00+00:00,42.94,43.51,41.1015,41.34,443893
2023-05-17 00:00:00+00:00,42.97,43.22,42.2001,43.1,544584
2023-05-18 00:00:00+00:00,43.84,44.89,42.74,42.98,702968
2023-05-19 00:00:00+00:00,44.16,44.54,43.58,44.11,347001
2023-05-22 00:00:00+00:00,44.27,44.53,43.39,44.19,298113
2023-05-23 00:00:00+00:00,43.71,45.5,43.63,44.37,403646
2023-05-24 00:00:00+00:00,44.09,44.36,42.65,43.46,315438
2023-05-25 00:00:00+00:00,44.05,44.12,43.089,44.1,235460
2023-05-26 00:00:00+00:00,44.14,44.5,43.755,44.09,154442
2023-05-30 00:00:00+00:00,44.34,44.9978,43.905,44.14,282667
2023-05-31 00:00:00+00:00,44.37,45.0,44.08,44.49,435365
2023-06-01 00:00:00+00:00,45.14,45.49,44.545,44.63,481301
2023-06-02 00:00:00+00:00,46.7,46.86,45.185,45.5,605270
2023-06-05 00:00:00+00:00,46.01,46.7,45.35,46.7,357273
2023-06-06 00:00:00+00:00,45.88,46.43,45.0601,46.19,487498
2023-06-07 00:00:00+00:00,45.91,46.29,45.44,46.08,453585
2023-06-08 00:00:00+00:00,45.89,46.6,45.71,45.97,385305
2023-06-09 00:00:00+00:00,45.67,46.3499,45.55,45.98,310276
2023-06-12 00:00:00+00:00,47.23,47.46,45.57,45.7,452760
2023-06-13 00:00:00+00:00,47.1,48.39,46.92,47.47,401144
2023-06-14 00:00:00+00:00,47.94,48.11,47.1568,47.29,472446
2023-06-15 00:00:00+00:00,52.23,52.85,48.43,48.43,1056204
2023-06-16 00:00:00+00:00,55.03,55.6107,52.485,52.75,1249725
2023-06-20 00:00:00+00:00,55.79,56.1706,53.32,55.5,918091
2023-06-21 00:00:00+00:00,56.36,56.61,55.232,55.77,463875
2023-06-22 00:00:00+00:00,58.38,58.7,56.15,56.54,574670
2023-06-23 00:00:00+00:00,57.16,58.7,56.69,58.28,619120
2023-06-26 00:00:00+00:00,55.3,58.39,55.06,57.16,653375
2023-06-27 00:00:00+00:00,56.14,56.28,55.41,55.58,292351
2023-06-28 00:00:00+00:00,55.62,56.83,55.35,56.2,419062
2023-06-29 00:00:00+00:00,55.91,56.505,55.3992,55.69,289752
2023-06-30 00:00:00+00:00,57.47,57.92,56.1,56.19,431393
2023-07-03 00:00:00+00:00,57.63,58.8,57.11,58.75,332141
2023-07-05 00:00:00+00:00,57.7,58.35,57.105,57.76,350330
2023-07-06 00:00:00+00:00,57.18,58.19,56.42,57.4,398600
2023-07-07 00:00:00+00:00,55.92,57.6971,55.81,57.3,401346
2023-07-10 00:00:00+00:00,56.94,57.46,55.93,55.99,255357
2023-07-11 00:00:00+00:00,55.07,57.2789,54.53,56.94,492540
2023-07-12 00:00:00+00:00,54.89,55.6058,54.66,55.38,320780
2023-07-13 00:00:00+00:00,55.28,56.0,54.73,55.3,452462
2023-07-14 00:00:00+00:00,55.87,57.26,55.52,55.83,299031
2023-07-17 00:00:00+00:00,56.69,56.95,55.58,55.78,274605
2023-07-18 00:00:00+00:00,61.07,63.17,57.71,57.8,838588
2023-07-19 00:00:00+00:00,62.33,63.72,61.59,61.59,611604
2023-07-20 00:00:00+00:00,63.25,63.41,61.6537,62.72,425032
2023-07-21 00:00:00+00:00,61.62,63.6,61.08,63.34,588810
2023-07-24 00:00:00+00:00,60.68,62.46,60.37,61.77,298606
2023-07-25 00:00:00+00:00,61.65,62.34,61.07,61.61,329367
2023-07-26 00:00:00+00:00,61.38,62.13,61.12,62.11,176520
2023-07-27 00:00:00+00:00,60.61,61.99,60.34,61.99,293907
2023-07-28 00:00:00+00:00,60.83,61.4378,60.64,61.31,265345
2023-07-31 00:00:00+00:00,60.69,61.01,60.08,61.0,240536
2023-08-01 00:00:00+00:00,60.64,60.98,60.16,60.98,252734
2023-08-02 00:00:00+00:00,61.69,62.96,60.29,60.29,258201
2023-08-03 00:00:00+00:00,63.08,63.39,61.62,61.75,221495
2023-08-04 00:00:00+00:00,62.81,63.64,62.515,62.95,203015
2023-08-07 00:00:00+00:00,63.08,63.28,62.045,62.71,315651
2023-08-08 00:00:00+00:00,65.0,65.529,63.0,63.31,437892
2023-08-09 00:00:00+00:00,62.21,67.66,61.32,64.7,902835
2023-08-10 00:00:00+00:00,53.4,62.47,53.26,62.29,1184601
2023-08-11 00:00:00+00:00,54.69,55.4099,51.43,53.41,498986
2023-08-14 00:00:00+00:00,54.07,54.82,53.45,54.64,372589
2023-08-15 00:00:00+00:00,57.25,57.64,54.14,54.34,383304
2023-08-16 00:00:00+00:00,56.05,59.52,55.98,57.26,413474
2023-08-17 00:00:00+00:00,53.01,56.05,52.925,55.64,432220
2023-08-18 00:00:00+00:00,52.87,53.49,51.921,52.59,438685
2023-08-21 00:00:00+00:00,53.48,53.93,52.7063,52.76,207668
2023-08-22 00:00:00+00:00,53.49,53.85,51.93,53.63,282329
2023-08-23 00:00:00+00:00,54.51,54.93,53.11,54.0,282850
2023-08-24 00:00:00+00:00,53.54,54.84,53.46,54.44,236423
2023-08-25 00:00:00+00:00,53.0,54.1,52.9,53.39,222716
2023-08-28 00:00:00+00:00,52.95,53.81,52.82,53.19,208022
2023-08-29 00:00:00+00:00,53.63,53.925,52.79,53.23,246016
2023-08-30 00:00:00+00:00,54.36,55.44,53.3542,53.4,219119
2023-08-31 00:00:00+00:00,53.31,54.545,53.29,54.36,227663
2023-09-01 00:00:00+00:00,54.53,55.435,53.71,53.71,214708
2023-09-05 00:00:00+00:00,51.51,54.4,50.7,54.4,474358
2023-09-06 00:00:00+00:00,52.03,52.33,51.2,51.84,278211
2023-09-07 00:00:00+00:00,51.24,52.5,51.16,52.2,250317
2023-09-08 00:00:00+00:00,50.01,51.68,49.8,51.36,254206
2023-09-11 00:00:00+00:00,51.37,51.9415,49.8701,50.21,289746
2023-09-12 00:00:00+00:00,46.64,48.12,45.37,47.47,2086026
2023-09-13 00:00:00+00:00,46.3,48.4,46.16,46.7,4284712
2023-09-14 00:00:00+00:00,47.07,47.215,46.14,46.68,489571
2023-09-15 00:00:00+00:00,45.77,47.0,45.1,47.0,855151
2023-09-18 00:00:00+00:00,46.23,47.0,45.88,45.88,258952
2023-09-19 00:00:00+00:00,46.04,46.4,45.46,46.25,193784
2023-09-20 00:00:00+00:00,46.2,47.54,46.14,46.44,319859
2023-09-21 00:00:00+00:00,45.66,46.11,44.86,45.71,514613
2023-09-22 00:00:00+00:00,45.51,46.13,45.27,46.12,160841
2023-09-25 00:00:00+00:00,45.88,46.11,45.01,45.48,158945
2023-09-26 00:00:00+00:00,45.51,46.35,45.15,45.74,477768
2023-09-27 00:00:00+00:00,46.5,46.535,45.7,45.8,377317
2023-09-28 00:00:00+00:00,47.3,48.06,46.56,46.61,387280
2023-09-29 00:00:00+00:00,45.99,47.695,45.675,47.53,524136
2023-10-02 00:00:00+00:00,45.74,46.36,45.27,46.1,355736
2023-10-03 00:00:00+00:00,44.87,45.74,43.785,45.42,414617
2023-10-04 00:00:00+00:00,45.89,46.21,44.08,44.89,357011
2023-10-05 00:00:00+00:00,46.57,46.867,45.83,45.93,336727
2023-10-06 00:00:00+00:00,47.19,47.55,46.05,46.36,281541
2023-10-09 00:00:00+00:00,47.55,48.0,46.5561,46.8,243693
2023-10-10 00:00:00+00:00,47.96,48.5,47.6109,47.78,381806
2023-10-11 00:00:00+00:00,48.46,48.47,47.55,48.1,196541
2023-10-12 00:00:00+00:00,46.16,48.5,46.03,48.5,254206
2023-10-13 00:00:00+00:00,45.76,46.68,45.2,46.68,647412
2023-10-16 00:00:00+00:00,46.47,46.5,45.74,45.86,249370
2023-10-17 00:00:00+00:00,48.04,48.43,46.29,46.29,380961
2023-10-18 00:00:00+00:00,47.2,48.165,46.8,47.59,197086
2023-10-19 00:00:00+00:00,44.83,47.7,44.75,47.05,249718
2023-10-20 00:00:00+00:00,44.49,45.3911,44.34,44.97,298964
2023-10-23 00:00:00+00:00,44.72,45.4,44.23,44.49,263645
2023-10-24 00:00:00+00:00,45.35,46.08,45.02,45.21,393597
2023-10-25 00:00:00+00:00,45.06,45.5,44.585,45.28,322129
2023-10-26 00:00:00+00:00,44.94,45.56,44.5501,45.14,285728
2023-10-27 00:00:00+00:00,44.64,45.5,44.52,44.8,316253
2023-10-30 00:00:00+00:00,45.18,45.5,44.53,45.3,222200
2023-10-31 00:00:00+00:00,45.27,45.81,45.22,45.45,260584
2023-11-01 00:00:00+00:00,45.44,45.75,44.97,45.21,303141
2023-11-02 00:00:00+00:00,45.45,46.08,45.06,45.75,278811
2023-11-03 00:00:00+00:00,46.59,47.09,46.06,46.06,415156
2023-11-06 00:00:00+00:00,46.83,47.79,46.56,46.89,254004
2023-11-07 00:00:00+00:00,46.01,47.335,45.99,46.89,224856
2023-11-08 00:00:00+00:00,45.42,46.66,44.425,46.35,421895
2023-11-09 00:00:00+00:00,52.41,52.73,47.13,48.01,1017099
2023-11-10 00:00:00+00:00,52.56,53.12,50.475,52.0,762916
2023-11-13 00:00:00+00:00,53.55,54.0,51.09,52.87,518518
2023-11-14 00:00:00+00:00,56.31,56.92,54.155,54.53,1056494
2023-11-15 00:00:00+00:00,57.52,58.13,55.34,56.81,524323
2023-11-16 00:00:00+00:00,56.17,57.65,55.4,57.52,368543
2023-11-17 00:00:00+00:00,55.85,56.8535,55.51,56.09,444581
2023-11-20 00:00:00+00:00,56.59,56.79,55.1375,56.35,371236
2023-11-21 00:00:00+00:00,56.65,58.35,56.49,56.89,384897
2023-11-22 00:00:00+00:00,56.05,57.63,55.784,57.23,282024
2023-11-24 00:00:00+00:00,56.87,57.2,55.52,56.07,99486
2023-11-27 00:00:00+00:00,56.59,57.7899,55.64,56.94,654096
2023-11-28 00:00:00+00:00,54.41,56.61,54.38,56.53,282848
2023-11-29 00:00:00+00:00,55.74,56.27,54.425,54.81,396268
2023-11-30 00:00:00+00:00,56.32,57.92,56.0,56.11,405404
2023-12-01 00:00:00+00:00,57.92,58.58,56.1201,56.89,457089
2023-12-04 00:00:00+00:00,59.92,61.2,58.001,58.02,757502
2023-12-05 00:00:00+00:00,58.22,59.93,57.4455,59.81,485942
2023-12-06 00:00:00+00:00,58.25,59.94,58.13,58.25,395746
2023-12-07 00:00:00+00:00,57.09,58.3615,56.06,57.94,311539
2023-12-08 00:00:00+00:00,56.77,57.24,56.1,57.09,238592
2023-12-11 00:00:00+00:00,57.08,58.31,56.6,57.05,285486
2023-12-12 00:00:00+00:00,58.64,58.79,56.2,57.1,439981
2023-12-13 00:00:00+00:00,61.73,62.15,58.64,59.14,877279
2023-12-14 00:00:00+00:00,58.16,62.72,57.24,62.5,801260
2023-12-15 00:00:00+00:00,56.6,58.7,54.06,58.39,926185
2023-12-18 00:00:00+00:00,58.06,58.1,56.68,57.33,341041
2023-12-19 00:00:00+00:00,60.46,60.49,58.2401,58.25,377008
2023-12-20 00:00:00+00:00,58.53,60.72,58.53,60.54,305953
2023-12-21 00:00:00+00:00,59.96,59.97,58.62,59.35,203218
2023-12-22 00:00:00+00:00,60.92,61.4699,59.94,60.42,314490
2023-12-26 00:00:00+00:00,62.51,63.5,61.0,61.0,647744
2023-12-27 00:00:00+00:00,62.93,63.67,61.62,62.96,306366
2023-12-28 00:00:00+00:00,62.17,63.15,62.1,63.1,342704
2023-12-29 00:00:00+00:00,61.85,62.8699,60.85,62.2,448882
2024-01-02 00:00:00+00:00,62.29,62.4063,60.075,61.78,428696
2024-01-03 00:00:00+00:00,61.04,63.15,60.86,62.26,524736
2024-01-04 00:00:00+00:00,63.45,64.42,61.5,61.66,541828
2024-01-05 00:00:00+00:00,62.74,65.9249,62.45,63.45,613965
2024-01-08 00:00:00+00:00,59.45,63.9583,56.42,63.31,965093
2024-01-09 00:00:00+00:00,56.82,58.64,56.07,58.64,625277
2024-01-10 00:00:00+00:00,54.82,57.25,53.58,56.97,1212224
2024-01-11 00:00:00+00:00,54.03,54.64,52.33,54.6,720046
2024-01-12 00:00:00+00:00,54.21,54.8,53.53,54.28,605982
2024-01-16 00:00:00+00:00,55.5,55.77,53.81,54.0,417977
2024-01-17 00:00:00+00:00,56.14,56.37,54.915,55.02,345538
2024-01-18 00:00:00+00:00,56.43,56.45,55.3,56.44,308071
2024-01-19 00:00:00+00:00,55.04,56.88,54.11,56.7,438635
2024-01-22 00:00:00+00:00,55.92,56.57,55.23,55.52,289724
2024-01-23 00:00:00+00:00,55.45,56.77,55.25,56.19,201986
2024-01-24 00:00:00+00:00,55.22,56.13,55.0,56.02,210815
2024-01-25 00:00:00+00:00,53.24,55.86,52.9286,55.59,361119
2024-01-26 00:00:00+00:00,53.88,54.6,53.4047,54.09,538289
2024-01-29 00:00:00+00:00,55.39,55.555,53.82,54.49,1156537
2024-01-30 00:00:00+00:00,54.94,55.51,54.155,55.4,384097
2024-01-31 00:00:00+00:00,53.36,55.28,53.32,55.14,367094
2024-02-01 00:00:00+00:00,53.49,53.68,52.01,53.56,392178
2024-02-02 00:00:00+00:00,52.8,53.41,52.25,53.1,387059
2024-02-05 00:00:00+00:00,52.35,53.035,52.06,52.47,361562
2024-02-06 00:00:00+00:00,52.49,52.72,51.2589,52.24,590446
2024-02-07 00:00:00+00:00,52.96,53.4499,52.1336,52.4,319506
2024-02-08 00:00:00+00:00,54.6,54.715,52.79,53.09,376981
2024-02-09 00:00:00+00:00,55.61,56.1199,54.7,55.07,354517
2024-02-12 00:00:00+00:00,56.02,56.45,55.38,55.91,325727
2024-02-13 00:00:00+00:00,54.75,55.85,54.27,54.86,358322
2024-02-14 00:00:00+00:00,54.93,55.8799,54.8,55.24,243079
2024-02-15 00:00:00+00:00,55.51,55.61,54.04,55.0,377124
2024-02-16 00:00:00+00:00,54.06,55.58,53.675,55.4,348756
2024-02-20 00:00:00+00:00,52.45,53.59,51.7,53.59,422890
2024-02-21 00:00:00+00:00,51.25,52.82,51.08,52.16,469207
2024-02-22 00:00:00+00:00,51.91,52.3793,51.26,51.34,432081
2024-02-23 00:00:00+00:00,53.41,53.55,51.91,52.3,289060
2024-02-26 00:00:00+00:00,55.09,55.685,53.39,53.41,368111
2024-02-27 00:00:00+00:00,55.44,56.38,55.058,55.85,501947
2024-02-28 00:00:00+00:00,54.74,55.95,53.96,55.95,378176
2024-02-29 00:00:00+00:00,46.57,50.35,44.575,49.81,1798171
2024-03-01 00:00:00+00:00,46.22,47.08,45.17,47.08,1132652
2024-03-04 00:00:00+00:00,46.68,46.9599,45.485,46.47,658376
2024-03-05 00:00:00+00:00,47.33,47.805,46.435,47.36,517523
2024-03-06 00:00:00+00:00,46.31,48.0,45.77,48.0,510911
2024-03-07 00:00:00+00:00,46.76,47.07,45.0,45.08,459537
2024-03-08 00:00:00+00:00,45.67,47.045,45.425,46.53,427526
2024-03-11 00:00:00+00:00,43.81,45.58,43.75,45.46,569615
2024-03-12 00:00:00+00:00,44.15,44.235,43.17,43.82,524282
2024-03-13 00:00:00+00:00,43.55,44.32,43.255,44.01,372005
2024-03-14 00:00:00+00:00,43.19,43.52,42.955,43.37,441710
2024-03-15 00:00:00+00:00,43.05,43.76,42.8,43.16,704136
2024-03-18 00:00:00+00:00,42.85,43.395,42.16,43.05,322902
2024-03-19 00:00:00+00:00,44.57,44.68,42.75,42.78,410583
2024-03-20 00:00:00+00:00,44.03,44.89,44.0,44.61,316947
2024-03-21 00:00:00+00:00,44.53,44.625,43.7,44.28,315159
2024-03-22 00:00:00+00:00,43.7,44.47,43.45,44.45,310944
2024-03-25 00:00:00+00:00,43.63,44.32,43.61,44.04,285588
2024-03-26 00:00:00+00:00,43.21,43.98,42.835,43.98,365308
2024-03-27 00:00:00+00:00,43.52,43.87,43.045,43.54,419341
2024-03-28 00:00:00+00:00,43.91,44.83,43.76,43.76,453253
2024-04-01 00:00:00+00:00,43.44,43.97,43.11,43.97,312297
2024-04-02 00:00:00+00:00,42.32,43.15,42.07,43.11,421281
2024-04-03 00:00:00+00:00,41.94,42.4,41.57,42.2,280296
2024-04-04 00:00:00+00:00,41.52,42.47,41.29,42.4,314966
2024-04-05 00:00:00+00:00,41.79,42.005,41.01,41.34,369048
2024-04-08 00:00:00+00:00,41.05,42.155,41.01,41.96,230918
2024-04-09 00:00:00+00:00,40.9,41.23,40.68,41.17,279688
2024-04-10 00:00:00+00:00,40.05,40.495,39.64,40.08,403814
2024-04-11 00:00:00+00:00,40.15,40.49,39.81,40.35,375519
2024-04-12 00:00:00+00:00,39.62,40.175,38.95,40.01,392144
2024-04-15 00:00:00+00:00,40.78,40.9,39.31,39.8,403717
2024-04-16 00:00:00+00:00,40.9,41.43,40.41,40.58,305212
2024-04-17 00:00:00+00:00,40.05,41.645,39.82,41.23,494599
2024-04-18 00:00:00+00:00,38.65,40.02,38.43,40.02,329460
2024-04-19 00:00:00+00:00,40.01,40.06,38.48,38.52,410104
2024-04-22 00:00:00+00:00,40.17,40.75,39.93,40.31,345090
2024-04-23 00:00:00+00:00,40.91,41.08,40.29,40.29,210158
2024-04-24 00:00:00+00:00,41.0,41.2,40.43,40.7,218270
2024-04-25 00:00:00+00:00,40.83,41.07,40.39,40.85,236143
2024-04-26 00:00:00+00:00,41.11,41.42,40.5,40.77,263601
2024-04-29 00:00:00+00:00,42.02,42.36,41.15,41.15,344878
2024-04-30 00:00:00+00:00,41.25,42.3,41.21,42.02,354835
2024-05-01 00:00:00+00:00,42.08,42.37,41.21,41.41,434952
2024-05-02 00:00:00+00:00,42.66,43.3,41.92,42.43,280813
2024-05-03 00:00:00+00:00,42.46,43.1286,42.03,42.99,353239
2024-05-06 00:00:00+00:00,42.68,43.385,42.47,42.74,209637
2024-05-07 00:00:00+00:00,42.77,43.47,41.9419,42.82,250442
2024-05-08 00:00:00+00:00,42.21,43.29,42.09,42.84,433724
2024-05-09 00:00:00+00:00,42.43,46.615,42.15,45.56,450925
2024-05-10 00:00:00+00:00,42.21,42.85,41.2606,42.53,595849
2024-05-13 00:00:00+00:00,42.37,42.5,41.21,42.3,378389
2024-05-14 00:00:00+00:00,41.3,43.28,41.27,43.21,566213
2024-05-15 00:00:00+00:00,42.44,42.63,41.301,41.54,464992
2024-05-16 00:00:00+00:00,42.74,42.81,41.71,42.3,376856
2024-05-17 00:00:00+00:00,43.48,43.6,42.185,42.62,328465
2024-05-20 00:00:00+00:00,43.07,43.95,42.89,43.52,269722
2024-05-21 00:00:00+00:00,41.91,43.345,41.89,43.02,285963
2024-05-22 00:00:00+00:00,43.46,44.14,42.19,42.25,325091
2024-05-23 00:00:00+00:00,43.35,43.9,42.87,43.56,247784
2024-05-24 00:00:00+00:00,43.26,43.75,42.91,43.35,226682
2024-05-28 00:00:00+00:00,41.975,43.5,41.78,43.42,377085
2024-05-29 00:00:00+00:00,41.64,42.04,41.45,41.65,201666
2024-05-30 00:00:00+00:00,42.15,42.52,41.73,41.73,148145
2024-05-31 00:00:00+00:00,42.33,42.57,41.41,42.35,352375
2024-06-03 00:00:00+00:00,42.25,43.1871,42.17,42.33,409203
2024-06-04 00:00:00+00:00,42.22,43.49,41.9178,42.91,583975
2024-06-05 00:00:00+00:00,42.04,42.673,41.65,42.65,478750
2024-06-06 00:00:00+00:00,40.95,42.27,40.84,41.91,313478
2024-06-07 00:00:00+00:00,40.71,41.155,40.2,40.8,350023
2024-06-10 00:00:00+00:00,41.64,41.68,39.71,40.26,472597
2024-06-11 00:00:00+00:00,41.14,41.93,40.8001,41.4,306217
2024-06-12 00:00:00+00:00,40.45,41.9,40.39,41.74,287545
2024-06-13 00:00:00+00:00,40.63,41.06,40.05,40.43,346478
2024-06-14 00:00:00+00:00,40.49,40.53,39.755,40.33,274075
2024-06-17 00:00:00+00:00,40.54,40.83,39.775,40.49,258824
2024-06-18 00:00:00+00:00,40.05,40.9,40.0,40.58,273321
2024-06-20 00:00:00+00:00,39.78,40.705,39.7,40.01,249265
2024-06-21 00:00:00+00:00,40.45,40.825,39.66,39.82,444830
2024-06-24 00:00:00+00:00,40.84,41.53,40.34,40.51,336060
2024-06-25 00:00:00+00:00,40.58,41.135,40.41,40.85,226179
2024-06-26 00:00:00+00:00,40.03,40.675,39.92,40.38,231451
2024-06-27 00:00:00+00:00,40.35,41.48,40.2,40.2,403858
2024-06-28 00:00:00+00:00,40.0,40.935,39.53,40.63,602875
2024-07-01 00:00:00+00:00,38.51,39.4,37.46,38.83,731795
2024-07-02 00:00:00+00:00,37.58,38.57,37.3,38.57,599895
2024-07-03 00:00:00+00:00,38.56,38.56,37.49,37.5,284256
2024-07-05 00:00:00+00:00,37.75,38.51,37.26,38.51,389050
2024-07-08 00:00:00+00:00,37.37,38.4499,37.0,37.98,376255
2024-07-09 00:00:00+00:00,36.99,37.48,36.56,37.48,717690
2024-07-10 00:00:00+00:00,37.38,37.5,36.93,37.02,406578
2024-07-11 00:00:00+00:00,39.17,39.35,38.0,38.0,424880
2024-07-12 00:00:00+00:00,38.7,39.86,38.4,39.83,374582
2024-07-15 00:00:00+00:00,38.76,39.26,38.52,38.88,315455
2024-07-16 00:00:00+00:00,39.64,39.855,39.01,39.21,227605
2024-07-17 00:00:00+00:00,39.42,40.36,39.31,39.41,398231
2024-07-18 00:00:00+00:00,39.75,40.72,39.25,39.25,438371
2024-07-19 00:00:00+00:00,39.61,40.37,39.57,39.8,314430
2024-07-22 00:00:00+00:00,40.67,40.84,39.46,39.9,331883
2024-07-23 00:00:00+00:00,40.55,41.2665,40.49,40.68,311873
2024-07-24 00:00:00+00:00,41.19,41.26,40.51,40.67,355482
2024-07-25 00:00:00+00:00,42.14,42.56,41.3,41.4,453070
2024-07-26 00:00:00+00:00,42.48,43.1599,41.89,42.48,293569
2024-07-29 00:00:00+00:00,42.1,43.1858,42.0,42.4,200427
2024-07-30 00:00:00+00:00,43.52,43.7,41.92,42.34,463231
2024-07-31 00:00:00+00:00,43.52,44.25,43.32,43.78,747737
2024-08-01 00:00:00+00:00,42.45,44.18,42.22,43.5,415442
2024-08-02 00:00:00+00:00,41.57,42.0,41.21,41.61,397105
2024-08-05 00:00:00+00:00,40.41,40.71,39.47,40.14,474047
2024-08-06 00:00:00+00:00,39.4,40.745,39.2,40.57,522718
2024-08-07 00:00:00+00:00,38.89,40.0,38.42,39.91,470425
2024-08-08 00:00:00+00:00,44.06,44.755,40.22,42.49,789171
2024-08-09 00:00:00+00:00,42.85,44.36,42.82,43.99,365605
2024-08-12 00:00:00+00:00,43.25,43.8,42.81,43.04,278415
2024-08-13 00:00:00+00:00,43.56,43.74,42.85,43.14,394377
2024-08-14 00:00:00+00:00,42.44,43.36,42.31,43.36,251374
2024-08-15 00:00:00+00:00,45.32,45.35,42.82,43.02,525127
2024-08-16 00:00:00+00:00,44.96,45.32,43.955,45.29,387833
2024-08-19 00:00:00+00:00,46.79,46.87,44.97,45.01,491497
2024-08-20 00:00:00+00:00,46.02,47.6,45.87,46.86,375330
2024-08-21 00:00:00+00:00,46.87,47.47,46.34,46.34,344192
2024-08-22 00:00:00+00:00,47.23,47.485,46.8,46.98,321268
2024-08-23 00:00:00+00:00,47.95,48.31,47.43,47.43,358815
2024-08-26 00:00:00+00:00,48.15,48.7,47.65,48.0,359807
2024-08-27 00:00:00+00:00,48.48,48.55,47.99,48.39,248761
2024-08-28 00:00:00+00:00,48.56,48.66,48.0,48.1,227972
2024-08-29 00:00:00+00:00,48.86,49.22,48.63,48.63,237574
2024-08-30 00:00:00+00:00,48.74,49.3,48.25,49.1,205162
2024-09-03 00:00:00+00:00,46.98,48.585,46.95,48.32,409397
2024-09-04 00:00:00+00:00,46.9,47.09,46.335,46.73,219183
2024-09-05 00:00:00+00:00,45.42,47.24,45.21,46.98,362539
2024-09-06 00:00:00+00:00,45.38,46.03,45.165,45.45,239076
2024-09-09 00:00:00+00:00,44.54,45.76,44.53,45.09,258549
2024-09-10 00:00:00+00:00,44.36,44.99,43.6,44.72,277547
2024-09-11 00:00:00+00:00,45.07,45.16,43.665,44.17,313602
2024-09-12 00:00:00+00:00,46.52,46.75,44.75,45.19,652921
2024-09-13 00:00:00+00:00,48.09,48.34,47.035,47.23,645141
2024-09-16 00:00:00+00:00,48.38,48.79,47.6,48.54,401970
2024-09-17 00:00:00+00:00,48.64,49.28,48.0,49.28,290269
2024-09-18 00:00:00+00:00,49.78,50.23,48.3,48.59,565159
2024-09-19 00:00:00+00:00,50.09,50.61,49.24,50.61,342761
2024-09-20 00:00:00+00:00,49.18,50.615,48.94,50.46,990071
2024-09-23 00:00:00+00:00,48.61,49.61,48.46,49.2,221343
2024-09-24 00:00:00+00:00,47.39,48.9476,47.21,48.69,256437
2024-09-25 00:00:00+00:00,46.72,47.77,46.58,47.43,267518
2024-09-26 00:00:00+00:00,47.88,47.935,46.93,47.0,207700
2024-09-27 00:00:00+00:00,48.02,48.98,47.925,48.28,202884
2024-09-30 00:00:00+00:00,48.53,49.2199,48.0,48.06,266892
2024-10-01 00:00:00+00:00,48.35,48.98,47.74,48.55,233283
2024-10-02 00:00:00+00:00,46.5,48.48,46.35,48.3,348437
2024-10-03 00:00:00+00:00,46.32,46.82,45.5,46.37,228268
2024-10-04 00:00:00+00:00,46.72,47.385,46.39,46.63,167665
2024-10-07 00:00:00+00:00,46.83,46.9287,46.21,46.51,313123
2024-10-08 00:00:00+00:00,46.28,47.3092,46.19,46.97,212122
2024-10-09 00:00:00+00:00,46.32,47.815,46.17,46.38,297781
2024-10-10 00:00:00+00:00,46.29,46.56,45.55,46.0,295129
2024-10-11 00:00:00+00:00,47.57,47.605,46.27,46.27,302018
2024-10-14 00:00:00+00:00,49.29,49.32,47.63,47.76,284225
2024-10-15 00:00:00+00:00,49.31,50.5,49.17,49.17,368001
2024-10-16 00:00:00+00:00,50.83,50.85,49.585,49.6,283418
2024-10-17 00:00:00+00:00,49.71,51.35,49.48,51.27,272772
2024-10-18 00:00:00+00:00,50.84,51.44,49.83,49.87,245274
2024-10-21 00:00:00+00:00,50.82,51.42,50.08,50.83,208996
2024-10-22 00:00:00+00:00,50.38,51.02,50.195,50.59,188623
2024-10-23 00:00:00+00:00,49.83,50.63,49.47,50.4,314643
2024-10-24 00:00:00+00:00,49.63,51.36,49.38,49.68,465917
2024-10-25 00:00:00+00:00,50.29,50.5485,49.8,50.0,179571
2024-10-28 00:00:00+00:00,51.41,51.84,50.53,50.57,338028
2024-10-29 00:00:00+00:00,51.15,51.3599,50.55,51.29,180767
2024-10-30 00:00:00+00:00,50.78,51.57,50.42,50.42,289255
2024-10-31 00:00:00+00:00,50.53,51.35,50.04,50.39,266346
2024-11-01 00:00:00+00:00,50.73,51.2246,50.25,50.75,181298
2024-11-04 00:00:00+00:00,50.59,51.53,50.2612,50.72,376573
2024-11-05 00:00:00+00:00,51.56,51.72,50.33,50.59,199229
2024-11-06 00:00:00+00:00,53.4,53.955,52.05,52.05,611837
2024-11-07 00:00:00+00:00,46.09,49.45,46.03,47.94,1367362
2024-11-08 00:00:00+00:00,48.31,49.525,46.027,46.18,626887
2024-11-11 00:00:00+00:00,48.57,49.165,47.37,48.52,382477
2024-11-12 00:00:00+00:00,47.71,49.1199,47.48,48.38,364171
2024-11-13 00:00:00+00:00,45.48,47.99,45.385,47.51,421188
2024-11-14 00:00:00+00:00,45.06,45.905,44.71,45.48,359021
2024-11-15 00:00:00+00:00,44.61,45.39,43.88,45.07,408672
2024-11-18 00:00:00+00:00,44.16,44.86,44.0,44.39,343046
2024-11-19 00:00:00+00:00,43.62,44.265,43.21,43.8,432586
2024-11-20 00:00:00+00:00,44.09,44.54,43.09,43.71,607136
2024-11-21 00:00:00+00:00,44.55,44.71,43.71,44.22,364171
2024-11-22 00:00:00+00:00,45.46,45.65,44.95,45.48,410772
2024-11-25 00:00:00+00:00,44.64,46.4336,44.42,45.71,666191
2024-11-26 00:00:00+00:00,44.22,44.88,44.16,44.45,283742
2024-11-27 00:00:00+00:00,45.21,45.71,44.23,44.23,439684
2024-11-29 00:00:00+00:00,45.19,45.55,44.88,45.21,190808
2024-12-02 00:00:00+00:00,45.88,46.09,44.4,44.93,606763
2024-12-03 00:00:00+00:00,44.92,46.1113,44.71,45.84,308292
2024-12-04 00:00:00+00:00,44.3,45.24,44.26,45.02,401355
2024-12-05 00:00:00+00:00,43.6,44.27,43.34,44.27,699900
2024-12-06 00:00:00+00:00,43.8,44.27,43.47,43.79,267467
2024-12-09 00:00:00+00:00,43.83,44.48,43.74,43.96,435655
2024-12-10 00:00:00+00:00,43.64,44.16,43.6,44.0,388212
2024-12-11 00:00:00+00:00,43.57,44.37,43.55,43.92,328229
2024-12-12 00:00:00+00:00,44.5,45.0,43.51,43.56,632739
2024-12-13 00:00:00+00:00,42.24,45.39,41.82,44.44,831517
2024-12-16 00:00:00+00:00,40.84,42.4889,40.71,42.13,665907
2024-12-17 00:00:00+00:00,40.85,41.835,40.37,40.43,524810
2024-12-18 00:00:00+00:00,39.45,41.13,38.78,40.77,984582
2024-12-19 00:00:00+00:00,39.39,40.255,38.81,39.59,669474
2024-12-20 00:00:00+00:00,39.14,40.74,38.96,39.31,2484940
2024-12-23 00:00:00+00:00,39.12,39.77,38.37,39.07,543071
2024-12-24 00:00:00+00:00,38.27,39.555,37.8792,39.16,305165
2024-12-26 00:00:00+00:00,38.17,38.6,37.81,38.25,403598
2024-12-27 00:00:00+00:00,37.8,38.27,37.36,37.88,374192
2024-12-30 00:00:00+00:00,36.84,37.69,36.8,37.69,484425
2024-12-31 00:00:00+00:00,37.13,37.3703,36.48,37.01,568434
2025-01-02 00:00:00+00:00,36.36,37.84,36.071,37.37,410222
2025-01-03 00:00:00+00:00,36.3,36.88,35.68,36.5,633563
2025-01-06 00:00:00+00:00,35.43,36.45,34.87,36.13,828625
2025-01-07 00:00:00+00:00,35.25,36.155,34.97,35.8,801735
2025-01-08 00:00:00+00:00,36.63,36.99,34.69,35.15,923893
2025-01-10 00:00:00+00:00,36.36,36.58,35.71,36.2,410130
2025-01-13 00:00:00+00:00,37.92,37.95,35.85,36.05,461868
2025-01-14 00:00:00+00:00,38.48,38.92,37.2635,38.0,605852
2025-01-15 00:00:00+00:00,36.24,39.01,35.87,39.01,908143
2025-01-16 00:00:00+00:00,35.66,36.845,34.6,36.28,1060443
2025-01-17 00:00:00+00:00,35.7,35.955,35.27,35.67,410713
2025-01-21 00:00:00+00:00,36.03,36.315,35.455,36.04,474835
2025-01-22 00:00:00+00:00,36.14,36.3,35.5557,35.9,358168
2025-01-23 00:00:00+00:00,36.39,36.6614,35.84,36.22,350577
2025-01-24 00:00:00+00:00,36.5,36.8408,35.79,36.31,588475
2025-01-27 00:00:00+00:00,37.11,37.655,36.48,36.62,421701
2025-01-28 00:00:00+00:00,37.12,37.38,36.53,37.08,444824
2025-01-29 00:00:00+00:00,36.42,37.2798,36.4,36.92,425146
2025-01-30 00:00:00+00:00,36.37,37.04,36.06,36.42,421769
2025-01-31 00:00:00+00:00,34.87,36.35,34.75,36.35,517933
2025-02-03 00:00:00+00:00,33.39,34.3925,32.88,34.08,611610
2025-02-04 00:00:00+00:00,33.19,33.76,32.25,32.415,440763
2025-02-05 00:00:00+00:00,32.79,33.35,32.5,33.35,356053
2025-02-06 00:00:00+00:00,32.79,33.42,32.6,32.82,349696
2025-02-07 00:00:00+00:00,32.37,32.95,32.16,32.71,311590
2025-02-10 00:00:00+00:00,32.21,32.48,31.76,32.22,319637
2025-02-11 00:00:00+00:00,32.21,32.25,31.55,32.1,435624
2025-02-12 00:00:00+00:00,31.82,32.4,31.745,32.11,358757
2025-02-13 00:00:00+00:00,31.74,31.95,31.46,31.95,316789
2025-02-14 00:00:00+00:00,31.02,31.9,30.95,31.77,550056
2025-02-18 00:00:00+00:00,30.75,31.65,30.34,31.02,977847
2025-02-19 00:00:00+00:00,31.21,31.45,30.645,30.69,661918
2025-02-20 00:00:00+00:00,31.3,31.41,30.95,31.2,550105
2025-02-21 00:00:00+00:00,31.28,31.6,30.96,31.55,523506
2025-02-24 00:00:00+00:00,32.29,32.69,31.075,31.23,518437
2025-02-25 00:00:00+00:00,31.99,32.56,31.87,32.39,575644
2025-02-26 00:00:00+00:00,31.21,32.22,31.08,31.82,507966
2025-02-27 00:00:00+00:00,31.49,31.7,31.0,31.18,606609
2025-02-28 00:00:00+00:00,28.43,31.0,27.82,30.5,1792762
2025-03-03 00:00:00+00:00,27.52,29.1036,26.98,28.51,999415
2025-03-04 00:00:00+00:00,27.62,28.2377,27.0,27.21,803214
2025-03-05 00:00:00+00:00,28.06,28.06,27.04,27.52,632357
2025-03-06 00:00:00+00:00,28.32,28.49,27.26,27.8,721266
2025-03-07 00:00:00+00:00,28.81,29.37,28.08,28.14,544259
2025-03-10 00:00:00+00:00,28.41,29.34,28.22,28.64,536987
2025-03-11 00:00:00+00:00,27.33,28.4,27.251,28.4,515760
2025-03-12 00:00:00+00:00,26.28,27.55,26.22,27.35,700518
2025-03-13 00:00:00+00:00,26.24,26.86,25.885,26.34,467567
2025-03-14 00:00:00+00:00,26.66,26.76,26.1394,26.22,500925
2025-03-17 00:00:00+00:00,27.69,27.98,26.68,26.68,648301
2025-03-18 00:00:00+00:00,27.36,27.81,27.22,27.5,602473
2025-03-19 00:00:00+00:00,27.86,27.87,27.09,27.4,471499
2025-03-20 00:00:00+00:00,27.91,28.38,27.685,27.72,406990
2025-03-21 00:00:00+00:00,28.29,28.44,27.66,27.66,1478691
2025-03-24 00:00:00+00:00,28.46,28.645,28.065,28.5,538425
2025-03-25 00:00:00+00:00,28.39,28.66,27.8,28.5,713226
2025-03-26 00:00:00+00:00,28.37,28.83,28.02,28.4,437895
2025-03-27 00:00:00+00:00,28.5,28.75,28.26,28.37,457511
2025-03-28 00:00:00+00:00,28.43,28.71,28.225,28.45,386852
2025-03-31 00:00:00+00:00,28.99,29.18,28.005,28.22,547881
2025-04-01 00:00:00+00:00,28.29,29.268,28.17,28.86,785073
2025-04-02 00:00:00+00:00,27.8,28.29,27.02,27.99,717778
2025-04-03 00:00:00+00:00,27.24,28.0624,26.88,27.67,605671
2025-04-04 00:00:00+00:00,26.61,27.02,26.14,26.34,699446
2025-04-07 00:00:00+00:00,25.0,25.945,24.71,25.72,1290496
2025-04-08 00:00:00+00:00,23.75,25.655,23.72,25.47,972673
2025-04-09 00:00:00+00:00,25.23,25.51,23.36,23.36,1011359
2025-04-10 00:00:00+00:00,23.52,25.01,22.735,24.99,840599
2025-04-11 00:00:00+00:00,24.16,24.215,23.35,23.73,482794
2025-04-14 00:00:00+00:00,24.42,24.765,23.94,24.55,523512
2025-04-15 00:00:00+00:00,23.5,24.92,23.39,24.26,779954
2025-04-16 00:00:00+00:00,22.99,23.743,22.64,23.62,904628
2025-04-17 00:00:00+00:00,23.35,23.615,23.08,23.08,735039
2025-04-21 00:00:00+00:00,23.5,23.59,22.84,23.21,486542
2025-04-22 00:00:00+00:00,23.93,24.01,23.17,23.71,524820
2025-04-23 00:00:00+00:00,23.56,24.685,23.46,24.4,317446
2025-04-24 00:00:00+00:00,24.07,24.15,23.35,23.58,388155
2025-04-25 00:00:00+00:00,24.19,24.25,23.63,23.97,235287
2025-04-28 00:00:00+00:00,24.41,24.47,24.12,24.28,355520
2025-04-29 00:00:00+00:00,24.5,24.61,24.19,24.35,296382
2025-04-30 00:00:00+00:00,24.41,24.515,23.91,24.44,460186
2025-05-01 00:00:00+00:00,23.88,24.54,23.76,24.19,562396
2025-05-02 00:00:00+00:00,24.5,24.69,24.19,24.41,674104
2025-05-05 00:00:00+00:00,25.12,25.365,24.34,24.46,681271
2025-05-06 00:00:00+00:00,23.87,25.04,23.69,24.95,751946
2025-05-07 00:00:00+00:00,24.43,24.61,23.945,24.03,819850
2025-05-08 00:00:00+00:00,24.65,25.36,23.68,24.59,751566
2025-05-09 00:00:00+00:00,24.11,25.025,23.3,24.54,790224
