date,Open,High,Low,Close,Volume
2025-01-06 14:30:00+00:00,2.77,2.77,2.77,2.77,0.0
2025-01-06 14:45:00+00:00,2.77,2.77,2.77,2.77,0.0
2025-01-06 15:00:00+00:00,2.77,2.77,2.77,2.77,0.0
2025-01-06 15:15:00+00:00,2.77,2.77,2.77,2.77,0.0
2025-01-06 15:30:00+00:00,2.77,2.77,2.77,2.77,0.0
2025-01-06 15:45:00+00:00,2.77,2.77,2.77,2.77,0.0
2025-01-06 16:00:00+00:00,2.77,2.77,2.77,2.77,0.0
2025-01-06 16:15:00+00:00,2.77,2.77,2.77,2.77,0.0
2025-01-06 16:30:00+00:00,2.77,2.77,2.77,2.77,0.0
2025-01-06 16:45:00+00:00,2.77,2.77,2.77,2.77,0.0
2025-01-06 17:00:00+00:00,2.77,2.77,2.77,2.77,0.0
2025-01-06 17:15:00+00:00,2.77,2.77,2.77,2.77,0.0
2025-01-06 17:30:00+00:00,2.77,2.77,2.77,2.77,0.0
2025-01-06 17:45:00+00:00,2.77,2.77,2.77,2.77,0.0
2025-01-06 18:00:00+00:00,2.77,2.77,2.77,2.77,0.0
2025-01-06 18:15:00+00:00,2.77,2.77,2.77,2.77,0.0
2025-01-06 18:30:00+00:00,2.77,2.77,2.77,2.77,0.0
2025-01-06 18:45:00+00:00,2.77,2.77,2.75,2.77,200.0
2025-01-06 19:00:00+00:00,2.77,2.77,2.77,2.77,0.0
2025-01-06 19:15:00+00:00,2.77,2.77,2.77,2.77,0.0
2025-01-06 19:30:00+00:00,2.77,2.77,2.77,2.77,0.0
2025-01-06 19:45:00+00:00,2.77,2.77,2.77,2.77,0.0
2025-01-06 20:00:00+00:00,2.77,2.77,2.77,2.77,0.0
2025-01-06 20:15:00+00:00,2.77,2.77,2.77,2.77,0.0
2025-01-06 20:30:00+00:00,2.77,2.77,2.77,2.77,0.0
2025-01-06 20:45:00+00:00,2.77,2.77,2.77,2.77,0.0
2025-01-07 14:30:00+00:00,2.77,2.77,2.77,2.77,0.0
2025-01-07 14:45:00+00:00,2.77,2.77,2.6,2.6,100.0
2025-01-07 15:00:00+00:00,2.6,2.6,2.6,2.6,0.0
2025-01-07 15:15:00+00:00,2.6,2.6,2.6,2.6,0.0
2025-01-07 15:30:00+00:00,2.6,2.6,2.6,2.6,0.0
2025-01-07 15:45:00+00:00,2.6,2.6,2.6,2.6,0.0
2025-01-07 16:00:00+00:00,2.6,2.6,2.6,2.6,0.0
2025-01-07 16:15:00+00:00,2.6,2.6,2.6,2.6,0.0
2025-01-07 16:30:00+00:00,2.6,2.6,2.6,2.6,0.0
2025-01-07 16:45:00+00:00,2.6,2.6,2.6,2.6,0.0
2025-01-07 17:00:00+00:00,2.6,2.6,2.6,2.6,0.0
2025-01-07 17:15:00+00:00,2.6,2.6,2.59,2.59,17.0
2025-01-07 17:30:00+00:00,2.59,2.59,2.59,2.59,0.0
2025-01-07 17:45:00+00:00,2.59,2.59,2.59,2.59,0.0
2025-01-07 18:00:00+00:00,2.59,2.59,2.59,2.59,0.0
2025-01-07 18:15:00+00:00,2.59,2.59,2.59,2.59,0.0
2025-01-07 18:30:00+00:00,2.59,2.59,2.59,2.59,0.0
2025-01-07 18:45:00+00:00,2.59,2.59,2.59,2.59,0.0
2025-01-07 19:00:00+00:00,2.59,2.59,2.59,2.59,0.0
2025-01-07 19:15:00+00:00,2.59,2.59,2.59,2.59,0.0
2025-01-07 19:30:00+00:00,2.59,2.59,2.59,2.59,0.0
2025-01-07 19:45:00+00:00,2.59,2.59,2.59,2.59,0.0
2025-01-07 20:00:00+00:00,2.59,2.59,2.59,2.59,0.0
2025-01-07 20:15:00+00:00,2.59,2.59,2.59,2.59,0.0
2025-01-07 20:30:00+00:00,2.59,2.59,2.59,2.59,0.0
2025-01-07 20:45:00+00:00,2.59,2.59,2.59,2.59,0.0
2025-01-08 14:30:00+00:00,2.59,2.59,2.59,2.59,0.0
2025-01-08 14:45:00+00:00,2.59,2.74,2.59,2.74,201.0
2025-01-08 15:00:00+00:00,2.74,3.06,2.74,3.06,101.0
2025-01-08 15:15:00+00:00,3.06,3.06,3.06,3.06,0.0
2025-01-08 15:30:00+00:00,3.06,3.06,3.06,3.06,0.0
2025-01-08 15:45:00+00:00,3.06,3.06,3.06,3.06,0.0
2025-01-08 16:00:00+00:00,3.06,3.06,3.06,3.06,0.0
2025-01-08 16:15:00+00:00,3.06,3.06,3.06,3.06,0.0
2025-01-08 16:30:00+00:00,3.06,3.06,2.91,2.91,39.0
2025-01-08 16:45:00+00:00,2.91,2.91,2.745,2.745,4.0
2025-01-08 17:00:00+00:00,2.745,2.745,2.745,2.745,100.0
2025-01-08 17:15:00+00:00,2.745,2.745,2.745,2.745,0.0
2025-01-08 17:30:00+00:00,2.745,2.745,2.745,2.745,0.0
2025-01-08 17:45:00+00:00,2.745,2.745,2.745,2.745,0.0
2025-01-08 18:00:00+00:00,2.745,2.745,2.745,2.745,0.0
2025-01-08 18:15:00+00:00,2.745,2.745,2.745,2.745,0.0
2025-01-08 18:30:00+00:00,2.745,2.745,2.745,2.745,0.0
2025-01-08 18:45:00+00:00,2.745,2.745,2.745,2.745,0.0
2025-01-08 19:00:00+00:00,2.745,2.745,2.745,2.745,0.0
2025-01-08 19:15:00+00:00,2.745,2.745,2.745,2.745,0.0
2025-01-08 19:30:00+00:00,2.745,2.745,2.745,2.745,0.0
2025-01-08 19:45:00+00:00,2.745,2.745,2.745,2.745,0.0
2025-01-08 20:00:00+00:00,2.745,2.745,2.745,2.745,0.0
2025-01-08 20:15:00+00:00,2.745,2.745,2.745,2.745,0.0
2025-01-08 20:30:00+00:00,2.745,2.745,2.745,2.745,0.0
2025-01-08 20:45:00+00:00,2.745,2.745,2.745,2.745,0.0
2025-01-09 14:30:00+00:00,2.745,2.745,2.745,2.745,0.0
2025-01-09 14:45:00+00:00,2.745,2.745,2.745,2.745,0.0
2025-01-09 15:00:00+00:00,2.745,2.745,2.745,2.745,0.0
2025-01-09 15:15:00+00:00,2.745,2.745,2.745,2.745,0.0
2025-01-09 15:30:00+00:00,2.745,2.745,2.745,2.745,0.0
2025-01-09 15:45:00+00:00,2.745,2.745,2.745,2.745,0.0
2025-01-09 16:00:00+00:00,2.745,2.745,2.745,2.745,0.0
2025-01-09 16:15:00+00:00,2.745,2.745,2.745,2.745,0.0
2025-01-09 16:30:00+00:00,2.745,2.745,2.745,2.745,0.0
2025-01-09 16:45:00+00:00,2.745,2.745,2.745,2.745,0.0
2025-01-09 17:00:00+00:00,2.745,2.745,2.745,2.745,0.0
2025-01-09 17:15:00+00:00,2.745,2.745,2.745,2.745,0.0
2025-01-09 17:30:00+00:00,2.745,2.745,2.745,2.745,0.0
2025-01-09 17:45:00+00:00,2.745,2.745,2.745,2.745,0.0
2025-01-09 18:00:00+00:00,2.745,2.745,2.745,2.745,0.0
2025-01-09 18:15:00+00:00,2.745,2.745,2.745,2.745,0.0
2025-01-09 18:30:00+00:00,2.745,2.745,2.745,2.745,0.0
2025-01-09 18:45:00+00:00,2.745,2.745,2.745,2.745,0.0
2025-01-09 19:00:00+00:00,2.745,2.745,2.745,2.745,0.0
2025-01-09 19:15:00+00:00,2.745,2.745,2.745,2.745,0.0
2025-01-09 19:30:00+00:00,2.745,2.745,2.745,2.745,0.0
2025-01-09 19:45:00+00:00,2.745,2.745,2.745,2.745,0.0
2025-01-09 20:00:00+00:00,2.745,2.745,2.745,2.745,0.0
2025-01-09 20:15:00+00:00,2.745,2.745,2.745,2.745,0.0
2025-01-09 20:30:00+00:00,2.745,2.745,2.745,2.745,0.0
2025-01-09 20:45:00+00:00,2.745,2.745,2.745,2.745,0.0
2025-01-10 14:30:00+00:00,2.745,2.745,2.745,2.745,0.0
2025-01-10 14:45:00+00:00,2.745,2.745,2.745,2.745,0.0
2025-01-10 15:00:00+00:00,2.745,2.745,2.745,2.745,0.0
2025-01-10 15:15:00+00:00,2.745,2.745,2.745,2.745,0.0
2025-01-10 15:30:00+00:00,2.745,2.745,2.745,2.745,0.0
2025-01-10 15:45:00+00:00,2.745,2.745,2.745,2.745,0.0
2025-01-10 16:00:00+00:00,2.745,2.745,2.745,2.745,0.0
2025-01-10 16:15:00+00:00,2.745,2.745,2.745,2.745,0.0
2025-01-10 16:30:00+00:00,2.745,2.745,2.745,2.745,0.0
2025-01-10 16:45:00+00:00,2.745,2.745,2.745,2.745,0.0
2025-01-10 17:00:00+00:00,2.745,2.745,2.52,2.52,1.0
2025-01-10 17:15:00+00:00,2.52,2.52,2.52,2.52,0.0
2025-01-10 17:30:00+00:00,2.52,2.52,2.52,2.52,0.0
2025-01-10 17:45:00+00:00,2.52,2.52,2.52,2.52,0.0
2025-01-10 18:00:00+00:00,2.52,2.52,2.52,2.52,0.0
2025-01-10 18:15:00+00:00,2.52,2.52,2.52,2.52,0.0
2025-01-10 18:30:00+00:00,2.52,2.52,2.52,2.52,0.0
2025-01-10 18:45:00+00:00,2.52,2.52,2.52,2.52,0.0
2025-01-10 19:00:00+00:00,2.52,2.52,2.52,2.52,0.0
2025-01-10 19:15:00+00:00,2.52,2.52,2.52,2.52,0.0
2025-01-10 19:30:00+00:00,2.52,2.52,2.52,2.52,0.0
2025-01-10 19:45:00+00:00,2.55,2.55,2.55,2.55,12.0
2025-01-10 20:00:00+00:00,2.55,2.55,2.55,2.55,0.0
2025-01-10 20:15:00+00:00,2.55,2.55,2.55,2.55,0.0
2025-01-10 20:30:00+00:00,2.55,2.55,2.55,2.55,0.0
2025-01-10 20:45:00+00:00,2.55,2.55,2.52,2.52,100.0
2025-01-13 14:30:00+00:00,2.52,2.52,2.52,2.52,0.0
2025-01-13 14:45:00+00:00,2.52,2.52,2.52,2.52,0.0
2025-01-13 15:00:00+00:00,2.52,2.52,2.52,2.52,0.0
2025-01-13 15:15:00+00:00,2.52,2.52,2.52,2.52,0.0
2025-01-13 15:30:00+00:00,2.52,2.52,2.52,2.52,0.0
2025-01-13 15:45:00+00:00,2.52,2.52,2.52,2.52,0.0
2025-01-13 16:00:00+00:00,2.52,2.52,2.52,2.52,0.0
2025-01-13 16:15:00+00:00,2.52,2.52,2.52,2.52,0.0
2025-01-13 16:30:00+00:00,2.52,2.52,2.52,2.52,0.0
2025-01-13 16:45:00+00:00,2.52,2.52,2.52,2.52,0.0
2025-01-13 17:00:00+00:00,2.52,2.52,2.52,2.52,0.0
2025-01-13 17:15:00+00:00,2.52,2.52,2.52,2.52,0.0
2025-01-13 17:30:00+00:00,2.52,2.52,2.52,2.52,0.0
2025-01-13 17:45:00+00:00,2.52,2.52,2.52,2.52,0.0
2025-01-13 18:00:00+00:00,2.52,2.52,2.47,2.47,234.0
2025-01-13 18:15:00+00:00,2.47,2.47,2.47,2.47,0.0
2025-01-13 18:30:00+00:00,2.47,2.47,2.47,2.47,0.0
2025-01-13 18:45:00+00:00,2.47,2.47,2.47,2.47,0.0
2025-01-13 19:00:00+00:00,2.47,2.47,2.47,2.47,0.0
2025-01-13 19:15:00+00:00,2.47,2.47,2.47,2.47,0.0
2025-01-13 19:30:00+00:00,2.47,2.47,2.47,2.47,0.0
2025-01-13 19:45:00+00:00,2.47,2.47,2.47,2.47,0.0
2025-01-13 20:00:00+00:00,2.47,2.47,2.47,2.47,0.0
2025-01-13 20:15:00+00:00,2.47,2.47,2.47,2.47,0.0
2025-01-13 20:30:00+00:00,2.47,2.47,2.47,2.47,0.0
2025-01-13 20:45:00+00:00,2.47,2.47,2.47,2.47,0.0
2025-01-14 14:30:00+00:00,2.47,2.47,2.47,2.47,0.0
2025-01-14 14:45:00+00:00,2.47,2.47,2.47,2.47,0.0
2025-01-14 15:00:00+00:00,2.47,2.47,2.47,2.47,0.0
2025-01-14 15:15:00+00:00,2.47,2.47,2.47,2.47,0.0
2025-01-14 15:30:00+00:00,2.47,2.47,2.47,2.47,0.0
2025-01-14 15:45:00+00:00,2.47,2.47,2.47,2.47,0.0
2025-01-14 16:00:00+00:00,2.47,2.47,2.47,2.47,0.0
2025-01-14 16:15:00+00:00,2.47,2.47,2.47,2.47,0.0
2025-01-14 16:30:00+00:00,2.47,2.47,2.47,2.47,0.0
2025-01-14 16:45:00+00:00,2.47,2.47,2.47,2.47,0.0
2025-01-14 17:00:00+00:00,2.47,2.47,2.47,2.47,0.0
2025-01-14 17:15:00+00:00,2.47,2.47,2.47,2.47,0.0
2025-01-14 17:30:00+00:00,2.47,2.47,2.47,2.47,0.0
2025-01-14 17:45:00+00:00,2.47,2.47,2.47,2.47,0.0
2025-01-14 18:00:00+00:00,2.47,2.47,2.47,2.47,0.0
2025-01-14 18:15:00+00:00,2.47,2.47,2.47,2.47,0.0
2025-01-14 18:30:00+00:00,2.47,2.47,2.47,2.47,0.0
2025-01-14 18:45:00+00:00,2.47,2.47,2.47,2.47,0.0
2025-01-14 19:00:00+00:00,2.47,2.47,2.47,2.47,0.0
2025-01-14 19:15:00+00:00,2.47,2.47,2.47,2.47,0.0
2025-01-14 19:30:00+00:00,2.47,2.47,2.47,2.47,0.0
2025-01-14 19:45:00+00:00,2.47,2.47,2.47,2.47,0.0
2025-01-14 20:00:00+00:00,2.47,2.47,2.47,2.47,0.0
2025-01-14 20:15:00+00:00,2.47,2.47,2.47,2.47,0.0
2025-01-14 20:30:00+00:00,2.47,2.47,2.47,2.47,0.0
2025-01-14 20:45:00+00:00,2.47,2.47,2.47,2.47,0.0
2025-01-15 14:30:00+00:00,2.47,2.47,2.47,2.47,0.0
2025-01-15 14:45:00+00:00,2.47,2.47,2.47,2.47,0.0
2025-01-15 15:00:00+00:00,2.47,2.47,2.47,2.47,0.0
2025-01-15 15:15:00+00:00,2.47,2.47,2.47,2.47,0.0
2025-01-15 15:30:00+00:00,2.47,2.47,2.47,2.47,0.0
2025-01-15 15:45:00+00:00,2.47,2.47,2.47,2.47,0.0
2025-01-15 16:00:00+00:00,2.47,2.56,2.47,2.56,5.0
2025-01-15 16:15:00+00:00,2.56,2.56,2.56,2.56,0.0
2025-01-15 16:30:00+00:00,2.56,2.56,2.56,2.56,0.0
2025-01-15 16:45:00+00:00,2.56,2.56,2.56,2.56,0.0
2025-01-15 17:00:00+00:00,2.56,2.56,2.55,2.56,400.0
2025-01-15 17:15:00+00:00,2.56,2.56,2.56,2.56,0.0
2025-01-15 17:30:00+00:00,2.56,2.56,2.56,2.56,0.0
2025-01-15 17:45:00+00:00,2.56,2.56,2.56,2.56,0.0
2025-01-15 18:00:00+00:00,2.56,2.56,2.56,2.56,0.0
2025-01-15 18:15:00+00:00,2.56,2.56,2.56,2.56,0.0
2025-01-15 18:30:00+00:00,2.56,2.56,2.56,2.56,0.0
2025-01-15 18:45:00+00:00,2.56,2.56,2.56,2.56,0.0
2025-01-15 19:00:00+00:00,2.56,2.56,2.56,2.56,0.0
2025-01-15 19:15:00+00:00,2.56,2.56,2.56,2.56,0.0
2025-01-15 19:30:00+00:00,2.56,2.56,2.56,2.56,0.0
2025-01-15 19:45:00+00:00,2.56,2.56,2.4,2.4,3.0
2025-01-15 20:00:00+00:00,2.4,2.51,2.4,2.51,100.0
2025-01-15 20:15:00+00:00,2.51,2.6,2.51,2.6,600.0
2025-01-15 20:30:00+00:00,2.6,2.6,2.6,2.6,0.0
2025-01-15 20:45:00+00:00,2.6,2.61,2.59,2.59,141.0
2025-01-16 14:30:00+00:00,2.59,2.59,2.59,2.59,0.0
2025-01-16 14:45:00+00:00,2.59,2.59,2.59,2.59,0.0
2025-01-16 15:00:00+00:00,2.59,2.59,2.59,2.59,0.0
2025-01-16 15:15:00+00:00,2.59,2.59,2.57,2.57,100.0
2025-01-16 15:30:00+00:00,2.57,2.57,2.57,2.57,0.0
2025-01-16 15:45:00+00:00,2.57,2.57,2.5,2.5,7.0
2025-01-16 16:00:00+00:00,2.5,2.535,2.5,2.535,15.0
2025-01-16 16:15:00+00:00,2.535,2.535,2.51,2.51,2.0
2025-01-16 16:30:00+00:00,2.51,2.51,2.51,2.51,0.0
2025-01-16 16:45:00+00:00,2.51,2.53,2.51,2.53,400.0
2025-01-16 17:00:00+00:00,2.53,2.53,2.53,2.53,0.0
2025-01-16 17:15:00+00:00,2.53,2.58,2.53,2.57,232.0
2025-01-16 17:30:00+00:00,2.57,2.67,2.49,2.49,710.0
2025-01-16 17:45:00+00:00,2.49,2.49,2.49,2.49,0.0
2025-01-16 18:00:00+00:00,2.49,2.49,2.49,2.49,0.0
2025-01-16 18:15:00+00:00,2.49,2.49,2.49,2.49,0.0
2025-01-16 18:30:00+00:00,2.49,2.49,2.49,2.49,0.0
2025-01-16 18:45:00+00:00,2.49,2.49,2.49,2.49,0.0
2025-01-16 19:00:00+00:00,2.49,2.49,2.49,2.49,0.0
2025-01-16 19:15:00+00:00,2.43,2.43,2.43,2.43,200.0
2025-01-16 19:30:00+00:00,2.43,2.52,2.43,2.52,202.0
2025-01-16 19:45:00+00:00,2.52,2.52,2.48,2.485,2.0
2025-01-16 20:00:00+00:00,2.485,2.49,2.485,2.49,100.0
2025-01-16 20:15:00+00:00,2.49,2.53,2.49,2.53,59.0
2025-01-16 20:30:00+00:00,2.53,2.53,2.53,2.53,0.0
2025-01-16 20:45:00+00:00,2.53,2.53,2.5,2.5,100.0
2025-01-17 14:30:00+00:00,2.5,2.5,2.5,2.5,0.0
2025-01-17 14:45:00+00:00,2.5,2.5,2.5,2.5,0.0
2025-01-17 15:00:00+00:00,2.5,2.63,2.5,2.63,200.0
2025-01-17 15:15:00+00:00,2.63,2.63,2.63,2.63,0.0
2025-01-17 15:30:00+00:00,2.63,2.63,2.63,2.63,0.0
2025-01-17 15:45:00+00:00,2.63,2.63,2.63,2.63,0.0
2025-01-17 16:00:00+00:00,2.63,2.63,2.54,2.54,30.0
2025-01-17 16:15:00+00:00,2.54,2.54,2.54,2.54,30.0
2025-01-17 16:30:00+00:00,2.54,2.54,2.54,2.54,0.0
2025-01-17 16:45:00+00:00,2.54,2.54,2.54,2.54,0.0
2025-01-17 17:00:00+00:00,2.54,2.54,2.51,2.51,320.0
2025-01-17 17:15:00+00:00,2.51,2.51,2.5,2.5,5.0
2025-01-17 17:30:00+00:00,2.5,2.5,2.5,2.5,0.0
2025-01-17 17:45:00+00:00,2.5,2.5,2.495,2.495,5.0
2025-01-17 18:00:00+00:00,2.495,2.495,2.495,2.495,0.0
2025-01-17 18:15:00+00:00,2.495,2.495,2.495,2.495,0.0
2025-01-17 18:30:00+00:00,2.495,2.495,2.495,2.495,0.0
2025-01-17 18:45:00+00:00,2.495,2.53,2.495,2.53,10.0
2025-01-17 19:00:00+00:00,2.53,2.53,2.53,2.53,0.0
2025-01-17 19:15:00+00:00,2.53,2.53,2.53,2.53,100.0
2025-01-17 19:30:00+00:00,2.53,2.53,2.53,2.53,0.0
2025-01-17 19:45:00+00:00,2.53,2.53,2.53,2.53,0.0
2025-01-17 20:00:00+00:00,2.53,2.53,2.53,2.53,0.0
2025-01-17 20:15:00+00:00,2.53,2.53,2.53,2.53,0.0
2025-01-17 20:30:00+00:00,2.53,2.56,2.53,2.56,101.0
2025-01-17 20:45:00+00:00,2.56,2.59,2.56,2.59,11.0
2025-01-20 14:30:00+00:00,2.59,2.59,2.59,2.59,0.0
2025-01-20 14:45:00+00:00,2.59,2.59,2.59,2.59,0.0
2025-01-20 15:00:00+00:00,2.59,2.59,2.59,2.59,0.0
2025-01-20 15:15:00+00:00,2.59,2.59,2.59,2.59,0.0
2025-01-20 15:30:00+00:00,2.59,2.59,2.59,2.59,0.0
2025-01-20 15:45:00+00:00,2.59,2.59,2.59,2.59,0.0
2025-01-20 16:00:00+00:00,2.59,2.59,2.59,2.59,0.0
2025-01-20 16:15:00+00:00,2.59,2.59,2.59,2.59,0.0
2025-01-20 16:30:00+00:00,2.59,2.59,2.59,2.59,0.0
2025-01-20 16:45:00+00:00,2.59,2.59,2.59,2.59,0.0
2025-01-20 17:00:00+00:00,2.59,2.59,2.59,2.59,0.0
2025-01-20 17:15:00+00:00,2.59,2.59,2.59,2.59,0.0
2025-01-20 17:30:00+00:00,2.59,2.59,2.59,2.59,0.0
2025-01-20 17:45:00+00:00,2.59,2.59,2.59,2.59,0.0
2025-01-20 18:00:00+00:00,2.59,2.59,2.59,2.59,0.0
2025-01-20 18:15:00+00:00,2.59,2.59,2.59,2.59,0.0
2025-01-20 18:30:00+00:00,2.59,2.59,2.59,2.59,0.0
2025-01-20 18:45:00+00:00,2.59,2.59,2.59,2.59,0.0
2025-01-20 19:00:00+00:00,2.59,2.59,2.59,2.59,0.0
2025-01-20 19:15:00+00:00,2.59,2.59,2.59,2.59,0.0
2025-01-20 19:30:00+00:00,2.59,2.59,2.59,2.59,0.0
2025-01-20 19:45:00+00:00,2.59,2.59,2.59,2.59,0.0
2025-01-20 20:00:00+00:00,2.59,2.59,2.59,2.59,0.0
2025-01-20 20:15:00+00:00,2.59,2.59,2.59,2.59,0.0
2025-01-20 20:30:00+00:00,2.59,2.59,2.59,2.59,0.0
2025-01-20 20:45:00+00:00,2.59,2.59,2.59,2.59,0.0
2025-01-21 14:30:00+00:00,2.59,2.73,2.59,2.73,1.0
2025-01-21 14:45:00+00:00,2.73,2.73,2.73,2.73,0.0
2025-01-21 15:00:00+00:00,2.73,2.74,2.73,2.74,100.0
2025-01-21 15:15:00+00:00,2.74,2.74,2.74,2.74,0.0
2025-01-21 15:30:00+00:00,2.74,2.74,2.74,2.74,0.0
2025-01-21 15:45:00+00:00,2.74,2.74,2.7,2.7,101.0
2025-01-21 16:00:00+00:00,2.7,2.7,2.7,2.7,0.0
2025-01-21 16:15:00+00:00,2.7,2.7,2.7,2.7,0.0
2025-01-21 16:30:00+00:00,2.7,2.7,2.7,2.7,0.0
2025-01-21 16:45:00+00:00,2.7,2.72,2.66,2.66,28.0
2025-01-21 17:00:00+00:00,2.66,2.66,2.66,2.66,3.0
2025-01-21 17:15:00+00:00,2.66,2.68,2.63,2.63,112.0
2025-01-21 17:30:00+00:00,2.63,2.63,2.63,2.63,0.0
2025-01-21 17:45:00+00:00,2.63,2.63,2.63,2.63,0.0
2025-01-21 18:00:00+00:00,2.63,2.64,2.63,2.64,1.0
2025-01-21 18:15:00+00:00,2.64,2.71,2.64,2.65,312.0
2025-01-21 18:30:00+00:00,2.65,2.65,2.65,2.65,0.0
2025-01-21 18:45:00+00:00,2.65,2.65,2.64,2.64,100.0
2025-01-21 19:00:00+00:00,2.64,2.68,2.64,2.68,2.0
2025-01-21 19:15:00+00:00,2.68,2.68,2.63,2.63,100.0
2025-01-21 19:30:00+00:00,2.63,2.63,2.63,2.63,0.0
2025-01-21 19:45:00+00:00,2.63,2.63,2.63,2.63,0.0
2025-01-21 20:00:00+00:00,2.63,2.63,2.63,2.63,0.0
2025-01-21 20:15:00+00:00,2.63,2.65,2.63,2.65,1.0
2025-01-21 20:30:00+00:00,2.65,2.695,2.65,2.695,3.0
2025-01-21 20:45:00+00:00,2.695,2.695,2.695,2.695,0.0
2025-01-22 14:30:00+00:00,2.695,2.695,2.695,2.695,0.0
2025-01-22 14:45:00+00:00,2.695,2.695,2.695,2.695,0.0
2025-01-22 15:00:00+00:00,2.695,2.695,2.695,2.695,0.0
2025-01-22 15:15:00+00:00,2.695,2.695,2.695,2.695,0.0
2025-01-22 15:30:00+00:00,2.695,2.695,2.695,2.695,0.0
2025-01-22 15:45:00+00:00,2.695,2.695,2.54,2.54,100.0
2025-01-22 16:00:00+00:00,2.54,2.54,2.54,2.54,0.0
2025-01-22 16:15:00+00:00,2.54,2.54,2.54,2.54,0.0
2025-01-22 16:30:00+00:00,2.54,2.58,2.54,2.58,300.0
2025-01-22 16:45:00+00:00,2.58,2.58,2.58,2.58,0.0
2025-01-22 17:00:00+00:00,2.58,2.58,2.58,2.58,0.0
2025-01-22 17:15:00+00:00,2.58,2.58,2.58,2.58,0.0
2025-01-22 17:30:00+00:00,2.58,2.58,2.58,2.58,0.0
2025-01-22 17:45:00+00:00,2.58,2.58,2.58,2.58,0.0
2025-01-22 18:00:00+00:00,2.58,2.58,2.58,2.58,0.0
2025-01-22 18:15:00+00:00,2.58,2.58,2.58,2.58,0.0
2025-01-22 18:30:00+00:00,2.58,2.58,2.58,2.58,0.0
2025-01-22 18:45:00+00:00,2.58,2.58,2.58,2.58,0.0
2025-01-22 19:00:00+00:00,2.58,2.58,2.58,2.58,0.0
2025-01-22 19:15:00+00:00,2.58,2.58,2.58,2.58,0.0
2025-01-22 19:30:00+00:00,2.58,2.58,2.58,2.58,0.0
2025-01-22 19:45:00+00:00,2.58,2.58,2.58,2.58,0.0
2025-01-22 20:00:00+00:00,2.58,2.58,2.58,2.58,0.0
2025-01-22 20:15:00+00:00,2.58,2.58,2.58,2.58,0.0
2025-01-22 20:30:00+00:00,2.58,2.58,2.58,2.58,0.0
2025-01-22 20:45:00+00:00,2.58,2.58,2.58,2.58,0.0
2025-01-23 14:30:00+00:00,2.58,2.58,2.58,2.58,0.0
2025-01-23 14:45:00+00:00,2.58,2.58,2.58,2.58,0.0
2025-01-23 15:00:00+00:00,2.58,2.58,2.58,2.58,0.0
2025-01-23 15:15:00+00:00,2.58,2.58,2.52,2.52,100.0
2025-01-23 15:30:00+00:00,2.52,2.52,2.52,2.52,0.0
2025-01-23 15:45:00+00:00,2.52,2.52,2.52,2.52,0.0
2025-01-23 16:00:00+00:00,2.52,2.52,2.52,2.52,0.0
2025-01-23 16:15:00+00:00,2.52,2.52,2.52,2.52,0.0
2025-01-23 16:30:00+00:00,2.52,2.52,2.52,2.52,0.0
2025-01-23 16:45:00+00:00,2.52,2.52,2.52,2.52,0.0
2025-01-23 17:00:00+00:00,2.52,2.52,2.52,2.52,0.0
2025-01-23 17:15:00+00:00,2.52,2.52,2.52,2.52,0.0
2025-01-23 17:30:00+00:00,2.52,2.52,2.52,2.52,0.0
2025-01-23 17:45:00+00:00,2.52,2.52,2.52,2.52,0.0
2025-01-23 18:00:00+00:00,2.52,2.52,2.52,2.52,0.0
2025-01-23 18:15:00+00:00,2.52,2.52,2.52,2.52,0.0
2025-01-23 18:30:00+00:00,2.52,2.52,2.52,2.52,0.0
2025-01-23 18:45:00+00:00,2.52,2.52,2.52,2.52,0.0
2025-01-23 19:00:00+00:00,2.52,2.52,2.52,2.52,0.0
2025-01-23 19:15:00+00:00,2.52,2.52,2.52,2.52,0.0
2025-01-23 19:30:00+00:00,2.52,2.52,2.52,2.52,0.0
2025-01-23 19:45:00+00:00,2.52,2.52,2.52,2.52,0.0
2025-01-23 20:00:00+00:00,2.52,2.52,2.52,2.52,0.0
2025-01-23 20:15:00+00:00,2.52,2.52,2.52,2.52,0.0
2025-01-23 20:30:00+00:00,2.52,2.52,2.52,2.52,0.0
2025-01-23 20:45:00+00:00,2.52,2.52,2.52,2.52,0.0
2025-01-24 14:30:00+00:00,2.52,2.52,2.52,2.52,0.0
2025-01-24 14:45:00+00:00,2.52,2.56,2.52,2.56,100.0
2025-01-24 15:00:00+00:00,2.56,2.56,2.56,2.56,0.0
2025-01-24 15:15:00+00:00,2.56,2.56,2.56,2.56,0.0
2025-01-24 15:30:00+00:00,2.56,2.56,2.56,2.56,0.0
2025-01-24 15:45:00+00:00,2.56,2.56,2.56,2.56,0.0
2025-01-24 16:00:00+00:00,2.56,2.56,2.56,2.56,0.0
2025-01-24 16:15:00+00:00,2.56,2.56,2.56,2.56,0.0
2025-01-24 16:30:00+00:00,2.56,2.56,2.56,2.56,0.0
2025-01-24 16:45:00+00:00,2.56,2.56,2.56,2.56,0.0
2025-01-24 17:00:00+00:00,2.56,2.56,2.56,2.56,0.0
2025-01-24 17:15:00+00:00,2.56,2.63,2.56,2.63,170.0
2025-01-24 17:30:00+00:00,2.63,2.63,2.63,2.63,0.0
2025-01-24 17:45:00+00:00,2.63,2.63,2.63,2.63,0.0
2025-01-24 18:00:00+00:00,2.63,2.63,2.6,2.63,102.0
2025-01-24 18:15:00+00:00,2.63,2.63,2.63,2.63,0.0
2025-01-24 18:30:00+00:00,2.63,2.63,2.63,2.63,0.0
2025-01-24 18:45:00+00:00,2.63,2.63,2.63,2.63,0.0
2025-01-24 19:00:00+00:00,2.63,2.63,2.63,2.63,0.0
2025-01-24 19:15:00+00:00,2.63,2.63,2.63,2.63,0.0
2025-01-24 19:30:00+00:00,2.63,2.63,2.63,2.63,0.0
2025-01-24 19:45:00+00:00,2.63,2.63,2.63,2.63,0.0
2025-01-24 20:00:00+00:00,2.63,2.63,2.63,2.63,0.0
2025-01-24 20:15:00+00:00,2.63,2.63,2.63,2.63,0.0
2025-01-24 20:30:00+00:00,2.63,2.63,2.63,2.63,0.0
2025-01-24 20:45:00+00:00,2.63,2.63,2.41,2.41,4.0
2025-01-27 14:30:00+00:00,2.41,2.41,2.41,2.41,0.0
2025-01-27 14:45:00+00:00,2.41,2.88,2.41,2.88,500.0
2025-01-27 15:00:00+00:00,2.88,2.88,2.88,2.88,0.0
2025-01-27 15:15:00+00:00,2.88,2.88,2.88,2.88,0.0
2025-01-27 15:30:00+00:00,2.88,2.88,2.88,2.88,0.0
2025-01-27 15:45:00+00:00,2.88,2.88,2.88,2.88,0.0
2025-01-27 16:00:00+00:00,2.88,2.88,2.88,2.88,0.0
2025-01-27 16:15:00+00:00,2.88,2.88,2.355,2.355,2.0
2025-01-27 16:30:00+00:00,2.355,2.355,2.355,2.355,0.0
2025-01-27 16:45:00+00:00,2.355,2.43,2.355,2.43,2.0
2025-01-27 17:00:00+00:00,2.43,2.43,2.43,2.43,0.0
2025-01-27 17:15:00+00:00,2.43,2.43,2.43,2.43,0.0
2025-01-27 17:30:00+00:00,2.43,2.43,2.43,2.43,0.0
2025-01-27 17:45:00+00:00,2.43,2.43,2.43,2.43,0.0
2025-01-27 18:00:00+00:00,2.43,2.47,2.43,2.47,2.0
2025-01-27 18:15:00+00:00,2.47,2.47,2.47,2.47,0.0
2025-01-27 18:30:00+00:00,2.47,2.47,2.47,2.47,0.0
2025-01-27 18:45:00+00:00,2.47,2.47,2.47,2.47,0.0
2025-01-27 19:00:00+00:00,2.47,2.47,2.47,2.47,0.0
2025-01-27 19:15:00+00:00,2.47,2.47,2.47,2.47,0.0
2025-01-27 19:30:00+00:00,2.47,2.47,2.47,2.47,0.0
2025-01-27 19:45:00+00:00,2.47,2.47,2.47,2.47,0.0
2025-01-27 20:00:00+00:00,2.47,2.47,2.47,2.47,0.0
2025-01-27 20:15:00+00:00,2.47,2.47,2.47,2.47,0.0
2025-01-27 20:30:00+00:00,2.47,2.47,2.47,2.47,0.0
2025-01-27 20:45:00+00:00,2.47,2.47,2.47,2.47,0.0
2025-01-28 14:30:00+00:00,2.47,2.47,2.47,2.47,0.0
2025-01-28 14:45:00+00:00,2.47,2.5,2.47,2.5,100.0
2025-01-28 15:00:00+00:00,2.5,2.5,2.5,2.5,0.0
2025-01-28 15:15:00+00:00,2.5,2.5,2.5,2.5,0.0
2025-01-28 15:30:00+00:00,2.5,2.5,2.5,2.5,0.0
2025-01-28 15:45:00+00:00,2.5,2.5,2.255,2.255,400.0
2025-01-28 16:00:00+00:00,2.255,2.255,2.255,2.255,0.0
2025-01-28 16:15:00+00:00,2.255,2.255,2.255,2.255,0.0
2025-01-28 16:30:00+00:00,2.255,2.255,2.255,2.255,0.0
2025-01-28 16:45:00+00:00,2.255,2.255,2.255,2.255,0.0
2025-01-28 17:00:00+00:00,2.255,2.255,2.255,2.255,0.0
2025-01-28 17:15:00+00:00,2.255,2.255,2.255,2.255,0.0
2025-01-28 17:30:00+00:00,2.255,2.255,2.255,2.255,0.0
2025-01-28 17:45:00+00:00,2.255,2.255,2.2,2.2,27.0
2025-01-28 18:00:00+00:00,2.2,2.2,2.2,2.2,0.0
2025-01-28 18:15:00+00:00,2.21,2.215,2.21,2.21,0.0
2025-01-28 18:30:00+00:00,2.21,2.225,2.21,2.225,0.0
2025-01-28 18:45:00+00:00,2.225,2.225,2.225,2.225,0.0
2025-01-28 19:00:00+00:00,2.225,2.225,2.225,2.225,0.0
2025-01-28 19:15:00+00:00,2.225,2.225,2.225,2.225,0.0
2025-01-28 19:30:00+00:00,2.225,2.225,2.225,2.225,0.0
2025-01-28 19:45:00+00:00,2.225,2.225,2.225,2.225,0.0
2025-01-28 20:00:00+00:00,2.225,2.225,2.225,2.225,0.0
2025-01-28 20:15:00+00:00,2.225,2.225,2.225,2.225,0.0
2025-01-28 20:30:00+00:00,2.225,2.225,2.225,2.225,0.0
2025-01-28 20:45:00+00:00,2.225,2.225,2.225,2.225,0.0
2025-01-29 14:30:00+00:00,2.225,2.225,2.225,2.225,0.0
2025-01-29 14:45:00+00:00,2.225,2.225,2.225,2.225,0.0
2025-01-29 15:00:00+00:00,2.225,2.225,2.225,2.225,0.0
2025-01-29 15:15:00+00:00,2.225,2.29,2.225,2.29,100.0
2025-01-29 15:30:00+00:00,2.29,2.29,2.29,2.29,0.0
2025-01-29 15:45:00+00:00,2.29,2.29,2.29,2.29,0.0
2025-01-29 16:00:00+00:00,2.29,2.29,2.29,2.29,0.0
2025-01-29 16:15:00+00:00,2.29,2.29,2.29,2.29,0.0
2025-01-29 16:30:00+00:00,2.29,2.29,2.29,2.29,0.0
2025-01-29 16:45:00+00:00,2.29,2.29,2.07,2.07,300.0
2025-01-29 17:00:00+00:00,2.07,2.09,2.07,2.09,103.0
2025-01-29 17:15:00+00:00,2.09,2.09,2.0,2.0,7.0
2025-01-29 17:30:00+00:00,2.0,2.11,2.0,2.11,207.0
2025-01-29 17:45:00+00:00,2.11,2.11,2.11,2.11,0.0
2025-01-29 18:00:00+00:00,2.11,2.11,2.11,2.11,0.0
2025-01-29 18:15:00+00:00,2.11,2.11,2.055,2.055,100.0
2025-01-29 18:30:00+00:00,2.055,2.055,2.055,2.055,0.0
2025-01-29 18:45:00+00:00,2.055,2.055,2.055,2.055,0.0
2025-01-29 19:00:00+00:00,2.055,2.055,2.055,2.055,0.0
2025-01-29 19:15:00+00:00,2.055,2.055,2.03,2.03,51.0
2025-01-29 19:30:00+00:00,2.03,2.03,2.03,2.03,0.0
2025-01-29 19:45:00+00:00,2.03,2.03,2.03,2.03,0.0
2025-01-29 20:00:00+00:00,2.03,2.03,2.03,2.03,0.0
2025-01-29 20:15:00+00:00,2.03,2.03,2.03,2.03,0.0
2025-01-29 20:30:00+00:00,2.03,2.03,2.03,2.03,0.0
2025-01-29 20:45:00+00:00,2.03,2.03,2.0,2.0,101.0
2025-01-30 14:30:00+00:00,2.0,2.17,2.0,2.06,402.0
2025-01-30 14:45:00+00:00,2.06,2.06,2.06,2.06,0.0
2025-01-30 15:00:00+00:00,2.06,2.06,2.05,2.05,0.0
2025-01-30 15:15:00+00:00,2.06,2.06,2.05,2.05,138.0
2025-01-30 15:30:00+00:00,2.05,2.05,2.05,2.05,47.0
2025-01-30 15:45:00+00:00,2.05,2.14,2.05,2.14,343.0
2025-01-30 16:00:00+00:00,2.14,2.14,2.06,2.06,100.0
2025-01-30 16:15:00+00:00,2.01,2.01,2.01,2.01,30.0
2025-01-30 16:30:00+00:00,2.01,2.01,1.97,1.97,30.0
2025-01-30 16:45:00+00:00,1.97,1.97,1.97,1.97,0.0
2025-01-30 17:00:00+00:00,1.97,1.97,1.95,1.95,14.0
2025-01-30 17:15:00+00:00,1.95,1.95,1.95,1.95,0.0
2025-01-30 17:30:00+00:00,1.95,1.95,1.95,1.95,0.0
2025-01-30 17:45:00+00:00,1.95,1.99,1.95,1.99,11.0
2025-01-30 18:00:00+00:00,1.99,1.99,1.99,1.99,0.0
2025-01-30 18:15:00+00:00,1.99,2.04,1.99,1.99,212.0
2025-01-30 18:30:00+00:00,1.99,1.99,1.98,1.985,113.0
2025-01-30 18:45:00+00:00,1.985,1.99,1.98,1.99,234.0
2025-01-30 19:00:00+00:00,1.99,1.99,1.985,1.985,0.0
2025-01-30 19:15:00+00:00,1.985,1.985,1.98,1.98,14.0
2025-01-30 19:30:00+00:00,1.98,2.06,1.98,2.06,14.0
2025-01-30 19:45:00+00:00,2.06,2.06,2.06,2.06,0.0
2025-01-30 20:00:00+00:00,2.06,2.06,2.06,2.06,0.0
2025-01-30 20:15:00+00:00,2.06,2.06,2.06,2.06,0.0
2025-01-30 20:30:00+00:00,2.06,2.06,2.06,2.06,0.0
2025-01-30 20:45:00+00:00,2.06,2.06,2.06,2.06,0.0
2025-01-31 14:30:00+00:00,2.06,2.06,2.06,2.06,0.0
2025-01-31 14:45:00+00:00,2.06,2.06,2.06,2.06,0.0
2025-01-31 15:00:00+00:00,2.06,2.06,2.06,2.06,0.0
2025-01-31 15:15:00+00:00,2.06,2.06,2.06,2.06,0.0
2025-01-31 15:30:00+00:00,2.06,2.06,2.06,2.06,0.0
2025-01-31 15:45:00+00:00,2.06,2.06,2.06,2.06,0.0
2025-01-31 16:00:00+00:00,2.06,2.09,2.06,2.09,1.0
2025-01-31 16:15:00+00:00,2.09,2.09,2.09,2.09,0.0
2025-01-31 16:30:00+00:00,2.09,2.09,2.08,2.08,12.0
2025-01-31 16:45:00+00:00,2.08,2.08,2.08,2.08,0.0
2025-01-31 17:00:00+00:00,2.08,2.08,2.07,2.07,1.0
2025-01-31 17:15:00+00:00,2.07,2.07,2.07,2.07,20.0
2025-01-31 17:30:00+00:00,2.07,2.09,2.07,2.09,101.0
2025-01-31 17:45:00+00:00,2.09,2.095,2.09,2.095,0.0
2025-01-31 18:00:00+00:00,2.095,2.095,2.095,2.095,35.0
2025-01-31 18:15:00+00:00,2.095,2.095,2.095,2.095,0.0
2025-01-31 18:30:00+00:00,2.095,2.095,2.095,2.095,0.0
2025-01-31 18:45:00+00:00,2.095,2.095,2.095,2.095,0.0
2025-01-31 19:00:00+00:00,2.095,2.095,2.095,2.095,0.0
2025-01-31 19:15:00+00:00,2.095,2.095,2.095,2.095,0.0
2025-01-31 19:30:00+00:00,2.095,2.095,2.095,2.095,0.0
2025-01-31 19:45:00+00:00,2.095,2.095,2.095,2.095,0.0
2025-01-31 20:00:00+00:00,2.095,2.095,2.065,2.065,0.0
2025-01-31 20:15:00+00:00,2.065,2.08,2.065,2.08,100.0
2025-01-31 20:30:00+00:00,2.08,2.08,2.08,2.08,0.0
2025-01-31 20:45:00+00:00,2.08,2.08,2.08,2.08,0.0
2025-02-03 14:30:00+00:00,2.08,2.08,2.08,2.08,0.0
2025-02-03 14:45:00+00:00,2.08,2.08,2.08,2.08,0.0
2025-02-03 15:00:00+00:00,2.08,2.08,2.08,2.08,0.0
2025-02-03 15:15:00+00:00,2.08,2.08,2.08,2.08,0.0
2025-02-03 15:30:00+00:00,2.08,2.1,2.08,2.1,41.0
2025-02-03 15:45:00+00:00,2.1,2.16,2.1,2.16,7.0
2025-02-03 16:00:00+00:00,2.16,2.16,2.16,2.16,0.0
2025-02-03 16:15:00+00:00,2.16,2.16,2.16,2.16,0.0
2025-02-03 16:30:00+00:00,2.16,2.16,2.16,2.16,0.0
2025-02-03 16:45:00+00:00,2.16,2.16,2.07,2.07,4.0
2025-02-03 17:00:00+00:00,2.07,2.08,2.07,2.08,2.0
2025-02-03 17:15:00+00:00,2.08,2.08,2.08,2.08,0.0
2025-02-03 17:30:00+00:00,2.08,2.08,2.08,2.08,0.0
2025-02-03 17:45:00+00:00,2.08,2.08,2.08,2.08,0.0
2025-02-03 18:00:00+00:00,2.08,2.08,2.08,2.08,0.0
2025-02-03 18:15:00+00:00,2.08,2.08,2.08,2.08,0.0
2025-02-03 18:30:00+00:00,2.08,2.08,2.08,2.08,0.0
2025-02-03 18:45:00+00:00,2.08,2.08,2.08,2.08,0.0
2025-02-03 19:00:00+00:00,2.08,2.08,2.07,2.07,5.0
2025-02-03 19:15:00+00:00,2.07,2.07,2.03,2.06,110.0
2025-02-03 19:30:00+00:00,2.06,2.06,2.03,2.03,106.0
2025-02-03 19:45:00+00:00,2.03,2.06,2.03,2.06,5.0
2025-02-03 20:00:00+00:00,2.06,2.06,2.06,2.06,0.0
2025-02-03 20:15:00+00:00,2.06,2.06,2.06,2.06,0.0
2025-02-03 20:30:00+00:00,2.06,2.06,2.06,2.06,0.0
2025-02-03 20:45:00+00:00,2.06,2.06,2.06,2.06,0.0
2025-02-04 14:30:00+00:00,2.06,2.06,2.06,2.06,0.0
2025-02-04 14:45:00+00:00,2.06,2.12,2.05,2.12,345.0
2025-02-04 15:00:00+00:00,2.12,2.12,2.06,2.11,301.0
2025-02-04 15:15:00+00:00,2.085,2.085,2.06,2.065,10.0
2025-02-04 15:30:00+00:00,2.065,2.065,2.045,2.045,1.0
2025-02-04 15:45:00+00:00,2.06,2.08,2.06,2.08,101.0
2025-02-04 16:00:00+00:00,2.08,2.105,2.08,2.105,100.0
2025-02-04 16:15:00+00:00,2.105,2.105,2.105,2.105,100.0
2025-02-04 16:30:00+00:00,2.105,2.105,2.095,2.095,301.0
2025-02-04 16:45:00+00:00,2.095,2.1,2.095,2.1,1.0
2025-02-04 17:00:00+00:00,2.1,2.15,2.1,2.145,81.0
2025-02-04 17:15:00+00:00,2.145,2.145,2.145,2.145,8.0
2025-02-04 17:30:00+00:00,2.145,2.145,2.145,2.145,0.0
2025-02-04 17:45:00+00:00,2.145,2.145,2.105,2.105,7.0
2025-02-04 18:00:00+00:00,2.105,2.105,2.095,2.095,7.0
2025-02-04 18:15:00+00:00,2.095,2.095,2.07,2.07,10.0
2025-02-04 18:30:00+00:00,2.07,2.07,2.07,2.07,0.0
2025-02-04 18:45:00+00:00,2.07,2.07,2.07,2.07,0.0
2025-02-04 19:00:00+00:00,2.07,2.07,2.07,2.07,0.0
2025-02-04 19:15:00+00:00,2.07,2.07,2.07,2.07,0.0
2025-02-04 19:30:00+00:00,2.07,2.07,2.07,2.07,0.0
2025-02-04 19:45:00+00:00,2.07,2.07,2.03,2.03,98.0
2025-02-04 20:00:00+00:00,2.03,2.03,2.03,2.03,0.0
2025-02-04 20:15:00+00:00,2.03,2.03,2.03,2.03,0.0
2025-02-04 20:30:00+00:00,2.03,2.03,2.03,2.03,0.0
2025-02-04 20:45:00+00:00,2.03,2.1,2.03,2.1,1.0
2025-02-05 14:30:00+00:00,2.1,2.1,2.1,2.1,0.0
2025-02-05 14:45:00+00:00,2.1,2.21,2.1,2.21,130.0
2025-02-05 15:00:00+00:00,2.21,2.21,2.21,2.21,0.0
2025-02-05 15:15:00+00:00,2.21,2.21,2.21,2.21,0.0
2025-02-05 15:30:00+00:00,2.21,2.21,2.21,2.21,0.0
2025-02-05 15:45:00+00:00,2.21,2.21,2.135,2.135,300.0
2025-02-05 16:00:00+00:00,2.135,2.135,2.135,2.135,100.0
2025-02-05 16:15:00+00:00,2.135,2.135,2.1,2.1,100.0
2025-02-05 16:30:00+00:00,2.1,2.1,2.1,2.1,0.0
2025-02-05 16:45:00+00:00,2.1,2.1,2.1,2.1,0.0
2025-02-05 17:00:00+00:00,2.1,2.1,2.1,2.1,0.0
2025-02-05 17:15:00+00:00,2.1,2.135,2.1,2.135,400.0
2025-02-05 17:30:00+00:00,2.135,2.135,2.135,2.135,0.0
2025-02-05 17:45:00+00:00,2.135,2.135,2.135,2.135,0.0
2025-02-05 18:00:00+00:00,2.135,2.135,2.135,2.135,0.0
2025-02-05 18:15:00+00:00,2.135,2.135,2.135,2.135,0.0
2025-02-05 18:30:00+00:00,2.135,2.135,2.135,2.135,0.0
2025-02-05 18:45:00+00:00,2.135,2.135,2.135,2.135,0.0
2025-02-05 19:00:00+00:00,2.135,2.135,2.135,2.135,0.0
2025-02-05 19:15:00+00:00,2.135,2.135,2.09,2.09,100.0
2025-02-05 19:30:00+00:00,2.09,2.09,2.09,2.09,0.0
2025-02-05 19:45:00+00:00,2.09,2.09,2.09,2.09,0.0
2025-02-05 20:00:00+00:00,2.09,2.09,2.09,2.09,0.0
2025-02-05 20:15:00+00:00,2.09,2.09,2.09,2.09,0.0
2025-02-05 20:30:00+00:00,2.09,2.09,2.09,2.09,0.0
2025-02-05 20:45:00+00:00,2.09,2.36,2.09,2.36,100.0
2025-02-06 14:30:00+00:00,2.36,2.36,2.34,2.34,100.0
2025-02-06 14:45:00+00:00,2.27,2.27,2.27,2.27,75.0
2025-02-06 15:00:00+00:00,2.27,2.27,2.24,2.24,1.0
2025-02-06 15:15:00+00:00,2.24,2.24,2.24,2.24,0.0
2025-02-06 15:30:00+00:00,2.24,2.24,2.24,2.24,0.0
2025-02-06 15:45:00+00:00,2.24,2.24,2.24,2.24,0.0
2025-02-06 16:00:00+00:00,2.24,2.24,2.24,2.24,0.0
2025-02-06 16:15:00+00:00,2.24,2.24,2.15,2.15,91.0
2025-02-06 16:30:00+00:00,2.15,2.15,2.15,2.15,0.0
2025-02-06 16:45:00+00:00,2.15,2.15,2.15,2.15,0.0
2025-02-06 17:00:00+00:00,2.15,2.15,2.15,2.15,0.0
2025-02-06 17:15:00+00:00,2.15,2.15,2.15,2.15,0.0
2025-02-06 17:30:00+00:00,2.15,2.15,2.15,2.15,0.0
2025-02-06 17:45:00+00:00,2.15,2.15,2.15,2.15,0.0
2025-02-06 18:00:00+00:00,2.15,2.15,2.15,2.15,293.0
2025-02-06 18:15:00+00:00,2.15,2.15,2.15,2.15,0.0
2025-02-06 18:30:00+00:00,2.15,2.15,2.15,2.15,0.0
2025-02-06 18:45:00+00:00,2.15,2.17,2.15,2.17,4.0
2025-02-06 19:00:00+00:00,2.17,2.18,2.155,2.18,115.0
2025-02-06 19:15:00+00:00,2.18,2.18,2.18,2.18,0.0
2025-02-06 19:30:00+00:00,2.18,2.18,2.18,2.18,0.0
2025-02-06 19:45:00+00:00,2.18,2.18,2.18,2.18,0.0
2025-02-06 20:00:00+00:00,2.18,2.18,2.18,2.18,0.0
2025-02-06 20:15:00+00:00,2.18,2.18,2.18,2.18,0.0
2025-02-06 20:30:00+00:00,2.18,2.18,2.18,2.18,0.0
2025-02-06 20:45:00+00:00,2.18,2.22,2.18,2.22,175.0
2025-02-07 14:30:00+00:00,2.22,2.22,2.22,2.22,0.0
2025-02-07 14:45:00+00:00,2.22,2.22,2.11,2.11,100.0
2025-02-07 15:00:00+00:00,2.11,2.11,2.11,2.11,0.0
2025-02-07 15:15:00+00:00,2.11,2.11,2.11,2.11,0.0
2025-02-07 15:30:00+00:00,2.11,2.15,2.11,2.15,100.0
2025-02-07 15:45:00+00:00,2.15,2.15,2.15,2.15,0.0
2025-02-07 16:00:00+00:00,2.15,2.15,2.15,2.15,0.0
2025-02-07 16:15:00+00:00,2.15,2.15,2.15,2.15,0.0
2025-02-07 16:30:00+00:00,2.15,2.15,2.07,2.07,1.0
2025-02-07 16:45:00+00:00,2.07,2.08,2.07,2.08,3.0
2025-02-07 17:00:00+00:00,2.08,2.09,2.06,2.09,104.0
2025-02-07 17:15:00+00:00,2.09,2.09,2.09,2.09,0.0
2025-02-07 17:30:00+00:00,2.09,2.09,2.09,2.09,0.0
2025-02-07 17:45:00+00:00,2.09,2.09,2.06,2.06,4.0
2025-02-07 18:00:00+00:00,2.06,2.11,2.06,2.06,102.0
2025-02-07 18:15:00+00:00,2.06,2.075,2.06,2.06,2.0
2025-02-07 18:30:00+00:00,2.06,2.06,2.06,2.06,100.0
2025-02-07 18:45:00+00:00,2.06,2.09,2.06,2.09,3.0
2025-02-07 19:00:00+00:00,2.09,2.09,2.09,2.09,0.0
2025-02-07 19:15:00+00:00,2.09,2.09,2.09,2.09,0.0
2025-02-07 19:30:00+00:00,2.09,2.09,2.09,2.09,0.0
2025-02-07 19:45:00+00:00,2.09,2.09,2.09,2.09,2.0
2025-02-07 20:00:00+00:00,2.09,2.09,2.07,2.07,55.0
2025-02-07 20:15:00+00:00,2.07,2.07,2.07,2.07,0.0
2025-02-07 20:30:00+00:00,2.07,2.12,2.07,2.12,102.0
2025-02-07 20:45:00+00:00,2.12,2.12,2.12,2.12,1.0
2025-02-10 14:30:00+00:00,2.12,2.12,2.12,2.12,0.0
2025-02-10 14:45:00+00:00,2.12,2.12,2.12,2.12,0.0
2025-02-10 15:00:00+00:00,2.12,2.12,2.075,2.075,0.0
2025-02-10 15:15:00+00:00,2.075,2.085,2.07,2.085,0.0
2025-02-10 15:30:00+00:00,2.085,2.085,2.085,2.085,0.0
2025-02-10 15:45:00+00:00,2.085,2.085,2.08,2.08,100.0
2025-02-10 16:00:00+00:00,2.08,2.08,2.08,2.08,0.0
2025-02-10 16:15:00+00:00,2.08,2.08,2.08,2.08,0.0
2025-02-10 16:30:00+00:00,2.08,2.08,2.08,2.08,0.0
2025-02-10 16:45:00+00:00,2.08,2.08,2.08,2.08,0.0
2025-02-10 17:00:00+00:00,2.08,2.08,2.08,2.08,0.0
2025-02-10 17:15:00+00:00,2.08,2.08,2.075,2.075,0.0
2025-02-10 17:30:00+00:00,2.075,2.075,2.07,2.07,100.0
2025-02-10 17:45:00+00:00,2.07,2.07,2.07,2.07,0.0
2025-02-10 18:00:00+00:00,2.07,2.07,2.07,2.07,0.0
2025-02-10 18:15:00+00:00,2.07,2.07,2.07,2.07,0.0
2025-02-10 18:30:00+00:00,2.085,2.1,2.085,2.09,815.0
2025-02-10 18:45:00+00:00,2.09,2.09,2.09,2.09,2.0
2025-02-10 19:00:00+00:00,2.09,2.09,2.09,2.09,100.0
2025-02-10 19:15:00+00:00,2.09,2.09,2.09,2.09,0.0
2025-02-10 19:30:00+00:00,2.09,2.09,2.09,2.09,0.0
2025-02-10 19:45:00+00:00,2.09,2.09,2.09,2.09,310.0
2025-02-10 20:00:00+00:00,2.09,2.1,2.09,2.09,100.0
2025-02-10 20:15:00+00:00,2.09,2.095,2.09,2.095,0.0
2025-02-10 20:30:00+00:00,2.095,2.095,2.095,2.095,0.0
2025-02-10 20:45:00+00:00,2.095,2.12,2.09,2.12,4.0
2025-02-11 14:30:00+00:00,2.12,2.12,2.12,2.12,0.0
2025-02-11 14:45:00+00:00,2.12,2.12,2.12,2.12,0.0
2025-02-11 15:00:00+00:00,2.12,2.12,2.12,2.12,0.0
2025-02-11 15:15:00+00:00,2.12,2.12,2.1,2.1,100.0
2025-02-11 15:30:00+00:00,2.1,2.1,2.1,2.1,0.0
2025-02-11 15:45:00+00:00,2.1,2.1,2.1,2.1,0.0
2025-02-11 16:00:00+00:00,2.1,2.1,2.1,2.1,0.0
2025-02-11 16:15:00+00:00,2.1,2.1,2.08,2.08,100.0
2025-02-11 16:30:00+00:00,2.08,2.08,2.08,2.08,0.0
2025-02-11 16:45:00+00:00,2.08,2.08,2.08,2.08,0.0
2025-02-11 17:00:00+00:00,2.08,2.08,2.08,2.08,0.0
2025-02-11 17:15:00+00:00,2.08,2.08,2.08,2.08,0.0
2025-02-11 17:30:00+00:00,2.08,2.08,2.08,2.08,0.0
2025-02-11 17:45:00+00:00,2.08,2.08,2.08,2.08,0.0
2025-02-11 18:00:00+00:00,2.08,2.08,2.08,2.08,0.0
2025-02-11 18:15:00+00:00,2.08,2.08,2.065,2.065,0.0
2025-02-11 18:30:00+00:00,2.065,2.065,2.065,2.065,0.0
2025-02-11 18:45:00+00:00,2.065,2.065,2.065,2.065,0.0
2025-02-11 19:00:00+00:00,2.065,2.065,2.06,2.06,100.0
2025-02-11 19:15:00+00:00,2.06,2.06,2.06,2.06,200.0
2025-02-11 19:30:00+00:00,2.06,2.06,2.06,2.06,0.0
2025-02-11 19:45:00+00:00,2.06,2.06,2.06,2.06,0.0
2025-02-11 20:00:00+00:00,2.06,2.06,2.06,2.06,0.0
2025-02-11 20:15:00+00:00,2.06,2.1,2.06,2.1,63.0
2025-02-11 20:30:00+00:00,2.1,2.1,2.1,2.1,0.0
2025-02-11 20:45:00+00:00,2.1,2.1,2.1,2.1,0.0
2025-02-12 14:30:00+00:00,2.1,2.1,2.1,2.1,0.0
2025-02-12 14:45:00+00:00,2.1,2.1,2.1,2.1,0.0
2025-02-12 15:00:00+00:00,2.1,2.1,2.1,2.1,0.0
2025-02-12 15:15:00+00:00,2.1,2.1,2.1,2.1,0.0
2025-02-12 15:30:00+00:00,2.1,2.1,2.1,2.1,0.0
2025-02-12 15:45:00+00:00,2.1,2.1,2.1,2.1,0.0
2025-02-12 16:00:00+00:00,2.1,2.1,2.055,2.055,0.0
2025-02-12 16:15:00+00:00,2.055,2.065,2.055,2.06,0.0
2025-02-12 16:30:00+00:00,2.06,2.07,2.06,2.07,100.0
2025-02-12 16:45:00+00:00,2.07,2.07,2.07,2.07,0.0
2025-02-12 17:00:00+00:00,2.07,2.07,2.07,2.07,0.0
2025-02-12 17:15:00+00:00,2.07,2.07,2.07,2.07,0.0
2025-02-12 17:30:00+00:00,2.07,2.07,2.07,2.07,0.0
2025-02-12 17:45:00+00:00,2.07,2.07,2.07,2.07,0.0
2025-02-12 18:00:00+00:00,2.07,2.13,2.07,2.13,54.0
2025-02-12 18:15:00+00:00,2.13,2.13,2.13,2.13,0.0
2025-02-12 18:30:00+00:00,2.13,2.13,2.13,2.13,54.0
2025-02-12 18:45:00+00:00,2.13,2.13,2.13,2.13,0.0
2025-02-12 19:00:00+00:00,2.13,2.14,2.12,2.14,158.0
2025-02-12 19:15:00+00:00,2.14,2.14,2.14,2.14,0.0
2025-02-12 19:30:00+00:00,2.14,2.14,2.14,2.14,0.0
2025-02-12 19:45:00+00:00,2.14,2.14,2.14,2.14,0.0
2025-02-12 20:00:00+00:00,2.14,2.14,2.14,2.14,0.0
2025-02-12 20:15:00+00:00,2.14,2.14,2.14,2.14,0.0
2025-02-12 20:30:00+00:00,2.14,2.14,2.14,2.14,0.0
2025-02-12 20:45:00+00:00,2.14,2.17,2.14,2.15,208.0
2025-02-13 14:30:00+00:00,2.15,2.15,2.15,2.15,0.0
2025-02-13 14:45:00+00:00,2.15,2.15,2.15,2.15,0.0
2025-02-13 15:00:00+00:00,2.15,2.15,2.15,2.15,0.0
2025-02-13 15:15:00+00:00,2.15,2.15,2.15,2.15,0.0
2025-02-13 15:30:00+00:00,2.15,2.15,2.15,2.15,0.0
2025-02-13 15:45:00+00:00,2.15,2.15,2.15,2.15,0.0
2025-02-13 16:00:00+00:00,2.15,2.15,2.15,2.15,0.0
2025-02-13 16:15:00+00:00,2.15,2.15,2.15,2.15,0.0
2025-02-13 16:30:00+00:00,2.15,2.15,2.15,2.15,0.0
2025-02-13 16:45:00+00:00,2.15,2.15,2.15,2.15,0.0
2025-02-13 17:00:00+00:00,2.15,2.15,2.15,2.15,0.0
2025-02-13 17:15:00+00:00,2.15,2.15,2.15,2.15,0.0
2025-02-13 17:30:00+00:00,2.15,2.15,2.15,2.15,0.0
2025-02-13 17:45:00+00:00,2.15,2.15,2.15,2.15,0.0
2025-02-13 18:00:00+00:00,2.15,2.15,2.105,2.105,400.0
2025-02-13 18:15:00+00:00,2.105,2.13,2.105,2.13,100.0
2025-02-13 18:30:00+00:00,2.13,2.13,2.13,2.13,0.0
2025-02-13 18:45:00+00:00,2.13,2.13,2.13,2.13,0.0
2025-02-13 19:00:00+00:00,2.13,2.13,2.13,2.13,0.0
2025-02-13 19:15:00+00:00,2.13,2.13,2.13,2.13,0.0
2025-02-13 19:30:00+00:00,2.13,2.13,2.13,2.13,0.0
2025-02-13 19:45:00+00:00,2.13,2.13,2.13,2.13,0.0
2025-02-13 20:00:00+00:00,2.13,2.14,2.13,2.14,100.0
2025-02-13 20:15:00+00:00,2.14,2.14,2.14,2.14,0.0
2025-02-13 20:30:00+00:00,2.14,2.14,2.14,2.14,0.0
2025-02-13 20:45:00+00:00,2.14,2.14,2.11,2.11,4.0
2025-02-14 14:30:00+00:00,2.11,2.11,2.11,2.11,0.0
2025-02-14 14:45:00+00:00,2.11,2.11,2.11,2.11,0.0
2025-02-14 15:00:00+00:00,2.11,2.24,2.11,2.24,700.0
2025-02-14 15:15:00+00:00,2.24,2.24,2.24,2.24,0.0
2025-02-14 15:30:00+00:00,2.24,2.24,2.24,2.24,0.0
2025-02-14 15:45:00+00:00,2.24,2.24,2.195,2.195,1.0
2025-02-14 16:00:00+00:00,2.195,2.195,2.195,2.195,2.0
2025-02-14 16:15:00+00:00,2.195,2.195,2.195,2.195,1.0
2025-02-14 16:30:00+00:00,2.195,2.195,2.1,2.1,100.0
2025-02-14 16:45:00+00:00,2.1,2.1,2.1,2.1,0.0
2025-02-14 17:00:00+00:00,2.1,2.1,2.1,2.1,0.0
2025-02-14 17:15:00+00:00,2.1,2.1,2.1,2.1,0.0
2025-02-14 17:30:00+00:00,2.1,2.18,2.1,2.18,100.0
2025-02-14 17:45:00+00:00,2.18,2.18,2.18,2.18,0.0
2025-02-14 18:00:00+00:00,2.18,2.18,2.18,2.18,0.0
2025-02-14 18:15:00+00:00,2.18,2.18,2.16,2.16,1.0
2025-02-14 18:30:00+00:00,2.16,2.16,2.16,2.16,0.0
2025-02-14 18:45:00+00:00,2.16,2.16,2.16,2.16,0.0
2025-02-14 19:00:00+00:00,2.16,2.16,2.16,2.16,0.0
2025-02-14 19:15:00+00:00,2.16,2.16,2.16,2.16,0.0
2025-02-14 19:30:00+00:00,2.16,2.16,2.16,2.16,0.0
2025-02-14 19:45:00+00:00,2.16,2.16,2.16,2.16,0.0
2025-02-14 20:00:00+00:00,2.16,2.16,2.16,2.16,0.0
2025-02-14 20:15:00+00:00,2.16,2.16,2.16,2.16,0.0
2025-02-14 20:30:00+00:00,2.16,2.16,2.16,2.16,0.0
2025-02-14 20:45:00+00:00,2.16,2.23,2.16,2.2,78.0
2025-02-17 14:30:00+00:00,2.2,2.2,2.2,2.2,0.0
2025-02-17 14:45:00+00:00,2.2,2.2,2.2,2.2,0.0
2025-02-17 15:00:00+00:00,2.2,2.2,2.2,2.2,0.0
2025-02-17 15:15:00+00:00,2.2,2.2,2.2,2.2,0.0
2025-02-17 15:30:00+00:00,2.2,2.2,2.2,2.2,0.0
2025-02-17 15:45:00+00:00,2.2,2.2,2.2,2.2,0.0
2025-02-17 16:00:00+00:00,2.2,2.2,2.2,2.2,0.0
2025-02-17 16:15:00+00:00,2.2,2.2,2.2,2.2,0.0
2025-02-17 16:30:00+00:00,2.2,2.2,2.2,2.2,0.0
2025-02-17 16:45:00+00:00,2.2,2.2,2.2,2.2,0.0
2025-02-17 17:00:00+00:00,2.2,2.2,2.2,2.2,0.0
2025-02-17 17:15:00+00:00,2.2,2.2,2.2,2.2,0.0
2025-02-17 17:30:00+00:00,2.2,2.2,2.2,2.2,0.0
2025-02-17 17:45:00+00:00,2.2,2.2,2.2,2.2,0.0
2025-02-17 18:00:00+00:00,2.2,2.2,2.2,2.2,0.0
2025-02-17 18:15:00+00:00,2.2,2.2,2.2,2.2,0.0
2025-02-17 18:30:00+00:00,2.2,2.2,2.2,2.2,0.0
2025-02-17 18:45:00+00:00,2.2,2.2,2.2,2.2,0.0
2025-02-17 19:00:00+00:00,2.2,2.2,2.2,2.2,0.0
2025-02-17 19:15:00+00:00,2.2,2.2,2.2,2.2,0.0
2025-02-17 19:30:00+00:00,2.2,2.2,2.2,2.2,0.0
2025-02-17 19:45:00+00:00,2.2,2.2,2.2,2.2,0.0
2025-02-17 20:00:00+00:00,2.2,2.2,2.2,2.2,0.0
2025-02-17 20:15:00+00:00,2.2,2.2,2.2,2.2,0.0
2025-02-17 20:30:00+00:00,2.2,2.2,2.2,2.2,0.0
2025-02-17 20:45:00+00:00,2.2,2.2,2.2,2.2,0.0
2025-02-18 14:30:00+00:00,2.2,2.2,2.2,2.2,0.0
2025-02-18 14:45:00+00:00,2.32,2.32,2.32,2.32,200.0
2025-02-18 15:00:00+00:00,2.32,2.32,2.32,2.32,0.0
2025-02-18 15:15:00+00:00,2.32,2.32,2.1,2.1,300.0
2025-02-18 15:30:00+00:00,2.1,2.1,2.1,2.1,0.0
2025-02-18 15:45:00+00:00,2.1,2.1,2.1,2.1,0.0
2025-02-18 16:00:00+00:00,2.1,2.1,2.1,2.1,0.0
2025-02-18 16:15:00+00:00,2.1,2.1,2.1,2.1,0.0
2025-02-18 16:30:00+00:00,2.1,2.1,2.1,2.1,0.0
2025-02-18 16:45:00+00:00,2.1,2.1,2.1,2.1,0.0
2025-02-18 17:00:00+00:00,2.1,2.1,2.1,2.1,0.0
2025-02-18 17:15:00+00:00,2.1,2.1,2.1,2.1,0.0
2025-02-18 17:30:00+00:00,2.1,2.1,2.1,2.1,0.0
2025-02-18 17:45:00+00:00,2.1,2.1,2.1,2.1,0.0
2025-02-18 18:00:00+00:00,2.1,2.1,2.1,2.1,0.0
2025-02-18 18:15:00+00:00,2.1,2.1,2.1,2.1,0.0
2025-02-18 18:30:00+00:00,2.1,2.1,2.1,2.1,0.0
2025-02-18 18:45:00+00:00,2.1,2.1,2.1,2.1,0.0
2025-02-18 19:00:00+00:00,2.1,2.1,2.1,2.1,0.0
2025-02-18 19:15:00+00:00,2.1,2.1,2.1,2.1,0.0
2025-02-18 19:30:00+00:00,2.1,2.1,2.1,2.1,0.0
2025-02-18 19:45:00+00:00,2.1,2.1,2.1,2.1,0.0
2025-02-18 20:00:00+00:00,2.1,2.1,2.08,2.08,100.0
2025-02-18 20:15:00+00:00,2.08,2.08,2.08,2.08,0.0
2025-02-18 20:30:00+00:00,2.08,2.08,2.08,2.08,0.0
2025-02-18 20:45:00+00:00,2.08,2.08,2.08,2.08,0.0
2025-02-19 14:30:00+00:00,2.08,2.08,2.035,2.035,0.0
2025-02-19 14:45:00+00:00,2.035,2.035,2.035,2.035,0.0
2025-02-19 15:00:00+00:00,2.035,2.035,2.035,2.035,0.0
2025-02-19 15:15:00+00:00,2.035,2.035,2.035,2.035,0.0
2025-02-19 15:30:00+00:00,2.035,2.035,2.035,2.035,0.0
2025-02-19 15:45:00+00:00,2.035,2.035,2.035,2.035,0.0
2025-02-19 16:00:00+00:00,2.035,2.035,2.035,2.035,0.0
2025-02-19 16:15:00+00:00,2.035,2.035,2.035,2.035,0.0
2025-02-19 16:30:00+00:00,2.035,2.06,2.035,2.06,3.0
2025-02-19 16:45:00+00:00,2.06,2.06,2.06,2.06,1.0
2025-02-19 17:00:00+00:00,2.06,2.06,2.06,2.06,0.0
2025-02-19 17:15:00+00:00,2.06,2.06,2.06,2.06,0.0
2025-02-19 17:30:00+00:00,2.06,2.08,2.06,2.06,41.0
2025-02-19 17:45:00+00:00,2.06,2.06,2.03,2.03,300.0
2025-02-19 18:00:00+00:00,2.03,2.03,2.03,2.03,0.0
2025-02-19 18:15:00+00:00,2.03,2.03,2.03,2.03,0.0
2025-02-19 18:30:00+00:00,2.03,2.03,2.03,2.03,0.0
2025-02-19 18:45:00+00:00,2.03,2.03,2.03,2.03,0.0
2025-02-19 19:00:00+00:00,2.03,2.03,2.03,2.03,0.0
2025-02-19 19:15:00+00:00,2.03,2.03,2.03,2.03,0.0
2025-02-19 19:30:00+00:00,2.03,2.03,2.03,2.03,0.0
2025-02-19 19:45:00+00:00,2.03,2.03,2.03,2.03,0.0
2025-02-19 20:00:00+00:00,2.03,2.03,1.965,1.965,0.0
2025-02-19 20:15:00+00:00,1.965,1.975,1.96,1.975,3.0
2025-02-19 20:30:00+00:00,1.975,1.975,1.965,1.965,0.0
2025-02-19 20:45:00+00:00,1.965,2.0,1.965,1.985,75.0
2025-02-20 14:30:00+00:00,1.985,1.985,1.985,1.985,0.0
2025-02-20 14:45:00+00:00,1.985,1.985,1.985,1.985,0.0
2025-02-20 15:00:00+00:00,1.985,1.985,1.81,1.82,200.0
2025-02-20 15:15:00+00:00,1.82,1.82,1.82,1.82,0.0
2025-02-20 15:30:00+00:00,1.82,1.82,1.82,1.82,0.0
2025-02-20 15:45:00+00:00,1.82,1.82,1.82,1.82,0.0
2025-02-20 16:00:00+00:00,1.82,1.82,1.82,1.82,0.0
2025-02-20 16:15:00+00:00,1.82,1.82,1.82,1.82,0.0
2025-02-20 16:30:00+00:00,1.82,1.82,1.82,1.82,0.0
2025-02-20 16:45:00+00:00,1.82,1.82,1.82,1.82,0.0
2025-02-20 17:00:00+00:00,1.82,1.82,1.82,1.82,0.0
2025-02-20 17:15:00+00:00,1.82,1.82,1.82,1.82,0.0
2025-02-20 17:30:00+00:00,1.82,1.82,1.82,1.82,0.0
2025-02-20 17:45:00+00:00,1.82,1.87,1.82,1.87,0.0
2025-02-20 18:00:00+00:00,1.87,1.87,1.87,1.87,0.0
2025-02-20 18:15:00+00:00,1.87,1.87,1.86,1.86,0.0
2025-02-20 18:30:00+00:00,1.86,1.86,1.86,1.86,0.0
2025-02-20 18:45:00+00:00,1.86,1.86,1.85,1.86,100.0
2025-02-20 19:00:00+00:00,1.86,1.86,1.86,1.86,0.0
2025-02-20 19:15:00+00:00,1.86,1.86,1.86,1.86,0.0
2025-02-20 19:30:00+00:00,1.86,1.86,1.86,1.86,0.0
2025-02-20 19:45:00+00:00,1.86,1.86,1.86,1.86,0.0
2025-02-20 20:00:00+00:00,1.86,1.86,1.86,1.86,0.0
2025-02-20 20:15:00+00:00,1.86,1.86,1.86,1.86,0.0
2025-02-20 20:30:00+00:00,1.86,1.885,1.86,1.885,3.0
2025-02-20 20:45:00+00:00,1.885,1.885,1.86,1.86,101.0
2025-02-21 14:30:00+00:00,1.86,1.86,1.86,1.86,0.0
2025-02-21 14:45:00+00:00,1.86,1.86,1.86,1.86,0.0
2025-02-21 15:00:00+00:00,1.86,1.97,1.86,1.97,300.0
2025-02-21 15:15:00+00:00,1.97,1.97,1.97,1.97,0.0
2025-02-21 15:30:00+00:00,1.97,1.97,1.97,1.97,0.0
2025-02-21 15:45:00+00:00,1.97,1.97,1.97,1.97,0.0
2025-02-21 16:00:00+00:00,1.97,1.97,1.97,1.97,0.0
2025-02-21 16:15:00+00:00,1.97,1.97,1.97,1.97,0.0
2025-02-21 16:30:00+00:00,1.97,1.97,1.89,1.92,101.0
2025-02-21 16:45:00+00:00,1.92,1.92,1.92,1.92,0.0
2025-02-21 17:00:00+00:00,1.92,1.92,1.92,1.92,0.0
2025-02-21 17:15:00+00:00,1.92,1.92,1.92,1.92,0.0
2025-02-21 17:30:00+00:00,1.92,1.92,1.92,1.92,0.0
2025-02-21 17:45:00+00:00,1.92,1.92,1.92,1.92,0.0
2025-02-21 18:00:00+00:00,1.92,1.92,1.92,1.92,0.0
2025-02-21 18:15:00+00:00,1.92,1.92,1.92,1.92,0.0
2025-02-21 18:30:00+00:00,1.92,1.92,1.92,1.92,0.0
2025-02-21 18:45:00+00:00,1.92,1.92,1.92,1.92,0.0
2025-02-21 19:00:00+00:00,1.92,1.92,1.92,1.92,0.0
2025-02-21 19:15:00+00:00,1.92,1.92,1.92,1.92,0.0
2025-02-21 19:30:00+00:00,1.92,1.92,1.84,1.86,94.0
2025-02-21 19:45:00+00:00,1.86,1.86,1.855,1.855,0.0
2025-02-21 20:00:00+00:00,1.855,1.855,1.855,1.855,0.0
2025-02-21 20:15:00+00:00,1.855,1.855,1.855,1.855,0.0
2025-02-21 20:30:00+00:00,1.855,1.855,1.855,1.855,0.0
2025-02-21 20:45:00+00:00,1.855,1.96,1.855,1.96,200.0
2025-02-24 14:30:00+00:00,1.96,1.96,1.96,1.96,0.0
2025-02-24 14:45:00+00:00,1.96,1.96,1.85,1.85,100.0
2025-02-24 15:00:00+00:00,1.85,1.85,1.85,1.85,0.0
2025-02-24 15:15:00+00:00,1.85,1.85,1.85,1.85,0.0
2025-02-24 15:30:00+00:00,1.85,1.85,1.85,1.85,0.0
2025-02-24 15:45:00+00:00,1.85,1.85,1.85,1.85,0.0
2025-02-24 16:00:00+00:00,1.85,1.85,1.85,1.85,0.0
2025-02-24 16:15:00+00:00,1.85,1.85,1.85,1.85,0.0
2025-02-24 16:30:00+00:00,1.85,1.85,1.7,1.7,125.0
2025-02-24 16:45:00+00:00,1.7,1.74,1.7,1.74,175.0
2025-02-24 17:00:00+00:00,1.74,1.74,1.74,1.74,0.0
2025-02-24 17:15:00+00:00,1.74,1.74,1.74,1.74,0.0
2025-02-24 17:30:00+00:00,1.74,1.74,1.7,1.7,61.0
2025-02-24 17:45:00+00:00,1.7,1.7,1.7,1.7,0.0
2025-02-24 18:00:00+00:00,1.7,1.7,1.7,1.7,0.0
2025-02-24 18:15:00+00:00,1.7,1.72,1.7,1.72,100.0
2025-02-24 18:30:00+00:00,1.72,1.72,1.72,1.72,0.0
2025-02-24 18:45:00+00:00,1.72,1.72,1.72,1.72,0.0
2025-02-24 19:00:00+00:00,1.72,1.72,1.72,1.72,0.0
2025-02-24 19:15:00+00:00,1.72,1.8,1.72,1.8,100.0
2025-02-24 19:30:00+00:00,1.8,1.8,1.8,1.8,0.0
2025-02-24 19:45:00+00:00,1.8,1.8,1.8,1.8,0.0
2025-02-24 20:00:00+00:00,1.8,1.8,1.73,1.73,100.0
2025-02-24 20:15:00+00:00,1.73,1.73,1.73,1.73,0.0
2025-02-24 20:30:00+00:00,1.73,1.73,1.73,1.73,0.0
2025-02-24 20:45:00+00:00,1.73,1.73,1.73,1.73,0.0
2025-02-25 14:30:00+00:00,1.73,1.73,1.73,1.73,0.0
2025-02-25 14:45:00+00:00,1.73,1.73,1.73,1.73,0.0
2025-02-25 15:00:00+00:00,1.73,1.73,1.73,1.73,0.0
2025-02-25 15:15:00+00:00,1.73,1.73,1.73,1.73,0.0
2025-02-25 15:30:00+00:00,1.73,1.73,1.73,1.73,0.0
2025-02-25 15:45:00+00:00,1.73,1.73,1.73,1.73,0.0
2025-02-25 16:00:00+00:00,1.73,1.73,1.73,1.73,0.0
2025-02-25 16:15:00+00:00,1.73,1.73,1.73,1.73,0.0
2025-02-25 16:30:00+00:00,1.73,1.73,1.73,1.73,0.0
2025-02-25 16:45:00+00:00,1.73,1.73,1.73,1.73,0.0
2025-02-25 17:00:00+00:00,1.73,1.73,1.73,1.73,0.0
2025-02-25 17:15:00+00:00,1.73,1.73,1.73,1.73,0.0
2025-02-25 17:30:00+00:00,1.73,1.73,1.73,1.73,0.0
2025-02-25 17:45:00+00:00,1.73,1.73,1.73,1.73,0.0
2025-02-25 18:00:00+00:00,1.73,1.77,1.73,1.77,9.0
2025-02-25 18:15:00+00:00,1.77,1.77,1.77,1.77,0.0
2025-02-25 18:30:00+00:00,1.77,1.77,1.77,1.77,0.0
2025-02-25 18:45:00+00:00,1.77,1.77,1.77,1.77,0.0
2025-02-25 19:00:00+00:00,1.77,1.77,1.77,1.77,0.0
2025-02-25 19:15:00+00:00,1.77,1.77,1.77,1.77,0.0
2025-02-25 19:30:00+00:00,1.77,1.77,1.77,1.77,0.0
2025-02-25 19:45:00+00:00,1.77,1.77,1.77,1.77,0.0
2025-02-25 20:00:00+00:00,1.77,1.77,1.76,1.76,1.0
2025-02-25 20:15:00+00:00,1.76,1.76,1.76,1.76,0.0
2025-02-25 20:30:00+00:00,1.76,1.76,1.76,1.76,0.0
2025-02-25 20:45:00+00:00,1.76,1.76,1.76,1.76,0.0
2025-02-26 14:30:00+00:00,1.76,1.76,1.76,1.76,0.0
2025-02-26 14:45:00+00:00,1.76,1.76,1.76,1.76,0.0
2025-02-26 15:00:00+00:00,1.76,1.76,1.76,1.76,0.0
2025-02-26 15:15:00+00:00,1.76,1.76,1.76,1.76,0.0
2025-02-26 15:30:00+00:00,1.76,1.76,1.76,1.76,0.0
2025-02-26 15:45:00+00:00,1.76,1.76,1.76,1.76,0.0
2025-02-26 16:00:00+00:00,1.76,1.76,1.76,1.76,0.0
2025-02-26 16:15:00+00:00,1.76,1.76,1.76,1.76,0.0
2025-02-26 16:30:00+00:00,1.76,1.76,1.76,1.76,0.0
2025-02-26 16:45:00+00:00,1.76,1.76,1.76,1.76,0.0
2025-02-26 17:00:00+00:00,1.76,1.76,1.76,1.76,0.0
2025-02-26 17:15:00+00:00,1.76,1.85,1.76,1.85,2.0
2025-02-26 17:30:00+00:00,1.85,1.85,1.85,1.85,0.0
2025-02-26 17:45:00+00:00,1.85,1.85,1.85,1.85,0.0
2025-02-26 18:00:00+00:00,1.85,1.85,1.85,1.85,0.0
2025-02-26 18:15:00+00:00,1.85,1.85,1.85,1.85,0.0
2025-02-26 18:30:00+00:00,1.85,1.85,1.85,1.85,0.0
2025-02-26 18:45:00+00:00,1.85,1.85,1.85,1.85,0.0
2025-02-26 19:00:00+00:00,1.85,1.85,1.85,1.85,0.0
2025-02-26 19:15:00+00:00,1.85,1.85,1.85,1.85,0.0
2025-02-26 19:30:00+00:00,1.85,1.85,1.85,1.85,0.0
2025-02-26 19:45:00+00:00,1.85,1.85,1.85,1.85,0.0
2025-02-26 20:00:00+00:00,1.85,1.85,1.85,1.85,0.0
2025-02-26 20:15:00+00:00,1.85,1.85,1.84,1.84,1.0
2025-02-26 20:30:00+00:00,1.84,1.84,1.84,1.84,0.0
2025-02-26 20:45:00+00:00,1.84,1.84,1.84,1.84,0.0
2025-02-27 14:30:00+00:00,1.84,1.95,1.84,1.95,200.0
2025-02-27 14:45:00+00:00,1.95,1.95,1.95,1.95,0.0
2025-02-27 15:00:00+00:00,1.95,1.95,1.95,1.95,0.0
2025-02-27 15:15:00+00:00,1.95,1.95,1.95,1.95,0.0
2025-02-27 15:30:00+00:00,1.95,1.95,1.95,1.95,0.0
2025-02-27 15:45:00+00:00,1.95,1.95,1.95,1.95,0.0
2025-02-27 16:00:00+00:00,1.95,3.75,1.95,3.75,11542.0
2025-02-27 16:15:00+00:00,3.67,3.83,2.6,3.14,22442.0
2025-02-27 16:30:00+00:00,3.015,3.71,2.61,3.53,20657.0
2025-02-27 16:45:00+00:00,3.51,3.99,3.21,3.88,19140.0
2025-02-27 17:00:00+00:00,3.86,4.48,3.475,4.35,30117.0
2025-02-27 17:15:00+00:00,4.47,5.75,4.44,5.06,51242.0
2025-02-27 17:30:00+00:00,5.2,5.675,3.95,4.13,53329.0
2025-02-27 17:45:00+00:00,4.25,4.56,3.97,4.3,8258.0
2025-02-27 18:00:00+00:00,4.28,4.28,3.65,3.71,12379.0
2025-02-27 18:15:00+00:00,3.685,3.81,3.515,3.79,12241.0
2025-02-27 18:30:00+00:00,3.79,4.26,3.785,4.16,7856.0
2025-02-27 18:45:00+00:00,4.15,4.635,4.05,4.1,26842.0
2025-02-27 19:00:00+00:00,4.1,4.22,3.945,4.2,13027.0
2025-02-27 19:15:00+00:00,4.11,4.26,4.0,4.18,5268.0
2025-02-27 19:30:00+00:00,4.18,4.18,3.75,3.92,3063.0
2025-02-27 19:45:00+00:00,3.97,3.97,3.53,3.66,3677.0
2025-02-27 20:00:00+00:00,3.66,3.66,3.32,3.32,850.0
2025-02-27 20:15:00+00:00,3.25,3.27,3.12,3.15,3377.0
2025-02-27 20:30:00+00:00,3.15,3.245,2.97,3.21,8926.0
2025-02-27 20:45:00+00:00,3.24,3.46,2.84,2.88,7037.0
2025-02-28 14:30:00+00:00,2.53,2.6,2.43,2.6,255.0
2025-02-28 14:45:00+00:00,2.6,2.6,2.6,2.6,0.0
2025-02-28 15:00:00+00:00,2.6,2.6,2.31,2.31,8.0
2025-02-28 15:15:00+00:00,2.31,2.31,2.285,2.31,300.0
2025-02-28 15:30:00+00:00,2.38,2.38,2.37,2.37,200.0
2025-02-28 15:45:00+00:00,2.37,2.4,2.37,2.4,108.0
2025-02-28 16:00:00+00:00,2.42,2.45,2.42,2.42,480.0
2025-02-28 16:15:00+00:00,2.42,2.42,2.37,2.37,187.0
2025-02-28 16:30:00+00:00,2.37,2.4,2.35,2.4,200.0
2025-02-28 16:45:00+00:00,2.4,2.43,2.35,2.43,203.0
2025-02-28 17:00:00+00:00,2.43,2.45,2.355,2.45,576.0
2025-02-28 17:15:00+00:00,2.45,2.485,2.42,2.42,300.0
2025-02-28 17:30:00+00:00,2.445,2.46,2.43,2.43,125.0
2025-02-28 17:45:00+00:00,2.43,2.43,2.43,2.43,88.0
2025-02-28 18:00:00+00:00,2.43,2.43,2.42,2.42,100.0
2025-02-28 18:15:00+00:00,2.42,2.42,2.42,2.42,0.0
2025-02-28 18:30:00+00:00,2.42,2.42,2.42,2.42,0.0
2025-02-28 18:45:00+00:00,2.42,2.43,2.42,2.43,234.0
2025-02-28 19:00:00+00:00,2.43,2.43,2.43,2.43,100.0
2025-02-28 19:15:00+00:00,2.43,2.43,2.34,2.34,114.0
2025-02-28 19:30:00+00:00,2.35,2.38,2.31,2.31,200.0
2025-02-28 19:45:00+00:00,2.31,2.31,2.31,2.31,0.0
2025-02-28 20:00:00+00:00,2.31,2.31,2.31,2.31,0.0
2025-02-28 20:15:00+00:00,2.31,2.47,2.31,2.47,300.0
2025-02-28 20:30:00+00:00,2.47,2.48,2.47,2.48,38.0
2025-02-28 20:45:00+00:00,2.48,2.55,2.46,2.5,694.0
2025-03-03 14:30:00+00:00,2.5,2.52,2.435,2.52,200.0
2025-03-03 14:45:00+00:00,2.52,2.52,2.29,2.29,350.0
2025-03-03 15:00:00+00:00,2.29,2.29,2.1,2.1,296.0
2025-03-03 15:15:00+00:00,2.1,2.2,2.1,2.2,100.0
2025-03-03 15:30:00+00:00,2.2,2.2,2.2,2.2,0.0
2025-03-03 15:45:00+00:00,2.2,2.22,2.11,2.19,704.0
2025-03-03 16:00:00+00:00,2.19,2.19,2.19,2.19,4.0
2025-03-03 16:15:00+00:00,2.19,2.19,2.19,2.19,0.0
2025-03-03 16:30:00+00:00,2.19,2.21,2.14,2.14,309.0
2025-03-03 16:45:00+00:00,2.14,2.17,2.115,2.12,400.0
2025-03-03 17:00:00+00:00,2.115,2.165,2.115,2.145,0.0
2025-03-03 17:15:00+00:00,2.145,2.17,2.11,2.11,600.0
2025-03-03 17:30:00+00:00,2.11,2.11,2.11,2.11,0.0
2025-03-03 17:45:00+00:00,2.11,2.11,2.095,2.11,305.0
2025-03-03 18:00:00+00:00,2.11,2.135,2.11,2.135,0.0
2025-03-03 18:15:00+00:00,2.135,2.135,2.135,2.135,0.0
2025-03-03 18:30:00+00:00,2.135,2.155,2.135,2.155,0.0
2025-03-03 18:45:00+00:00,2.155,2.155,2.155,2.155,0.0
2025-03-03 19:00:00+00:00,2.155,2.155,2.155,2.155,0.0
2025-03-03 19:15:00+00:00,2.155,2.155,2.155,2.155,0.0
2025-03-03 19:30:00+00:00,2.155,2.155,2.155,2.155,0.0
2025-03-03 19:45:00+00:00,2.155,2.19,2.14,2.14,201.0
2025-03-03 20:00:00+00:00,2.14,2.14,2.14,2.14,0.0
2025-03-03 20:15:00+00:00,2.14,2.2,2.14,2.2,100.0
2025-03-03 20:30:00+00:00,2.2,2.21,2.2,2.2,101.0
2025-03-03 20:45:00+00:00,2.2,2.245,2.2,2.245,100.0
2025-03-04 14:30:00+00:00,2.245,2.245,2.245,2.245,0.0
2025-03-04 14:45:00+00:00,2.245,2.245,2.245,2.245,0.0
2025-03-04 15:00:00+00:00,2.245,2.245,2.245,2.245,0.0
2025-03-04 15:15:00+00:00,2.04,2.08,2.04,2.08,500.0
2025-03-04 15:30:00+00:00,2.08,2.1,2.06,2.06,461.0
2025-03-04 15:45:00+00:00,2.06,2.06,2.06,2.06,0.0
2025-03-04 16:00:00+00:00,2.09,2.13,2.085,2.13,202.0
2025-03-04 16:15:00+00:00,2.13,2.13,2.11,2.11,4.0
2025-03-04 16:30:00+00:00,2.11,2.12,2.11,2.12,4.0
2025-03-04 16:45:00+00:00,2.12,2.155,2.12,2.155,1.0
2025-03-04 17:00:00+00:00,2.12,2.12,2.12,2.12,8.0
2025-03-04 17:15:00+00:00,2.12,2.12,2.12,2.12,0.0
2025-03-04 17:30:00+00:00,2.12,2.16,2.12,2.16,1.0
2025-03-04 17:45:00+00:00,2.16,2.19,2.16,2.19,1.0
2025-03-04 18:00:00+00:00,2.19,2.19,2.19,2.19,0.0
2025-03-04 18:15:00+00:00,2.19,2.19,2.19,2.19,0.0
2025-03-04 18:30:00+00:00,2.19,2.19,2.19,2.19,0.0
2025-03-04 18:45:00+00:00,2.19,2.19,2.19,2.19,0.0
2025-03-04 19:00:00+00:00,2.345,2.345,2.32,2.33,101.0
2025-03-04 19:15:00+00:00,2.33,2.33,2.33,2.33,0.0
2025-03-04 19:30:00+00:00,2.33,2.33,2.33,2.33,0.0
2025-03-04 19:45:00+00:00,2.33,2.33,2.33,2.33,0.0
2025-03-04 20:00:00+00:00,2.33,2.33,2.33,2.33,0.0
2025-03-04 20:15:00+00:00,2.33,2.33,2.33,2.33,0.0
2025-03-04 20:30:00+00:00,2.33,2.33,2.33,2.33,0.0
2025-03-04 20:45:00+00:00,2.33,2.37,2.33,2.33,200.0
2025-03-05 14:30:00+00:00,2.33,2.33,2.33,2.33,0.0
2025-03-05 14:45:00+00:00,2.33,2.33,2.33,2.33,0.0
2025-03-05 15:00:00+00:00,2.33,2.33,2.33,2.33,0.0
2025-03-05 15:15:00+00:00,2.33,2.33,2.33,2.33,0.0
2025-03-05 15:30:00+00:00,2.33,2.33,2.33,2.33,0.0
2025-03-05 15:45:00+00:00,2.33,2.33,2.33,2.33,0.0
2025-03-05 16:00:00+00:00,2.33,2.33,2.33,2.33,0.0
2025-03-05 16:15:00+00:00,2.33,2.33,2.33,2.33,0.0
2025-03-05 16:30:00+00:00,2.33,2.33,2.25,2.25,1000.0
2025-03-05 16:45:00+00:00,2.25,2.4,2.25,2.4,100.0
2025-03-05 17:00:00+00:00,2.4,2.41,2.38,2.4,855.0
2025-03-05 17:15:00+00:00,2.4,2.4,2.4,2.4,0.0
2025-03-05 17:30:00+00:00,2.41,2.42,2.38,2.4,531.0
2025-03-05 17:45:00+00:00,2.4,2.4,2.4,2.4,286.0
2025-03-05 18:00:00+00:00,2.4,2.4,2.37,2.37,283.0
2025-03-05 18:15:00+00:00,2.37,2.38,2.365,2.38,590.0
2025-03-05 18:30:00+00:00,2.38,2.38,2.38,2.38,0.0
2025-03-05 18:45:00+00:00,2.38,2.38,2.38,2.38,0.0
2025-03-05 19:00:00+00:00,2.38,2.38,2.38,2.38,100.0
2025-03-05 19:15:00+00:00,2.38,2.38,2.38,2.38,0.0
2025-03-05 19:30:00+00:00,2.38,2.38,2.38,2.38,0.0
2025-03-05 19:45:00+00:00,2.38,2.38,2.38,2.38,0.0
2025-03-05 20:00:00+00:00,2.38,2.38,2.38,2.38,0.0
2025-03-05 20:15:00+00:00,2.38,2.38,2.38,2.38,0.0
2025-03-05 20:30:00+00:00,2.38,2.38,2.27,2.27,142.0
2025-03-05 20:45:00+00:00,2.27,2.31,2.26,2.31,218.0
2025-03-06 14:30:00+00:00,2.31,2.31,2.31,2.31,0.0
2025-03-06 14:45:00+00:00,2.31,2.31,2.31,2.31,0.0
2025-03-06 15:00:00+00:00,2.31,2.31,2.31,2.31,0.0
2025-03-06 15:15:00+00:00,2.31,2.31,2.31,2.31,0.0
2025-03-06 15:30:00+00:00,2.31,2.31,2.31,2.31,0.0
2025-03-06 15:45:00+00:00,2.31,2.31,2.31,2.31,0.0
2025-03-06 16:00:00+00:00,2.31,2.31,2.26,2.26,51.0
2025-03-06 16:15:00+00:00,2.26,2.26,2.23,2.23,109.0
2025-03-06 16:30:00+00:00,2.23,2.23,2.23,2.23,0.0
2025-03-06 16:45:00+00:00,2.23,2.255,2.23,2.255,22.0
2025-03-06 17:00:00+00:00,2.255,2.255,2.255,2.255,0.0
2025-03-06 17:15:00+00:00,2.255,2.255,2.255,2.255,0.0
2025-03-06 17:30:00+00:00,2.255,2.255,2.255,2.255,0.0
2025-03-06 17:45:00+00:00,2.255,2.26,2.225,2.245,400.0
2025-03-06 18:00:00+00:00,2.245,2.245,2.2,2.2,51.0
2025-03-06 18:15:00+00:00,2.2,2.2,2.15,2.15,123.0
2025-03-06 18:30:00+00:00,2.15,2.15,2.15,2.15,0.0
2025-03-06 18:45:00+00:00,2.15,2.15,2.15,2.15,0.0
2025-03-06 19:00:00+00:00,2.15,2.15,2.15,2.15,0.0
2025-03-06 19:15:00+00:00,2.15,2.38,2.15,2.31,200.0
2025-03-06 19:30:00+00:00,2.31,2.31,2.31,2.31,0.0
2025-03-06 19:45:00+00:00,2.31,2.31,2.31,2.31,0.0
2025-03-06 20:00:00+00:00,2.31,2.31,2.31,2.31,0.0
2025-03-06 20:15:00+00:00,2.31,2.31,2.31,2.31,0.0
2025-03-06 20:30:00+00:00,2.31,2.31,2.31,2.31,0.0
2025-03-06 20:45:00+00:00,2.31,2.31,2.24,2.24,52.0
2025-03-07 14:30:00+00:00,2.24,2.24,2.24,2.24,0.0
2025-03-07 14:45:00+00:00,2.24,2.24,2.24,2.24,0.0
2025-03-07 15:00:00+00:00,2.24,2.24,2.24,2.24,0.0
2025-03-07 15:15:00+00:00,2.24,2.24,2.225,2.225,200.0
2025-03-07 15:30:00+00:00,2.225,2.225,2.225,2.225,0.0
2025-03-07 15:45:00+00:00,2.225,2.225,2.225,2.225,0.0
2025-03-07 16:00:00+00:00,2.225,2.225,2.21,2.21,199.0
2025-03-07 16:15:00+00:00,2.21,2.21,2.21,2.21,0.0
2025-03-07 16:30:00+00:00,2.21,2.21,2.21,2.21,0.0
2025-03-07 16:45:00+00:00,2.21,2.21,2.21,2.21,0.0
2025-03-07 17:00:00+00:00,2.21,2.21,2.21,2.21,0.0
2025-03-07 17:15:00+00:00,2.21,2.21,2.21,2.21,0.0
2025-03-07 17:30:00+00:00,2.21,2.29,2.21,2.29,150.0
2025-03-07 17:45:00+00:00,2.29,2.29,2.29,2.29,0.0
2025-03-07 18:00:00+00:00,2.29,2.29,2.29,2.29,0.0
2025-03-07 18:15:00+00:00,2.29,2.29,2.29,2.29,0.0
2025-03-07 18:30:00+00:00,2.29,2.29,2.29,2.29,0.0
2025-03-07 18:45:00+00:00,2.29,2.29,2.29,2.29,0.0
2025-03-07 19:00:00+00:00,2.29,2.29,2.29,2.29,0.0
2025-03-07 19:15:00+00:00,2.29,2.29,2.29,2.29,0.0
2025-03-07 19:30:00+00:00,2.29,2.29,2.29,2.29,0.0
2025-03-07 19:45:00+00:00,2.29,2.29,2.26,2.265,110.0
2025-03-07 20:00:00+00:00,2.265,2.265,2.265,2.265,0.0
2025-03-07 20:15:00+00:00,2.265,2.265,2.265,2.265,0.0
2025-03-07 20:30:00+00:00,2.265,2.265,2.265,2.265,0.0
2025-03-07 20:45:00+00:00,2.265,2.33,2.265,2.33,246.0
2025-03-10 13:30:00+00:00,2.33,2.33,2.33,2.33,0.0
2025-03-10 13:45:00+00:00,2.33,2.33,2.29,2.29,24.0
2025-03-10 14:00:00+00:00,2.29,2.29,2.29,2.29,0.0
2025-03-10 14:15:00+00:00,2.29,2.29,2.17,2.17,199.0
2025-03-10 14:30:00+00:00,2.17,2.17,2.17,2.17,0.0
2025-03-10 14:45:00+00:00,2.17,2.17,2.17,2.17,0.0
2025-03-10 15:00:00+00:00,2.29,2.29,2.17,2.17,223.0
2025-03-10 15:15:00+00:00,2.17,2.17,2.17,2.17,0.0
2025-03-10 15:30:00+00:00,2.17,2.17,2.17,2.17,0.0
2025-03-10 15:45:00+00:00,2.17,2.17,2.17,2.17,0.0
2025-03-10 16:00:00+00:00,2.17,2.17,2.17,2.17,0.0
2025-03-10 16:15:00+00:00,2.17,2.17,2.17,2.17,0.0
2025-03-10 16:30:00+00:00,2.17,2.17,2.17,2.17,0.0
2025-03-10 16:45:00+00:00,2.17,2.17,2.17,2.17,0.0
2025-03-10 17:00:00+00:00,2.17,2.17,2.17,2.17,0.0
2025-03-10 17:15:00+00:00,2.17,2.17,2.17,2.17,0.0
2025-03-10 17:30:00+00:00,2.17,2.17,2.17,2.17,0.0
2025-03-10 17:45:00+00:00,2.17,2.17,2.17,2.17,0.0
2025-03-10 18:00:00+00:00,2.17,2.17,2.17,2.17,0.0
2025-03-10 18:15:00+00:00,2.17,2.17,2.17,2.17,0.0
2025-03-10 18:30:00+00:00,2.17,2.17,2.17,2.17,0.0
2025-03-10 18:45:00+00:00,2.17,2.17,2.17,2.17,0.0
2025-03-10 19:00:00+00:00,2.17,2.17,2.17,2.17,0.0
2025-03-10 19:15:00+00:00,2.17,2.17,2.17,2.17,0.0
2025-03-10 19:30:00+00:00,2.17,2.17,2.16,2.16,100.0
2025-03-10 19:45:00+00:00,2.16,2.16,2.07,2.07,234.0
2025-03-11 13:30:00+00:00,2.07,2.07,2.07,2.07,0.0
2025-03-11 13:45:00+00:00,2.07,2.09,2.07,2.09,27.0
2025-03-11 14:00:00+00:00,2.09,2.09,2.09,2.09,0.0
2025-03-11 14:15:00+00:00,2.09,2.09,2.075,2.075,699.0
2025-03-11 14:30:00+00:00,2.075,2.09,2.03,2.03,230.0
2025-03-11 14:45:00+00:00,2.03,2.08,2.03,2.08,23.0
2025-03-11 15:00:00+00:00,2.05,2.05,2.05,2.05,86.0
2025-03-11 15:15:00+00:00,2.05,2.07,2.03,2.07,141.0
2025-03-11 15:30:00+00:00,2.07,2.07,2.07,2.07,0.0
2025-03-11 15:45:00+00:00,2.07,2.07,2.07,2.07,0.0
2025-03-11 16:00:00+00:00,2.07,2.07,2.07,2.07,0.0
2025-03-11 16:15:00+00:00,2.07,2.07,2.07,2.07,0.0
2025-03-11 16:30:00+00:00,2.07,2.07,2.07,2.07,0.0
2025-03-11 16:45:00+00:00,2.07,2.07,2.07,2.07,0.0
2025-03-11 17:00:00+00:00,2.09,2.09,2.09,2.09,100.0
2025-03-11 17:15:00+00:00,2.09,2.09,2.03,2.09,246.0
2025-03-11 17:30:00+00:00,2.09,2.09,2.04,2.09,200.0
2025-03-11 17:45:00+00:00,2.09,2.09,2.04,2.09,200.0
2025-03-11 18:00:00+00:00,2.09,2.09,2.055,2.055,200.0
2025-03-11 18:15:00+00:00,2.055,2.055,2.055,2.055,0.0
2025-03-11 18:30:00+00:00,2.055,2.055,2.055,2.055,100.0
2025-03-11 18:45:00+00:00,2.055,2.055,2.055,2.055,0.0
2025-03-11 19:00:00+00:00,2.055,2.055,2.055,2.055,0.0
2025-03-11 19:15:00+00:00,2.055,2.075,2.055,2.075,0.0
2025-03-11 19:30:00+00:00,2.075,2.075,2.06,2.06,23.0
2025-03-11 19:45:00+00:00,2.06,2.09,2.03,2.09,192.0
2025-03-12 13:30:00+00:00,2.09,2.09,2.09,2.09,0.0
2025-03-12 13:45:00+00:00,2.09,2.09,2.09,2.09,0.0
2025-03-12 14:00:00+00:00,2.09,2.09,2.09,2.09,0.0
2025-03-12 14:15:00+00:00,2.09,2.09,2.09,2.09,0.0
2025-03-12 14:30:00+00:00,2.09,2.09,2.09,2.09,0.0
2025-03-12 14:45:00+00:00,2.09,2.09,2.09,2.09,0.0
2025-03-12 15:00:00+00:00,2.09,2.09,2.09,2.09,0.0
2025-03-12 15:15:00+00:00,2.09,2.09,2.09,2.09,0.0
2025-03-12 15:30:00+00:00,2.09,2.09,2.08,2.08,100.0
2025-03-12 15:45:00+00:00,2.08,2.08,2.08,2.08,0.0
2025-03-12 16:00:00+00:00,2.08,2.08,2.08,2.08,0.0
2025-03-12 16:15:00+00:00,2.08,2.08,2.08,2.08,0.0
2025-03-12 16:30:00+00:00,2.05,2.05,2.05,2.05,100.0
2025-03-12 16:45:00+00:00,2.05,2.05,2.05,2.05,0.0
2025-03-12 17:00:00+00:00,2.05,2.05,2.05,2.05,0.0
2025-03-12 17:15:00+00:00,2.05,2.05,2.05,2.05,0.0
2025-03-12 17:30:00+00:00,2.05,2.05,2.05,2.05,0.0
2025-03-12 17:45:00+00:00,2.05,2.05,2.05,2.05,0.0
2025-03-12 18:00:00+00:00,2.05,2.05,2.05,2.05,0.0
2025-03-12 18:15:00+00:00,2.05,2.05,2.05,2.05,0.0
2025-03-12 18:30:00+00:00,2.05,2.05,2.05,2.05,0.0
2025-03-12 18:45:00+00:00,2.05,2.05,2.05,2.05,0.0
2025-03-12 19:00:00+00:00,2.05,2.05,2.05,2.05,0.0
2025-03-12 19:15:00+00:00,2.05,2.05,2.05,2.05,0.0
2025-03-12 19:30:00+00:00,2.05,2.05,2.05,2.05,0.0
2025-03-12 19:45:00+00:00,2.05,2.06,2.04,2.04,101.0
2025-03-13 13:30:00+00:00,2.06,2.06,2.06,2.06,25.0
2025-03-13 13:45:00+00:00,2.06,2.06,2.04,2.04,2.0
2025-03-13 14:00:00+00:00,2.04,2.04,2.04,2.04,0.0
2025-03-13 14:15:00+00:00,2.04,2.04,1.98,1.98,96.0
2025-03-13 14:30:00+00:00,1.98,1.99,1.98,1.98,200.0
2025-03-13 14:45:00+00:00,1.98,1.98,1.98,1.98,0.0
2025-03-13 15:00:00+00:00,1.98,1.98,1.98,1.98,0.0
2025-03-13 15:15:00+00:00,1.98,1.98,1.98,1.98,0.0
2025-03-13 15:30:00+00:00,1.98,1.98,1.88,1.88,827.0
2025-03-13 15:45:00+00:00,1.88,1.905,1.88,1.88,200.0
2025-03-13 16:00:00+00:00,1.88,1.88,1.88,1.88,200.0
2025-03-13 16:15:00+00:00,1.88,1.88,1.88,1.88,0.0
2025-03-13 16:30:00+00:00,1.88,1.88,1.88,1.88,0.0
2025-03-13 16:45:00+00:00,1.88,1.88,1.88,1.88,0.0
2025-03-13 17:00:00+00:00,1.88,1.88,1.85,1.85,100.0
2025-03-13 17:15:00+00:00,1.85,1.85,1.83,1.83,400.0
2025-03-13 17:30:00+00:00,1.83,1.83,1.81,1.81,130.0
2025-03-13 17:45:00+00:00,1.81,1.81,1.81,1.81,0.0
2025-03-13 18:00:00+00:00,1.81,1.9,1.81,1.9,200.0
2025-03-13 18:15:00+00:00,1.9,1.9,1.9,1.9,200.0
2025-03-13 18:30:00+00:00,1.9,1.9,1.9,1.9,0.0
2025-03-13 18:45:00+00:00,1.9,1.9,1.88,1.895,27.0
2025-03-13 19:00:00+00:00,1.895,1.895,1.895,1.895,0.0
2025-03-13 19:15:00+00:00,1.895,1.895,1.895,1.895,0.0
2025-03-13 19:30:00+00:00,1.895,1.93,1.895,1.93,100.0
2025-03-13 19:45:00+00:00,1.93,1.935,1.93,1.935,298.0
2025-03-14 13:30:00+00:00,1.935,1.935,1.935,1.935,0.0
2025-03-14 13:45:00+00:00,1.935,1.935,1.915,1.915,0.0
2025-03-14 14:00:00+00:00,1.915,1.915,1.915,1.915,0.0
2025-03-14 14:15:00+00:00,1.915,1.915,1.88,1.88,0.0
2025-03-14 14:30:00+00:00,1.88,1.88,1.88,1.88,0.0
2025-03-14 14:45:00+00:00,1.88,1.88,1.88,1.88,0.0
2025-03-14 15:00:00+00:00,1.88,1.88,1.88,1.88,0.0
2025-03-14 15:15:00+00:00,1.88,1.88,1.88,1.88,0.0
2025-03-14 15:30:00+00:00,1.88,1.88,1.88,1.88,0.0
2025-03-14 15:45:00+00:00,1.88,1.88,1.88,1.88,0.0
2025-03-14 16:00:00+00:00,1.88,1.88,1.88,1.88,0.0
2025-03-14 16:15:00+00:00,1.88,1.88,1.88,1.88,0.0
2025-03-14 16:30:00+00:00,1.88,1.88,1.88,1.88,0.0
2025-03-14 16:45:00+00:00,1.88,1.88,1.88,1.88,0.0
2025-03-14 17:00:00+00:00,1.88,1.88,1.88,1.88,0.0
2025-03-14 17:15:00+00:00,1.88,1.88,1.88,1.88,0.0
2025-03-14 17:30:00+00:00,1.88,1.88,1.88,1.88,0.0
2025-03-14 17:45:00+00:00,1.88,1.88,1.88,1.88,0.0
2025-03-14 18:00:00+00:00,1.88,1.88,1.88,1.88,0.0
2025-03-14 18:15:00+00:00,1.88,1.95,1.88,1.95,33.0
2025-03-14 18:30:00+00:00,1.95,1.95,1.95,1.95,0.0
2025-03-14 18:45:00+00:00,1.95,1.955,1.95,1.955,0.0
2025-03-14 19:00:00+00:00,1.955,1.955,1.955,1.955,0.0
2025-03-14 19:15:00+00:00,1.955,1.955,1.955,1.955,0.0
2025-03-14 19:30:00+00:00,1.955,1.955,1.955,1.955,0.0
2025-03-14 19:45:00+00:00,1.955,1.955,1.945,1.945,0.0
2025-03-17 13:30:00+00:00,1.945,1.945,1.91,1.91,700.0
2025-03-17 13:45:00+00:00,1.91,1.91,1.91,1.91,0.0
2025-03-17 14:00:00+00:00,1.91,1.91,1.87,1.87,200.0
2025-03-17 14:15:00+00:00,1.87,1.87,1.87,1.87,0.0
2025-03-17 14:30:00+00:00,1.87,1.87,1.86,1.86,100.0
2025-03-17 14:45:00+00:00,1.86,1.88,1.86,1.88,0.0
2025-03-17 15:00:00+00:00,1.88,1.88,1.86,1.87,100.0
2025-03-17 15:15:00+00:00,1.87,1.88,1.87,1.88,0.0
2025-03-17 15:30:00+00:00,1.88,1.88,1.88,1.88,0.0
2025-03-17 15:45:00+00:00,1.88,1.885,1.88,1.885,0.0
2025-03-17 16:00:00+00:00,1.885,1.89,1.88,1.89,0.0
2025-03-17 16:15:00+00:00,1.89,1.89,1.89,1.89,0.0
2025-03-17 16:30:00+00:00,1.89,1.89,1.89,1.89,0.0
2025-03-17 16:45:00+00:00,1.89,1.905,1.89,1.905,0.0
2025-03-17 17:00:00+00:00,1.905,1.905,1.905,1.905,0.0
2025-03-17 17:15:00+00:00,1.905,1.905,1.905,1.905,0.0
2025-03-17 17:30:00+00:00,1.905,1.905,1.905,1.905,0.0
2025-03-17 17:45:00+00:00,1.905,1.905,1.905,1.905,0.0
2025-03-17 18:00:00+00:00,1.905,1.905,1.905,1.905,0.0
2025-03-17 18:15:00+00:00,1.905,1.905,1.905,1.905,0.0
2025-03-17 18:30:00+00:00,1.905,1.905,1.905,1.905,0.0
2025-03-17 18:45:00+00:00,1.89,1.89,1.89,1.89,200.0
2025-03-17 19:00:00+00:00,1.89,1.89,1.89,1.89,0.0
2025-03-17 19:15:00+00:00,1.89,1.91,1.89,1.91,100.0
2025-03-17 19:30:00+00:00,1.91,1.91,1.91,1.91,0.0
2025-03-17 19:45:00+00:00,1.91,1.91,1.865,1.865,100.0
2025-03-18 13:30:00+00:00,1.865,1.865,1.865,1.865,0.0
2025-03-18 13:45:00+00:00,1.865,1.865,1.865,1.865,0.0
2025-03-18 14:00:00+00:00,1.865,1.865,1.865,1.865,0.0
2025-03-18 14:15:00+00:00,1.865,1.865,1.865,1.865,0.0
2025-03-18 14:30:00+00:00,1.865,1.865,1.865,1.865,0.0
2025-03-18 14:45:00+00:00,1.92,1.92,1.92,1.92,150.0
2025-03-18 15:00:00+00:00,1.92,1.92,1.86,1.86,0.0
2025-03-18 15:15:00+00:00,1.86,1.86,1.84,1.84,100.0
2025-03-18 15:30:00+00:00,1.84,1.84,1.84,1.84,0.0
2025-03-18 15:45:00+00:00,1.84,1.84,1.84,1.84,0.0
2025-03-18 16:00:00+00:00,1.84,1.84,1.84,1.84,0.0
2025-03-18 16:15:00+00:00,1.84,1.84,1.84,1.84,0.0
2025-03-18 16:30:00+00:00,1.84,1.84,1.84,1.84,0.0
2025-03-18 16:45:00+00:00,1.84,1.92,1.84,1.92,150.0
2025-03-18 17:00:00+00:00,1.92,1.92,1.92,1.92,0.0
2025-03-18 17:15:00+00:00,1.92,1.92,1.92,1.92,0.0
2025-03-18 17:30:00+00:00,1.92,1.92,1.92,1.92,0.0
2025-03-18 17:45:00+00:00,1.92,1.92,1.92,1.92,0.0
2025-03-18 18:00:00+00:00,1.92,1.92,1.92,1.92,0.0
2025-03-18 18:15:00+00:00,1.92,1.92,1.92,1.92,0.0
2025-03-18 18:30:00+00:00,1.92,1.92,1.92,1.92,0.0
2025-03-18 18:45:00+00:00,1.92,1.92,1.92,1.92,0.0
2025-03-18 19:00:00+00:00,1.92,1.92,1.92,1.92,0.0
2025-03-18 19:15:00+00:00,1.92,1.92,1.92,1.92,0.0
2025-03-18 19:30:00+00:00,1.92,1.92,1.85,1.85,100.0
2025-03-18 19:45:00+00:00,1.85,1.85,1.85,1.85,0.0
2025-03-19 13:30:00+00:00,1.85,1.85,1.85,1.85,0.0
2025-03-19 13:45:00+00:00,1.85,1.85,1.85,1.85,0.0
2025-03-19 14:00:00+00:00,1.85,1.85,1.85,1.85,0.0
2025-03-19 14:15:00+00:00,1.85,1.85,1.85,1.85,0.0
2025-03-19 14:30:00+00:00,1.85,1.85,1.85,1.85,0.0
2025-03-19 14:45:00+00:00,1.85,1.85,1.85,1.85,0.0
2025-03-19 15:00:00+00:00,1.85,1.92,1.85,1.92,100.0
2025-03-19 15:15:00+00:00,1.92,1.92,1.92,1.92,0.0
2025-03-19 15:30:00+00:00,1.92,1.92,1.88,1.89,900.0
2025-03-19 15:45:00+00:00,1.89,1.89,1.89,1.89,0.0
2025-03-19 16:00:00+00:00,1.89,1.89,1.89,1.89,0.0
2025-03-19 16:15:00+00:00,1.89,1.895,1.89,1.895,0.0
2025-03-19 16:30:00+00:00,1.895,1.895,1.895,1.895,0.0
2025-03-19 16:45:00+00:00,1.895,1.895,1.895,1.895,0.0
2025-03-19 17:00:00+00:00,1.895,1.895,1.895,1.895,0.0
2025-03-19 17:15:00+00:00,1.895,1.895,1.895,1.895,0.0
2025-03-19 17:30:00+00:00,1.895,1.895,1.895,1.895,0.0
2025-03-19 17:45:00+00:00,1.895,1.895,1.895,1.895,0.0
2025-03-19 18:00:00+00:00,1.895,1.895,1.895,1.895,0.0
2025-03-19 18:15:00+00:00,1.895,1.895,1.895,1.895,0.0
2025-03-19 18:30:00+00:00,1.895,1.895,1.895,1.895,0.0
2025-03-19 18:45:00+00:00,1.895,1.895,1.895,1.895,0.0
2025-03-19 19:00:00+00:00,1.895,1.895,1.895,1.895,0.0
2025-03-19 19:15:00+00:00,1.895,1.895,1.895,1.895,0.0
2025-03-19 19:30:00+00:00,1.895,1.895,1.895,1.895,0.0
2025-03-19 19:45:00+00:00,1.895,1.94,1.895,1.94,74.0
2025-03-20 13:30:00+00:00,1.94,1.94,1.9,1.9,51.0
2025-03-20 13:45:00+00:00,1.9,1.9,1.9,1.9,0.0
2025-03-20 14:00:00+00:00,1.9,1.91,1.9,1.91,498.0
2025-03-20 14:15:00+00:00,1.91,1.945,1.91,1.945,0.0
2025-03-20 14:30:00+00:00,1.945,1.945,1.925,1.925,0.0
2025-03-20 14:45:00+00:00,1.925,1.925,1.925,1.925,0.0
2025-03-20 15:00:00+00:00,1.925,1.94,1.925,1.935,100.0
2025-03-20 15:15:00+00:00,1.935,1.935,1.935,1.935,0.0
2025-03-20 15:30:00+00:00,1.935,1.95,1.935,1.95,100.0
2025-03-20 15:45:00+00:00,1.95,1.95,1.95,1.95,0.0
2025-03-20 16:00:00+00:00,1.95,1.95,1.925,1.925,0.0
2025-03-20 16:15:00+00:00,1.925,1.925,1.92,1.92,0.0
2025-03-20 16:30:00+00:00,1.92,1.92,1.92,1.92,0.0
2025-03-20 16:45:00+00:00,1.92,1.92,1.92,1.92,0.0
2025-03-20 17:00:00+00:00,1.92,1.92,1.915,1.915,0.0
2025-03-20 17:15:00+00:00,1.915,1.925,1.915,1.925,0.0
2025-03-20 17:30:00+00:00,1.925,1.925,1.925,1.925,0.0
2025-03-20 17:45:00+00:00,1.925,1.93,1.925,1.93,0.0
2025-03-20 18:00:00+00:00,1.93,1.93,1.93,1.93,0.0
2025-03-20 18:15:00+00:00,1.93,1.93,1.93,1.93,0.0
2025-03-20 18:30:00+00:00,1.93,1.93,1.93,1.93,0.0
2025-03-20 18:45:00+00:00,1.93,1.93,1.93,1.93,0.0
2025-03-20 19:00:00+00:00,1.93,1.93,1.93,1.93,0.0
2025-03-20 19:15:00+00:00,1.93,1.93,1.93,1.93,0.0
2025-03-20 19:30:00+00:00,1.93,1.93,1.93,1.93,0.0
2025-03-20 19:45:00+00:00,1.93,1.93,1.92,1.92,200.0
2025-03-21 13:30:00+00:00,1.92,1.92,1.92,1.92,0.0
2025-03-21 13:45:00+00:00,1.92,1.92,1.92,1.92,0.0
2025-03-21 14:00:00+00:00,1.92,1.92,1.92,1.92,0.0
2025-03-21 14:15:00+00:00,1.92,1.92,1.92,1.92,0.0
2025-03-21 14:30:00+00:00,1.92,1.92,1.92,1.92,0.0
2025-03-21 14:45:00+00:00,1.92,1.92,1.92,1.92,0.0
2025-03-21 15:00:00+00:00,1.92,1.92,1.92,1.92,0.0
2025-03-21 15:15:00+00:00,1.92,1.92,1.92,1.92,0.0
2025-03-21 15:30:00+00:00,1.92,1.92,1.92,1.92,0.0
2025-03-21 15:45:00+00:00,1.92,1.92,1.92,1.92,0.0
2025-03-21 16:00:00+00:00,1.92,1.92,1.92,1.92,0.0
2025-03-21 16:15:00+00:00,1.92,1.92,1.92,1.92,0.0
2025-03-21 16:30:00+00:00,1.92,1.92,1.92,1.92,0.0
2025-03-21 16:45:00+00:00,1.92,1.975,1.92,1.975,0.0
2025-03-21 17:00:00+00:00,1.975,1.975,1.975,1.975,0.0
2025-03-21 17:15:00+00:00,1.975,1.975,1.975,1.975,0.0
2025-03-21 17:30:00+00:00,1.975,1.975,1.975,1.975,0.0
2025-03-21 17:45:00+00:00,1.975,1.975,1.975,1.975,0.0
2025-03-21 18:00:00+00:00,1.975,1.975,1.975,1.975,0.0
2025-03-21 18:15:00+00:00,1.975,1.975,1.975,1.975,0.0
2025-03-21 18:30:00+00:00,1.975,1.975,1.975,1.975,0.0
2025-03-21 18:45:00+00:00,1.975,1.975,1.975,1.975,0.0
2025-03-21 19:00:00+00:00,1.975,1.99,1.975,1.99,100.0
2025-03-21 19:15:00+00:00,1.99,2.07,1.99,2.07,1.0
2025-03-21 19:30:00+00:00,2.07,2.07,2.07,2.07,0.0
2025-03-21 19:45:00+00:00,2.07,2.115,2.07,2.115,165.0
2025-03-24 13:30:00+00:00,2.115,2.115,2.115,2.115,0.0
2025-03-24 13:45:00+00:00,2.115,2.115,2.115,2.115,0.0
2025-03-24 14:00:00+00:00,2.115,2.115,2.115,2.115,0.0
2025-03-24 14:15:00+00:00,2.115,2.115,2.115,2.115,0.0
2025-03-24 14:30:00+00:00,2.115,2.115,2.09,2.09,177.0
2025-03-24 14:45:00+00:00,2.09,2.09,2.09,2.09,0.0
2025-03-24 15:00:00+00:00,2.09,2.09,2.09,2.09,0.0
2025-03-24 15:15:00+00:00,2.09,2.09,2.09,2.09,0.0
2025-03-24 15:30:00+00:00,2.09,2.09,2.09,2.09,0.0
2025-03-24 15:45:00+00:00,2.09,2.09,2.075,2.075,0.0
2025-03-24 16:00:00+00:00,2.075,2.075,2.075,2.075,0.0
2025-03-24 16:15:00+00:00,2.075,2.075,2.075,2.075,0.0
2025-03-24 16:30:00+00:00,2.075,2.075,2.04,2.04,0.0
2025-03-24 16:45:00+00:00,2.04,2.04,2.04,2.04,0.0
2025-03-24 17:00:00+00:00,2.04,2.04,2.04,2.04,0.0
2025-03-24 17:15:00+00:00,2.04,2.08,2.04,2.08,10.0
2025-03-24 17:30:00+00:00,2.08,2.08,2.08,2.08,0.0
2025-03-24 17:45:00+00:00,2.08,2.08,2.08,2.08,0.0
2025-03-24 18:00:00+00:00,2.08,2.08,2.08,2.08,0.0
2025-03-24 18:15:00+00:00,2.08,2.08,2.08,2.08,5.0
2025-03-24 18:30:00+00:00,2.08,2.08,2.08,2.08,0.0
2025-03-24 18:45:00+00:00,2.08,2.08,2.08,2.08,0.0
2025-03-24 19:00:00+00:00,2.08,2.08,2.08,2.08,0.0
2025-03-24 19:15:00+00:00,2.08,2.08,2.08,2.08,0.0
2025-03-24 19:30:00+00:00,2.08,2.08,2.055,2.06,0.0
2025-03-24 19:45:00+00:00,2.06,2.07,2.055,2.07,100.0
2025-03-25 13:30:00+00:00,2.07,2.07,2.07,2.07,0.0
2025-03-25 13:45:00+00:00,2.07,2.07,2.07,2.07,0.0
2025-03-25 14:00:00+00:00,2.07,2.07,2.07,2.07,0.0
2025-03-25 14:15:00+00:00,2.07,2.07,2.07,2.07,0.0
2025-03-25 14:30:00+00:00,2.07,2.07,2.07,2.07,0.0
2025-03-25 14:45:00+00:00,2.07,2.07,2.07,2.07,0.0
2025-03-25 15:00:00+00:00,2.07,2.07,2.07,2.07,0.0
2025-03-25 15:15:00+00:00,2.07,2.07,2.07,2.07,0.0
2025-03-25 15:30:00+00:00,2.07,2.07,2.07,2.07,0.0
2025-03-25 15:45:00+00:00,2.07,2.07,2.07,2.07,0.0
2025-03-25 16:00:00+00:00,2.07,2.07,2.07,2.07,0.0
2025-03-25 16:15:00+00:00,2.07,2.07,2.07,2.07,0.0
2025-03-25 16:30:00+00:00,2.07,2.07,2.07,2.07,0.0
2025-03-25 16:45:00+00:00,2.07,2.07,2.07,2.07,0.0
2025-03-25 17:00:00+00:00,2.07,2.07,2.07,2.07,0.0
2025-03-25 17:15:00+00:00,2.07,2.07,2.07,2.07,0.0
2025-03-25 17:30:00+00:00,2.07,2.07,2.07,2.07,0.0
2025-03-25 17:45:00+00:00,2.07,2.07,2.07,2.07,0.0
2025-03-25 18:00:00+00:00,2.07,2.07,2.07,2.07,0.0
2025-03-25 18:15:00+00:00,2.07,2.08,2.07,2.08,100.0
2025-03-25 18:30:00+00:00,2.08,2.08,2.08,2.08,0.0
2025-03-25 18:45:00+00:00,2.08,2.08,2.08,2.08,0.0
2025-03-25 19:00:00+00:00,2.08,2.08,2.08,2.08,0.0
2025-03-25 19:15:00+00:00,2.08,2.08,2.08,2.08,0.0
2025-03-25 19:30:00+00:00,2.08,2.08,2.08,2.08,0.0
2025-03-25 19:45:00+00:00,2.08,2.08,2.06,2.075,77.0
2025-03-26 13:30:00+00:00,2.075,2.075,2.075,2.075,0.0
2025-03-26 13:45:00+00:00,2.075,2.075,2.075,2.075,0.0
2025-03-26 14:00:00+00:00,2.075,2.075,2.045,2.045,0.0
2025-03-26 14:15:00+00:00,2.045,2.045,2.045,2.045,0.0
2025-03-26 14:30:00+00:00,2.045,2.045,2.045,2.045,0.0
2025-03-26 14:45:00+00:00,2.045,2.045,2.045,2.045,0.0
2025-03-26 15:00:00+00:00,2.045,2.045,2.045,2.045,0.0
2025-03-26 15:15:00+00:00,2.045,2.045,2.045,2.045,0.0
2025-03-26 15:30:00+00:00,2.045,2.045,2.045,2.045,0.0
2025-03-26 15:45:00+00:00,2.045,2.045,2.045,2.045,0.0
2025-03-26 16:00:00+00:00,2.045,2.045,2.045,2.045,0.0
2025-03-26 16:15:00+00:00,2.045,2.045,2.045,2.045,0.0
2025-03-26 16:30:00+00:00,2.045,2.045,2.045,2.045,0.0
2025-03-26 16:45:00+00:00,2.045,2.045,2.045,2.045,0.0
2025-03-26 17:00:00+00:00,2.045,2.045,2.045,2.045,0.0
2025-03-26 17:15:00+00:00,2.045,2.045,2.045,2.045,0.0
2025-03-26 17:30:00+00:00,2.045,2.045,2.045,2.045,0.0
2025-03-26 17:45:00+00:00,2.045,2.045,2.045,2.045,0.0
2025-03-26 18:00:00+00:00,2.045,2.045,2.045,2.045,0.0
2025-03-26 18:15:00+00:00,2.045,2.045,2.045,2.045,0.0
2025-03-26 18:30:00+00:00,2.045,2.045,2.02,2.02,4.0
2025-03-26 18:45:00+00:00,2.02,2.02,2.02,2.02,0.0
2025-03-26 19:00:00+00:00,2.02,2.02,2.02,2.02,0.0
2025-03-26 19:15:00+00:00,2.02,2.02,2.02,2.02,0.0
2025-03-26 19:30:00+00:00,2.02,2.02,2.02,2.02,0.0
2025-03-26 19:45:00+00:00,2.02,2.04,2.02,2.04,147.0
2025-03-27 13:30:00+00:00,2.04,2.04,2.04,2.04,0.0
2025-03-27 13:45:00+00:00,2.04,2.04,2.04,2.04,0.0
2025-03-27 14:00:00+00:00,2.04,2.04,2.04,2.04,0.0
2025-03-27 14:15:00+00:00,2.04,2.04,2.04,2.04,0.0
2025-03-27 14:30:00+00:00,2.04,2.04,2.04,2.04,0.0
2025-03-27 14:45:00+00:00,2.04,2.04,2.04,2.04,0.0
2025-03-27 15:00:00+00:00,2.04,2.04,2.04,2.04,0.0
2025-03-27 15:15:00+00:00,2.04,2.04,2.04,2.04,0.0
2025-03-27 15:30:00+00:00,2.04,2.04,2.04,2.04,0.0
2025-03-27 15:45:00+00:00,2.04,2.04,2.04,2.04,0.0
2025-03-27 16:00:00+00:00,2.04,2.04,2.04,2.04,0.0
2025-03-27 16:15:00+00:00,2.04,2.04,2.04,2.04,0.0
2025-03-27 16:30:00+00:00,2.04,2.04,2.04,2.04,0.0
2025-03-27 16:45:00+00:00,2.04,2.04,2.04,2.04,0.0
2025-03-27 17:00:00+00:00,2.04,2.04,2.04,2.04,0.0
2025-03-27 17:15:00+00:00,2.04,2.04,2.04,2.04,0.0
2025-03-27 17:30:00+00:00,2.04,2.04,2.04,2.04,0.0
2025-03-27 17:45:00+00:00,2.04,2.04,2.04,2.04,0.0
2025-03-27 18:00:00+00:00,2.04,2.04,2.04,2.04,0.0
2025-03-27 18:15:00+00:00,2.04,2.04,2.0,2.0,2.0
2025-03-27 18:30:00+00:00,2.0,2.0,2.0,2.0,0.0
2025-03-27 18:45:00+00:00,2.0,2.0,2.0,2.0,0.0
2025-03-27 19:00:00+00:00,2.0,2.0,2.0,2.0,0.0
2025-03-27 19:15:00+00:00,2.0,2.0,2.0,2.0,0.0
2025-03-27 19:30:00+00:00,2.0,2.0,2.0,2.0,0.0
2025-03-27 19:45:00+00:00,1.99,1.99,1.99,1.99,100.0
2025-03-28 13:30:00+00:00,1.99,1.99,1.99,1.99,0.0
2025-03-28 13:45:00+00:00,1.99,1.99,1.985,1.985,0.0
2025-03-28 14:00:00+00:00,1.985,1.985,1.985,1.985,0.0
2025-03-28 14:15:00+00:00,1.99,1.99,1.985,1.985,0.0
2025-03-28 14:30:00+00:00,1.985,1.985,1.985,1.985,0.0
2025-03-28 14:45:00+00:00,1.985,1.985,1.985,1.985,0.0
2025-03-28 15:00:00+00:00,1.985,1.985,1.985,1.985,0.0
2025-03-28 15:15:00+00:00,1.985,1.985,1.985,1.985,0.0
2025-03-28 15:30:00+00:00,1.985,1.985,1.985,1.985,0.0
2025-03-28 15:45:00+00:00,1.985,1.985,1.985,1.985,0.0
2025-03-28 16:00:00+00:00,1.985,1.985,1.985,1.985,0.0
2025-03-28 16:15:00+00:00,1.985,1.985,1.985,1.985,0.0
2025-03-28 16:30:00+00:00,1.985,1.985,1.985,1.985,0.0
2025-03-28 16:45:00+00:00,1.985,1.985,1.985,1.985,0.0
2025-03-28 17:00:00+00:00,1.985,1.985,1.985,1.985,0.0
2025-03-28 17:15:00+00:00,1.985,1.985,1.985,1.985,0.0
2025-03-28 17:30:00+00:00,1.985,1.985,1.975,1.975,2.0
2025-03-28 17:45:00+00:00,1.975,1.975,1.975,1.975,0.0
2025-03-28 18:00:00+00:00,1.975,1.975,1.975,1.975,0.0
2025-03-28 18:15:00+00:00,1.975,1.975,1.975,1.975,0.0
2025-03-28 18:30:00+00:00,1.975,1.975,1.975,1.975,0.0
2025-03-28 18:45:00+00:00,1.975,1.98,1.975,1.98,1.0
2025-03-28 19:00:00+00:00,1.98,1.98,1.98,1.98,0.0
2025-03-28 19:15:00+00:00,1.98,1.98,1.94,1.95,105.0
2025-03-28 19:30:00+00:00,1.95,1.95,1.95,1.95,0.0
2025-03-28 19:45:00+00:00,1.95,1.96,1.95,1.96,0.0
2025-03-31 13:30:00+00:00,1.96,1.96,1.83,1.83,300.0
2025-03-31 13:45:00+00:00,1.83,1.83,1.83,1.83,0.0
2025-03-31 14:00:00+00:00,1.83,1.83,1.83,1.83,0.0
2025-03-31 14:15:00+00:00,1.83,1.83,1.83,1.83,0.0
2025-03-31 14:30:00+00:00,1.83,1.83,1.83,1.83,0.0
2025-03-31 14:45:00+00:00,1.83,1.83,1.83,1.83,0.0
2025-03-31 15:00:00+00:00,1.83,1.83,1.83,1.83,0.0
2025-03-31 15:15:00+00:00,1.83,1.83,1.83,1.83,0.0
2025-03-31 15:30:00+00:00,1.83,1.83,1.83,1.83,0.0
2025-03-31 15:45:00+00:00,1.83,1.895,1.83,1.85,600.0
2025-03-31 16:00:00+00:00,1.85,1.85,1.85,1.85,0.0
2025-03-31 16:15:00+00:00,1.85,1.85,1.85,1.85,0.0
2025-03-31 16:30:00+00:00,1.85,1.85,1.85,1.85,0.0
2025-03-31 16:45:00+00:00,1.85,1.85,1.85,1.85,0.0
2025-03-31 17:00:00+00:00,1.85,1.85,1.85,1.85,0.0
2025-03-31 17:15:00+00:00,1.85,1.85,1.85,1.85,0.0
2025-03-31 17:30:00+00:00,1.85,1.9,1.85,1.9,100.0
2025-03-31 17:45:00+00:00,1.9,1.9,1.9,1.9,0.0
2025-03-31 18:00:00+00:00,1.9,1.9,1.9,1.9,0.0
2025-03-31 18:15:00+00:00,1.9,1.9,1.9,1.9,0.0
2025-03-31 18:30:00+00:00,1.9,1.9,1.9,1.9,0.0
2025-03-31 18:45:00+00:00,1.9,1.9,1.9,1.9,0.0
2025-03-31 19:00:00+00:00,1.9,2.07,1.9,2.07,350.0
2025-03-31 19:15:00+00:00,2.07,2.07,2.07,2.07,0.0
2025-03-31 19:30:00+00:00,2.07,2.07,2.07,2.07,0.0
2025-03-31 19:45:00+00:00,2.07,2.07,1.97,1.97,309.0
2025-04-01 13:30:00+00:00,1.97,2.01,1.97,2.01,9.0
2025-04-01 13:45:00+00:00,2.01,2.01,2.01,2.01,0.0
2025-04-01 14:00:00+00:00,2.01,2.01,2.01,2.01,0.0
2025-04-01 14:15:00+00:00,2.01,2.01,2.01,2.01,0.0
2025-04-01 14:30:00+00:00,2.01,2.01,2.01,2.01,0.0
2025-04-01 14:45:00+00:00,2.01,2.01,2.01,2.01,0.0
2025-04-01 15:00:00+00:00,2.01,2.01,2.01,2.01,0.0
2025-04-01 15:15:00+00:00,2.01,2.01,2.01,2.01,0.0
2025-04-01 15:30:00+00:00,2.01,2.01,2.01,2.01,0.0
2025-04-01 15:45:00+00:00,2.01,2.01,2.01,2.01,0.0
2025-04-01 16:00:00+00:00,2.01,2.01,2.01,2.01,0.0
2025-04-01 16:15:00+00:00,2.01,2.01,1.985,1.985,5.0
2025-04-01 16:30:00+00:00,1.985,1.985,1.985,1.985,36.0
2025-04-01 16:45:00+00:00,1.985,2.01,1.985,2.01,16.0
2025-04-01 17:00:00+00:00,2.01,2.01,2.01,2.01,3.0
2025-04-01 17:15:00+00:00,2.01,2.01,2.01,2.01,0.0
2025-04-01 17:30:00+00:00,2.01,2.01,2.01,2.01,1.0
2025-04-01 17:45:00+00:00,2.01,2.01,2.01,2.01,2.0
2025-04-01 18:00:00+00:00,2.01,2.01,2.0,2.0,22.0
2025-04-01 18:15:00+00:00,2.0,2.0,2.0,2.0,2.0
2025-04-01 18:30:00+00:00,2.0,2.0,2.0,2.0,2.0
2025-04-01 18:45:00+00:00,2.0,2.0,2.0,2.0,1.0
2025-04-01 19:00:00+00:00,2.0,2.01,2.0,2.01,14.0
2025-04-01 19:15:00+00:00,2.01,2.01,2.01,2.01,100.0
2025-04-01 19:30:00+00:00,2.01,2.02,2.01,2.02,100.0
2025-04-01 19:45:00+00:00,2.02,2.02,2.01,2.02,165.0
2025-04-02 13:30:00+00:00,2.02,2.02,2.02,2.02,0.0
2025-04-02 13:45:00+00:00,2.02,2.02,2.02,2.02,0.0
2025-04-02 14:00:00+00:00,2.02,2.02,2.02,2.02,0.0
2025-04-02 14:15:00+00:00,2.02,2.02,2.02,2.02,0.0
2025-04-02 14:30:00+00:00,2.02,2.02,2.02,2.02,0.0
2025-04-02 14:45:00+00:00,2.02,2.02,2.02,2.02,0.0
2025-04-02 15:00:00+00:00,2.03,2.03,2.03,2.03,20.0
2025-04-02 15:15:00+00:00,2.03,2.03,2.03,2.03,0.0
2025-04-02 15:30:00+00:00,2.03,2.03,2.03,2.03,0.0
2025-04-02 15:45:00+00:00,2.03,2.03,2.03,2.03,0.0
2025-04-02 16:00:00+00:00,2.03,2.03,2.03,2.03,0.0
2025-04-02 16:15:00+00:00,2.03,2.03,2.015,2.015,0.0
2025-04-02 16:30:00+00:00,2.015,2.03,2.015,2.03,100.0
2025-04-02 16:45:00+00:00,2.03,2.03,2.03,2.03,0.0
2025-04-02 17:00:00+00:00,2.03,2.03,2.03,2.03,0.0
2025-04-02 17:15:00+00:00,2.03,2.03,2.03,2.03,0.0
2025-04-02 17:30:00+00:00,2.03,2.03,2.03,2.03,0.0
2025-04-02 17:45:00+00:00,2.03,2.03,2.03,2.03,0.0
2025-04-02 18:00:00+00:00,2.03,2.03,2.03,2.03,0.0
2025-04-02 18:15:00+00:00,2.03,2.03,2.03,2.03,0.0
2025-04-02 18:30:00+00:00,2.03,2.03,2.015,2.015,0.0
2025-04-02 18:45:00+00:00,2.015,2.015,2.015,2.015,0.0
2025-04-02 19:00:00+00:00,2.01,2.01,2.01,2.01,0.0
2025-04-02 19:15:00+00:00,2.01,2.015,2.01,2.015,0.0
2025-04-02 19:30:00+00:00,2.015,2.015,2.015,2.015,0.0
2025-04-02 19:45:00+00:00,2.015,2.02,1.99,2.02,170.0
2025-04-03 13:30:00+00:00,2.02,2.02,2.02,2.02,0.0
2025-04-03 13:45:00+00:00,2.02,2.02,2.0,2.0,100.0
2025-04-03 14:00:00+00:00,2.0,2.0,2.0,2.0,0.0
2025-04-03 14:15:00+00:00,2.0,2.0,2.0,2.0,0.0
2025-04-03 14:30:00+00:00,2.0,2.01,2.0,2.01,0.0
2025-04-03 14:45:00+00:00,2.01,2.01,2.01,2.01,0.0
2025-04-03 15:00:00+00:00,2.01,2.01,2.01,2.01,0.0
2025-04-03 15:15:00+00:00,2.01,2.01,2.01,2.01,0.0
2025-04-03 15:30:00+00:00,2.01,2.01,2.01,2.01,0.0
2025-04-03 15:45:00+00:00,2.01,2.01,2.01,2.01,0.0
2025-04-03 16:00:00+00:00,2.01,2.01,2.01,2.01,0.0
2025-04-03 16:15:00+00:00,2.01,2.01,2.01,2.01,0.0
2025-04-03 16:30:00+00:00,2.01,2.01,2.01,2.01,0.0
2025-04-03 16:45:00+00:00,2.01,2.01,2.01,2.01,0.0
2025-04-03 17:00:00+00:00,2.01,2.01,2.01,2.01,0.0
2025-04-03 17:15:00+00:00,2.01,2.01,2.01,2.01,0.0
2025-04-03 17:30:00+00:00,2.01,2.01,2.01,2.01,0.0
2025-04-03 17:45:00+00:00,2.01,2.01,2.01,2.01,0.0
2025-04-03 18:00:00+00:00,2.01,2.01,2.01,2.01,0.0
2025-04-03 18:15:00+00:00,2.01,2.01,2.01,2.01,0.0
2025-04-03 18:30:00+00:00,2.01,2.01,2.01,2.01,0.0
2025-04-03 18:45:00+00:00,2.01,2.01,2.01,2.01,0.0
2025-04-03 19:00:00+00:00,2.01,2.01,2.01,2.01,0.0
2025-04-03 19:15:00+00:00,2.01,2.01,2.01,2.01,0.0
2025-04-03 19:30:00+00:00,2.01,2.01,2.01,2.01,0.0
2025-04-03 19:45:00+00:00,2.01,2.01,2.01,2.01,0.0
2025-04-04 13:30:00+00:00,2.01,2.01,2.01,2.01,0.0
2025-04-04 13:45:00+00:00,2.01,2.01,2.01,2.01,0.0
2025-04-04 14:00:00+00:00,2.01,2.01,2.01,2.01,0.0
2025-04-04 14:15:00+00:00,2.01,2.01,2.01,2.01,0.0
2025-04-04 14:30:00+00:00,2.01,2.01,1.99,1.99,50.0
2025-04-04 14:45:00+00:00,1.99,1.99,1.98,1.98,25.0
2025-04-04 15:00:00+00:00,1.98,1.98,1.98,1.98,0.0
2025-04-04 15:15:00+00:00,1.98,1.98,1.93,1.93,100.0
2025-04-04 15:30:00+00:00,1.93,1.945,1.93,1.945,25.0
2025-04-04 15:45:00+00:00,1.945,1.945,1.945,1.945,0.0
2025-04-04 16:00:00+00:00,1.945,1.945,1.945,1.945,25.0
2025-04-04 16:15:00+00:00,1.945,1.945,1.945,1.945,0.0
2025-04-04 16:30:00+00:00,1.945,1.945,1.88,1.89,100.0
2025-04-04 16:45:00+00:00,1.89,1.89,1.89,1.89,0.0
2025-04-04 17:00:00+00:00,1.89,1.89,1.89,1.89,0.0
2025-04-04 17:15:00+00:00,1.89,1.89,1.89,1.89,0.0
2025-04-04 17:30:00+00:00,1.89,1.89,1.89,1.89,0.0
2025-04-04 17:45:00+00:00,1.89,1.89,1.89,1.89,0.0
2025-04-04 18:00:00+00:00,1.89,1.89,1.89,1.89,0.0
2025-04-04 18:15:00+00:00,1.89,1.89,1.89,1.89,0.0
2025-04-04 18:30:00+00:00,1.89,1.89,1.89,1.89,0.0
2025-04-04 18:45:00+00:00,1.89,1.94,1.89,1.94,25.0
2025-04-04 19:00:00+00:00,1.94,1.94,1.94,1.94,0.0
2025-04-04 19:15:00+00:00,1.94,1.94,1.94,1.94,25.0
2025-04-04 19:30:00+00:00,1.94,1.94,1.94,1.94,25.0
2025-04-04 19:45:00+00:00,1.94,1.94,1.94,1.94,49.0
2025-04-07 13:30:00+00:00,1.94,1.94,1.94,1.94,0.0
2025-04-07 13:45:00+00:00,1.94,1.94,1.94,1.94,0.0
2025-04-07 14:00:00+00:00,1.94,1.94,1.94,1.94,0.0
2025-04-07 14:15:00+00:00,1.94,1.94,1.94,1.94,0.0
2025-04-07 14:30:00+00:00,1.94,1.94,1.94,1.94,0.0
2025-04-07 14:45:00+00:00,1.94,1.94,1.94,1.94,0.0
2025-04-07 15:00:00+00:00,1.94,1.94,1.94,1.94,0.0
2025-04-07 15:15:00+00:00,1.94,1.94,1.94,1.94,0.0
2025-04-07 15:30:00+00:00,1.94,1.94,1.94,1.94,0.0
2025-04-07 15:45:00+00:00,1.94,1.94,1.94,1.94,0.0
2025-04-07 16:00:00+00:00,1.94,1.94,1.94,1.94,0.0
2025-04-07 16:15:00+00:00,1.94,1.94,1.94,1.94,0.0
2025-04-07 16:30:00+00:00,1.94,1.94,1.94,1.94,0.0
2025-04-07 16:45:00+00:00,1.94,1.94,1.94,1.94,0.0
2025-04-07 17:00:00+00:00,1.94,1.94,1.94,1.94,0.0
2025-04-07 17:15:00+00:00,1.94,1.94,1.94,1.94,0.0
2025-04-07 17:30:00+00:00,1.94,1.94,1.94,1.94,0.0
2025-04-07 17:45:00+00:00,1.94,1.94,1.86,1.86,100.0
2025-04-07 18:00:00+00:00,1.86,1.86,1.86,1.86,0.0
2025-04-07 18:15:00+00:00,1.86,1.86,1.86,1.86,0.0
2025-04-07 18:30:00+00:00,1.86,1.86,1.86,1.86,0.0
2025-04-07 18:45:00+00:00,1.86,1.86,1.86,1.86,0.0
2025-04-07 19:00:00+00:00,1.86,1.86,1.86,1.86,0.0
2025-04-07 19:15:00+00:00,1.86,1.88,1.86,1.88,14.0
2025-04-07 19:30:00+00:00,1.88,1.88,1.88,1.88,0.0
2025-04-07 19:45:00+00:00,1.88,1.88,1.88,1.88,130.0
2025-04-08 13:30:00+00:00,1.88,1.88,1.88,1.88,0.0
2025-04-08 13:45:00+00:00,1.88,1.88,1.88,1.88,0.0
2025-04-08 14:00:00+00:00,1.88,1.88,1.88,1.88,0.0
2025-04-08 14:15:00+00:00,1.88,1.88,1.88,1.88,0.0
2025-04-08 14:30:00+00:00,1.88,1.88,1.88,1.88,0.0
2025-04-08 14:45:00+00:00,1.88,1.88,1.88,1.88,0.0
2025-04-08 15:00:00+00:00,1.88,1.88,1.88,1.88,0.0
2025-04-08 15:15:00+00:00,1.88,1.88,1.88,1.88,0.0
2025-04-08 15:30:00+00:00,1.88,1.88,1.88,1.88,0.0
2025-04-08 15:45:00+00:00,1.88,1.88,1.88,1.88,0.0
2025-04-08 16:00:00+00:00,1.88,1.94,1.88,1.94,100.0
2025-04-08 16:15:00+00:00,1.94,1.95,1.94,1.945,153.0
2025-04-08 16:30:00+00:00,1.945,1.945,1.945,1.945,0.0
2025-04-08 16:45:00+00:00,1.945,1.945,1.945,1.945,0.0
2025-04-08 17:00:00+00:00,1.945,1.945,1.945,1.945,0.0
2025-04-08 17:15:00+00:00,1.945,1.945,1.945,1.945,0.0
2025-04-08 17:30:00+00:00,1.945,1.945,1.945,1.945,0.0
2025-04-08 17:45:00+00:00,1.945,1.945,1.945,1.945,0.0
2025-04-08 18:00:00+00:00,1.945,1.945,1.945,1.945,0.0
2025-04-08 18:15:00+00:00,1.945,1.945,1.945,1.945,0.0
2025-04-08 18:30:00+00:00,1.945,1.96,1.945,1.96,100.0
2025-04-08 18:45:00+00:00,1.96,1.96,1.96,1.96,0.0
2025-04-08 19:00:00+00:00,1.96,1.96,1.96,1.96,0.0
2025-04-08 19:15:00+00:00,1.96,1.96,1.96,1.96,0.0
2025-04-08 19:30:00+00:00,1.96,1.96,1.96,1.96,0.0
2025-04-08 19:45:00+00:00,1.96,1.96,1.93,1.93,1.0
2025-04-09 13:30:00+00:00,1.93,1.93,1.93,1.93,0.0
2025-04-09 13:45:00+00:00,1.93,1.93,1.93,1.93,0.0
2025-04-09 14:00:00+00:00,1.93,1.93,1.93,1.93,0.0
2025-04-09 14:15:00+00:00,1.93,1.93,1.93,1.93,0.0
2025-04-09 14:30:00+00:00,1.93,1.93,1.93,1.93,0.0
2025-04-09 14:45:00+00:00,1.93,1.93,1.88,1.88,100.0
2025-04-09 15:00:00+00:00,1.88,1.88,1.88,1.88,0.0
2025-04-09 15:15:00+00:00,1.88,1.88,1.88,1.88,0.0
2025-04-09 15:30:00+00:00,1.88,1.88,1.88,1.88,0.0
2025-04-09 15:45:00+00:00,1.88,1.88,1.88,1.88,0.0
2025-04-09 16:00:00+00:00,1.88,1.88,1.88,1.88,0.0
2025-04-09 16:15:00+00:00,1.88,1.88,1.88,1.88,0.0
2025-04-09 16:30:00+00:00,1.88,1.88,1.88,1.88,0.0
2025-04-09 16:45:00+00:00,1.88,1.88,1.88,1.88,0.0
2025-04-09 17:00:00+00:00,1.88,1.88,1.88,1.88,0.0
2025-04-09 17:15:00+00:00,1.88,1.88,1.88,1.88,0.0
2025-04-09 17:30:00+00:00,1.88,1.88,1.88,1.88,0.0
2025-04-09 17:45:00+00:00,1.88,1.88,1.88,1.88,0.0
2025-04-09 18:00:00+00:00,1.88,1.88,1.88,1.88,0.0
2025-04-09 18:15:00+00:00,1.88,1.88,1.88,1.88,0.0
2025-04-09 18:30:00+00:00,1.88,1.88,1.88,1.88,0.0
2025-04-09 18:45:00+00:00,1.88,1.88,1.88,1.88,0.0
2025-04-09 19:00:00+00:00,1.88,1.9,1.88,1.9,100.0
2025-04-09 19:15:00+00:00,1.9,1.9,1.9,1.9,0.0
2025-04-09 19:30:00+00:00,1.9,1.9,1.9,1.9,0.0
2025-04-09 19:45:00+00:00,1.9,1.9,1.9,1.9,0.0
2025-04-10 13:30:00+00:00,1.9,1.9,1.9,1.9,0.0
2025-04-10 13:45:00+00:00,1.9,1.9,1.9,1.9,0.0
2025-04-10 14:00:00+00:00,1.9,1.9,1.9,1.9,0.0
2025-04-10 14:15:00+00:00,1.9,1.925,1.9,1.925,0.0
2025-04-10 14:30:00+00:00,1.915,1.915,1.915,1.915,0.0
2025-04-10 14:45:00+00:00,1.915,1.915,1.915,1.915,0.0
2025-04-10 15:00:00+00:00,1.915,1.915,1.915,1.915,0.0
2025-04-10 15:15:00+00:00,1.915,1.915,1.915,1.915,0.0
2025-04-10 15:30:00+00:00,1.915,1.915,1.915,1.915,0.0
2025-04-10 15:45:00+00:00,1.915,1.915,1.915,1.915,0.0
2025-04-10 16:00:00+00:00,1.915,1.915,1.915,1.915,0.0
2025-04-10 16:15:00+00:00,1.915,1.915,1.915,1.915,0.0
2025-04-10 16:30:00+00:00,1.915,1.915,1.915,1.915,0.0
2025-04-10 16:45:00+00:00,1.915,1.915,1.915,1.915,0.0
2025-04-10 17:00:00+00:00,1.915,1.915,1.915,1.915,0.0
2025-04-10 17:15:00+00:00,1.915,1.915,1.915,1.915,0.0
2025-04-10 17:30:00+00:00,1.915,1.915,1.85,1.85,75.0
2025-04-10 17:45:00+00:00,1.85,1.85,1.85,1.85,0.0
2025-04-10 18:00:00+00:00,1.85,1.85,1.85,1.85,0.0
2025-04-10 18:15:00+00:00,1.85,1.85,1.85,1.85,0.0
2025-04-10 18:30:00+00:00,1.85,1.85,1.85,1.85,0.0
2025-04-10 18:45:00+00:00,1.85,1.86,1.85,1.86,100.0
2025-04-10 19:00:00+00:00,1.86,1.86,1.86,1.86,0.0
2025-04-10 19:15:00+00:00,1.86,1.86,1.86,1.86,0.0
2025-04-10 19:30:00+00:00,1.86,1.86,1.86,1.86,0.0
2025-04-10 19:45:00+00:00,1.86,1.86,1.86,1.86,0.0
2025-04-11 13:30:00+00:00,1.86,1.86,1.86,1.86,0.0
2025-04-11 13:45:00+00:00,1.86,1.86,1.86,1.86,0.0
2025-04-11 14:00:00+00:00,1.86,1.86,1.86,1.86,0.0
2025-04-11 14:15:00+00:00,1.86,1.86,1.86,1.86,0.0
2025-04-11 14:30:00+00:00,1.86,1.86,1.86,1.86,0.0
2025-04-11 14:45:00+00:00,1.86,1.86,1.86,1.86,0.0
2025-04-11 15:00:00+00:00,1.86,1.86,1.86,1.86,0.0
2025-04-11 15:15:00+00:00,1.86,1.86,1.86,1.86,0.0
2025-04-11 15:30:00+00:00,1.86,1.86,1.86,1.86,0.0
2025-04-11 15:45:00+00:00,1.86,1.86,1.86,1.86,0.0
2025-04-11 16:00:00+00:00,1.86,2.035,1.86,2.01,127.0
2025-04-11 16:15:00+00:00,2.01,2.01,2.01,2.01,0.0
2025-04-11 16:30:00+00:00,2.01,2.01,2.01,2.01,0.0
2025-04-11 16:45:00+00:00,2.01,2.01,2.01,2.01,0.0
2025-04-11 17:00:00+00:00,2.01,2.07,2.01,2.07,100.0
2025-04-11 17:15:00+00:00,2.07,2.18,2.07,2.18,950.0
2025-04-11 17:30:00+00:00,2.18,2.18,2.18,2.18,0.0
2025-04-11 17:45:00+00:00,2.18,2.2,2.18,2.2,200.0
2025-04-11 18:00:00+00:00,2.2,2.2,2.2,2.2,0.0
2025-04-11 18:15:00+00:00,2.2,2.2,2.2,2.2,0.0
2025-04-11 18:30:00+00:00,2.2,2.2,2.19,2.19,200.0
2025-04-11 18:45:00+00:00,2.19,2.19,2.19,2.19,0.0
2025-04-11 19:00:00+00:00,2.19,2.19,2.11,2.11,100.0
2025-04-11 19:15:00+00:00,2.11,2.11,2.11,2.11,0.0
2025-04-11 19:30:00+00:00,2.11,2.11,2.11,2.11,0.0
2025-04-11 19:45:00+00:00,2.11,2.145,2.11,2.145,26.0
2025-04-14 13:30:00+00:00,2.145,2.145,2.145,2.145,0.0
2025-04-14 13:45:00+00:00,2.145,2.145,2.145,2.145,0.0
2025-04-14 14:00:00+00:00,2.145,2.145,2.145,2.145,0.0
2025-04-14 14:15:00+00:00,2.145,2.145,2.145,2.145,0.0
2025-04-14 14:30:00+00:00,2.145,2.145,2.145,2.145,0.0
2025-04-14 14:45:00+00:00,2.145,2.145,2.145,2.145,0.0
2025-04-14 15:00:00+00:00,2.145,2.145,2.145,2.145,0.0
2025-04-14 15:15:00+00:00,2.145,2.145,2.145,2.145,0.0
2025-04-14 15:30:00+00:00,2.145,2.145,2.145,2.145,0.0
2025-04-14 15:45:00+00:00,2.145,2.145,2.145,2.145,0.0
2025-04-14 16:00:00+00:00,2.145,2.145,2.145,2.145,0.0
2025-04-14 16:15:00+00:00,2.145,2.23,2.14,2.23,400.0
2025-04-14 16:30:00+00:00,2.23,2.23,2.21,2.21,300.0
2025-04-14 16:45:00+00:00,2.21,2.21,2.21,2.21,0.0
2025-04-14 17:00:00+00:00,2.21,2.21,2.21,2.21,0.0
2025-04-14 17:15:00+00:00,2.21,2.21,2.21,2.21,0.0
2025-04-14 17:30:00+00:00,2.21,2.21,2.21,2.21,0.0
2025-04-14 17:45:00+00:00,2.21,2.21,2.21,2.21,0.0
2025-04-14 18:00:00+00:00,2.21,2.25,2.21,2.25,24.0
2025-04-14 18:15:00+00:00,2.25,2.25,2.25,2.25,4.0
2025-04-14 18:30:00+00:00,2.25,2.25,2.18,2.18,31.0
2025-04-14 18:45:00+00:00,2.18,2.22,2.18,2.22,1.0
2025-04-14 19:00:00+00:00,2.22,2.29,2.22,2.29,149.0
2025-04-14 19:15:00+00:00,2.29,2.29,2.29,2.29,0.0
2025-04-14 19:30:00+00:00,2.29,2.29,2.29,2.29,0.0
2025-04-14 19:45:00+00:00,2.29,2.29,2.21,2.21,17.0
2025-04-15 13:30:00+00:00,2.21,2.21,2.21,2.21,0.0
2025-04-15 13:45:00+00:00,2.21,2.21,2.21,2.21,0.0
2025-04-15 14:00:00+00:00,2.21,2.21,2.21,2.21,0.0
2025-04-15 14:15:00+00:00,2.21,2.21,2.21,2.21,0.0
2025-04-15 14:30:00+00:00,2.21,2.21,2.21,2.21,0.0
2025-04-15 14:45:00+00:00,2.44,2.47,2.43,2.47,300.0
2025-04-15 15:00:00+00:00,2.47,2.47,2.47,2.47,0.0
2025-04-15 15:15:00+00:00,2.47,2.47,2.47,2.47,0.0
2025-04-15 15:30:00+00:00,2.47,2.47,2.47,2.47,100.0
2025-04-15 15:45:00+00:00,2.47,2.47,2.47,2.47,0.0
2025-04-15 16:00:00+00:00,2.47,2.47,2.47,2.47,0.0
2025-04-15 16:15:00+00:00,2.47,2.47,2.47,2.47,0.0
2025-04-15 16:30:00+00:00,2.47,2.47,2.47,2.47,0.0
2025-04-15 16:45:00+00:00,2.47,2.47,2.47,2.47,0.0
2025-04-15 17:00:00+00:00,2.44,2.44,2.35,2.35,200.0
2025-04-15 17:15:00+00:00,2.35,2.35,2.35,2.35,0.0
2025-04-15 17:30:00+00:00,2.35,2.35,2.35,2.35,0.0
2025-04-15 17:45:00+00:00,2.35,2.35,2.35,2.35,0.0
2025-04-15 18:00:00+00:00,2.35,2.35,2.35,2.35,0.0
2025-04-15 18:15:00+00:00,2.35,2.35,2.35,2.35,0.0
2025-04-15 18:30:00+00:00,2.35,2.35,2.25,2.25,49.0
2025-04-15 18:45:00+00:00,2.25,2.25,2.25,2.25,0.0
2025-04-15 19:00:00+00:00,2.25,2.25,2.25,2.25,0.0
2025-04-15 19:15:00+00:00,2.25,2.25,2.25,2.25,0.0
2025-04-15 19:30:00+00:00,2.25,2.25,2.25,2.25,0.0
2025-04-15 19:45:00+00:00,2.25,2.25,2.25,2.25,0.0
2025-04-16 13:30:00+00:00,2.25,2.25,2.25,2.25,0.0
2025-04-16 13:45:00+00:00,2.25,2.25,2.25,2.25,0.0
2025-04-16 14:00:00+00:00,2.25,2.25,2.25,2.25,0.0
2025-04-16 14:15:00+00:00,2.25,2.25,2.25,2.25,0.0
2025-04-16 14:30:00+00:00,2.25,2.25,2.25,2.25,0.0
2025-04-16 14:45:00+00:00,2.25,2.25,2.25,2.25,0.0
2025-04-16 15:00:00+00:00,2.25,2.25,2.25,2.25,0.0
2025-04-16 15:15:00+00:00,2.25,2.25,2.22,2.22,19.0
2025-04-16 15:30:00+00:00,2.22,2.22,2.22,2.22,0.0
2025-04-16 15:45:00+00:00,2.22,2.22,2.22,2.22,0.0
2025-04-16 16:00:00+00:00,2.22,2.22,2.22,2.22,0.0
2025-04-16 16:15:00+00:00,2.22,2.22,2.22,2.22,0.0
2025-04-16 16:30:00+00:00,2.22,2.22,2.22,2.22,0.0
2025-04-16 16:45:00+00:00,2.22,2.22,2.22,2.22,0.0
2025-04-16 17:00:00+00:00,2.22,2.22,2.22,2.22,0.0
2025-04-16 17:15:00+00:00,2.22,2.22,2.22,2.22,0.0
2025-04-16 17:30:00+00:00,2.22,2.22,2.22,2.22,0.0
2025-04-16 17:45:00+00:00,2.22,2.22,2.22,2.22,0.0
2025-04-16 18:00:00+00:00,2.22,2.22,2.185,2.185,0.0
2025-04-16 18:15:00+00:00,2.185,2.185,2.185,2.185,0.0
2025-04-16 18:30:00+00:00,2.185,2.185,2.16,2.16,118.0
2025-04-16 18:45:00+00:00,2.16,2.16,2.16,2.16,0.0
2025-04-16 19:00:00+00:00,2.16,2.16,2.16,2.16,0.0
2025-04-16 19:15:00+00:00,2.16,2.16,2.01,2.01,100.0
2025-04-16 19:30:00+00:00,2.01,2.01,2.01,2.01,0.0
2025-04-16 19:45:00+00:00,2.01,2.01,2.01,2.01,0.0
2025-04-17 13:30:00+00:00,2.15,2.15,2.15,2.15,200.0
2025-04-17 13:45:00+00:00,2.15,2.15,2.15,2.15,0.0
2025-04-17 14:00:00+00:00,2.15,2.15,2.15,2.15,100.0
2025-04-17 14:15:00+00:00,2.15,2.15,2.15,2.15,0.0
2025-04-17 14:30:00+00:00,2.15,2.15,2.15,2.15,0.0
2025-04-17 14:45:00+00:00,2.21,2.21,2.21,2.21,40.0
2025-04-17 15:00:00+00:00,2.21,2.21,2.16,2.16,100.0
2025-04-17 15:15:00+00:00,2.16,2.16,2.16,2.16,0.0
2025-04-17 15:30:00+00:00,2.16,2.16,2.16,2.16,0.0
2025-04-17 15:45:00+00:00,2.16,2.16,2.16,2.16,0.0
2025-04-17 16:00:00+00:00,2.16,2.41,2.16,2.41,400.0
2025-04-17 16:15:00+00:00,2.41,2.41,2.41,2.41,0.0
2025-04-17 16:30:00+00:00,2.41,2.41,2.41,2.41,0.0
2025-04-17 16:45:00+00:00,2.41,2.41,2.41,2.41,0.0
2025-04-17 17:00:00+00:00,2.41,2.41,2.41,2.41,0.0
2025-04-17 17:15:00+00:00,2.41,2.41,2.41,2.41,0.0
2025-04-17 17:30:00+00:00,2.41,2.41,2.41,2.41,0.0
2025-04-17 17:45:00+00:00,2.41,2.41,2.41,2.41,0.0
2025-04-17 18:00:00+00:00,2.41,2.41,2.41,2.41,0.0
2025-04-17 18:15:00+00:00,2.41,2.41,2.41,2.41,0.0
2025-04-17 18:30:00+00:00,2.41,2.41,2.41,2.41,0.0
2025-04-17 18:45:00+00:00,2.41,2.41,2.41,2.41,0.0
2025-04-17 19:00:00+00:00,2.41,2.41,2.41,2.41,0.0
2025-04-17 19:15:00+00:00,2.41,2.41,2.41,2.41,0.0
2025-04-17 19:30:00+00:00,2.41,2.41,2.285,2.285,100.0
2025-04-17 19:45:00+00:00,2.285,2.285,2.285,2.285,0.0
2025-04-18 13:30:00+00:00,2.285,2.285,2.285,2.285,0.0
2025-04-18 13:45:00+00:00,2.285,2.285,2.285,2.285,0.0
2025-04-18 14:00:00+00:00,2.285,2.285,2.285,2.285,0.0
2025-04-18 14:15:00+00:00,2.285,2.285,2.285,2.285,0.0
2025-04-18 14:30:00+00:00,2.285,2.285,2.285,2.285,0.0
2025-04-18 14:45:00+00:00,2.285,2.285,2.285,2.285,0.0
2025-04-18 15:00:00+00:00,2.285,2.285,2.285,2.285,0.0
2025-04-18 15:15:00+00:00,2.285,2.285,2.285,2.285,0.0
2025-04-18 15:30:00+00:00,2.285,2.285,2.285,2.285,0.0
2025-04-18 15:45:00+00:00,2.285,2.285,2.285,2.285,0.0
2025-04-18 16:00:00+00:00,2.285,2.285,2.285,2.285,0.0
2025-04-18 16:15:00+00:00,2.285,2.285,2.285,2.285,0.0
2025-04-18 16:30:00+00:00,2.285,2.285,2.285,2.285,0.0
2025-04-18 16:45:00+00:00,2.285,2.285,2.285,2.285,0.0
2025-04-18 17:00:00+00:00,2.285,2.285,2.285,2.285,0.0
2025-04-18 17:15:00+00:00,2.285,2.285,2.285,2.285,0.0
2025-04-18 17:30:00+00:00,2.285,2.285,2.285,2.285,0.0
2025-04-18 17:45:00+00:00,2.285,2.285,2.285,2.285,0.0
2025-04-18 18:00:00+00:00,2.285,2.285,2.285,2.285,0.0
2025-04-18 18:15:00+00:00,2.285,2.285,2.285,2.285,0.0
2025-04-18 18:30:00+00:00,2.285,2.285,2.285,2.285,0.0
2025-04-18 18:45:00+00:00,2.285,2.285,2.285,2.285,0.0
2025-04-18 19:00:00+00:00,2.285,2.285,2.285,2.285,0.0
2025-04-18 19:15:00+00:00,2.285,2.285,2.285,2.285,0.0
2025-04-18 19:30:00+00:00,2.285,2.285,2.285,2.285,0.0
2025-04-18 19:45:00+00:00,2.285,2.285,2.285,2.285,0.0
2025-04-21 13:30:00+00:00,2.285,2.285,2.285,2.285,0.0
2025-04-21 13:45:00+00:00,2.285,2.285,2.285,2.285,0.0
2025-04-21 14:00:00+00:00,2.285,2.285,2.285,2.285,0.0
2025-04-21 14:15:00+00:00,2.285,2.34,2.285,2.34,100.0
2025-04-21 14:30:00+00:00,2.34,2.34,2.34,2.34,0.0
2025-04-21 14:45:00+00:00,2.34,2.34,2.34,2.34,0.0
2025-04-21 15:00:00+00:00,2.34,2.34,2.34,2.34,0.0
2025-04-21 15:15:00+00:00,2.34,2.34,2.275,2.275,100.0
2025-04-21 15:30:00+00:00,2.275,2.275,2.275,2.275,0.0
2025-04-21 15:45:00+00:00,2.275,2.275,2.275,2.275,0.0
2025-04-21 16:00:00+00:00,2.275,2.31,2.22,2.31,210.0
2025-04-21 16:15:00+00:00,2.31,2.31,2.31,2.31,0.0
2025-04-21 16:30:00+00:00,2.31,2.31,2.31,2.31,0.0
2025-04-21 16:45:00+00:00,2.31,2.31,2.31,2.31,0.0
2025-04-21 17:00:00+00:00,2.31,2.31,2.16,2.16,200.0
2025-04-21 17:15:00+00:00,2.16,2.16,2.16,2.16,0.0
2025-04-21 17:30:00+00:00,2.16,2.16,2.16,2.16,0.0
2025-04-21 17:45:00+00:00,2.16,2.16,2.16,2.16,0.0
2025-04-21 18:00:00+00:00,2.16,2.16,2.16,2.16,0.0
2025-04-21 18:15:00+00:00,2.16,2.19,2.16,2.19,22.0
2025-04-21 18:30:00+00:00,2.33,2.37,2.33,2.37,101.0
2025-04-21 18:45:00+00:00,2.37,2.39,2.37,2.39,100.0
2025-04-21 19:00:00+00:00,2.39,2.39,2.39,2.39,0.0
2025-04-21 19:15:00+00:00,2.39,2.39,2.39,2.39,0.0
2025-04-21 19:30:00+00:00,2.39,2.39,2.39,2.39,0.0
2025-04-21 19:45:00+00:00,2.39,2.39,2.39,2.39,49.0
2025-04-22 13:30:00+00:00,2.39,2.4,2.39,2.4,100.0
2025-04-22 13:45:00+00:00,2.4,2.4,2.4,2.4,0.0
2025-04-22 14:00:00+00:00,2.4,2.4,2.4,2.4,0.0
2025-04-22 14:15:00+00:00,2.4,2.4,2.4,2.4,0.0
2025-04-22 14:30:00+00:00,2.4,2.4,2.4,2.4,0.0
2025-04-22 14:45:00+00:00,2.4,2.4,2.4,2.4,0.0
2025-04-22 15:00:00+00:00,2.4,2.4,2.4,2.4,0.0
2025-04-22 15:15:00+00:00,2.4,2.4,2.4,2.4,0.0
2025-04-22 15:30:00+00:00,2.4,2.4,2.3,2.305,5.0
2025-04-22 15:45:00+00:00,2.305,2.305,2.29,2.29,100.0
2025-04-22 16:00:00+00:00,2.29,2.305,2.29,2.29,98.0
2025-04-22 16:15:00+00:00,2.29,2.305,2.29,2.305,0.0
2025-04-22 16:30:00+00:00,2.305,2.305,2.305,2.305,0.0
2025-04-22 16:45:00+00:00,2.305,2.305,2.305,2.305,0.0
2025-04-22 17:00:00+00:00,2.305,2.305,2.305,2.305,0.0
2025-04-22 17:15:00+00:00,2.305,2.305,2.305,2.305,0.0
2025-04-22 17:30:00+00:00,2.305,2.305,2.3,2.3,46.0
2025-04-22 17:45:00+00:00,2.3,2.3,2.3,2.3,0.0
2025-04-22 18:00:00+00:00,2.3,2.3,2.3,2.3,0.0
2025-04-22 18:15:00+00:00,2.3,2.3,2.3,2.3,0.0
2025-04-22 18:30:00+00:00,2.3,2.3,2.3,2.3,0.0
2025-04-22 18:45:00+00:00,2.3,2.3,2.3,2.3,0.0
2025-04-22 19:00:00+00:00,2.3,2.3,2.3,2.3,0.0
2025-04-22 19:15:00+00:00,2.3,2.3,2.3,2.3,0.0
2025-04-22 19:30:00+00:00,2.3,2.3,2.3,2.3,0.0
2025-04-22 19:45:00+00:00,2.3,2.39,2.3,2.39,31.0
2025-04-23 13:30:00+00:00,2.39,2.39,2.39,2.39,0.0
2025-04-23 13:45:00+00:00,2.39,2.39,2.39,2.39,0.0
2025-04-23 14:00:00+00:00,2.39,2.39,2.32,2.32,100.0
2025-04-23 14:15:00+00:00,2.32,2.32,2.32,2.32,0.0
2025-04-23 14:30:00+00:00,2.32,2.32,2.32,2.32,0.0
2025-04-23 14:45:00+00:00,2.32,2.32,2.32,2.32,0.0
2025-04-23 15:00:00+00:00,2.32,2.32,2.31,2.31,100.0
2025-04-23 15:15:00+00:00,2.31,2.31,2.24,2.24,800.0
2025-04-23 15:30:00+00:00,2.24,2.24,2.24,2.24,0.0
2025-04-23 15:45:00+00:00,2.24,2.24,2.24,2.24,0.0
2025-04-23 16:00:00+00:00,2.24,2.24,2.24,2.24,0.0
2025-04-23 16:15:00+00:00,2.24,2.24,2.24,2.24,0.0
2025-04-23 16:30:00+00:00,2.24,2.24,2.24,2.24,0.0
2025-04-23 16:45:00+00:00,2.24,2.24,2.24,2.24,0.0
2025-04-23 17:00:00+00:00,2.24,2.24,2.24,2.24,0.0
2025-04-23 17:15:00+00:00,2.24,2.24,2.24,2.24,0.0
2025-04-23 17:30:00+00:00,2.24,2.24,2.24,2.24,0.0
2025-04-23 17:45:00+00:00,2.24,2.24,2.24,2.24,0.0
2025-04-23 18:00:00+00:00,2.24,2.24,2.24,2.24,0.0
2025-04-23 18:15:00+00:00,2.24,2.24,2.24,2.24,0.0
2025-04-23 18:30:00+00:00,2.24,2.28,2.24,2.28,100.0
2025-04-23 18:45:00+00:00,2.28,2.28,2.28,2.28,0.0
2025-04-23 19:00:00+00:00,2.28,2.28,2.24,2.24,200.0
2025-04-23 19:15:00+00:00,2.24,2.24,2.24,2.24,0.0
2025-04-23 19:30:00+00:00,2.24,2.24,2.23,2.23,90.0
2025-04-23 19:45:00+00:00,2.23,2.23,2.23,2.23,0.0
2025-04-24 13:30:00+00:00,2.23,2.23,2.23,2.23,0.0
2025-04-24 13:45:00+00:00,2.23,2.23,2.23,2.23,0.0
2025-04-24 14:00:00+00:00,2.23,2.23,2.23,2.23,0.0
2025-04-24 14:15:00+00:00,2.23,2.23,2.23,2.23,0.0
2025-04-24 14:30:00+00:00,2.23,2.23,2.23,2.23,0.0
2025-04-24 14:45:00+00:00,2.23,2.23,2.23,2.23,0.0
2025-04-24 15:00:00+00:00,2.23,2.23,2.23,2.23,0.0
2025-04-24 15:15:00+00:00,2.23,2.23,2.23,2.23,0.0
2025-04-24 15:30:00+00:00,2.23,2.23,2.23,2.23,0.0
2025-04-24 15:45:00+00:00,2.23,2.23,2.23,2.23,0.0
2025-04-24 16:00:00+00:00,2.23,2.23,2.23,2.23,0.0
2025-04-24 16:15:00+00:00,2.23,2.23,2.23,2.23,0.0
2025-04-24 16:30:00+00:00,2.23,2.23,2.23,2.23,0.0
2025-04-24 16:45:00+00:00,2.23,2.23,2.23,2.23,0.0
2025-04-24 17:00:00+00:00,2.23,2.23,2.23,2.23,0.0
2025-04-24 17:15:00+00:00,2.23,2.23,2.23,2.23,0.0
2025-04-24 17:30:00+00:00,2.23,2.23,2.23,2.23,0.0
2025-04-24 17:45:00+00:00,2.23,2.23,2.23,2.23,0.0
2025-04-24 18:00:00+00:00,2.23,2.23,2.23,2.23,0.0
2025-04-24 18:15:00+00:00,2.23,2.23,2.23,2.23,0.0
2025-04-24 18:30:00+00:00,2.23,2.23,2.23,2.23,0.0
2025-04-24 18:45:00+00:00,2.23,2.245,2.215,2.215,100.0
2025-04-24 19:00:00+00:00,2.215,2.215,2.215,2.215,0.0
2025-04-24 19:15:00+00:00,2.215,2.215,2.215,2.215,0.0
2025-04-24 19:30:00+00:00,2.215,2.215,2.215,2.215,0.0
2025-04-24 19:45:00+00:00,2.23,2.23,2.2,2.2,236.0
2025-04-25 13:30:00+00:00,2.2,2.2,2.2,2.2,0.0
2025-04-25 13:45:00+00:00,2.2,2.2,2.2,2.2,0.0
2025-04-25 14:00:00+00:00,2.2,2.2,2.2,2.2,0.0
2025-04-25 14:15:00+00:00,2.2,2.2,2.2,2.2,0.0
2025-04-25 14:30:00+00:00,2.2,2.2,2.2,2.2,0.0
2025-04-25 14:45:00+00:00,2.2,2.2,2.2,2.2,0.0
2025-04-25 15:00:00+00:00,2.2,2.2,2.2,2.2,0.0
2025-04-25 15:15:00+00:00,2.2,2.2,2.2,2.2,0.0
2025-04-25 15:30:00+00:00,2.2,2.2,2.2,2.2,0.0
2025-04-25 15:45:00+00:00,2.2,2.2,2.2,2.2,0.0
2025-04-25 16:00:00+00:00,2.2,2.2,2.2,2.2,0.0
2025-04-25 16:15:00+00:00,2.2,2.2,2.2,2.2,0.0
2025-04-25 16:30:00+00:00,2.2,2.2,2.2,2.2,0.0
2025-04-25 16:45:00+00:00,2.2,2.2,2.2,2.2,0.0
2025-04-25 17:00:00+00:00,2.2,2.2,2.2,2.2,0.0
2025-04-25 17:15:00+00:00,2.2,2.2,2.2,2.2,0.0
2025-04-25 17:30:00+00:00,2.2,2.2,2.2,2.2,0.0
2025-04-25 17:45:00+00:00,2.2,2.2,2.2,2.2,0.0
2025-04-25 18:00:00+00:00,2.2,2.2,2.2,2.2,0.0
2025-04-25 18:15:00+00:00,2.2,2.35,2.2,2.35,19.0
2025-04-25 18:30:00+00:00,2.35,2.35,2.35,2.35,0.0
2025-04-25 18:45:00+00:00,2.35,2.35,2.35,2.35,0.0
2025-04-25 19:00:00+00:00,2.35,2.35,2.35,2.35,0.0
2025-04-25 19:15:00+00:00,2.35,2.35,2.35,2.35,0.0
2025-04-25 19:30:00+00:00,2.35,2.35,2.35,2.35,0.0
2025-04-25 19:45:00+00:00,2.35,2.35,2.35,2.35,0.0
2025-04-28 13:30:00+00:00,2.35,2.35,2.35,2.35,0.0
2025-04-28 13:45:00+00:00,2.35,2.35,2.35,2.35,0.0
2025-04-28 14:00:00+00:00,2.35,2.35,2.35,2.35,0.0
2025-04-28 14:15:00+00:00,2.35,2.35,2.35,2.35,0.0
2025-04-28 14:30:00+00:00,2.35,2.35,2.35,2.35,0.0
2025-04-28 14:45:00+00:00,2.35,2.35,2.35,2.35,0.0
2025-04-28 15:00:00+00:00,2.35,2.35,2.35,2.35,0.0
2025-04-28 15:15:00+00:00,2.35,2.35,2.35,2.35,0.0
2025-04-28 15:30:00+00:00,2.35,2.35,2.35,2.35,0.0
2025-04-28 15:45:00+00:00,2.35,2.35,2.35,2.35,0.0
2025-04-28 16:00:00+00:00,2.35,2.35,2.35,2.35,0.0
2025-04-28 16:15:00+00:00,2.35,2.35,2.35,2.35,0.0
2025-04-28 16:30:00+00:00,2.35,2.35,2.22,2.22,24.0
2025-04-28 16:45:00+00:00,2.22,2.22,2.22,2.22,0.0
2025-04-28 17:00:00+00:00,2.22,2.22,2.22,2.22,0.0
2025-04-28 17:15:00+00:00,2.22,2.22,2.16,2.16,80.0
2025-04-28 17:30:00+00:00,2.16,2.16,2.16,2.16,0.0
2025-04-28 17:45:00+00:00,2.16,2.16,2.16,2.16,0.0
2025-04-28 18:00:00+00:00,2.16,2.16,2.16,2.16,0.0
2025-04-28 18:15:00+00:00,2.16,2.23,2.16,2.23,9.0
2025-04-28 18:30:00+00:00,2.23,2.23,2.23,2.23,0.0
2025-04-28 18:45:00+00:00,2.23,2.23,2.23,2.23,0.0
2025-04-28 19:00:00+00:00,2.23,2.23,2.23,2.23,0.0
2025-04-28 19:15:00+00:00,2.23,2.23,2.23,2.23,0.0
2025-04-28 19:30:00+00:00,2.23,2.23,2.23,2.23,0.0
2025-04-28 19:45:00+00:00,2.23,2.23,2.15,2.15,100.0
2025-04-29 13:30:00+00:00,2.15,2.15,2.15,2.15,0.0
2025-04-29 13:45:00+00:00,2.15,2.15,2.15,2.15,0.0
2025-04-29 14:00:00+00:00,2.15,2.15,2.15,2.15,0.0
2025-04-29 14:15:00+00:00,2.15,2.15,2.15,2.15,0.0
2025-04-29 14:30:00+00:00,2.15,2.15,2.15,2.15,0.0
2025-04-29 14:45:00+00:00,2.15,2.15,2.15,2.15,0.0
2025-04-29 15:00:00+00:00,2.15,2.15,2.15,2.15,0.0
2025-04-29 15:15:00+00:00,2.15,2.15,2.15,2.15,0.0
2025-04-29 15:30:00+00:00,2.15,2.15,2.15,2.15,0.0
2025-04-29 15:45:00+00:00,2.15,2.15,2.12,2.15,124.0
2025-04-29 16:00:00+00:00,2.15,2.15,2.15,2.15,0.0
2025-04-29 16:15:00+00:00,2.15,2.15,2.15,2.15,0.0
2025-04-29 16:30:00+00:00,2.15,2.17,2.15,2.17,24.0
2025-04-29 16:45:00+00:00,2.17,2.17,2.17,2.17,0.0
2025-04-29 17:00:00+00:00,2.17,2.17,2.16,2.16,24.0
2025-04-29 17:15:00+00:00,2.16,2.16,2.16,2.16,0.0
2025-04-29 17:30:00+00:00,2.16,2.17,2.16,2.17,24.0
2025-04-29 17:45:00+00:00,2.17,2.17,2.17,2.17,0.0
2025-04-29 18:00:00+00:00,2.17,2.17,2.155,2.155,0.0
2025-04-29 18:15:00+00:00,2.155,2.17,2.155,2.17,32.0
2025-04-29 18:30:00+00:00,2.17,2.17,2.17,2.17,0.0
2025-04-29 18:45:00+00:00,2.17,2.17,2.17,2.17,0.0
2025-04-29 19:00:00+00:00,2.17,2.17,2.17,2.17,0.0
2025-04-29 19:15:00+00:00,2.17,2.17,2.17,2.17,0.0
2025-04-29 19:30:00+00:00,2.17,2.17,2.17,2.17,0.0
2025-04-29 19:45:00+00:00,2.17,2.17,2.17,2.17,0.0
2025-04-30 13:30:00+00:00,2.17,2.17,2.17,2.17,0.0
2025-04-30 13:45:00+00:00,2.17,2.17,2.17,2.17,0.0
2025-04-30 14:00:00+00:00,2.17,2.17,2.17,2.17,0.0
2025-04-30 14:15:00+00:00,2.17,2.17,2.17,2.17,0.0
2025-04-30 14:30:00+00:00,2.17,2.17,2.17,2.17,0.0
2025-04-30 14:45:00+00:00,2.17,2.17,2.17,2.17,0.0
2025-04-30 15:00:00+00:00,2.17,2.17,2.17,2.17,0.0
2025-04-30 15:15:00+00:00,2.17,2.17,2.17,2.17,0.0
2025-04-30 15:30:00+00:00,2.17,2.17,2.17,2.17,0.0
2025-04-30 15:45:00+00:00,2.17,2.17,2.17,2.17,0.0
2025-04-30 16:00:00+00:00,2.17,2.17,2.17,2.17,0.0
2025-04-30 16:15:00+00:00,2.17,2.17,2.17,2.17,0.0
2025-04-30 16:30:00+00:00,2.17,2.17,2.17,2.17,0.0
2025-04-30 16:45:00+00:00,2.17,2.17,2.17,2.17,0.0
2025-04-30 17:00:00+00:00,2.17,2.17,2.17,2.17,0.0
2025-04-30 17:15:00+00:00,2.17,2.17,2.17,2.17,0.0
2025-04-30 17:30:00+00:00,2.17,2.17,2.17,2.17,0.0
2025-04-30 17:45:00+00:00,2.17,2.17,2.17,2.17,0.0
2025-04-30 18:00:00+00:00,2.17,2.17,2.17,2.17,0.0
2025-04-30 18:15:00+00:00,2.17,2.17,2.17,2.17,0.0
2025-04-30 18:30:00+00:00,2.17,2.17,2.17,2.17,0.0
2025-04-30 18:45:00+00:00,2.17,2.17,2.17,2.17,0.0
2025-04-30 19:00:00+00:00,2.17,2.17,2.17,2.17,0.0
2025-04-30 19:15:00+00:00,2.17,2.17,2.17,2.17,0.0
2025-04-30 19:30:00+00:00,2.17,2.17,2.17,2.17,0.0
2025-04-30 19:45:00+00:00,2.17,2.36,2.17,2.36,3.0
2025-05-01 13:30:00+00:00,2.36,2.36,2.36,2.36,0.0
2025-05-01 13:45:00+00:00,2.36,2.36,2.33,2.33,22.0
2025-05-01 14:00:00+00:00,2.33,2.33,2.33,2.33,0.0
2025-05-01 14:15:00+00:00,2.33,2.33,2.28,2.28,100.0
2025-05-01 14:30:00+00:00,2.28,2.28,2.28,2.28,0.0
2025-05-01 14:45:00+00:00,2.28,2.28,2.28,2.28,0.0
2025-05-01 15:00:00+00:00,2.28,2.28,2.28,2.28,0.0
2025-05-01 15:15:00+00:00,2.28,2.28,2.28,2.28,0.0
2025-05-01 15:30:00+00:00,2.28,2.28,2.28,2.28,0.0
2025-05-01 15:45:00+00:00,2.28,2.28,2.28,2.28,0.0
2025-05-01 16:00:00+00:00,2.28,2.28,2.28,2.28,0.0
2025-05-01 16:15:00+00:00,2.28,2.28,2.28,2.28,0.0
2025-05-01 16:30:00+00:00,2.28,2.28,2.28,2.28,0.0
2025-05-01 16:45:00+00:00,2.28,2.28,2.28,2.28,0.0
2025-05-01 17:00:00+00:00,2.28,2.28,2.28,2.28,0.0
2025-05-01 17:15:00+00:00,2.28,2.38,2.28,2.38,22.0
2025-05-01 17:30:00+00:00,2.38,2.38,2.38,2.38,0.0
2025-05-01 17:45:00+00:00,2.38,2.38,2.38,2.38,0.0
2025-05-01 18:00:00+00:00,2.38,2.38,2.38,2.38,0.0
2025-05-01 18:15:00+00:00,2.38,2.38,2.38,2.38,0.0
2025-05-01 18:30:00+00:00,2.38,2.38,2.38,2.38,0.0
2025-05-01 18:45:00+00:00,2.38,2.38,2.38,2.38,0.0
2025-05-01 19:00:00+00:00,2.38,2.38,2.38,2.38,0.0
2025-05-01 19:15:00+00:00,2.38,2.38,2.38,2.38,0.0
2025-05-01 19:30:00+00:00,2.38,2.38,2.38,2.38,0.0
2025-05-01 19:45:00+00:00,2.38,2.38,2.38,2.38,0.0
2025-05-02 13:30:00+00:00,2.38,2.38,2.38,2.38,0.0
2025-05-02 13:45:00+00:00,2.38,2.38,2.38,2.38,0.0
2025-05-02 14:00:00+00:00,2.38,2.38,2.38,2.38,0.0
2025-05-02 14:15:00+00:00,2.38,2.38,2.3,2.3,22.0
2025-05-02 14:30:00+00:00,2.3,2.34,2.3,2.34,22.0
2025-05-02 14:45:00+00:00,2.34,2.34,2.34,2.34,0.0
2025-05-02 15:00:00+00:00,2.34,2.35,2.34,2.35,22.0
2025-05-02 15:15:00+00:00,2.35,2.36,2.35,2.36,22.0
2025-05-02 15:30:00+00:00,2.36,2.36,2.36,2.36,0.0
2025-05-02 15:45:00+00:00,2.335,2.335,2.335,2.335,0.0
2025-05-02 16:00:00+00:00,2.335,2.335,2.335,2.335,0.0
2025-05-02 16:15:00+00:00,2.335,2.335,2.3,2.3,19.0
2025-05-02 16:30:00+00:00,2.3,2.3,2.3,2.3,0.0
2025-05-02 16:45:00+00:00,2.3,2.3,2.3,2.3,0.0
2025-05-02 17:00:00+00:00,2.3,2.32,2.3,2.305,22.0
2025-05-02 17:15:00+00:00,2.305,2.31,2.305,2.31,0.0
2025-05-02 17:30:00+00:00,2.31,2.32,2.305,2.305,22.0
2025-05-02 17:45:00+00:00,2.31,2.32,2.305,2.305,22.0
2025-05-02 18:00:00+00:00,2.305,2.305,2.305,2.305,0.0
2025-05-02 18:15:00+00:00,2.305,2.32,2.305,2.32,22.0
2025-05-02 18:30:00+00:00,2.32,2.32,2.305,2.305,0.0
2025-05-02 18:45:00+00:00,2.305,2.305,2.305,2.305,0.0
2025-05-02 19:00:00+00:00,2.305,2.305,2.305,2.305,0.0
2025-05-02 19:15:00+00:00,2.305,2.33,2.305,2.315,22.0
2025-05-02 19:30:00+00:00,2.315,2.33,2.315,2.325,15.0
2025-05-02 19:45:00+00:00,2.325,2.34,2.31,2.31,23.0
2025-05-05 13:30:00+00:00,2.31,2.315,2.31,2.315,0.0
2025-05-05 13:45:00+00:00,2.315,2.315,2.315,2.315,0.0
2025-05-05 14:00:00+00:00,2.315,2.315,2.315,2.315,0.0
2025-05-05 14:15:00+00:00,2.315,2.315,2.315,2.315,0.0
2025-05-05 14:30:00+00:00,2.315,2.315,2.315,2.315,0.0
2025-05-05 14:45:00+00:00,2.315,2.315,2.315,2.315,0.0
2025-05-05 15:00:00+00:00,2.315,2.315,2.315,2.315,0.0
2025-05-05 15:15:00+00:00,2.315,2.315,2.24,2.24,265.0
2025-05-05 15:30:00+00:00,2.24,2.24,2.24,2.24,0.0
2025-05-05 15:45:00+00:00,2.24,2.24,2.24,2.24,0.0
2025-05-05 16:00:00+00:00,2.24,2.24,2.22,2.22,100.0
2025-05-05 16:15:00+00:00,2.22,2.22,2.22,2.22,0.0
2025-05-05 16:30:00+00:00,2.22,2.22,2.22,2.22,0.0
2025-05-05 16:45:00+00:00,2.22,2.22,2.22,2.22,0.0
2025-05-05 17:00:00+00:00,2.22,2.22,2.22,2.22,0.0
2025-05-05 17:15:00+00:00,2.22,2.22,2.22,2.22,0.0
2025-05-05 17:30:00+00:00,2.22,2.22,2.22,2.22,0.0
2025-05-05 17:45:00+00:00,2.22,2.22,2.22,2.22,0.0
2025-05-05 18:00:00+00:00,2.22,2.22,2.22,2.22,0.0
2025-05-05 18:15:00+00:00,2.22,2.22,2.22,2.22,0.0
2025-05-05 18:30:00+00:00,2.22,2.22,2.22,2.22,0.0
2025-05-05 18:45:00+00:00,2.22,2.22,2.22,2.22,0.0
2025-05-05 19:00:00+00:00,2.22,2.22,2.22,2.22,0.0
2025-05-05 19:15:00+00:00,2.22,2.22,2.22,2.22,0.0
2025-05-05 19:30:00+00:00,2.22,2.26,2.22,2.26,9.0
2025-05-05 19:45:00+00:00,2.26,2.26,2.26,2.26,60.0
2025-05-06 13:30:00+00:00,2.26,2.26,2.26,2.26,0.0
2025-05-06 13:45:00+00:00,2.26,2.26,2.16,2.16,66.0
2025-05-06 14:00:00+00:00,2.16,2.16,2.16,2.16,0.0
2025-05-06 14:15:00+00:00,2.16,2.175,2.16,2.175,22.0
2025-05-06 14:30:00+00:00,2.175,2.175,2.175,2.175,0.0
2025-05-06 14:45:00+00:00,2.175,2.175,2.175,2.175,0.0
2025-05-06 15:00:00+00:00,2.175,2.175,2.175,2.175,0.0
2025-05-06 15:15:00+00:00,2.175,2.175,2.175,2.175,0.0
2025-05-06 15:30:00+00:00,2.175,2.175,2.175,2.175,0.0
2025-05-06 15:45:00+00:00,2.175,2.175,2.175,2.175,0.0
2025-05-06 16:00:00+00:00,2.175,2.175,2.175,2.175,0.0
2025-05-06 16:15:00+00:00,2.175,2.175,2.175,2.175,0.0
2025-05-06 16:30:00+00:00,2.175,2.175,2.175,2.175,0.0
2025-05-06 16:45:00+00:00,2.175,2.175,2.175,2.175,0.0
2025-05-06 17:00:00+00:00,2.175,2.175,2.175,2.175,0.0
2025-05-06 17:15:00+00:00,2.175,2.175,2.175,2.175,0.0
2025-05-06 17:30:00+00:00,2.175,2.175,2.175,2.175,0.0
2025-05-06 17:45:00+00:00,2.175,2.175,2.175,2.175,0.0
2025-05-06 18:00:00+00:00,2.175,2.175,2.175,2.175,0.0
2025-05-06 18:15:00+00:00,2.175,2.18,2.165,2.165,100.0
2025-05-06 18:30:00+00:00,2.165,2.165,2.155,2.155,69.0
2025-05-06 18:45:00+00:00,2.155,2.155,2.155,2.155,0.0
2025-05-06 19:00:00+00:00,2.155,2.155,2.135,2.135,0.0
2025-05-06 19:15:00+00:00,2.135,2.135,2.135,2.135,0.0
2025-05-06 19:30:00+00:00,2.135,2.21,2.135,2.21,100.0
2025-05-06 19:45:00+00:00,2.21,2.25,2.21,2.24,410.0
2025-05-07 13:30:00+00:00,2.24,2.24,2.24,2.24,0.0
2025-05-07 13:45:00+00:00,2.24,2.24,2.24,2.24,0.0
2025-05-07 14:00:00+00:00,2.24,2.24,2.24,2.24,0.0
2025-05-07 14:15:00+00:00,2.24,2.24,2.24,2.24,0.0
2025-05-07 14:30:00+00:00,2.24,2.24,2.24,2.24,0.0
2025-05-07 14:45:00+00:00,2.24,2.24,2.24,2.24,0.0
2025-05-07 15:00:00+00:00,2.24,2.24,2.24,2.24,0.0
2025-05-07 15:15:00+00:00,2.24,2.24,2.24,2.24,0.0
2025-05-07 15:30:00+00:00,2.24,2.24,2.16,2.21,209.0
2025-05-07 15:45:00+00:00,2.21,2.21,2.21,2.21,0.0
2025-05-07 16:00:00+00:00,2.21,2.21,2.21,2.21,0.0
2025-05-07 16:15:00+00:00,2.21,2.21,2.17,2.17,102.0
2025-05-07 16:30:00+00:00,2.17,2.17,2.17,2.17,0.0
2025-05-07 16:45:00+00:00,2.135,2.135,2.08,2.13,102.0
2025-05-07 17:00:00+00:00,2.13,2.13,2.13,2.13,0.0
2025-05-07 17:15:00+00:00,2.13,2.13,2.13,2.13,0.0
2025-05-07 17:30:00+00:00,2.13,2.13,2.13,2.13,0.0
2025-05-07 17:45:00+00:00,2.13,2.13,2.13,2.13,0.0
2025-05-07 18:00:00+00:00,2.13,2.13,2.13,2.13,0.0
2025-05-07 18:15:00+00:00,2.13,2.13,2.13,2.13,0.0
2025-05-07 18:30:00+00:00,2.13,2.13,2.13,2.13,0.0
2025-05-07 18:45:00+00:00,2.13,2.13,2.13,2.13,0.0
2025-05-07 19:00:00+00:00,2.13,2.13,2.13,2.13,0.0
2025-05-07 19:15:00+00:00,2.13,2.13,2.13,2.13,0.0
2025-05-07 19:30:00+00:00,2.13,2.13,2.13,2.13,0.0
2025-05-07 19:45:00+00:00,2.13,2.19,2.13,2.19,34.0
2025-05-08 13:30:00+00:00,2.19,2.19,2.19,2.19,0.0
2025-05-08 13:45:00+00:00,2.19,2.19,2.19,2.19,0.0
2025-05-08 14:00:00+00:00,2.19,2.19,2.19,2.19,0.0
2025-05-08 14:15:00+00:00,2.19,2.19,2.19,2.19,0.0
2025-05-08 14:30:00+00:00,2.19,2.19,2.19,2.19,0.0
2025-05-08 14:45:00+00:00,2.19,2.19,2.19,2.19,0.0
2025-05-08 15:00:00+00:00,2.19,2.19,2.19,2.19,0.0
2025-05-08 15:15:00+00:00,2.19,2.19,2.19,2.19,0.0
2025-05-08 15:30:00+00:00,2.19,2.19,2.19,2.19,0.0
2025-05-08 15:45:00+00:00,2.19,2.19,2.19,2.19,0.0
2025-05-08 16:00:00+00:00,2.19,2.19,2.19,2.19,0.0
2025-05-08 16:15:00+00:00,2.19,2.24,2.19,2.24,197.0
2025-05-08 16:30:00+00:00,2.24,2.24,2.24,2.24,0.0
2025-05-08 16:45:00+00:00,2.24,2.24,2.24,2.24,0.0
2025-05-08 17:00:00+00:00,2.24,2.24,2.24,2.24,0.0
2025-05-08 17:15:00+00:00,2.24,2.24,2.24,2.24,0.0
2025-05-08 17:30:00+00:00,2.24,2.24,2.24,2.24,0.0
2025-05-08 17:45:00+00:00,2.24,2.24,2.24,2.24,0.0
2025-05-08 18:00:00+00:00,2.24,2.24,2.24,2.24,0.0
2025-05-08 18:15:00+00:00,2.24,2.24,2.24,2.24,0.0
2025-05-08 18:30:00+00:00,2.19,2.19,2.19,2.19,100.0
2025-05-08 18:45:00+00:00,2.19,2.19,2.145,2.15,0.0
2025-05-08 19:00:00+00:00,2.15,2.15,2.15,2.15,0.0
2025-05-08 19:15:00+00:00,2.15,2.15,2.15,2.15,0.0
2025-05-08 19:30:00+00:00,2.15,2.15,2.15,2.15,0.0
2025-05-08 19:45:00+00:00,2.15,2.15,2.15,2.15,0.0
2025-05-09 13:30:00+00:00,2.15,2.15,2.15,2.15,0.0
2025-05-09 13:45:00+00:00,2.15,2.15,2.15,2.15,0.0
2025-05-09 14:00:00+00:00,2.15,2.15,2.15,2.15,0.0
2025-05-09 14:15:00+00:00,2.15,2.15,2.15,2.15,0.0
2025-05-09 14:30:00+00:00,2.15,2.15,2.15,2.15,0.0
2025-05-09 14:45:00+00:00,2.15,2.15,2.15,2.15,0.0
2025-05-09 15:00:00+00:00,2.15,2.15,2.15,2.15,0.0
2025-05-09 15:15:00+00:00,2.15,2.15,2.15,2.15,0.0
2025-05-09 15:30:00+00:00,2.15,2.15,2.15,2.15,0.0
2025-05-09 15:45:00+00:00,2.15,2.15,2.15,2.15,0.0
2025-05-09 16:00:00+00:00,2.15,2.15,2.15,2.15,100.0
2025-05-09 16:15:00+00:00,2.15,2.15,2.15,2.15,0.0
2025-05-09 16:30:00+00:00,2.15,2.15,2.15,2.15,0.0
2025-05-09 16:45:00+00:00,2.15,2.18,2.15,2.18,30.0
2025-05-09 17:00:00+00:00,2.18,2.18,2.18,2.18,0.0
2025-05-09 17:15:00+00:00,2.18,2.18,2.18,2.18,0.0
2025-05-09 17:30:00+00:00,2.18,2.18,2.18,2.18,0.0
2025-05-09 17:45:00+00:00,2.18,2.205,2.18,2.205,0.0
2025-05-09 18:00:00+00:00,2.205,2.205,2.205,2.205,0.0
2025-05-09 18:15:00+00:00,2.205,2.205,2.205,2.205,0.0
2025-05-09 18:30:00+00:00,2.205,2.23,2.205,2.23,81.0
2025-05-09 18:45:00+00:00,2.23,2.23,2.23,2.23,0.0
2025-05-09 19:00:00+00:00,2.23,2.23,2.23,2.23,0.0
2025-05-09 19:15:00+00:00,2.215,2.215,2.19,2.19,100.0
2025-05-09 19:30:00+00:00,2.19,2.19,2.19,2.19,0.0
2025-05-09 19:45:00+00:00,2.19,2.23,2.19,2.23,7.0
