date,Open,High,Low,Close,Volume
2025-01-06 14:30:00+00:00,4.605,4.605,4.605,4.605,0.0
2025-01-06 14:45:00+00:00,4.605,4.605,4.605,4.605,6.0
2025-01-06 15:00:00+00:00,4.605,4.605,4.605,4.605,0.0
2025-01-06 15:15:00+00:00,4.605,4.605,4.605,4.605,0.0
2025-01-06 15:30:00+00:00,4.605,4.605,4.54,4.54,200.0
2025-01-06 15:45:00+00:00,4.54,4.54,4.54,4.54,100.0
2025-01-06 16:00:00+00:00,4.54,4.585,4.54,4.585,280.0
2025-01-06 16:15:00+00:00,4.585,4.595,4.585,4.595,200.0
2025-01-06 16:30:00+00:00,4.595,4.6,4.595,4.6,31.0
2025-01-06 16:45:00+00:00,4.6,4.62,4.6,4.62,596.0
2025-01-06 17:00:00+00:00,4.62,4.62,4.6,4.6,24.0
2025-01-06 17:15:00+00:00,4.6,4.63,4.6,4.63,3.0
2025-01-06 17:30:00+00:00,4.63,4.635,4.63,4.635,230.0
2025-01-06 17:45:00+00:00,4.635,4.635,4.635,4.635,99.0
2025-01-06 18:00:00+00:00,4.635,4.635,4.635,4.635,0.0
2025-01-06 18:15:00+00:00,4.635,4.635,4.635,4.635,0.0
2025-01-06 18:30:00+00:00,4.635,4.635,4.635,4.635,0.0
2025-01-06 18:45:00+00:00,4.625,4.625,4.625,4.625,134.0
2025-01-06 19:00:00+00:00,4.625,4.625,4.625,4.625,10.0
2025-01-06 19:15:00+00:00,4.625,4.625,4.625,4.625,30.0
2025-01-06 19:30:00+00:00,4.625,4.625,4.625,4.625,0.0
2025-01-06 19:45:00+00:00,4.625,4.625,4.625,4.625,0.0
2025-01-06 20:00:00+00:00,4.625,4.625,4.625,4.625,0.0
2025-01-06 20:15:00+00:00,4.625,4.625,4.59,4.59,100.0
2025-01-06 20:30:00+00:00,4.59,4.59,4.59,4.59,0.0
2025-01-06 20:45:00+00:00,4.59,4.64,4.59,4.64,194.0
2025-01-07 14:30:00+00:00,4.64,4.64,4.64,4.64,0.0
2025-01-07 14:45:00+00:00,4.64,4.64,4.64,4.64,0.0
2025-01-07 15:00:00+00:00,4.64,4.64,4.5,4.52,400.0
2025-01-07 15:15:00+00:00,4.52,4.52,4.52,4.52,0.0
2025-01-07 15:30:00+00:00,4.52,4.52,4.52,4.52,0.0
2025-01-07 15:45:00+00:00,4.52,4.52,4.52,4.52,0.0
2025-01-07 16:00:00+00:00,4.52,4.52,4.52,4.52,0.0
2025-01-07 16:15:00+00:00,4.52,4.52,4.45,4.45,100.0
2025-01-07 16:30:00+00:00,4.45,4.45,4.45,4.45,0.0
2025-01-07 16:45:00+00:00,4.45,4.45,4.45,4.45,0.0
2025-01-07 17:00:00+00:00,4.45,4.45,4.45,4.45,0.0
2025-01-07 17:15:00+00:00,4.45,4.495,4.45,4.495,150.0
2025-01-07 17:30:00+00:00,4.495,4.495,4.49,4.49,1.0
2025-01-07 17:45:00+00:00,4.49,4.49,4.49,4.49,0.0
2025-01-07 18:00:00+00:00,4.49,4.58,4.49,4.58,2.0
2025-01-07 18:15:00+00:00,4.58,4.58,4.58,4.58,0.0
2025-01-07 18:30:00+00:00,4.58,4.58,4.58,4.58,0.0
2025-01-07 18:45:00+00:00,4.58,4.58,4.58,4.58,0.0
2025-01-07 19:00:00+00:00,4.58,4.58,4.58,4.58,0.0
2025-01-07 19:15:00+00:00,4.58,4.58,4.58,4.58,0.0
2025-01-07 19:30:00+00:00,4.58,4.65,4.58,4.65,191.0
2025-01-07 19:45:00+00:00,4.65,4.65,4.65,4.65,0.0
2025-01-07 20:00:00+00:00,4.65,4.65,4.575,4.575,2.0
2025-01-07 20:15:00+00:00,4.575,4.575,4.575,4.575,0.0
2025-01-07 20:30:00+00:00,4.575,4.65,4.575,4.65,770.0
2025-01-07 20:45:00+00:00,4.65,4.65,4.55,4.55,44.0
2025-01-08 14:30:00+00:00,4.55,4.55,4.55,4.55,0.0
2025-01-08 14:45:00+00:00,4.55,4.55,4.55,4.55,0.0
2025-01-08 15:00:00+00:00,4.55,4.55,4.55,4.55,0.0
2025-01-08 15:15:00+00:00,4.55,4.55,4.41,4.41,100.0
2025-01-08 15:30:00+00:00,4.41,4.41,4.41,4.41,0.0
2025-01-08 15:45:00+00:00,4.41,4.41,4.41,4.41,0.0
2025-01-08 16:00:00+00:00,4.41,4.41,4.41,4.41,0.0
2025-01-08 16:15:00+00:00,4.41,4.41,4.41,4.41,0.0
2025-01-08 16:30:00+00:00,4.41,4.41,4.39,4.39,400.0
2025-01-08 16:45:00+00:00,4.39,4.39,4.39,4.39,0.0
2025-01-08 17:00:00+00:00,4.39,4.39,4.36,4.36,100.0
2025-01-08 17:15:00+00:00,4.36,4.36,4.36,4.36,0.0
2025-01-08 17:30:00+00:00,4.36,4.36,4.36,4.36,0.0
2025-01-08 17:45:00+00:00,4.36,4.36,4.36,4.36,0.0
2025-01-08 18:00:00+00:00,4.36,4.36,4.36,4.36,0.0
2025-01-08 18:15:00+00:00,4.36,4.36,4.36,4.36,0.0
2025-01-08 18:30:00+00:00,4.36,4.36,4.36,4.36,0.0
2025-01-08 18:45:00+00:00,4.36,4.36,4.36,4.36,0.0
2025-01-08 19:00:00+00:00,4.36,4.36,4.36,4.36,0.0
2025-01-08 19:15:00+00:00,4.36,4.45,4.36,4.45,5.0
2025-01-08 19:30:00+00:00,4.45,4.45,4.45,4.45,0.0
2025-01-08 19:45:00+00:00,4.45,4.45,4.45,4.45,0.0
2025-01-08 20:00:00+00:00,4.45,4.45,4.45,4.45,0.0
2025-01-08 20:15:00+00:00,4.45,4.56,4.45,4.56,1.0
2025-01-08 20:30:00+00:00,4.56,4.66,4.56,4.66,400.0
2025-01-08 20:45:00+00:00,4.66,4.66,4.505,4.56,114.0
2025-01-09 14:30:00+00:00,4.56,4.56,4.56,4.56,0.0
2025-01-09 14:45:00+00:00,4.56,4.56,4.56,4.56,0.0
2025-01-09 15:00:00+00:00,4.56,4.56,4.56,4.56,0.0
2025-01-09 15:15:00+00:00,4.56,4.56,4.56,4.56,0.0
2025-01-09 15:30:00+00:00,4.56,4.56,4.56,4.56,0.0
2025-01-09 15:45:00+00:00,4.56,4.56,4.56,4.56,0.0
2025-01-09 16:00:00+00:00,4.56,4.56,4.56,4.56,0.0
2025-01-09 16:15:00+00:00,4.56,4.56,4.56,4.56,0.0
2025-01-09 16:30:00+00:00,4.56,4.56,4.56,4.56,0.0
2025-01-09 16:45:00+00:00,4.56,4.56,4.56,4.56,0.0
2025-01-09 17:00:00+00:00,4.56,4.56,4.56,4.56,0.0
2025-01-09 17:15:00+00:00,4.56,4.56,4.56,4.56,0.0
2025-01-09 17:30:00+00:00,4.56,4.56,4.56,4.56,0.0
2025-01-09 17:45:00+00:00,4.56,4.56,4.56,4.56,0.0
2025-01-09 18:00:00+00:00,4.56,4.56,4.56,4.56,0.0
2025-01-09 18:15:00+00:00,4.56,4.56,4.56,4.56,0.0
2025-01-09 18:30:00+00:00,4.56,4.56,4.56,4.56,0.0
2025-01-09 18:45:00+00:00,4.56,4.56,4.56,4.56,0.0
2025-01-09 19:00:00+00:00,4.56,4.56,4.56,4.56,0.0
2025-01-09 19:15:00+00:00,4.56,4.56,4.56,4.56,0.0
2025-01-09 19:30:00+00:00,4.56,4.56,4.56,4.56,0.0
2025-01-09 19:45:00+00:00,4.56,4.56,4.56,4.56,0.0
2025-01-09 20:00:00+00:00,4.56,4.56,4.56,4.56,0.0
2025-01-09 20:15:00+00:00,4.56,4.56,4.56,4.56,0.0
2025-01-09 20:30:00+00:00,4.56,4.56,4.56,4.56,0.0
2025-01-09 20:45:00+00:00,4.56,4.56,4.56,4.56,0.0
2025-01-10 14:30:00+00:00,4.56,4.56,4.56,4.56,0.0
2025-01-10 14:45:00+00:00,4.56,4.56,4.56,4.56,0.0
2025-01-10 15:00:00+00:00,4.56,4.56,4.56,4.56,0.0
2025-01-10 15:15:00+00:00,4.56,4.56,4.56,4.56,0.0
2025-01-10 15:30:00+00:00,4.56,4.56,4.56,4.56,0.0
2025-01-10 15:45:00+00:00,4.56,4.56,4.56,4.56,0.0
2025-01-10 16:00:00+00:00,4.56,4.56,4.56,4.56,0.0
2025-01-10 16:15:00+00:00,4.56,4.56,4.56,4.56,0.0
2025-01-10 16:30:00+00:00,4.56,4.56,4.56,4.56,0.0
2025-01-10 16:45:00+00:00,4.56,4.56,4.56,4.56,0.0
2025-01-10 17:00:00+00:00,4.56,4.56,4.56,4.56,0.0
2025-01-10 17:15:00+00:00,4.56,4.56,4.56,4.56,0.0
2025-01-10 17:30:00+00:00,4.56,4.56,4.56,4.56,0.0
2025-01-10 17:45:00+00:00,4.56,4.56,4.56,4.56,0.0
2025-01-10 18:00:00+00:00,4.56,4.56,4.56,4.56,0.0
2025-01-10 18:15:00+00:00,4.56,4.56,4.56,4.56,0.0
2025-01-10 18:30:00+00:00,4.56,4.56,4.56,4.56,0.0
2025-01-10 18:45:00+00:00,4.56,4.56,4.56,4.56,0.0
2025-01-10 19:00:00+00:00,4.56,4.56,4.56,4.56,0.0
2025-01-10 19:15:00+00:00,4.56,4.56,4.56,4.56,0.0
2025-01-10 19:30:00+00:00,4.56,4.56,4.56,4.56,0.0
2025-01-10 19:45:00+00:00,4.56,4.56,4.56,4.56,0.0
2025-01-10 20:00:00+00:00,4.56,4.56,4.56,4.56,0.0
2025-01-10 20:15:00+00:00,4.56,4.56,4.305,4.305,235.0
2025-01-10 20:30:00+00:00,4.305,4.35,4.305,4.35,100.0
2025-01-10 20:45:00+00:00,4.35,4.35,4.31,4.31,36.0
2025-01-13 14:30:00+00:00,4.31,4.31,4.31,4.31,0.0
2025-01-13 14:45:00+00:00,4.31,4.31,4.31,4.31,0.0
2025-01-13 15:00:00+00:00,4.31,4.31,4.31,4.31,0.0
2025-01-13 15:15:00+00:00,4.31,4.31,4.31,4.31,0.0
2025-01-13 15:30:00+00:00,4.31,4.31,4.31,4.31,0.0
2025-01-13 15:45:00+00:00,4.31,4.31,4.31,4.31,0.0
2025-01-13 16:00:00+00:00,4.31,4.31,4.31,4.31,0.0
2025-01-13 16:15:00+00:00,4.31,4.79,4.31,4.79,100.0
2025-01-13 16:30:00+00:00,4.79,4.865,4.79,4.865,3.0
2025-01-13 16:45:00+00:00,4.865,5.1,4.865,5.1,400.0
2025-01-13 17:00:00+00:00,5.1,5.1,4.97,4.97,200.0
2025-01-13 17:15:00+00:00,4.97,4.97,4.97,4.97,0.0
2025-01-13 17:30:00+00:00,4.97,4.97,4.85,4.85,336.0
2025-01-13 17:45:00+00:00,4.85,4.85,4.85,4.85,0.0
2025-01-13 18:00:00+00:00,4.85,5.04,4.85,5.04,13.0
2025-01-13 18:15:00+00:00,5.04,5.04,5.04,5.04,3.0
2025-01-13 18:30:00+00:00,5.04,5.04,5.04,5.04,0.0
2025-01-13 18:45:00+00:00,5.04,5.04,5.04,5.04,0.0
2025-01-13 19:00:00+00:00,5.04,5.04,5.04,5.04,0.0
2025-01-13 19:15:00+00:00,5.04,5.04,5.04,5.04,0.0
2025-01-13 19:30:00+00:00,5.04,5.04,4.975,4.975,200.0
2025-01-13 19:45:00+00:00,4.975,4.975,4.975,4.975,23.0
2025-01-13 20:00:00+00:00,4.975,4.985,4.975,4.985,187.0
2025-01-13 20:15:00+00:00,4.985,4.985,4.985,4.985,0.0
2025-01-13 20:30:00+00:00,4.98,4.985,4.98,4.985,271.0
2025-01-13 20:45:00+00:00,4.985,5.0,4.985,4.995,1141.0
2025-01-14 14:30:00+00:00,4.995,4.995,4.995,4.995,0.0
2025-01-14 14:45:00+00:00,4.995,4.995,4.995,4.995,0.0
2025-01-14 15:00:00+00:00,4.995,4.995,4.995,4.995,0.0
2025-01-14 15:15:00+00:00,4.995,4.995,4.995,4.995,0.0
2025-01-14 15:30:00+00:00,4.995,4.995,4.995,4.995,0.0
2025-01-14 15:45:00+00:00,4.995,4.995,4.995,4.995,0.0
2025-01-14 16:00:00+00:00,4.995,4.995,4.995,4.995,0.0
2025-01-14 16:15:00+00:00,4.995,4.995,4.995,4.995,0.0
2025-01-14 16:30:00+00:00,4.995,4.995,4.7,4.7,100.0
2025-01-14 16:45:00+00:00,4.7,4.7,4.7,4.7,0.0
2025-01-14 17:00:00+00:00,4.7,4.7,4.7,4.7,0.0
2025-01-14 17:15:00+00:00,4.7,4.7,4.7,4.7,0.0
2025-01-14 17:30:00+00:00,4.7,4.79,4.7,4.79,299.0
2025-01-14 17:45:00+00:00,4.79,4.79,4.79,4.79,0.0
2025-01-14 18:00:00+00:00,4.79,4.79,4.79,4.79,0.0
2025-01-14 18:15:00+00:00,4.79,4.79,4.79,4.79,0.0
2025-01-14 18:30:00+00:00,4.79,4.79,4.79,4.79,0.0
2025-01-14 18:45:00+00:00,4.79,4.79,4.79,4.79,0.0
2025-01-14 19:00:00+00:00,4.79,4.79,4.79,4.79,0.0
2025-01-14 19:15:00+00:00,4.79,4.91,4.79,4.91,3.0
2025-01-14 19:30:00+00:00,4.91,4.91,4.91,4.91,0.0
2025-01-14 19:45:00+00:00,4.91,4.94,4.91,4.94,397.0
2025-01-14 20:00:00+00:00,4.94,4.94,4.94,4.94,0.0
2025-01-14 20:15:00+00:00,4.94,4.94,4.87,4.87,2.0
2025-01-14 20:30:00+00:00,4.87,4.87,4.87,4.87,6.0
2025-01-14 20:45:00+00:00,4.87,4.9,4.865,4.9,220.0
2025-01-15 14:30:00+00:00,4.9,4.9,4.9,4.9,0.0
2025-01-15 14:45:00+00:00,4.9,4.9,4.9,4.9,0.0
2025-01-15 15:00:00+00:00,4.9,4.9,4.9,4.9,0.0
2025-01-15 15:15:00+00:00,4.9,4.9,4.9,4.9,0.0
2025-01-15 15:30:00+00:00,4.9,4.9,4.86,4.86,100.0
2025-01-15 15:45:00+00:00,4.86,4.86,4.86,4.86,0.0
2025-01-15 16:00:00+00:00,4.86,4.86,4.86,4.86,0.0
2025-01-15 16:15:00+00:00,4.86,4.86,4.86,4.86,0.0
2025-01-15 16:30:00+00:00,4.86,4.86,4.86,4.86,0.0
2025-01-15 16:45:00+00:00,4.86,4.86,4.86,4.86,0.0
2025-01-15 17:00:00+00:00,4.86,4.86,4.86,4.86,0.0
2025-01-15 17:15:00+00:00,4.86,4.86,4.86,4.86,0.0
2025-01-15 17:30:00+00:00,4.86,4.86,4.86,4.86,0.0
2025-01-15 17:45:00+00:00,4.86,4.86,4.86,4.86,0.0
2025-01-15 18:00:00+00:00,4.86,4.86,4.86,4.86,0.0
2025-01-15 18:15:00+00:00,4.86,4.86,4.86,4.86,0.0
2025-01-15 18:30:00+00:00,4.86,4.86,4.86,4.86,0.0
2025-01-15 18:45:00+00:00,4.86,4.86,4.86,4.86,0.0
2025-01-15 19:00:00+00:00,4.86,4.86,4.86,4.86,0.0
2025-01-15 19:15:00+00:00,4.86,4.86,4.86,4.86,0.0
2025-01-15 19:30:00+00:00,4.86,4.86,4.86,4.86,0.0
2025-01-15 19:45:00+00:00,4.86,4.86,4.71,4.71,100.0
2025-01-15 20:00:00+00:00,4.71,4.71,4.48,4.48,450.0
2025-01-15 20:15:00+00:00,4.48,4.48,4.48,4.48,0.0
2025-01-15 20:30:00+00:00,4.48,4.66,4.48,4.66,125.0
2025-01-15 20:45:00+00:00,4.66,4.705,4.66,4.7,253.0
2025-01-16 14:30:00+00:00,4.7,4.7,4.7,4.7,0.0
2025-01-16 14:45:00+00:00,4.7,4.7,4.7,4.7,0.0
2025-01-16 15:00:00+00:00,4.7,4.7,4.7,4.7,0.0
2025-01-16 15:15:00+00:00,4.7,4.7,4.7,4.7,0.0
2025-01-16 15:30:00+00:00,4.7,4.7,4.7,4.7,0.0
2025-01-16 15:45:00+00:00,4.7,4.7,4.7,4.7,0.0
2025-01-16 16:00:00+00:00,4.7,4.7,4.7,4.7,0.0
2025-01-16 16:15:00+00:00,4.7,4.7,4.7,4.7,0.0
2025-01-16 16:30:00+00:00,4.7,4.7,4.7,4.7,0.0
2025-01-16 16:45:00+00:00,4.7,4.7,4.7,4.7,0.0
2025-01-16 17:00:00+00:00,4.7,4.7,4.7,4.7,0.0
2025-01-16 17:15:00+00:00,4.7,4.7,4.7,4.7,0.0
2025-01-16 17:30:00+00:00,4.7,4.7,4.7,4.7,0.0
2025-01-16 17:45:00+00:00,4.7,4.7,4.7,4.7,0.0
2025-01-16 18:00:00+00:00,4.7,4.7,4.7,4.7,0.0
2025-01-16 18:15:00+00:00,4.7,4.7,4.7,4.7,0.0
2025-01-16 18:30:00+00:00,4.7,4.7,4.7,4.7,0.0
2025-01-16 18:45:00+00:00,4.7,4.7,4.7,4.7,0.0
2025-01-16 19:00:00+00:00,4.7,4.7,4.7,4.7,0.0
2025-01-16 19:15:00+00:00,4.7,4.7,4.7,4.7,0.0
2025-01-16 19:30:00+00:00,4.7,4.7,4.7,4.7,0.0
2025-01-16 19:45:00+00:00,4.7,4.7,4.7,4.7,0.0
2025-01-16 20:00:00+00:00,4.7,4.7,4.7,4.7,0.0
2025-01-16 20:15:00+00:00,4.7,4.7,4.7,4.7,0.0
2025-01-16 20:30:00+00:00,4.7,4.7,4.7,4.7,0.0
2025-01-16 20:45:00+00:00,4.7,4.7,4.7,4.7,0.0
2025-01-17 14:30:00+00:00,4.7,4.7,4.7,4.7,0.0
2025-01-17 14:45:00+00:00,4.7,4.95,4.7,4.95,100.0
2025-01-17 15:00:00+00:00,4.95,4.95,4.95,4.95,0.0
2025-01-17 15:15:00+00:00,4.95,5.005,4.95,4.99,203.0
2025-01-17 15:30:00+00:00,4.99,5.03,4.99,5.02,30.0
2025-01-17 15:45:00+00:00,5.02,5.02,5.02,5.02,0.0
2025-01-17 16:00:00+00:00,5.02,5.02,5.0,5.0,100.0
2025-01-17 16:15:00+00:00,5.0,5.08,5.0,5.08,100.0
2025-01-17 16:30:00+00:00,5.08,5.08,5.025,5.025,0.0
2025-01-17 16:45:00+00:00,5.025,5.035,5.025,5.035,0.0
2025-01-17 17:00:00+00:00,5.035,5.05,5.035,5.035,100.0
2025-01-17 17:15:00+00:00,5.035,5.045,5.035,5.035,100.0
2025-01-17 17:30:00+00:00,5.035,5.035,5.035,5.035,0.0
2025-01-17 17:45:00+00:00,5.035,5.035,5.035,5.035,0.0
2025-01-17 18:00:00+00:00,5.035,5.035,5.0,5.0,15.0
2025-01-17 18:15:00+00:00,5.0,5.0,5.0,5.0,0.0
2025-01-17 18:30:00+00:00,5.0,5.0,4.96,4.96,200.0
2025-01-17 18:45:00+00:00,4.96,4.96,4.96,4.96,0.0
2025-01-17 19:00:00+00:00,4.96,4.96,4.96,4.96,0.0
2025-01-17 19:15:00+00:00,4.96,4.96,4.96,4.96,0.0
2025-01-17 19:30:00+00:00,4.96,4.96,4.96,4.96,0.0
2025-01-17 19:45:00+00:00,4.96,4.96,4.96,4.96,0.0
2025-01-17 20:00:00+00:00,4.96,5.015,4.96,5.015,100.0
2025-01-17 20:15:00+00:00,5.015,5.015,4.98,4.98,100.0
2025-01-17 20:30:00+00:00,4.98,5.015,4.98,5.015,100.0
2025-01-17 20:45:00+00:00,5.015,5.025,4.99,4.99,338.0
2025-01-20 14:30:00+00:00,4.99,4.99,4.99,4.99,0.0
2025-01-20 14:45:00+00:00,4.99,4.99,4.99,4.99,0.0
2025-01-20 15:00:00+00:00,4.99,4.99,4.99,4.99,0.0
2025-01-20 15:15:00+00:00,4.99,4.99,4.99,4.99,0.0
2025-01-20 15:30:00+00:00,4.99,4.99,4.99,4.99,0.0
2025-01-20 15:45:00+00:00,4.99,4.99,4.99,4.99,0.0
2025-01-20 16:00:00+00:00,4.99,4.99,4.99,4.99,0.0
2025-01-20 16:15:00+00:00,4.99,4.99,4.99,4.99,0.0
2025-01-20 16:30:00+00:00,4.99,4.99,4.99,4.99,0.0
2025-01-20 16:45:00+00:00,4.99,4.99,4.99,4.99,0.0
2025-01-20 17:00:00+00:00,4.99,4.99,4.99,4.99,0.0
2025-01-20 17:15:00+00:00,4.99,4.99,4.99,4.99,0.0
2025-01-20 17:30:00+00:00,4.99,4.99,4.99,4.99,0.0
2025-01-20 17:45:00+00:00,4.99,4.99,4.99,4.99,0.0
2025-01-20 18:00:00+00:00,4.99,4.99,4.99,4.99,0.0
2025-01-20 18:15:00+00:00,4.99,4.99,4.99,4.99,0.0
2025-01-20 18:30:00+00:00,4.99,4.99,4.99,4.99,0.0
2025-01-20 18:45:00+00:00,4.99,4.99,4.99,4.99,0.0
2025-01-20 19:00:00+00:00,4.99,4.99,4.99,4.99,0.0
2025-01-20 19:15:00+00:00,4.99,4.99,4.99,4.99,0.0
2025-01-20 19:30:00+00:00,4.99,4.99,4.99,4.99,0.0
2025-01-20 19:45:00+00:00,4.99,4.99,4.99,4.99,0.0
2025-01-20 20:00:00+00:00,4.99,4.99,4.99,4.99,0.0
2025-01-20 20:15:00+00:00,4.99,4.99,4.99,4.99,0.0
2025-01-20 20:30:00+00:00,4.99,4.99,4.99,4.99,0.0
2025-01-20 20:45:00+00:00,4.99,4.99,4.99,4.99,0.0
2025-01-21 14:30:00+00:00,5.015,5.015,4.94,4.95,510.0
2025-01-21 14:45:00+00:00,4.95,4.95,4.87,4.88,112.0
2025-01-21 15:00:00+00:00,4.89,5.09,4.89,5.09,93.0
2025-01-21 15:15:00+00:00,5.09,5.09,5.09,5.09,0.0
2025-01-21 15:30:00+00:00,5.05,5.09,5.05,5.075,18.0
2025-01-21 15:45:00+00:00,5.075,5.09,5.075,5.085,113.0
2025-01-21 16:00:00+00:00,5.085,5.14,5.085,5.1,199.0
2025-01-21 16:15:00+00:00,5.115,5.135,5.09,5.1,820.0
2025-01-21 16:30:00+00:00,5.1,5.15,5.1,5.15,618.0
2025-01-21 16:45:00+00:00,5.15,5.195,5.15,5.165,114.0
2025-01-21 17:00:00+00:00,5.165,5.175,5.165,5.175,61.0
2025-01-21 17:15:00+00:00,5.175,5.175,5.11,5.11,11.0
2025-01-21 17:30:00+00:00,5.11,5.11,5.11,5.11,0.0
2025-01-21 17:45:00+00:00,5.11,5.115,5.11,5.11,0.0
2025-01-21 18:00:00+00:00,5.11,5.115,5.1,5.11,611.0
2025-01-21 18:15:00+00:00,5.11,5.11,5.1,5.1,100.0
2025-01-21 18:30:00+00:00,5.11,5.11,5.03,5.03,64.0
2025-01-21 18:45:00+00:00,5.03,5.04,5.03,5.035,3.0
2025-01-21 19:00:00+00:00,5.035,5.06,5.035,5.06,15.0
2025-01-21 19:15:00+00:00,5.06,5.06,5.055,5.055,4.0
2025-01-21 19:30:00+00:00,5.055,5.075,5.055,5.07,14.0
2025-01-21 19:45:00+00:00,5.07,5.075,5.01,5.05,45.0
2025-01-21 20:00:00+00:00,5.05,5.075,5.05,5.075,102.0
2025-01-21 20:15:00+00:00,5.075,5.09,5.075,5.09,20.0
2025-01-21 20:30:00+00:00,5.09,5.1,5.075,5.1,14.0
2025-01-21 20:45:00+00:00,5.1,5.1,5.06,5.1,34.0
2025-01-22 14:30:00+00:00,5.1,5.1,5.1,5.1,0.0
2025-01-22 14:45:00+00:00,5.1,5.1,5.1,5.1,0.0
2025-01-22 15:00:00+00:00,5.1,5.1,5.02,5.02,2.0
2025-01-22 15:15:00+00:00,5.02,5.02,5.02,5.02,0.0
2025-01-22 15:30:00+00:00,5.02,5.02,5.02,5.02,0.0
2025-01-22 15:45:00+00:00,5.02,5.02,5.02,5.02,0.0
2025-01-22 16:00:00+00:00,5.02,5.02,5.02,5.02,0.0
2025-01-22 16:15:00+00:00,5.02,5.09,5.02,5.09,4.0
2025-01-22 16:30:00+00:00,5.09,5.09,5.09,5.09,0.0
2025-01-22 16:45:00+00:00,5.09,5.09,5.09,5.09,0.0
2025-01-22 17:00:00+00:00,5.09,5.09,5.09,5.09,0.0
2025-01-22 17:15:00+00:00,5.09,5.09,5.09,5.09,0.0
2025-01-22 17:30:00+00:00,5.09,5.09,5.09,5.09,0.0
2025-01-22 17:45:00+00:00,5.09,5.09,5.09,5.09,0.0
2025-01-22 18:00:00+00:00,5.09,5.09,5.09,5.09,0.0
2025-01-22 18:15:00+00:00,5.09,5.09,5.09,5.09,0.0
2025-01-22 18:30:00+00:00,5.09,5.09,5.02,5.02,200.0
2025-01-22 18:45:00+00:00,5.02,5.02,5.02,5.02,0.0
2025-01-22 19:00:00+00:00,5.02,5.07,5.02,5.07,90.0
2025-01-22 19:15:00+00:00,5.07,5.17,5.07,5.17,710.0
2025-01-22 19:30:00+00:00,5.17,5.17,5.17,5.17,16.0
2025-01-22 19:45:00+00:00,5.17,5.19,5.17,5.19,10.0
2025-01-22 20:00:00+00:00,5.19,5.19,5.175,5.175,1.0
2025-01-22 20:15:00+00:00,5.19,5.27,5.19,5.27,1320.0
2025-01-22 20:30:00+00:00,5.27,5.27,5.22,5.25,388.0
2025-01-22 20:45:00+00:00,5.25,5.25,5.2,5.2,100.0
2025-01-23 14:30:00+00:00,5.2,5.28,5.2,5.28,95.0
2025-01-23 14:45:00+00:00,5.28,5.28,5.25,5.28,600.0
2025-01-23 15:00:00+00:00,5.28,5.28,5.28,5.28,0.0
2025-01-23 15:15:00+00:00,5.28,5.28,5.28,5.28,0.0
2025-01-23 15:30:00+00:00,5.28,5.28,5.28,5.28,0.0
2025-01-23 15:45:00+00:00,5.28,5.28,5.25,5.25,200.0
2025-01-23 16:00:00+00:00,5.25,5.25,5.25,5.25,0.0
2025-01-23 16:15:00+00:00,5.25,5.25,5.25,5.25,0.0
2025-01-23 16:30:00+00:00,5.25,5.25,5.25,5.25,0.0
2025-01-23 16:45:00+00:00,5.25,5.25,5.25,5.25,0.0
2025-01-23 17:00:00+00:00,5.25,5.25,5.25,5.25,0.0
2025-01-23 17:15:00+00:00,5.25,5.25,5.25,5.25,0.0
2025-01-23 17:30:00+00:00,5.25,5.25,5.25,5.25,0.0
2025-01-23 17:45:00+00:00,5.25,5.335,5.25,5.335,400.0
2025-01-23 18:00:00+00:00,5.335,5.335,5.335,5.335,0.0
2025-01-23 18:15:00+00:00,5.335,5.335,5.335,5.335,0.0
2025-01-23 18:30:00+00:00,5.335,5.335,5.335,5.335,0.0
2025-01-23 18:45:00+00:00,5.335,5.335,5.335,5.335,0.0
2025-01-23 19:00:00+00:00,5.335,5.335,5.335,5.335,0.0
2025-01-23 19:15:00+00:00,5.335,5.335,5.335,5.335,0.0
2025-01-23 19:30:00+00:00,5.32,5.38,5.32,5.37,700.0
2025-01-23 19:45:00+00:00,5.37,5.38,5.355,5.355,260.0
2025-01-23 20:00:00+00:00,5.355,5.355,5.355,5.355,0.0
2025-01-23 20:15:00+00:00,5.355,5.355,5.355,5.355,0.0
2025-01-23 20:30:00+00:00,5.355,5.455,5.355,5.455,200.0
2025-01-23 20:45:00+00:00,5.47,5.47,5.47,5.47,200.0
2025-01-24 14:30:00+00:00,5.47,5.69,5.41,5.41,412.0
2025-01-24 14:45:00+00:00,5.41,5.53,5.41,5.51,400.0
2025-01-24 15:00:00+00:00,5.51,5.595,5.51,5.595,200.0
2025-01-24 15:15:00+00:00,5.595,5.595,5.595,5.595,200.0
2025-01-24 15:30:00+00:00,5.595,5.6,5.595,5.6,860.0
2025-01-24 15:45:00+00:00,5.6,5.605,5.575,5.605,127.0
2025-01-24 16:00:00+00:00,5.58,5.62,5.58,5.6,641.0
2025-01-24 16:15:00+00:00,5.6,5.615,5.6,5.6,304.0
2025-01-24 16:30:00+00:00,5.6,5.615,5.6,5.615,60.0
2025-01-24 16:45:00+00:00,5.615,5.64,5.6,5.6,322.0
2025-01-24 17:00:00+00:00,5.6,5.655,5.6,5.655,1.0
2025-01-24 17:15:00+00:00,5.655,5.655,5.655,5.655,0.0
2025-01-24 17:30:00+00:00,5.655,5.655,5.655,5.655,0.0
2025-01-24 17:45:00+00:00,5.655,5.655,5.655,5.655,0.0
2025-01-24 18:00:00+00:00,5.655,5.655,5.63,5.65,300.0
2025-01-24 18:15:00+00:00,5.65,5.65,5.65,5.65,140.0
2025-01-24 18:30:00+00:00,5.65,5.7,5.65,5.685,240.0
2025-01-24 18:45:00+00:00,5.685,5.73,5.685,5.73,530.0
2025-01-24 19:00:00+00:00,5.73,5.81,5.72,5.78,928.0
2025-01-24 19:15:00+00:00,5.78,5.8,5.78,5.79,535.0
2025-01-24 19:30:00+00:00,5.79,5.8,5.79,5.8,90.0
2025-01-24 19:45:00+00:00,5.8,5.84,5.79,5.79,510.0
2025-01-24 20:00:00+00:00,5.79,5.79,5.75,5.75,100.0
2025-01-24 20:15:00+00:00,5.75,5.75,5.71,5.71,170.0
2025-01-24 20:30:00+00:00,5.71,5.71,5.65,5.65,100.0
2025-01-24 20:45:00+00:00,5.66,5.69,5.635,5.65,804.0
2025-01-27 14:30:00+00:00,5.65,5.75,5.63,5.75,15.0
2025-01-27 14:45:00+00:00,5.75,5.75,5.7,5.7,23.0
2025-01-27 15:00:00+00:00,5.7,5.71,5.7,5.71,200.0
2025-01-27 15:15:00+00:00,5.71,5.71,5.6,5.6,100.0
2025-01-27 15:30:00+00:00,5.6,5.66,5.6,5.62,42.0
2025-01-27 15:45:00+00:00,5.62,5.63,5.62,5.62,372.0
2025-01-27 16:00:00+00:00,5.62,5.62,5.565,5.565,88.0
2025-01-27 16:15:00+00:00,5.565,5.575,5.565,5.575,1949.0
2025-01-27 16:30:00+00:00,5.575,5.575,5.575,5.575,32.0
2025-01-27 16:45:00+00:00,5.575,5.59,5.575,5.59,0.0
2025-01-27 17:00:00+00:00,5.59,5.59,5.59,5.59,0.0
2025-01-27 17:15:00+00:00,5.59,5.59,5.59,5.59,0.0
2025-01-27 17:30:00+00:00,5.59,5.59,5.59,5.59,0.0
2025-01-27 17:45:00+00:00,5.59,5.59,5.59,5.59,0.0
2025-01-27 18:00:00+00:00,5.59,5.605,5.59,5.605,26.0
2025-01-27 18:15:00+00:00,5.605,5.605,5.58,5.58,16.0
2025-01-27 18:30:00+00:00,5.58,5.58,5.58,5.58,16.0
2025-01-27 18:45:00+00:00,5.58,5.58,5.575,5.575,116.0
2025-01-27 19:00:00+00:00,5.575,5.59,5.53,5.59,328.0
2025-01-27 19:15:00+00:00,5.59,5.59,5.54,5.54,16.0
2025-01-27 19:30:00+00:00,5.54,5.58,5.54,5.58,300.0
2025-01-27 19:45:00+00:00,5.58,5.58,5.58,5.58,0.0
2025-01-27 20:00:00+00:00,5.58,5.58,5.58,5.58,0.0
2025-01-27 20:15:00+00:00,5.58,5.58,5.555,5.555,200.0
2025-01-27 20:30:00+00:00,5.555,5.59,5.555,5.59,311.0
2025-01-27 20:45:00+00:00,5.59,5.59,5.52,5.52,404.0
2025-01-28 14:30:00+00:00,5.52,5.56,5.52,5.56,148.0
2025-01-28 14:45:00+00:00,5.56,5.56,5.56,5.56,0.0
2025-01-28 15:00:00+00:00,5.5,5.5,5.5,5.5,40.0
2025-01-28 15:15:00+00:00,5.5,5.51,5.5,5.505,139.0
2025-01-28 15:30:00+00:00,5.505,5.505,5.505,5.505,0.0
2025-01-28 15:45:00+00:00,5.505,5.505,5.45,5.45,200.0
2025-01-28 16:00:00+00:00,5.45,5.455,5.45,5.455,38.0
2025-01-28 16:15:00+00:00,5.455,5.455,5.455,5.455,0.0
2025-01-28 16:30:00+00:00,5.455,5.455,5.455,5.455,0.0
2025-01-28 16:45:00+00:00,5.455,5.455,5.455,5.455,0.0
2025-01-28 17:00:00+00:00,5.455,5.455,5.455,5.455,0.0
2025-01-28 17:15:00+00:00,5.455,5.455,5.455,5.455,0.0
2025-01-28 17:30:00+00:00,5.455,5.465,5.455,5.465,200.0
2025-01-28 17:45:00+00:00,5.465,5.465,5.465,5.465,100.0
2025-01-28 18:00:00+00:00,5.465,5.465,5.465,5.465,0.0
2025-01-28 18:15:00+00:00,5.465,5.465,5.465,5.465,0.0
2025-01-28 18:30:00+00:00,5.465,5.465,5.465,5.465,0.0
2025-01-28 18:45:00+00:00,5.465,5.465,5.465,5.465,0.0
2025-01-28 19:00:00+00:00,5.465,5.465,5.465,5.465,0.0
2025-01-28 19:15:00+00:00,5.465,5.465,5.45,5.45,100.0
2025-01-28 19:30:00+00:00,5.45,5.45,5.45,5.45,0.0
2025-01-28 19:45:00+00:00,5.45,5.45,5.45,5.45,0.0
2025-01-28 20:00:00+00:00,5.45,5.45,5.45,5.45,0.0
2025-01-28 20:15:00+00:00,5.45,5.45,5.45,5.45,0.0
2025-01-28 20:30:00+00:00,5.45,5.53,5.45,5.53,100.0
2025-01-28 20:45:00+00:00,5.53,5.53,5.53,5.53,0.0
2025-01-29 14:30:00+00:00,5.53,5.53,5.415,5.415,100.0
2025-01-29 14:45:00+00:00,5.415,5.415,5.415,5.415,0.0
2025-01-29 15:00:00+00:00,5.415,5.44,5.415,5.44,164.0
2025-01-29 15:15:00+00:00,5.44,5.45,5.44,5.45,296.0
2025-01-29 15:30:00+00:00,5.45,5.45,5.45,5.45,0.0
2025-01-29 15:45:00+00:00,5.44,5.44,5.44,5.44,1.0
2025-01-29 16:00:00+00:00,5.44,5.44,5.44,5.44,0.0
2025-01-29 16:15:00+00:00,5.44,5.44,5.44,5.44,0.0
2025-01-29 16:30:00+00:00,5.44,5.44,5.44,5.44,0.0
2025-01-29 16:45:00+00:00,5.44,5.44,5.44,5.44,0.0
2025-01-29 17:00:00+00:00,5.44,5.44,5.44,5.44,0.0
2025-01-29 17:15:00+00:00,5.44,5.44,5.44,5.44,0.0
2025-01-29 17:30:00+00:00,5.44,5.44,5.44,5.44,0.0
2025-01-29 17:45:00+00:00,5.44,5.44,5.41,5.41,200.0
2025-01-29 18:00:00+00:00,5.41,5.41,5.36,5.395,600.0
2025-01-29 18:15:00+00:00,5.395,5.395,5.395,5.395,0.0
2025-01-29 18:30:00+00:00,5.395,5.395,5.395,5.395,0.0
2025-01-29 18:45:00+00:00,5.395,5.395,5.395,5.395,0.0
2025-01-29 19:00:00+00:00,5.395,5.395,5.395,5.395,0.0
2025-01-29 19:15:00+00:00,5.395,5.395,5.395,5.395,0.0
2025-01-29 19:30:00+00:00,5.395,5.395,5.395,5.395,0.0
2025-01-29 19:45:00+00:00,5.395,5.395,5.395,5.395,0.0
2025-01-29 20:00:00+00:00,5.395,5.395,5.395,5.395,0.0
2025-01-29 20:15:00+00:00,5.395,5.44,5.395,5.42,201.0
2025-01-29 20:30:00+00:00,5.42,5.42,5.42,5.42,0.0
2025-01-29 20:45:00+00:00,5.42,5.5,5.42,5.49,329.0
2025-01-30 14:30:00+00:00,5.49,5.5,5.49,5.5,40.0
2025-01-30 14:45:00+00:00,5.5,5.5,5.5,5.5,0.0
2025-01-30 15:00:00+00:00,5.5,5.5,5.5,5.5,0.0
2025-01-30 15:15:00+00:00,5.5,5.5,5.25,5.25,100.0
2025-01-30 15:30:00+00:00,5.25,5.25,5.25,5.25,0.0
2025-01-30 15:45:00+00:00,5.25,5.25,5.25,5.25,0.0
2025-01-30 16:00:00+00:00,5.25,5.25,5.25,5.25,0.0
2025-01-30 16:15:00+00:00,5.25,5.25,5.25,5.25,0.0
2025-01-30 16:30:00+00:00,5.25,5.33,5.25,5.33,63.0
2025-01-30 16:45:00+00:00,5.33,5.33,5.33,5.33,0.0
2025-01-30 17:00:00+00:00,5.33,5.33,5.33,5.33,0.0
2025-01-30 17:15:00+00:00,5.33,5.33,5.33,5.33,0.0
2025-01-30 17:30:00+00:00,5.33,5.33,5.285,5.285,0.0
2025-01-30 17:45:00+00:00,5.285,5.285,5.285,5.285,0.0
2025-01-30 18:00:00+00:00,5.285,5.285,5.285,5.285,0.0
2025-01-30 18:15:00+00:00,5.285,5.285,5.16,5.16,100.0
2025-01-30 18:30:00+00:00,5.16,5.16,5.16,5.16,0.0
2025-01-30 18:45:00+00:00,5.16,5.16,5.16,5.16,0.0
2025-01-30 19:00:00+00:00,5.16,5.16,5.16,5.16,0.0
2025-01-30 19:15:00+00:00,5.16,5.16,5.16,5.16,0.0
2025-01-30 19:30:00+00:00,5.16,5.16,5.16,5.16,0.0
2025-01-30 19:45:00+00:00,5.16,5.16,5.16,5.16,0.0
2025-01-30 20:00:00+00:00,5.16,5.16,5.08,5.08,101.0
2025-01-30 20:15:00+00:00,5.08,5.08,5.08,5.08,0.0
2025-01-30 20:30:00+00:00,5.08,5.08,5.08,5.08,0.0
2025-01-30 20:45:00+00:00,5.08,5.15,5.08,5.15,733.0
2025-01-31 14:30:00+00:00,5.15,5.15,5.145,5.145,100.0
2025-01-31 14:45:00+00:00,5.145,5.15,5.145,5.15,89.0
2025-01-31 15:00:00+00:00,5.15,5.15,5.15,5.15,0.0
2025-01-31 15:15:00+00:00,5.15,5.15,5.15,5.15,0.0
2025-01-31 15:30:00+00:00,5.15,5.15,5.065,5.07,70.0
2025-01-31 15:45:00+00:00,5.07,5.07,5.025,5.05,216.0
2025-01-31 16:00:00+00:00,5.05,5.085,5.05,5.085,0.0
2025-01-31 16:15:00+00:00,5.085,5.085,5.065,5.07,0.0
2025-01-31 16:30:00+00:00,5.07,5.07,5.07,5.07,0.0
2025-01-31 16:45:00+00:00,5.07,5.07,5.035,5.035,0.0
2025-01-31 17:00:00+00:00,5.035,5.035,4.98,4.98,100.0
2025-01-31 17:15:00+00:00,4.98,4.985,4.98,4.985,0.0
2025-01-31 17:30:00+00:00,4.985,5.005,4.985,5.005,0.0
2025-01-31 17:45:00+00:00,5.005,5.005,5.005,5.005,0.0
2025-01-31 18:00:00+00:00,5.005,5.005,5.005,5.005,0.0
2025-01-31 18:15:00+00:00,5.005,5.005,4.985,4.985,0.0
2025-01-31 18:30:00+00:00,4.985,4.985,4.975,4.975,0.0
2025-01-31 18:45:00+00:00,4.975,4.985,4.975,4.985,39.0
2025-01-31 19:00:00+00:00,4.985,4.985,4.97,4.97,102.0
2025-01-31 19:15:00+00:00,4.97,4.97,4.97,4.97,222.0
2025-01-31 19:30:00+00:00,4.97,4.97,4.93,4.93,200.0
2025-01-31 19:45:00+00:00,4.93,4.93,4.82,4.82,473.0
2025-01-31 20:00:00+00:00,4.82,4.865,4.82,4.85,200.0
2025-01-31 20:15:00+00:00,4.85,4.85,4.85,4.85,0.0
2025-01-31 20:30:00+00:00,4.85,4.85,4.85,4.85,0.0
2025-01-31 20:45:00+00:00,4.78,4.86,4.78,4.86,201.0
2025-02-03 14:30:00+00:00,4.86,4.86,4.86,4.86,0.0
2025-02-03 14:45:00+00:00,4.86,4.86,4.635,4.635,1.0
2025-02-03 15:00:00+00:00,4.635,4.65,4.635,4.65,30.0
2025-02-03 15:15:00+00:00,4.65,4.65,4.65,4.65,0.0
2025-02-03 15:30:00+00:00,4.65,4.75,4.65,4.75,264.0
2025-02-03 15:45:00+00:00,4.75,4.86,4.75,4.86,3.0
2025-02-03 16:00:00+00:00,4.86,4.86,4.86,4.86,0.0
2025-02-03 16:15:00+00:00,4.86,4.88,4.86,4.88,1.0
2025-02-03 16:30:00+00:00,4.88,4.88,4.88,4.88,1.0
2025-02-03 16:45:00+00:00,4.88,4.88,4.88,4.88,0.0
2025-02-03 17:00:00+00:00,4.88,4.88,4.88,4.88,0.0
2025-02-03 17:15:00+00:00,4.88,4.88,4.88,4.88,0.0
2025-02-03 17:30:00+00:00,4.88,4.88,4.88,4.88,0.0
2025-02-03 17:45:00+00:00,4.88,4.88,4.88,4.88,0.0
2025-02-03 18:00:00+00:00,4.88,4.88,4.88,4.88,0.0
2025-02-03 18:15:00+00:00,4.88,5.02,4.88,5.02,1100.0
2025-02-03 18:30:00+00:00,5.02,5.02,5.02,5.02,0.0
2025-02-03 18:45:00+00:00,5.02,5.02,5.02,5.02,0.0
2025-02-03 19:00:00+00:00,5.02,5.02,5.02,5.02,0.0
2025-02-03 19:15:00+00:00,5.02,5.02,5.02,5.02,0.0
2025-02-03 19:30:00+00:00,5.02,5.02,5.02,5.02,0.0
2025-02-03 19:45:00+00:00,5.02,5.02,5.02,5.02,0.0
2025-02-03 20:00:00+00:00,5.02,5.02,5.02,5.02,0.0
2025-02-03 20:15:00+00:00,5.02,5.02,4.965,4.965,17.0
2025-02-03 20:30:00+00:00,4.965,4.965,4.92,4.92,330.0
2025-02-03 20:45:00+00:00,4.92,4.92,4.91,4.91,200.0
2025-02-04 14:30:00+00:00,4.91,4.91,4.91,4.91,0.0
2025-02-04 14:45:00+00:00,4.91,4.91,4.91,4.91,0.0
2025-02-04 15:00:00+00:00,4.91,4.91,4.91,4.91,0.0
2025-02-04 15:15:00+00:00,4.91,4.91,4.91,4.91,0.0
2025-02-04 15:30:00+00:00,4.91,4.91,4.91,4.91,0.0
2025-02-04 15:45:00+00:00,4.91,4.91,4.91,4.91,0.0
2025-02-04 16:00:00+00:00,4.91,4.91,4.91,4.91,0.0
2025-02-04 16:15:00+00:00,4.91,4.91,4.91,4.91,0.0
2025-02-04 16:30:00+00:00,4.91,4.91,4.91,4.91,0.0
2025-02-04 16:45:00+00:00,4.91,4.91,4.91,4.91,0.0
2025-02-04 17:00:00+00:00,4.91,4.91,4.91,4.91,0.0
2025-02-04 17:15:00+00:00,4.91,4.91,4.91,4.91,0.0
2025-02-04 17:30:00+00:00,4.91,4.91,4.91,4.91,0.0
2025-02-04 17:45:00+00:00,4.91,4.91,4.91,4.91,0.0
2025-02-04 18:00:00+00:00,4.91,4.91,4.91,4.91,0.0
2025-02-04 18:15:00+00:00,4.91,4.91,4.91,4.91,0.0
2025-02-04 18:30:00+00:00,4.91,4.91,4.91,4.91,0.0
2025-02-04 18:45:00+00:00,4.91,4.91,4.91,4.91,0.0
2025-02-04 19:00:00+00:00,4.91,4.91,4.91,4.91,0.0
2025-02-04 19:15:00+00:00,4.91,4.91,4.91,4.91,0.0
2025-02-04 19:30:00+00:00,4.91,4.91,4.91,4.91,0.0
2025-02-04 19:45:00+00:00,4.91,4.91,4.91,4.91,0.0
2025-02-04 20:00:00+00:00,4.91,4.91,4.91,4.91,0.0
2025-02-04 20:15:00+00:00,4.91,4.91,4.91,4.91,0.0
2025-02-04 20:30:00+00:00,4.91,4.91,4.91,4.91,0.0
2025-02-04 20:45:00+00:00,4.91,4.91,4.82,4.84,128.0
2025-02-05 14:30:00+00:00,4.84,4.84,4.84,4.84,0.0
2025-02-05 14:45:00+00:00,4.84,4.84,4.84,4.84,0.0
2025-02-05 15:00:00+00:00,4.84,4.84,4.84,4.84,0.0
2025-02-05 15:15:00+00:00,4.84,4.84,4.84,4.84,0.0
2025-02-05 15:30:00+00:00,4.84,4.84,4.84,4.84,0.0
2025-02-05 15:45:00+00:00,4.84,4.84,4.84,4.84,0.0
2025-02-05 16:00:00+00:00,4.84,4.84,4.84,4.84,0.0
2025-02-05 16:15:00+00:00,4.84,4.84,4.84,4.84,0.0
2025-02-05 16:30:00+00:00,4.84,4.84,4.84,4.84,0.0
2025-02-05 16:45:00+00:00,4.84,4.84,4.84,4.84,0.0
2025-02-05 17:00:00+00:00,4.84,4.935,4.84,4.935,13.0
2025-02-05 17:15:00+00:00,4.935,4.935,4.935,4.935,0.0
2025-02-05 17:30:00+00:00,4.935,4.935,4.935,4.935,0.0
2025-02-05 17:45:00+00:00,4.935,4.935,4.935,4.935,0.0
2025-02-05 18:00:00+00:00,4.935,4.935,4.935,4.935,0.0
2025-02-05 18:15:00+00:00,4.935,4.935,4.935,4.935,0.0
2025-02-05 18:30:00+00:00,4.92,4.92,4.91,4.91,102.0
2025-02-05 18:45:00+00:00,4.91,4.91,4.77,4.77,400.0
2025-02-05 19:00:00+00:00,4.77,4.77,4.77,4.77,0.0
2025-02-05 19:15:00+00:00,4.77,4.77,4.77,4.77,0.0
2025-02-05 19:30:00+00:00,4.77,4.77,4.77,4.77,0.0
2025-02-05 19:45:00+00:00,4.77,4.77,4.77,4.77,0.0
2025-02-05 20:00:00+00:00,4.77,4.77,4.74,4.74,86.0
2025-02-05 20:15:00+00:00,4.74,4.74,4.735,4.735,0.0
2025-02-05 20:30:00+00:00,4.735,4.735,4.72,4.72,154.0
2025-02-05 20:45:00+00:00,4.72,4.76,4.72,4.735,419.0
2025-02-06 14:30:00+00:00,4.735,4.735,4.735,4.735,0.0
2025-02-06 14:45:00+00:00,4.735,4.735,4.735,4.735,0.0
2025-02-06 15:00:00+00:00,4.735,4.735,4.735,4.735,0.0
2025-02-06 15:15:00+00:00,4.735,4.735,4.735,4.735,0.0
2025-02-06 15:30:00+00:00,4.735,4.735,4.72,4.72,100.0
2025-02-06 15:45:00+00:00,4.72,4.72,4.72,4.72,0.0
2025-02-06 16:00:00+00:00,4.72,4.72,4.72,4.72,0.0
2025-02-06 16:15:00+00:00,4.72,4.72,4.72,4.72,0.0
2025-02-06 16:30:00+00:00,4.53,4.54,4.525,4.54,195.0
2025-02-06 16:45:00+00:00,4.54,4.54,4.54,4.54,0.0
2025-02-06 17:00:00+00:00,4.54,4.54,4.54,4.54,0.0
2025-02-06 17:15:00+00:00,4.54,4.54,4.54,4.54,0.0
2025-02-06 17:30:00+00:00,4.54,4.54,4.54,4.54,0.0
2025-02-06 17:45:00+00:00,4.54,4.54,4.54,4.54,0.0
2025-02-06 18:00:00+00:00,4.54,4.54,4.54,4.54,0.0
2025-02-06 18:15:00+00:00,4.54,4.54,4.54,4.54,0.0
2025-02-06 18:30:00+00:00,4.54,4.59,4.54,4.59,100.0
2025-02-06 18:45:00+00:00,4.59,4.59,4.59,4.59,68.0
2025-02-06 19:00:00+00:00,4.59,4.59,4.54,4.54,44.0
2025-02-06 19:15:00+00:00,4.54,4.58,4.53,4.58,53.0
2025-02-06 19:30:00+00:00,4.58,4.58,4.58,4.58,0.0
2025-02-06 19:45:00+00:00,4.58,4.58,4.555,4.555,2.0
2025-02-06 20:00:00+00:00,4.555,4.555,4.53,4.555,200.0
2025-02-06 20:15:00+00:00,4.555,4.57,4.54,4.57,182.0
2025-02-06 20:30:00+00:00,4.57,4.57,4.57,4.57,0.0
2025-02-06 20:45:00+00:00,4.57,4.6,4.55,4.55,127.0
2025-02-07 14:30:00+00:00,4.55,4.55,4.55,4.55,0.0
2025-02-07 14:45:00+00:00,4.55,4.55,4.55,4.55,0.0
2025-02-07 15:00:00+00:00,4.55,4.55,4.55,4.55,0.0
2025-02-07 15:15:00+00:00,4.55,4.55,4.55,4.55,0.0
2025-02-07 15:30:00+00:00,4.55,4.55,4.55,4.55,0.0
2025-02-07 15:45:00+00:00,4.55,4.55,4.55,4.55,0.0
2025-02-07 16:00:00+00:00,4.55,4.55,4.55,4.55,0.0
2025-02-07 16:15:00+00:00,4.55,4.55,4.55,4.55,0.0
2025-02-07 16:30:00+00:00,4.55,4.55,4.55,4.55,0.0
2025-02-07 16:45:00+00:00,4.55,4.56,4.55,4.56,1.0
2025-02-07 17:00:00+00:00,4.56,4.56,4.56,4.56,0.0
2025-02-07 17:15:00+00:00,4.56,4.56,4.56,4.56,0.0
2025-02-07 17:30:00+00:00,4.56,4.56,4.56,4.56,0.0
2025-02-07 17:45:00+00:00,4.56,4.56,4.56,4.56,0.0
2025-02-07 18:00:00+00:00,4.56,4.56,4.56,4.56,0.0
2025-02-07 18:15:00+00:00,4.59,4.59,4.59,4.59,1.0
2025-02-07 18:30:00+00:00,4.59,4.59,4.59,4.59,0.0
2025-02-07 18:45:00+00:00,4.59,4.59,4.59,4.59,0.0
2025-02-07 19:00:00+00:00,4.59,4.59,4.59,4.59,0.0
2025-02-07 19:15:00+00:00,4.59,4.59,4.59,4.59,0.0
2025-02-07 19:30:00+00:00,4.59,4.59,4.59,4.59,0.0
2025-02-07 19:45:00+00:00,4.59,4.59,4.59,4.59,0.0
2025-02-07 20:00:00+00:00,4.59,4.59,4.59,4.59,0.0
2025-02-07 20:15:00+00:00,4.59,4.59,4.59,4.59,0.0
2025-02-07 20:30:00+00:00,4.59,4.59,4.59,4.59,0.0
2025-02-07 20:45:00+00:00,4.59,4.59,4.505,4.545,25.0
2025-02-10 14:30:00+00:00,4.545,4.545,4.545,4.545,0.0
2025-02-10 14:45:00+00:00,4.545,4.545,4.545,4.545,0.0
2025-02-10 15:00:00+00:00,4.545,4.545,4.545,4.545,0.0
2025-02-10 15:15:00+00:00,4.545,4.545,4.545,4.545,0.0
2025-02-10 15:30:00+00:00,4.545,4.545,4.545,4.545,0.0
2025-02-10 15:45:00+00:00,4.545,4.545,4.545,4.545,0.0
2025-02-10 16:00:00+00:00,4.545,4.545,4.545,4.545,0.0
2025-02-10 16:15:00+00:00,4.545,4.545,4.545,4.545,0.0
2025-02-10 16:30:00+00:00,4.545,4.545,4.545,4.545,0.0
2025-02-10 16:45:00+00:00,4.545,4.545,4.545,4.545,0.0
2025-02-10 17:00:00+00:00,4.545,4.545,4.545,4.545,0.0
2025-02-10 17:15:00+00:00,4.545,4.545,4.545,4.545,0.0
2025-02-10 17:30:00+00:00,4.545,4.545,4.545,4.545,0.0
2025-02-10 17:45:00+00:00,4.545,4.545,4.545,4.545,0.0
2025-02-10 18:00:00+00:00,4.545,4.67,4.545,4.67,100.0
2025-02-10 18:15:00+00:00,4.67,4.725,4.67,4.725,100.0
2025-02-10 18:30:00+00:00,4.725,4.77,4.725,4.77,200.0
2025-02-10 18:45:00+00:00,4.77,4.77,4.77,4.77,0.0
2025-02-10 19:00:00+00:00,4.77,4.83,4.77,4.83,25.0
2025-02-10 19:15:00+00:00,4.83,4.83,4.83,4.83,0.0
2025-02-10 19:30:00+00:00,4.83,4.83,4.83,4.83,0.0
2025-02-10 19:45:00+00:00,4.83,4.83,4.83,4.83,0.0
2025-02-10 20:00:00+00:00,4.83,4.83,4.775,4.775,100.0
2025-02-10 20:15:00+00:00,4.775,4.775,4.775,4.775,0.0
2025-02-10 20:30:00+00:00,4.775,4.775,4.775,4.775,0.0
2025-02-10 20:45:00+00:00,4.775,4.775,4.775,4.775,0.0
2025-02-11 14:30:00+00:00,4.775,4.775,4.715,4.715,299.0
2025-02-11 14:45:00+00:00,4.715,4.715,4.715,4.715,0.0
2025-02-11 15:00:00+00:00,4.715,4.765,4.715,4.765,1.0
2025-02-11 15:15:00+00:00,4.765,4.765,4.765,4.765,0.0
2025-02-11 15:30:00+00:00,4.765,4.765,4.765,4.765,0.0
2025-02-11 15:45:00+00:00,4.765,4.78,4.765,4.78,200.0
2025-02-11 16:00:00+00:00,4.78,4.78,4.78,4.78,0.0
2025-02-11 16:15:00+00:00,4.78,4.78,4.78,4.78,0.0
2025-02-11 16:30:00+00:00,4.78,4.78,4.78,4.78,0.0
2025-02-11 16:45:00+00:00,4.78,4.8,4.78,4.8,250.0
2025-02-11 17:00:00+00:00,4.8,4.8,4.8,4.8,15.0
2025-02-11 17:15:00+00:00,4.8,4.8,4.8,4.8,0.0
2025-02-11 17:30:00+00:00,4.8,4.8,4.8,4.8,0.0
2025-02-11 17:45:00+00:00,4.8,4.8,4.8,4.8,0.0
2025-02-11 18:00:00+00:00,4.8,4.8,4.8,4.8,0.0
2025-02-11 18:15:00+00:00,4.8,4.8,4.8,4.8,0.0
2025-02-11 18:30:00+00:00,4.8,4.8,4.8,4.8,0.0
2025-02-11 18:45:00+00:00,4.8,4.8,4.8,4.8,0.0
2025-02-11 19:00:00+00:00,4.8,4.8,4.8,4.8,0.0
2025-02-11 19:15:00+00:00,4.8,4.8,4.8,4.8,0.0
2025-02-11 19:30:00+00:00,4.8,4.8,4.8,4.8,0.0
2025-02-11 19:45:00+00:00,4.8,4.8,4.8,4.8,0.0
2025-02-11 20:00:00+00:00,4.8,4.8,4.8,4.8,0.0
2025-02-11 20:15:00+00:00,4.8,5.0,4.8,4.97,342.0
2025-02-11 20:30:00+00:00,4.97,5.02,4.97,5.01,600.0
2025-02-11 20:45:00+00:00,5.02,5.02,4.87,4.87,550.0
2025-02-12 14:30:00+00:00,4.87,4.87,4.87,4.87,0.0
2025-02-12 14:45:00+00:00,4.87,4.87,4.87,4.87,0.0
2025-02-12 15:00:00+00:00,4.87,4.87,4.87,4.87,0.0
2025-02-12 15:15:00+00:00,4.87,4.87,4.87,4.87,0.0
2025-02-12 15:30:00+00:00,4.87,4.87,4.87,4.87,0.0
2025-02-12 15:45:00+00:00,4.87,4.87,4.87,4.87,0.0
2025-02-12 16:00:00+00:00,4.87,4.87,4.87,4.87,0.0
2025-02-12 16:15:00+00:00,4.87,4.87,4.87,4.87,0.0
2025-02-12 16:30:00+00:00,4.87,4.87,4.87,4.87,0.0
2025-02-12 16:45:00+00:00,4.87,4.87,4.87,4.87,0.0
2025-02-12 17:00:00+00:00,4.87,4.87,4.87,4.87,0.0
2025-02-12 17:15:00+00:00,4.87,4.87,4.87,4.87,0.0
2025-02-12 17:30:00+00:00,4.87,4.87,4.87,4.87,0.0
2025-02-12 17:45:00+00:00,4.87,4.87,4.87,4.87,0.0
2025-02-12 18:00:00+00:00,4.87,4.87,4.87,4.87,0.0
2025-02-12 18:15:00+00:00,4.87,4.87,4.87,4.87,0.0
2025-02-12 18:30:00+00:00,4.87,4.87,4.87,4.87,0.0
2025-02-12 18:45:00+00:00,4.87,4.87,4.87,4.87,0.0
2025-02-12 19:00:00+00:00,4.87,4.87,4.87,4.87,0.0
2025-02-12 19:15:00+00:00,4.87,4.87,4.87,4.87,0.0
2025-02-12 19:30:00+00:00,4.87,4.87,4.87,4.87,0.0
2025-02-12 19:45:00+00:00,4.87,4.87,4.87,4.87,0.0
2025-02-12 20:00:00+00:00,4.87,4.87,4.87,4.87,0.0
2025-02-12 20:15:00+00:00,4.87,4.87,4.87,4.87,0.0
2025-02-12 20:30:00+00:00,4.87,4.87,4.87,4.87,0.0
2025-02-12 20:45:00+00:00,4.87,4.87,4.63,4.63,51.0
2025-02-13 14:30:00+00:00,4.63,4.63,4.63,4.63,0.0
2025-02-13 14:45:00+00:00,4.63,4.63,4.63,4.63,0.0
2025-02-13 15:00:00+00:00,4.63,4.63,4.56,4.56,27.0
2025-02-13 15:15:00+00:00,4.56,4.56,4.56,4.56,26.0
2025-02-13 15:30:00+00:00,4.56,4.595,4.56,4.59,100.0
2025-02-13 15:45:00+00:00,4.59,4.59,4.59,4.59,0.0
2025-02-13 16:00:00+00:00,4.59,4.59,4.51,4.51,26.0
2025-02-13 16:15:00+00:00,4.51,4.51,4.51,4.51,0.0
2025-02-13 16:30:00+00:00,4.51,4.525,4.51,4.51,53.0
2025-02-13 16:45:00+00:00,4.51,4.51,4.51,4.51,26.0
2025-02-13 17:00:00+00:00,4.51,4.51,4.51,4.51,0.0
2025-02-13 17:15:00+00:00,4.51,4.51,4.51,4.51,0.0
2025-02-13 17:30:00+00:00,4.51,4.54,4.51,4.535,100.0
2025-02-13 17:45:00+00:00,4.535,4.535,4.51,4.51,0.0
2025-02-13 18:00:00+00:00,4.51,4.51,4.51,4.51,0.0
2025-02-13 18:15:00+00:00,4.51,4.51,4.51,4.51,0.0
2025-02-13 18:30:00+00:00,4.51,4.535,4.51,4.535,0.0
2025-02-13 18:45:00+00:00,4.535,4.535,4.535,4.535,0.0
2025-02-13 19:00:00+00:00,4.54,4.54,4.54,4.54,0.0
2025-02-13 19:15:00+00:00,4.54,4.54,4.54,4.54,0.0
2025-02-13 19:30:00+00:00,4.54,4.54,4.54,4.54,0.0
2025-02-13 19:45:00+00:00,4.54,4.54,4.54,4.54,100.0
2025-02-13 20:00:00+00:00,4.54,4.54,4.54,4.54,0.0
2025-02-13 20:15:00+00:00,4.54,4.54,4.54,4.54,0.0
2025-02-13 20:30:00+00:00,4.54,4.54,4.54,4.54,0.0
2025-02-13 20:45:00+00:00,4.54,4.54,4.54,4.54,0.0
2025-02-14 14:30:00+00:00,4.54,4.54,4.54,4.54,0.0
2025-02-14 14:45:00+00:00,4.54,4.54,4.54,4.54,0.0
2025-02-14 15:00:00+00:00,4.54,4.54,4.54,4.54,0.0
2025-02-14 15:15:00+00:00,4.54,4.54,4.47,4.47,0.0
2025-02-14 15:30:00+00:00,4.47,4.47,4.47,4.47,0.0
2025-02-14 15:45:00+00:00,4.47,4.47,4.45,4.455,69.0
2025-02-14 16:00:00+00:00,4.455,4.455,4.455,4.455,0.0
2025-02-14 16:15:00+00:00,4.455,4.465,4.455,4.465,0.0
2025-02-14 16:30:00+00:00,4.465,4.465,4.465,4.465,0.0
2025-02-14 16:45:00+00:00,4.465,4.465,4.465,4.465,0.0
2025-02-14 17:00:00+00:00,4.465,4.475,4.465,4.475,0.0
2025-02-14 17:15:00+00:00,4.47,4.47,4.47,4.47,0.0
2025-02-14 17:30:00+00:00,4.47,4.47,4.47,4.47,0.0
2025-02-14 17:45:00+00:00,4.46,4.46,4.435,4.435,100.0
2025-02-14 18:00:00+00:00,4.435,4.435,4.39,4.4,171.0
2025-02-14 18:15:00+00:00,4.4,4.4,4.4,4.4,0.0
2025-02-14 18:30:00+00:00,4.4,4.415,4.4,4.415,100.0
2025-02-14 18:45:00+00:00,4.415,4.415,4.415,4.415,0.0
2025-02-14 19:00:00+00:00,4.415,4.415,4.415,4.415,0.0
2025-02-14 19:15:00+00:00,4.415,4.415,4.415,4.415,0.0
2025-02-14 19:30:00+00:00,4.425,4.425,4.425,4.425,0.0
2025-02-14 19:45:00+00:00,4.425,4.425,4.425,4.425,0.0
2025-02-14 20:00:00+00:00,4.425,4.425,4.425,4.425,0.0
2025-02-14 20:15:00+00:00,4.425,4.425,4.41,4.41,66.0
2025-02-14 20:30:00+00:00,4.41,4.41,4.41,4.41,0.0
2025-02-14 20:45:00+00:00,4.41,4.42,4.405,4.405,11.0
2025-02-17 14:30:00+00:00,4.405,4.405,4.405,4.405,0.0
2025-02-17 14:45:00+00:00,4.405,4.405,4.405,4.405,0.0
2025-02-17 15:00:00+00:00,4.405,4.405,4.405,4.405,0.0
2025-02-17 15:15:00+00:00,4.405,4.405,4.405,4.405,0.0
2025-02-17 15:30:00+00:00,4.405,4.405,4.405,4.405,0.0
2025-02-17 15:45:00+00:00,4.405,4.405,4.405,4.405,0.0
2025-02-17 16:00:00+00:00,4.405,4.405,4.405,4.405,0.0
2025-02-17 16:15:00+00:00,4.405,4.405,4.405,4.405,0.0
2025-02-17 16:30:00+00:00,4.405,4.405,4.405,4.405,0.0
2025-02-17 16:45:00+00:00,4.405,4.405,4.405,4.405,0.0
2025-02-17 17:00:00+00:00,4.405,4.405,4.405,4.405,0.0
2025-02-17 17:15:00+00:00,4.405,4.405,4.405,4.405,0.0
2025-02-17 17:30:00+00:00,4.405,4.405,4.405,4.405,0.0
2025-02-17 17:45:00+00:00,4.405,4.405,4.405,4.405,0.0
2025-02-17 18:00:00+00:00,4.405,4.405,4.405,4.405,0.0
2025-02-17 18:15:00+00:00,4.405,4.405,4.405,4.405,0.0
2025-02-17 18:30:00+00:00,4.405,4.405,4.405,4.405,0.0
2025-02-17 18:45:00+00:00,4.405,4.405,4.405,4.405,0.0
2025-02-17 19:00:00+00:00,4.405,4.405,4.405,4.405,0.0
2025-02-17 19:15:00+00:00,4.405,4.405,4.405,4.405,0.0
2025-02-17 19:30:00+00:00,4.405,4.405,4.405,4.405,0.0
2025-02-17 19:45:00+00:00,4.405,4.405,4.405,4.405,0.0
2025-02-17 20:00:00+00:00,4.405,4.405,4.405,4.405,0.0
2025-02-17 20:15:00+00:00,4.405,4.405,4.405,4.405,0.0
2025-02-17 20:30:00+00:00,4.405,4.405,4.405,4.405,0.0
2025-02-17 20:45:00+00:00,4.405,4.405,4.405,4.405,0.0
2025-02-18 14:30:00+00:00,4.405,4.405,4.045,4.045,99.0
2025-02-18 14:45:00+00:00,4.045,4.045,4.045,4.045,0.0
2025-02-18 15:00:00+00:00,4.045,4.045,4.045,4.045,0.0
2025-02-18 15:15:00+00:00,4.045,4.045,4.045,4.045,0.0
2025-02-18 15:30:00+00:00,4.045,4.045,4.045,4.045,0.0
2025-02-18 15:45:00+00:00,4.045,4.18,4.045,4.18,9.0
2025-02-18 16:00:00+00:00,4.18,4.18,4.18,4.18,16.0
2025-02-18 16:15:00+00:00,4.18,4.18,4.18,4.18,0.0
2025-02-18 16:30:00+00:00,4.18,4.18,4.1,4.1,6.0
2025-02-18 16:45:00+00:00,4.1,4.105,4.1,4.105,60.0
2025-02-18 17:00:00+00:00,4.105,4.105,4.105,4.105,0.0
2025-02-18 17:15:00+00:00,4.105,4.135,4.105,4.13,13.0
2025-02-18 17:30:00+00:00,4.13,4.13,4.13,4.13,0.0
2025-02-18 17:45:00+00:00,4.13,4.13,4.13,4.13,0.0
2025-02-18 18:00:00+00:00,4.13,4.135,4.13,4.135,1.0
2025-02-18 18:15:00+00:00,4.135,4.135,4.135,4.135,0.0
2025-02-18 18:30:00+00:00,4.135,4.135,4.135,4.135,0.0
2025-02-18 18:45:00+00:00,4.135,4.135,4.135,4.135,0.0
2025-02-18 19:00:00+00:00,4.135,4.135,4.135,4.135,0.0
2025-02-18 19:15:00+00:00,4.135,4.135,4.135,4.135,0.0
2025-02-18 19:30:00+00:00,4.135,4.135,4.135,4.135,0.0
2025-02-18 19:45:00+00:00,4.135,4.135,4.135,4.135,0.0
2025-02-18 20:00:00+00:00,4.135,4.135,4.135,4.135,0.0
2025-02-18 20:15:00+00:00,4.135,4.175,4.135,4.175,60.0
2025-02-18 20:30:00+00:00,4.175,4.26,4.175,4.225,760.0
2025-02-18 20:45:00+00:00,4.225,4.27,4.225,4.24,620.0
2025-02-19 14:30:00+00:00,4.24,4.24,4.24,4.24,0.0
2025-02-19 14:45:00+00:00,4.24,4.24,4.24,4.24,0.0
2025-02-19 15:00:00+00:00,4.24,4.24,4.24,4.24,0.0
2025-02-19 15:15:00+00:00,4.24,4.24,4.105,4.105,212.0
2025-02-19 15:30:00+00:00,4.105,4.105,4.105,4.105,0.0
2025-02-19 15:45:00+00:00,4.105,4.105,4.105,4.105,0.0
2025-02-19 16:00:00+00:00,4.105,4.105,4.105,4.105,0.0
2025-02-19 16:15:00+00:00,4.105,4.19,4.105,4.19,48.0
2025-02-19 16:30:00+00:00,4.19,4.19,4.19,4.19,0.0
2025-02-19 16:45:00+00:00,4.19,4.19,4.19,4.19,0.0
2025-02-19 17:00:00+00:00,4.19,4.19,4.075,4.075,200.0
2025-02-19 17:15:00+00:00,4.075,4.075,4.075,4.075,0.0
2025-02-19 17:30:00+00:00,4.075,4.085,4.075,4.085,200.0
2025-02-19 17:45:00+00:00,4.085,4.195,4.085,4.195,100.0
2025-02-19 18:00:00+00:00,4.195,4.195,4.195,4.195,0.0
2025-02-19 18:15:00+00:00,4.195,4.195,4.195,4.195,0.0
2025-02-19 18:30:00+00:00,4.195,4.195,4.195,4.195,0.0
2025-02-19 18:45:00+00:00,4.195,4.195,4.18,4.18,60.0
2025-02-19 19:00:00+00:00,4.17,4.17,4.17,4.17,60.0
2025-02-19 19:15:00+00:00,4.17,4.17,4.17,4.17,0.0
2025-02-19 19:30:00+00:00,4.17,4.17,4.17,4.17,0.0
2025-02-19 19:45:00+00:00,4.17,4.24,4.17,4.24,111.0
2025-02-19 20:00:00+00:00,4.24,4.24,4.24,4.24,0.0
2025-02-19 20:15:00+00:00,4.24,4.24,4.24,4.24,0.0
2025-02-19 20:30:00+00:00,4.24,4.24,4.24,4.24,0.0
2025-02-19 20:45:00+00:00,4.24,4.24,4.1,4.1,240.0
2025-02-20 14:30:00+00:00,4.1,4.1,4.1,4.1,0.0
2025-02-20 14:45:00+00:00,4.1,4.1,4.1,4.1,0.0
2025-02-20 15:00:00+00:00,4.1,4.1,4.1,4.1,0.0
2025-02-20 15:15:00+00:00,4.1,4.1,4.1,4.1,0.0
2025-02-20 15:30:00+00:00,4.1,4.1,4.08,4.08,50.0
2025-02-20 15:45:00+00:00,4.08,4.08,4.08,4.08,0.0
2025-02-20 16:00:00+00:00,4.08,4.08,4.08,4.08,0.0
2025-02-20 16:15:00+00:00,4.08,4.08,4.08,4.08,0.0
2025-02-20 16:30:00+00:00,4.08,4.08,4.025,4.025,0.0
2025-02-20 16:45:00+00:00,4.03,4.09,4.03,4.09,16.0
2025-02-20 17:00:00+00:00,4.09,4.09,4.09,4.09,16.0
2025-02-20 17:15:00+00:00,4.09,4.09,4.09,4.09,0.0
2025-02-20 17:30:00+00:00,4.09,4.09,4.02,4.03,80.0
2025-02-20 17:45:00+00:00,4.03,4.03,4.03,4.03,377.0
2025-02-20 18:00:00+00:00,4.03,4.03,4.03,4.03,0.0
2025-02-20 18:15:00+00:00,4.03,4.03,4.03,4.03,0.0
2025-02-20 18:30:00+00:00,4.03,4.03,4.03,4.03,0.0
2025-02-20 18:45:00+00:00,4.03,4.1,4.03,4.1,11.0
2025-02-20 19:00:00+00:00,4.1,4.1,4.1,4.1,0.0
2025-02-20 19:15:00+00:00,4.1,4.1,4.1,4.1,0.0
2025-02-20 19:30:00+00:00,4.1,4.1,4.1,4.1,0.0
2025-02-20 19:45:00+00:00,4.1,4.1,4.1,4.1,0.0
2025-02-20 20:00:00+00:00,4.1,4.1,4.1,4.1,0.0
2025-02-20 20:15:00+00:00,4.1,4.1,4.1,4.1,0.0
2025-02-20 20:30:00+00:00,4.1,4.1,4.1,4.1,0.0
2025-02-20 20:45:00+00:00,4.1,4.1,4.045,4.045,39.0
2025-02-21 14:30:00+00:00,4.045,4.045,4.045,4.045,0.0
2025-02-21 14:45:00+00:00,4.045,4.045,4.045,4.045,0.0
2025-02-21 15:00:00+00:00,4.045,4.045,4.045,4.045,0.0
2025-02-21 15:15:00+00:00,4.045,4.045,4.045,4.045,0.0
2025-02-21 15:30:00+00:00,4.045,4.045,4.01,4.01,152.0
2025-02-21 15:45:00+00:00,4.01,4.01,4.01,4.01,0.0
2025-02-21 16:00:00+00:00,4.01,4.01,4.01,4.01,0.0
2025-02-21 16:15:00+00:00,4.01,4.01,4.01,4.01,100.0
2025-02-21 16:30:00+00:00,4.01,4.01,4.01,4.01,0.0
2025-02-21 16:45:00+00:00,4.01,4.055,4.01,4.03,100.0
2025-02-21 17:00:00+00:00,4.03,4.035,4.03,4.035,0.0
2025-02-21 17:15:00+00:00,4.03,4.03,4.03,4.03,0.0
2025-02-21 17:30:00+00:00,4.03,4.03,4.025,4.03,100.0
2025-02-21 17:45:00+00:00,4.025,4.025,4.025,4.025,0.0
2025-02-21 18:00:00+00:00,4.025,4.025,4.025,4.025,0.0
2025-02-21 18:15:00+00:00,4.025,4.025,4.025,4.025,0.0
2025-02-21 18:30:00+00:00,4.025,4.025,4.01,4.015,400.0
2025-02-21 18:45:00+00:00,4.015,4.015,4.015,4.015,0.0
2025-02-21 19:00:00+00:00,4.015,4.015,4.015,4.015,0.0
2025-02-21 19:15:00+00:00,4.015,4.015,4.015,4.015,0.0
2025-02-21 19:30:00+00:00,4.015,4.015,4.015,4.015,0.0
2025-02-21 19:45:00+00:00,4.015,4.015,4.015,4.015,0.0
2025-02-21 20:00:00+00:00,4.015,4.015,3.95,3.95,100.0
2025-02-21 20:15:00+00:00,3.95,3.95,3.91,3.91,200.0
2025-02-21 20:30:00+00:00,3.91,3.94,3.91,3.94,100.0
2025-02-21 20:45:00+00:00,3.94,3.95,3.94,3.95,34.0
2025-02-24 14:30:00+00:00,3.95,3.95,3.95,3.95,0.0
2025-02-24 14:45:00+00:00,3.95,3.95,3.95,3.95,0.0
2025-02-24 15:00:00+00:00,3.95,3.95,3.95,3.95,0.0
2025-02-24 15:15:00+00:00,3.95,3.95,3.95,3.95,0.0
2025-02-24 15:30:00+00:00,3.95,3.95,3.95,3.95,0.0
2025-02-24 15:45:00+00:00,3.95,3.95,3.95,3.95,0.0
2025-02-24 16:00:00+00:00,3.95,3.95,3.95,3.95,0.0
2025-02-24 16:15:00+00:00,3.95,3.95,3.61,3.61,200.0
2025-02-24 16:30:00+00:00,3.61,3.73,3.61,3.73,100.0
2025-02-24 16:45:00+00:00,3.73,3.73,3.73,3.73,0.0
2025-02-24 17:00:00+00:00,3.73,3.79,3.73,3.79,139.0
2025-02-24 17:15:00+00:00,3.79,3.79,3.79,3.79,0.0
2025-02-24 17:30:00+00:00,3.79,3.79,3.79,3.79,0.0
2025-02-24 17:45:00+00:00,3.815,3.815,3.815,3.815,3.0
2025-02-24 18:00:00+00:00,3.82,3.82,3.82,3.82,1.0
2025-02-24 18:15:00+00:00,3.82,3.82,3.82,3.82,0.0
2025-02-24 18:30:00+00:00,3.82,3.82,3.82,3.82,0.0
2025-02-24 18:45:00+00:00,3.82,3.82,3.82,3.82,0.0
2025-02-24 19:00:00+00:00,3.82,3.82,3.82,3.82,0.0
2025-02-24 19:15:00+00:00,3.82,3.82,3.82,3.82,0.0
2025-02-24 19:30:00+00:00,3.855,3.855,3.855,3.855,1.0
2025-02-24 19:45:00+00:00,3.855,3.855,3.855,3.855,0.0
2025-02-24 20:00:00+00:00,3.855,3.855,3.855,3.855,0.0
2025-02-24 20:15:00+00:00,3.815,3.815,3.81,3.81,14.0
2025-02-24 20:30:00+00:00,3.81,3.81,3.81,3.81,0.0
2025-02-24 20:45:00+00:00,3.81,3.81,3.8,3.805,108.0
2025-02-25 14:30:00+00:00,3.805,3.805,3.805,3.805,0.0
2025-02-25 14:45:00+00:00,3.805,3.805,3.805,3.805,0.0
2025-02-25 15:00:00+00:00,3.805,3.805,3.805,3.805,0.0
2025-02-25 15:15:00+00:00,3.805,3.805,3.805,3.805,0.0
2025-02-25 15:30:00+00:00,3.805,3.805,3.805,3.805,0.0
2025-02-25 15:45:00+00:00,3.805,3.805,3.805,3.805,0.0
2025-02-25 16:00:00+00:00,3.805,3.805,3.805,3.805,0.0
2025-02-25 16:15:00+00:00,3.805,3.805,3.805,3.805,0.0
2025-02-25 16:30:00+00:00,3.805,3.805,3.805,3.805,0.0
2025-02-25 16:45:00+00:00,3.805,3.805,3.805,3.805,0.0
2025-02-25 17:00:00+00:00,3.805,3.805,3.805,3.805,0.0
2025-02-25 17:15:00+00:00,3.805,3.805,3.805,3.805,0.0
2025-02-25 17:30:00+00:00,3.805,3.805,3.805,3.805,0.0
2025-02-25 17:45:00+00:00,3.805,3.805,3.805,3.805,0.0
2025-02-25 18:00:00+00:00,3.805,3.805,3.805,3.805,0.0
2025-02-25 18:15:00+00:00,3.805,3.805,3.805,3.805,0.0
2025-02-25 18:30:00+00:00,3.805,3.805,3.805,3.805,0.0
2025-02-25 18:45:00+00:00,3.805,3.805,3.805,3.805,0.0
2025-02-25 19:00:00+00:00,3.805,3.805,3.805,3.805,0.0
2025-02-25 19:15:00+00:00,3.805,3.805,3.805,3.805,0.0
2025-02-25 19:30:00+00:00,3.805,3.805,3.805,3.805,0.0
2025-02-25 19:45:00+00:00,3.805,3.92,3.805,3.92,12.0
2025-02-25 20:00:00+00:00,3.92,3.92,3.92,3.92,0.0
2025-02-25 20:15:00+00:00,3.92,3.92,3.92,3.92,0.0
2025-02-25 20:30:00+00:00,3.92,3.92,3.92,3.92,0.0
2025-02-25 20:45:00+00:00,3.92,3.92,3.92,3.92,0.0
2025-02-26 14:30:00+00:00,3.92,3.92,3.92,3.92,0.0
2025-02-26 14:45:00+00:00,3.92,3.92,3.92,3.92,0.0
2025-02-26 15:00:00+00:00,3.92,3.92,3.75,3.75,16.0
2025-02-26 15:15:00+00:00,3.75,3.75,3.75,3.75,0.0
2025-02-26 15:30:00+00:00,3.75,3.75,3.75,3.75,0.0
2025-02-26 15:45:00+00:00,3.75,3.75,3.75,3.75,0.0
2025-02-26 16:00:00+00:00,3.75,3.75,3.75,3.75,0.0
2025-02-26 16:15:00+00:00,3.75,3.75,3.75,3.75,0.0
2025-02-26 16:30:00+00:00,3.75,3.75,3.75,3.75,0.0
2025-02-26 16:45:00+00:00,3.75,3.75,3.75,3.75,0.0
2025-02-26 17:00:00+00:00,3.75,3.75,3.75,3.75,0.0
2025-02-26 17:15:00+00:00,3.75,3.75,3.75,3.75,0.0
2025-02-26 17:30:00+00:00,3.75,3.75,3.75,3.75,0.0
2025-02-26 17:45:00+00:00,3.75,3.75,3.75,3.75,0.0
2025-02-26 18:00:00+00:00,3.75,3.87,3.75,3.87,100.0
2025-02-26 18:15:00+00:00,3.87,3.87,3.87,3.87,0.0
2025-02-26 18:30:00+00:00,3.87,3.87,3.87,3.87,0.0
2025-02-26 18:45:00+00:00,3.87,3.87,3.87,3.87,0.0
2025-02-26 19:00:00+00:00,3.87,3.87,3.87,3.87,0.0
2025-02-26 19:15:00+00:00,3.87,3.87,3.87,3.87,0.0
2025-02-26 19:30:00+00:00,3.87,3.87,3.825,3.825,0.0
2025-02-26 19:45:00+00:00,3.825,3.83,3.825,3.83,0.0
2025-02-26 20:00:00+00:00,3.83,3.83,3.83,3.83,0.0
2025-02-26 20:15:00+00:00,3.835,3.835,3.835,3.835,0.0
2025-02-26 20:30:00+00:00,3.835,3.84,3.835,3.84,0.0
2025-02-26 20:45:00+00:00,3.84,3.84,3.82,3.835,15.0
2025-02-27 14:30:00+00:00,3.835,3.835,3.835,3.835,0.0
2025-02-27 14:45:00+00:00,3.835,3.835,3.835,3.835,0.0
2025-02-27 15:00:00+00:00,3.835,3.835,3.835,3.835,0.0
2025-02-27 15:15:00+00:00,3.835,3.835,3.835,3.835,0.0
2025-02-27 15:30:00+00:00,3.835,3.835,3.835,3.835,0.0
2025-02-27 15:45:00+00:00,3.835,3.835,3.835,3.835,0.0
2025-02-27 16:00:00+00:00,3.835,3.835,3.835,3.835,0.0
2025-02-27 16:15:00+00:00,3.835,3.835,3.835,3.835,0.0
2025-02-27 16:30:00+00:00,3.835,3.835,3.835,3.835,0.0
2025-02-27 16:45:00+00:00,3.835,3.835,3.835,3.835,0.0
2025-02-27 17:00:00+00:00,3.835,3.835,3.835,3.835,0.0
2025-02-27 17:15:00+00:00,3.835,3.835,3.835,3.835,0.0
2025-02-27 17:30:00+00:00,3.835,3.835,3.835,3.835,0.0
2025-02-27 17:45:00+00:00,3.835,3.835,3.835,3.835,0.0
2025-02-27 18:00:00+00:00,3.835,3.835,3.835,3.835,0.0
2025-02-27 18:15:00+00:00,3.835,3.835,3.835,3.835,0.0
2025-02-27 18:30:00+00:00,3.835,3.835,3.835,3.835,0.0
2025-02-27 18:45:00+00:00,3.835,3.835,3.835,3.835,0.0
2025-02-27 19:00:00+00:00,3.835,3.835,3.835,3.835,0.0
2025-02-27 19:15:00+00:00,3.835,3.835,3.835,3.835,0.0
2025-02-27 19:30:00+00:00,3.835,3.835,3.79,3.79,12.0
2025-02-27 19:45:00+00:00,3.79,3.79,3.79,3.79,0.0
2025-02-27 20:00:00+00:00,3.79,3.79,3.79,3.79,0.0
2025-02-27 20:15:00+00:00,3.79,3.79,3.76,3.76,1.0
2025-02-27 20:30:00+00:00,3.76,3.765,3.76,3.76,0.0
2025-02-27 20:45:00+00:00,3.76,3.76,3.64,3.64,212.0
2025-02-28 14:30:00+00:00,3.64,3.64,3.64,3.64,0.0
2025-02-28 14:45:00+00:00,3.64,3.64,3.64,3.64,0.0
2025-02-28 15:00:00+00:00,3.64,3.64,3.64,3.64,0.0
2025-02-28 15:15:00+00:00,3.64,3.64,3.64,3.64,0.0
2025-02-28 15:30:00+00:00,3.64,3.64,3.64,3.64,0.0
2025-02-28 15:45:00+00:00,3.64,3.64,3.64,3.64,0.0
2025-02-28 16:00:00+00:00,3.64,3.64,3.64,3.64,0.0
2025-02-28 16:15:00+00:00,3.64,3.64,3.64,3.64,0.0
2025-02-28 16:30:00+00:00,3.64,3.64,3.64,3.64,0.0
2025-02-28 16:45:00+00:00,3.64,3.64,3.64,3.64,0.0
2025-02-28 17:00:00+00:00,3.64,3.64,3.64,3.64,0.0
2025-02-28 17:15:00+00:00,3.64,3.64,3.64,3.64,0.0
2025-02-28 17:30:00+00:00,3.64,3.64,3.64,3.64,0.0
2025-02-28 17:45:00+00:00,3.64,3.64,3.64,3.64,0.0
2025-02-28 18:00:00+00:00,3.64,3.64,3.64,3.64,0.0
2025-02-28 18:15:00+00:00,3.64,3.64,3.64,3.64,0.0
2025-02-28 18:30:00+00:00,3.64,3.64,3.64,3.64,0.0
2025-02-28 18:45:00+00:00,3.64,3.64,3.64,3.64,0.0
2025-02-28 19:00:00+00:00,3.64,3.64,3.64,3.64,0.0
2025-02-28 19:15:00+00:00,3.64,3.64,3.64,3.64,0.0
2025-02-28 19:30:00+00:00,3.64,3.64,3.64,3.64,0.0
2025-02-28 19:45:00+00:00,3.64,3.64,3.64,3.64,0.0
2025-02-28 20:00:00+00:00,3.64,3.64,3.64,3.64,0.0
2025-02-28 20:15:00+00:00,3.64,3.64,3.64,3.64,0.0
2025-02-28 20:30:00+00:00,3.64,3.64,3.64,3.64,0.0
2025-02-28 20:45:00+00:00,3.64,3.64,3.64,3.64,0.0
2025-03-03 14:30:00+00:00,3.64,3.64,3.64,3.64,0.0
2025-03-03 14:45:00+00:00,3.64,3.64,3.64,3.64,0.0
2025-03-03 15:00:00+00:00,3.64,3.64,3.64,3.64,0.0
2025-03-03 15:15:00+00:00,3.64,3.64,3.64,3.64,0.0
2025-03-03 15:30:00+00:00,3.64,3.64,3.64,3.64,0.0
2025-03-03 15:45:00+00:00,3.64,3.64,3.64,3.64,0.0
2025-03-03 16:00:00+00:00,3.64,3.64,3.64,3.64,0.0
2025-03-03 16:15:00+00:00,3.64,3.64,3.64,3.64,0.0
2025-03-03 16:30:00+00:00,3.64,3.64,3.64,3.64,0.0
2025-03-03 16:45:00+00:00,3.64,3.77,3.64,3.73,6.0
2025-03-03 17:00:00+00:00,3.73,3.73,3.73,3.73,0.0
2025-03-03 17:15:00+00:00,3.73,3.73,3.73,3.73,0.0
2025-03-03 17:30:00+00:00,3.73,3.73,3.73,3.73,0.0
2025-03-03 17:45:00+00:00,3.73,3.73,3.68,3.68,5.0
2025-03-03 18:00:00+00:00,3.68,3.68,3.68,3.68,0.0
2025-03-03 18:15:00+00:00,3.68,3.68,3.615,3.615,1.0
2025-03-03 18:30:00+00:00,3.615,3.615,3.615,3.615,0.0
2025-03-03 18:45:00+00:00,3.615,3.615,3.615,3.615,0.0
2025-03-03 19:00:00+00:00,3.615,3.65,3.615,3.65,55.0
2025-03-03 19:15:00+00:00,3.65,3.65,3.65,3.65,0.0
2025-03-03 19:30:00+00:00,3.65,3.65,3.65,3.65,0.0
2025-03-03 19:45:00+00:00,3.65,3.65,3.65,3.65,0.0
2025-03-03 20:00:00+00:00,3.65,3.65,3.65,3.65,0.0
2025-03-03 20:15:00+00:00,3.65,3.65,3.65,3.65,0.0
2025-03-03 20:30:00+00:00,3.65,3.65,3.545,3.545,200.0
2025-03-03 20:45:00+00:00,3.545,3.545,3.545,3.545,0.0
2025-03-04 14:30:00+00:00,3.545,3.545,3.545,3.545,0.0
2025-03-04 14:45:00+00:00,3.545,3.545,3.545,3.545,0.0
2025-03-04 15:00:00+00:00,3.545,3.545,3.545,3.545,0.0
2025-03-04 15:15:00+00:00,3.545,3.545,3.545,3.545,0.0
2025-03-04 15:30:00+00:00,3.545,3.545,3.53,3.53,100.0
2025-03-04 15:45:00+00:00,3.53,3.53,3.53,3.53,0.0
2025-03-04 16:00:00+00:00,3.53,3.53,3.53,3.53,0.0
2025-03-04 16:15:00+00:00,3.53,3.53,3.53,3.53,0.0
2025-03-04 16:30:00+00:00,3.53,3.53,3.53,3.53,0.0
2025-03-04 16:45:00+00:00,3.53,3.53,3.53,3.53,0.0
2025-03-04 17:00:00+00:00,3.52,3.52,3.52,3.52,200.0
2025-03-04 17:15:00+00:00,3.52,3.52,3.52,3.52,0.0
2025-03-04 17:30:00+00:00,3.52,3.52,3.52,3.52,0.0
2025-03-04 17:45:00+00:00,3.52,3.52,3.52,3.52,0.0
2025-03-04 18:00:00+00:00,3.52,3.52,3.47,3.47,100.0
2025-03-04 18:15:00+00:00,3.47,3.47,3.46,3.46,0.0
2025-03-04 18:30:00+00:00,3.46,3.46,3.46,3.46,0.0
2025-03-04 18:45:00+00:00,3.515,3.515,3.5,3.5,100.0
2025-03-04 19:00:00+00:00,3.5,3.52,3.5,3.52,100.0
2025-03-04 19:15:00+00:00,3.52,3.52,3.52,3.52,0.0
2025-03-04 19:30:00+00:00,3.52,3.52,3.52,3.52,10.0
2025-03-04 19:45:00+00:00,3.52,3.52,3.505,3.51,0.0
2025-03-04 20:00:00+00:00,3.51,3.51,3.5,3.51,100.0
2025-03-04 20:15:00+00:00,3.51,3.51,3.51,3.51,0.0
2025-03-04 20:30:00+00:00,3.51,3.545,3.51,3.545,100.0
2025-03-04 20:45:00+00:00,3.545,3.545,3.545,3.545,0.0
2025-03-05 14:30:00+00:00,3.545,3.545,3.545,3.545,0.0
2025-03-05 14:45:00+00:00,3.545,3.545,3.545,3.545,0.0
2025-03-05 15:00:00+00:00,3.545,3.545,3.545,3.545,0.0
2025-03-05 15:15:00+00:00,3.545,3.545,3.545,3.545,0.0
2025-03-05 15:30:00+00:00,3.545,3.545,3.545,3.545,0.0
2025-03-05 15:45:00+00:00,3.545,3.545,3.49,3.49,0.0
2025-03-05 16:00:00+00:00,3.49,3.49,3.465,3.465,1.0
2025-03-05 16:15:00+00:00,3.465,3.465,3.465,3.465,0.0
2025-03-05 16:30:00+00:00,3.465,3.465,3.465,3.465,0.0
2025-03-05 16:45:00+00:00,3.465,3.475,3.465,3.475,3.0
2025-03-05 17:00:00+00:00,3.475,3.475,3.47,3.47,2.0
2025-03-05 17:15:00+00:00,3.47,3.47,3.47,3.47,0.0
2025-03-05 17:30:00+00:00,3.47,3.51,3.47,3.51,1.0
2025-03-05 17:45:00+00:00,3.51,3.51,3.51,3.51,0.0
2025-03-05 18:00:00+00:00,3.51,3.51,3.51,3.51,1.0
2025-03-05 18:15:00+00:00,3.51,3.51,3.51,3.51,0.0
2025-03-05 18:30:00+00:00,3.51,3.51,3.51,3.51,0.0
2025-03-05 18:45:00+00:00,3.51,3.51,3.51,3.51,0.0
2025-03-05 19:00:00+00:00,3.51,3.51,3.48,3.485,12.0
2025-03-05 19:15:00+00:00,3.485,3.485,3.485,3.485,0.0
2025-03-05 19:30:00+00:00,3.485,3.53,3.485,3.52,112.0
2025-03-05 19:45:00+00:00,3.52,3.52,3.52,3.52,2.0
2025-03-05 20:00:00+00:00,3.52,3.52,3.5,3.5,13.0
2025-03-05 20:15:00+00:00,3.5,3.51,3.5,3.51,0.0
2025-03-05 20:30:00+00:00,3.51,3.52,3.51,3.52,100.0
2025-03-05 20:45:00+00:00,3.52,3.6,3.52,3.585,235.0
2025-03-06 14:30:00+00:00,3.585,3.585,3.585,3.585,0.0
2025-03-06 14:45:00+00:00,3.585,3.585,3.585,3.585,0.0
2025-03-06 15:00:00+00:00,3.585,3.585,3.585,3.585,0.0
2025-03-06 15:15:00+00:00,3.585,3.585,3.585,3.585,0.0
2025-03-06 15:30:00+00:00,3.585,3.585,3.585,3.585,0.0
2025-03-06 15:45:00+00:00,3.585,3.585,3.54,3.54,4.0
2025-03-06 16:00:00+00:00,3.54,3.54,3.54,3.54,0.0
2025-03-06 16:15:00+00:00,3.54,3.54,3.54,3.54,0.0
2025-03-06 16:30:00+00:00,3.54,3.54,3.54,3.54,0.0
2025-03-06 16:45:00+00:00,3.54,3.54,3.54,3.54,0.0
2025-03-06 17:00:00+00:00,3.54,3.54,3.54,3.54,0.0
2025-03-06 17:15:00+00:00,3.54,3.54,3.54,3.54,0.0
2025-03-06 17:30:00+00:00,3.55,3.55,3.55,3.55,11.0
2025-03-06 17:45:00+00:00,3.55,3.55,3.55,3.55,0.0
2025-03-06 18:00:00+00:00,3.55,3.55,3.49,3.49,10.0
2025-03-06 18:15:00+00:00,3.49,3.49,3.49,3.49,0.0
2025-03-06 18:30:00+00:00,3.49,3.49,3.49,3.49,0.0
2025-03-06 18:45:00+00:00,3.49,3.49,3.49,3.49,0.0
2025-03-06 19:00:00+00:00,3.49,3.49,3.49,3.49,0.0
2025-03-06 19:15:00+00:00,3.49,3.49,3.49,3.49,0.0
2025-03-06 19:30:00+00:00,3.49,3.5,3.49,3.5,21.0
2025-03-06 19:45:00+00:00,3.5,3.5,3.5,3.5,0.0
2025-03-06 20:00:00+00:00,3.5,3.5,3.5,3.5,0.0
2025-03-06 20:15:00+00:00,3.5,3.54,3.49,3.49,310.0
2025-03-06 20:30:00+00:00,3.49,3.49,3.49,3.49,0.0
2025-03-06 20:45:00+00:00,3.49,3.49,3.49,3.49,0.0
2025-03-07 14:30:00+00:00,3.49,3.49,3.49,3.49,0.0
2025-03-07 14:45:00+00:00,3.49,3.49,3.49,3.49,0.0
2025-03-07 15:00:00+00:00,3.49,3.49,3.49,3.49,0.0
2025-03-07 15:15:00+00:00,3.49,3.49,3.49,3.49,0.0
2025-03-07 15:30:00+00:00,3.49,3.49,3.49,3.49,0.0
2025-03-07 15:45:00+00:00,3.49,3.49,3.49,3.49,0.0
2025-03-07 16:00:00+00:00,3.49,3.49,3.49,3.49,0.0
2025-03-07 16:15:00+00:00,3.49,3.49,3.49,3.49,0.0
2025-03-07 16:30:00+00:00,3.49,3.49,3.49,3.49,0.0
2025-03-07 16:45:00+00:00,3.66,3.66,3.66,3.66,2.0
2025-03-07 17:00:00+00:00,3.66,3.66,3.66,3.66,0.0
2025-03-07 17:15:00+00:00,3.66,3.66,3.66,3.66,0.0
2025-03-07 17:30:00+00:00,3.66,3.66,3.645,3.65,399.0
2025-03-07 17:45:00+00:00,3.65,3.65,3.65,3.65,0.0
2025-03-07 18:00:00+00:00,3.65,3.65,3.65,3.65,0.0
2025-03-07 18:15:00+00:00,3.65,3.65,3.65,3.65,0.0
2025-03-07 18:30:00+00:00,3.65,3.65,3.605,3.605,1.0
2025-03-07 18:45:00+00:00,3.605,3.605,3.605,3.605,0.0
2025-03-07 19:00:00+00:00,3.605,3.605,3.605,3.605,0.0
2025-03-07 19:15:00+00:00,3.6,3.6,3.595,3.595,13.0
2025-03-07 19:30:00+00:00,3.595,3.61,3.595,3.61,100.0
2025-03-07 19:45:00+00:00,3.61,3.635,3.61,3.635,0.0
2025-03-07 20:00:00+00:00,3.635,3.68,3.635,3.665,13.0
2025-03-07 20:15:00+00:00,3.665,3.665,3.66,3.66,0.0
2025-03-07 20:30:00+00:00,3.66,3.66,3.65,3.65,14.0
2025-03-07 20:45:00+00:00,3.66,3.66,3.66,3.66,0.0
2025-03-10 13:30:00+00:00,3.66,3.66,3.66,3.66,0.0
2025-03-10 13:45:00+00:00,3.66,3.66,3.66,3.66,0.0
2025-03-10 14:00:00+00:00,3.66,3.66,3.63,3.63,43.0
2025-03-10 14:15:00+00:00,3.63,3.63,3.63,3.63,43.0
2025-03-10 14:30:00+00:00,3.63,3.63,3.63,3.63,0.0
2025-03-10 14:45:00+00:00,3.63,3.63,3.63,3.63,0.0
2025-03-10 15:00:00+00:00,3.63,3.63,3.63,3.63,0.0
2025-03-10 15:15:00+00:00,3.63,3.63,3.63,3.63,0.0
2025-03-10 15:30:00+00:00,3.63,3.63,3.63,3.63,0.0
2025-03-10 15:45:00+00:00,3.63,3.63,3.63,3.63,0.0
2025-03-10 16:00:00+00:00,3.63,3.63,3.63,3.63,0.0
2025-03-10 16:15:00+00:00,3.63,3.63,3.63,3.63,0.0
2025-03-10 16:30:00+00:00,3.63,3.63,3.63,3.63,0.0
2025-03-10 16:45:00+00:00,3.63,3.63,3.63,3.63,0.0
2025-03-10 17:00:00+00:00,3.63,3.63,3.47,3.47,220.0
2025-03-10 17:15:00+00:00,3.47,3.485,3.47,3.48,0.0
2025-03-10 17:30:00+00:00,3.48,3.48,3.48,3.48,0.0
2025-03-10 17:45:00+00:00,3.48,3.48,3.47,3.47,200.0
2025-03-10 18:00:00+00:00,3.47,3.47,3.47,3.47,0.0
2025-03-10 18:15:00+00:00,3.47,3.47,3.47,3.47,0.0
2025-03-10 18:30:00+00:00,3.47,3.47,3.42,3.425,100.0
2025-03-10 18:45:00+00:00,3.425,3.425,3.415,3.415,0.0
2025-03-10 19:00:00+00:00,3.415,3.415,3.4,3.41,100.0
2025-03-10 19:15:00+00:00,3.41,3.41,3.4,3.4,82.0
2025-03-10 19:30:00+00:00,3.4,3.56,3.4,3.56,189.0
2025-03-10 19:45:00+00:00,3.56,3.56,3.49,3.49,0.0
2025-03-11 13:30:00+00:00,3.49,3.49,3.49,3.49,0.0
2025-03-11 13:45:00+00:00,3.49,3.49,3.365,3.365,100.0
2025-03-11 14:00:00+00:00,3.365,3.39,3.35,3.39,300.0
2025-03-11 14:15:00+00:00,3.39,3.39,3.39,3.39,0.0
2025-03-11 14:30:00+00:00,3.39,3.39,3.39,3.39,0.0
2025-03-11 14:45:00+00:00,3.39,3.39,3.39,3.39,0.0
2025-03-11 15:00:00+00:00,3.39,3.39,3.39,3.39,0.0
2025-03-11 15:15:00+00:00,3.39,3.39,3.39,3.39,0.0
2025-03-11 15:30:00+00:00,3.39,3.43,3.39,3.43,600.0
2025-03-11 15:45:00+00:00,3.43,3.43,3.43,3.43,0.0
2025-03-11 16:00:00+00:00,3.38,3.39,3.38,3.38,127.0
2025-03-11 16:15:00+00:00,3.38,3.39,3.38,3.39,0.0
2025-03-11 16:30:00+00:00,3.39,3.39,3.39,3.39,0.0
2025-03-11 16:45:00+00:00,3.39,3.39,3.39,3.39,0.0
2025-03-11 17:00:00+00:00,3.39,3.39,3.39,3.39,0.0
2025-03-11 17:15:00+00:00,3.39,3.44,3.39,3.44,14.0
2025-03-11 17:30:00+00:00,3.44,3.44,3.39,3.42,16.0
2025-03-11 17:45:00+00:00,3.42,3.42,3.42,3.42,0.0
2025-03-11 18:00:00+00:00,3.42,3.42,3.42,3.42,0.0
2025-03-11 18:15:00+00:00,3.42,3.465,3.42,3.46,390.0
2025-03-11 18:30:00+00:00,3.46,3.46,3.46,3.46,0.0
2025-03-11 18:45:00+00:00,3.46,3.47,3.46,3.47,13.0
2025-03-11 19:00:00+00:00,3.47,3.48,3.47,3.48,1.0
2025-03-11 19:15:00+00:00,3.48,3.48,3.48,3.48,0.0
2025-03-11 19:30:00+00:00,3.48,3.48,3.44,3.44,187.0
2025-03-11 19:45:00+00:00,3.44,3.44,3.38,3.38,100.0
2025-03-12 13:30:00+00:00,3.38,3.38,3.38,3.38,0.0
2025-03-12 13:45:00+00:00,3.38,3.38,3.38,3.38,0.0
2025-03-12 14:00:00+00:00,3.38,3.38,3.38,3.38,0.0
2025-03-12 14:15:00+00:00,3.38,3.38,3.38,3.38,0.0
2025-03-12 14:30:00+00:00,3.38,3.38,3.38,3.38,0.0
2025-03-12 14:45:00+00:00,3.38,3.38,3.38,3.38,0.0
2025-03-12 15:00:00+00:00,3.38,3.38,3.38,3.38,0.0
2025-03-12 15:15:00+00:00,3.38,3.38,3.38,3.38,0.0
2025-03-12 15:30:00+00:00,3.38,3.38,3.38,3.38,0.0
2025-03-12 15:45:00+00:00,3.38,3.41,3.37,3.37,114.0
2025-03-12 16:00:00+00:00,3.37,3.38,3.37,3.38,200.0
2025-03-12 16:15:00+00:00,3.38,3.38,3.38,3.38,0.0
2025-03-12 16:30:00+00:00,3.38,3.43,3.38,3.43,100.0
2025-03-12 16:45:00+00:00,3.43,3.43,3.43,3.43,0.0
2025-03-12 17:00:00+00:00,3.43,3.43,3.43,3.43,0.0
2025-03-12 17:15:00+00:00,3.43,3.43,3.43,3.43,0.0
2025-03-12 17:30:00+00:00,3.43,3.43,3.43,3.43,0.0
2025-03-12 17:45:00+00:00,3.43,3.43,3.43,3.43,0.0
2025-03-12 18:00:00+00:00,3.43,3.43,3.43,3.43,0.0
2025-03-12 18:15:00+00:00,3.43,3.43,3.43,3.43,0.0
2025-03-12 18:30:00+00:00,3.43,3.43,3.43,3.43,0.0
2025-03-12 18:45:00+00:00,3.48,3.48,3.48,3.48,14.0
2025-03-12 19:00:00+00:00,3.48,3.48,3.48,3.48,0.0
2025-03-12 19:15:00+00:00,3.48,3.48,3.48,3.48,2.0
2025-03-12 19:30:00+00:00,3.48,3.48,3.48,3.48,0.0
2025-03-12 19:45:00+00:00,3.48,3.48,3.48,3.48,100.0
2025-03-13 13:30:00+00:00,3.48,3.48,3.48,3.48,0.0
2025-03-13 13:45:00+00:00,3.48,3.48,3.48,3.48,0.0
2025-03-13 14:00:00+00:00,3.48,3.48,3.48,3.48,0.0
2025-03-13 14:15:00+00:00,3.48,3.48,3.48,3.48,0.0
2025-03-13 14:30:00+00:00,3.48,3.48,3.24,3.26,500.0
2025-03-13 14:45:00+00:00,3.26,3.26,3.26,3.26,0.0
2025-03-13 15:00:00+00:00,3.26,3.26,3.25,3.25,19.0
2025-03-13 15:15:00+00:00,3.25,3.25,3.25,3.25,0.0
2025-03-13 15:30:00+00:00,3.25,3.25,3.25,3.25,0.0
2025-03-13 15:45:00+00:00,3.25,3.25,3.25,3.25,0.0
2025-03-13 16:00:00+00:00,3.25,3.25,3.25,3.25,0.0
2025-03-13 16:15:00+00:00,3.25,3.25,3.25,3.25,0.0
2025-03-13 16:30:00+00:00,3.25,3.25,3.25,3.25,0.0
2025-03-13 16:45:00+00:00,3.25,3.25,3.25,3.25,0.0
2025-03-13 17:00:00+00:00,3.25,3.25,3.25,3.25,0.0
2025-03-13 17:15:00+00:00,3.25,3.25,3.25,3.25,0.0
2025-03-13 17:30:00+00:00,3.25,3.25,3.25,3.25,0.0
2025-03-13 17:45:00+00:00,3.25,3.25,3.1,3.1,200.0
2025-03-13 18:00:00+00:00,3.1,3.1,3.1,3.1,0.0
2025-03-13 18:15:00+00:00,3.1,3.13,3.06,3.13,201.0
2025-03-13 18:30:00+00:00,3.13,3.13,3.13,3.13,0.0
2025-03-13 18:45:00+00:00,3.13,3.13,3.13,3.13,0.0
2025-03-13 19:00:00+00:00,3.13,3.13,3.13,3.13,0.0
2025-03-13 19:15:00+00:00,3.13,3.14,3.12,3.14,20.0
2025-03-13 19:30:00+00:00,3.14,3.185,3.14,3.185,0.0
2025-03-13 19:45:00+00:00,3.185,3.2,3.185,3.2,1.0
2025-03-14 13:30:00+00:00,3.2,3.2,3.2,3.2,0.0
2025-03-14 13:45:00+00:00,3.2,3.2,3.2,3.2,0.0
2025-03-14 14:00:00+00:00,3.2,3.2,3.2,3.2,0.0
2025-03-14 14:15:00+00:00,3.2,3.2,3.2,3.2,0.0
2025-03-14 14:30:00+00:00,3.2,3.2,3.2,3.2,0.0
2025-03-14 14:45:00+00:00,3.2,3.2,3.2,3.2,0.0
2025-03-14 15:00:00+00:00,3.2,3.2,3.2,3.2,0.0
2025-03-14 15:15:00+00:00,3.2,3.2,3.2,3.2,0.0
2025-03-14 15:30:00+00:00,3.2,3.2,3.2,3.2,0.0
2025-03-14 15:45:00+00:00,3.2,3.2,3.2,3.2,0.0
2025-03-14 16:00:00+00:00,3.2,3.2,3.2,3.2,0.0
2025-03-14 16:15:00+00:00,3.2,3.2,3.2,3.2,0.0
2025-03-14 16:30:00+00:00,3.2,3.34,3.2,3.34,25.0
2025-03-14 16:45:00+00:00,3.34,3.365,3.34,3.355,27.0
2025-03-14 17:00:00+00:00,3.355,3.355,3.325,3.325,0.0
2025-03-14 17:15:00+00:00,3.325,3.33,3.3,3.305,112.0
2025-03-14 17:30:00+00:00,3.305,3.305,3.3,3.305,13.0
2025-03-14 17:45:00+00:00,3.305,3.305,3.305,3.305,0.0
2025-03-14 18:00:00+00:00,3.305,3.305,3.305,3.305,0.0
2025-03-14 18:15:00+00:00,3.305,3.305,3.29,3.29,14.0
2025-03-14 18:30:00+00:00,3.29,3.3,3.29,3.29,1.0
2025-03-14 18:45:00+00:00,3.29,3.29,3.29,3.29,12.0
2025-03-14 19:00:00+00:00,3.29,3.31,3.29,3.31,102.0
2025-03-14 19:15:00+00:00,3.31,3.365,3.31,3.365,15.0
2025-03-14 19:30:00+00:00,3.365,3.38,3.365,3.365,176.0
2025-03-14 19:45:00+00:00,3.38,3.39,3.36,3.39,252.0
2025-03-17 13:30:00+00:00,3.39,3.39,3.39,3.39,0.0
2025-03-17 13:45:00+00:00,3.39,3.39,3.39,3.39,0.0
2025-03-17 14:00:00+00:00,3.39,3.39,3.39,3.39,0.0
2025-03-17 14:15:00+00:00,3.39,3.39,3.39,3.39,0.0
2025-03-17 14:30:00+00:00,3.39,3.39,3.39,3.39,0.0
2025-03-17 14:45:00+00:00,3.39,3.39,3.39,3.39,0.0
2025-03-17 15:00:00+00:00,3.39,3.39,3.39,3.39,0.0
2025-03-17 15:15:00+00:00,3.39,3.39,3.39,3.39,0.0
2025-03-17 15:30:00+00:00,3.39,3.47,3.39,3.47,100.0
2025-03-17 15:45:00+00:00,3.47,3.47,3.47,3.47,0.0
2025-03-17 16:00:00+00:00,3.47,3.47,3.47,3.47,0.0
2025-03-17 16:15:00+00:00,3.47,3.47,3.47,3.47,0.0
2025-03-17 16:30:00+00:00,3.47,3.48,3.47,3.48,14.0
2025-03-17 16:45:00+00:00,3.48,3.48,3.48,3.48,0.0
2025-03-17 17:00:00+00:00,3.48,3.48,3.48,3.48,14.0
2025-03-17 17:15:00+00:00,3.48,3.48,3.48,3.48,0.0
2025-03-17 17:30:00+00:00,3.48,3.55,3.48,3.55,314.0
2025-03-17 17:45:00+00:00,3.55,3.55,3.55,3.55,0.0
2025-03-17 18:00:00+00:00,3.55,3.55,3.55,3.55,0.0
2025-03-17 18:15:00+00:00,3.55,3.55,3.55,3.55,0.0
2025-03-17 18:30:00+00:00,3.55,3.55,3.55,3.55,0.0
2025-03-17 18:45:00+00:00,3.55,3.55,3.55,3.55,0.0
2025-03-17 19:00:00+00:00,3.55,3.6,3.55,3.6,14.0
2025-03-17 19:15:00+00:00,3.6,3.6,3.545,3.545,2.0
2025-03-17 19:30:00+00:00,3.545,3.545,3.545,3.545,0.0
2025-03-17 19:45:00+00:00,3.545,3.6,3.545,3.6,678.0
2025-03-18 13:30:00+00:00,3.6,3.6,3.6,3.6,0.0
2025-03-18 13:45:00+00:00,3.6,3.6,3.6,3.6,0.0
2025-03-18 14:00:00+00:00,3.6,3.6,3.6,3.6,0.0
2025-03-18 14:15:00+00:00,3.6,3.6,3.6,3.6,0.0
2025-03-18 14:30:00+00:00,3.6,3.6,3.53,3.53,48.0
2025-03-18 14:45:00+00:00,3.53,3.53,3.53,3.53,0.0
2025-03-18 15:00:00+00:00,3.53,3.53,3.53,3.53,0.0
2025-03-18 15:15:00+00:00,3.53,3.53,3.53,3.53,0.0
2025-03-18 15:30:00+00:00,3.53,3.53,3.53,3.53,0.0
2025-03-18 15:45:00+00:00,3.53,3.55,3.53,3.53,62.0
2025-03-18 16:00:00+00:00,3.53,3.53,3.53,3.53,0.0
2025-03-18 16:15:00+00:00,3.53,3.53,3.53,3.53,14.0
2025-03-18 16:30:00+00:00,3.53,3.53,3.53,3.53,0.0
2025-03-18 16:45:00+00:00,3.53,3.53,3.53,3.53,0.0
2025-03-18 17:00:00+00:00,3.53,3.53,3.53,3.53,0.0
2025-03-18 17:15:00+00:00,3.53,3.53,3.53,3.53,0.0
2025-03-18 17:30:00+00:00,3.53,3.53,3.48,3.49,114.0
2025-03-18 17:45:00+00:00,3.49,3.49,3.49,3.49,0.0
2025-03-18 18:00:00+00:00,3.49,3.49,3.49,3.49,0.0
2025-03-18 18:15:00+00:00,3.49,3.49,3.49,3.49,0.0
2025-03-18 18:30:00+00:00,3.49,3.49,3.49,3.49,0.0
2025-03-18 18:45:00+00:00,3.49,3.49,3.49,3.49,0.0
2025-03-18 19:00:00+00:00,3.49,3.49,3.49,3.49,0.0
2025-03-18 19:15:00+00:00,3.49,3.5,3.49,3.5,100.0
2025-03-18 19:30:00+00:00,3.5,3.5,3.49,3.49,100.0
2025-03-18 19:45:00+00:00,3.49,3.49,3.44,3.45,368.0
2025-03-19 13:30:00+00:00,3.45,3.45,3.45,3.45,0.0
2025-03-19 13:45:00+00:00,3.45,3.51,3.45,3.51,80.0
2025-03-19 14:00:00+00:00,3.51,3.51,3.51,3.51,0.0
2025-03-19 14:15:00+00:00,3.51,3.51,3.51,3.51,0.0
2025-03-19 14:30:00+00:00,3.51,3.51,3.51,3.51,0.0
2025-03-19 14:45:00+00:00,3.51,3.51,3.51,3.51,0.0
2025-03-19 15:00:00+00:00,3.51,3.51,3.51,3.51,0.0
2025-03-19 15:15:00+00:00,3.51,3.51,3.51,3.51,0.0
2025-03-19 15:30:00+00:00,3.51,3.6,3.51,3.6,14.0
2025-03-19 15:45:00+00:00,3.6,3.6,3.6,3.6,0.0
2025-03-19 16:00:00+00:00,3.6,3.6,3.6,3.6,0.0
2025-03-19 16:15:00+00:00,3.6,3.6,3.6,3.6,0.0
2025-03-19 16:30:00+00:00,3.6,3.6,3.6,3.6,0.0
2025-03-19 16:45:00+00:00,3.6,3.6,3.6,3.6,0.0
2025-03-19 17:00:00+00:00,3.6,3.6,3.6,3.6,0.0
2025-03-19 17:15:00+00:00,3.6,3.67,3.6,3.67,100.0
2025-03-19 17:30:00+00:00,3.67,3.67,3.67,3.67,0.0
2025-03-19 17:45:00+00:00,3.67,3.67,3.67,3.67,0.0
2025-03-19 18:00:00+00:00,3.67,3.67,3.67,3.67,0.0
2025-03-19 18:15:00+00:00,3.67,3.67,3.67,3.67,0.0
2025-03-19 18:30:00+00:00,3.67,3.67,3.67,3.67,0.0
2025-03-19 18:45:00+00:00,3.67,3.67,3.67,3.67,0.0
2025-03-19 19:00:00+00:00,3.67,3.67,3.67,3.67,0.0
2025-03-19 19:15:00+00:00,3.67,3.67,3.67,3.67,0.0
2025-03-19 19:30:00+00:00,3.67,3.67,3.67,3.67,0.0
2025-03-19 19:45:00+00:00,3.67,3.73,3.67,3.73,14.0
2025-03-20 13:30:00+00:00,3.73,3.73,3.73,3.73,0.0
2025-03-20 13:45:00+00:00,3.73,3.73,3.73,3.73,0.0
2025-03-20 14:00:00+00:00,3.73,3.73,3.73,3.73,0.0
2025-03-20 14:15:00+00:00,3.73,3.73,3.73,3.73,0.0
2025-03-20 14:30:00+00:00,3.73,3.73,3.665,3.665,0.0
2025-03-20 14:45:00+00:00,3.665,3.67,3.665,3.67,100.0
2025-03-20 15:00:00+00:00,3.67,3.67,3.67,3.67,0.0
2025-03-20 15:15:00+00:00,3.67,3.67,3.67,3.67,0.0
2025-03-20 15:30:00+00:00,3.67,3.67,3.67,3.67,0.0
2025-03-20 15:45:00+00:00,3.67,3.67,3.67,3.67,0.0
2025-03-20 16:00:00+00:00,3.67,3.67,3.67,3.67,0.0
2025-03-20 16:15:00+00:00,3.67,3.67,3.67,3.67,0.0
2025-03-20 16:30:00+00:00,3.67,3.67,3.66,3.66,13.0
2025-03-20 16:45:00+00:00,3.66,3.66,3.66,3.66,0.0
2025-03-20 17:00:00+00:00,3.66,3.66,3.66,3.66,0.0
2025-03-20 17:15:00+00:00,3.66,3.66,3.66,3.66,0.0
2025-03-20 17:30:00+00:00,3.66,3.66,3.66,3.66,13.0
2025-03-20 17:45:00+00:00,3.66,3.66,3.66,3.66,0.0
2025-03-20 18:00:00+00:00,3.66,3.66,3.66,3.66,13.0
2025-03-20 18:15:00+00:00,3.66,3.66,3.66,3.66,0.0
2025-03-20 18:30:00+00:00,3.66,3.66,3.66,3.66,13.0
2025-03-20 18:45:00+00:00,3.66,3.66,3.66,3.66,0.0
2025-03-20 19:00:00+00:00,3.66,3.67,3.645,3.645,213.0
2025-03-20 19:15:00+00:00,3.645,3.645,3.645,3.645,0.0
2025-03-20 19:30:00+00:00,3.645,3.66,3.645,3.645,100.0
2025-03-20 19:45:00+00:00,3.645,3.645,3.62,3.62,1.0
2025-03-21 13:30:00+00:00,3.62,3.62,3.62,3.62,0.0
2025-03-21 13:45:00+00:00,3.62,3.62,3.62,3.62,0.0
2025-03-21 14:00:00+00:00,3.63,3.63,3.63,3.63,100.0
2025-03-21 14:15:00+00:00,3.63,3.66,3.63,3.66,13.0
2025-03-21 14:30:00+00:00,3.66,3.66,3.66,3.66,0.0
2025-03-21 14:45:00+00:00,3.66,3.66,3.66,3.66,0.0
2025-03-21 15:00:00+00:00,3.66,3.66,3.66,3.66,0.0
2025-03-21 15:15:00+00:00,3.66,3.66,3.66,3.66,100.0
2025-03-21 15:30:00+00:00,3.66,3.69,3.66,3.69,13.0
2025-03-21 15:45:00+00:00,3.69,3.69,3.69,3.69,0.0
2025-03-21 16:00:00+00:00,3.69,3.69,3.69,3.69,0.0
2025-03-21 16:15:00+00:00,3.69,3.69,3.69,3.69,0.0
2025-03-21 16:30:00+00:00,3.69,3.69,3.69,3.69,0.0
2025-03-21 16:45:00+00:00,3.69,3.69,3.69,3.69,12.0
2025-03-21 17:00:00+00:00,3.69,3.69,3.69,3.69,13.0
2025-03-21 17:15:00+00:00,3.69,3.69,3.69,3.69,0.0
2025-03-21 17:30:00+00:00,3.69,3.69,3.69,3.69,13.0
2025-03-21 17:45:00+00:00,3.69,3.69,3.69,3.69,0.0
2025-03-21 18:00:00+00:00,3.69,3.69,3.69,3.69,0.0
2025-03-21 18:15:00+00:00,3.69,3.69,3.69,3.69,0.0
2025-03-21 18:30:00+00:00,3.67,3.67,3.64,3.66,306.0
2025-03-21 18:45:00+00:00,3.66,3.66,3.66,3.66,0.0
2025-03-21 19:00:00+00:00,3.66,3.66,3.66,3.66,0.0
2025-03-21 19:15:00+00:00,3.66,3.66,3.66,3.66,0.0
2025-03-21 19:30:00+00:00,3.66,3.68,3.66,3.68,313.0
2025-03-21 19:45:00+00:00,3.68,3.72,3.68,3.72,249.0
2025-03-24 13:30:00+00:00,3.72,3.72,3.72,3.72,0.0
2025-03-24 13:45:00+00:00,3.72,3.72,3.72,3.72,0.0
2025-03-24 14:00:00+00:00,3.72,3.72,3.72,3.72,0.0
2025-03-24 14:15:00+00:00,3.72,3.72,3.72,3.72,0.0
2025-03-24 14:30:00+00:00,3.72,3.72,3.72,3.72,0.0
2025-03-24 14:45:00+00:00,3.72,3.72,3.72,3.72,0.0
2025-03-24 15:00:00+00:00,3.72,3.72,3.72,3.72,0.0
2025-03-24 15:15:00+00:00,3.72,3.72,3.625,3.625,0.0
2025-03-24 15:30:00+00:00,3.625,3.625,3.62,3.62,0.0
2025-03-24 15:45:00+00:00,3.595,3.61,3.595,3.61,100.0
2025-03-24 16:00:00+00:00,3.61,3.61,3.61,3.61,0.0
2025-03-24 16:15:00+00:00,3.61,3.61,3.61,3.61,0.0
2025-03-24 16:30:00+00:00,3.61,3.61,3.61,3.61,0.0
2025-03-24 16:45:00+00:00,3.61,3.61,3.61,3.61,0.0
2025-03-24 17:00:00+00:00,3.61,3.61,3.61,3.61,0.0
2025-03-24 17:15:00+00:00,3.61,3.61,3.61,3.61,0.0
2025-03-24 17:30:00+00:00,3.61,3.61,3.61,3.61,0.0
2025-03-24 17:45:00+00:00,3.61,3.61,3.61,3.61,0.0
2025-03-24 18:00:00+00:00,3.61,3.61,3.61,3.61,0.0
2025-03-24 18:15:00+00:00,3.61,3.61,3.61,3.61,0.0
2025-03-24 18:30:00+00:00,3.61,3.63,3.61,3.63,100.0
2025-03-24 18:45:00+00:00,3.63,3.63,3.63,3.63,0.0
2025-03-24 19:00:00+00:00,3.63,3.63,3.63,3.63,0.0
2025-03-24 19:15:00+00:00,3.63,3.63,3.63,3.63,0.0
2025-03-24 19:30:00+00:00,3.63,3.63,3.63,3.63,0.0
2025-03-24 19:45:00+00:00,3.63,3.65,3.62,3.65,114.0
2025-03-25 13:30:00+00:00,3.65,3.65,3.65,3.65,0.0
2025-03-25 13:45:00+00:00,3.65,3.65,3.65,3.65,0.0
2025-03-25 14:00:00+00:00,3.65,3.65,3.65,3.65,0.0
2025-03-25 14:15:00+00:00,3.65,3.65,3.65,3.65,0.0
2025-03-25 14:30:00+00:00,3.65,3.65,3.65,3.65,0.0
2025-03-25 14:45:00+00:00,3.65,3.65,3.65,3.65,0.0
2025-03-25 15:00:00+00:00,3.65,3.665,3.65,3.665,3.0
2025-03-25 15:15:00+00:00,3.665,3.665,3.665,3.665,0.0
2025-03-25 15:30:00+00:00,3.665,3.67,3.665,3.67,197.0
2025-03-25 15:45:00+00:00,3.67,3.67,3.67,3.67,0.0
2025-03-25 16:00:00+00:00,3.67,3.67,3.67,3.67,0.0
2025-03-25 16:15:00+00:00,3.67,3.67,3.67,3.67,0.0
2025-03-25 16:30:00+00:00,3.67,3.67,3.67,3.67,0.0
2025-03-25 16:45:00+00:00,3.67,3.67,3.67,3.67,0.0
2025-03-25 17:00:00+00:00,3.67,3.67,3.67,3.67,0.0
2025-03-25 17:15:00+00:00,3.67,3.67,3.67,3.67,0.0
2025-03-25 17:30:00+00:00,3.67,3.67,3.67,3.67,0.0
2025-03-25 17:45:00+00:00,3.67,3.67,3.67,3.67,0.0
2025-03-25 18:00:00+00:00,3.67,3.67,3.67,3.67,0.0
2025-03-25 18:15:00+00:00,3.67,3.67,3.67,3.67,0.0
2025-03-25 18:30:00+00:00,3.67,3.67,3.67,3.67,0.0
2025-03-25 18:45:00+00:00,3.67,3.67,3.58,3.58,1.0
2025-03-25 19:00:00+00:00,3.58,3.58,3.58,3.58,0.0
2025-03-25 19:15:00+00:00,3.58,3.58,3.58,3.58,0.0
2025-03-25 19:30:00+00:00,3.58,3.58,3.56,3.56,100.0
2025-03-25 19:45:00+00:00,3.56,3.6,3.54,3.6,113.0
2025-03-26 13:30:00+00:00,3.6,3.6,3.6,3.6,0.0
2025-03-26 13:45:00+00:00,3.6,3.6,3.6,3.6,0.0
2025-03-26 14:00:00+00:00,3.6,3.6,3.6,3.6,0.0
2025-03-26 14:15:00+00:00,3.6,3.6,3.5,3.5,100.0
2025-03-26 14:30:00+00:00,3.5,3.5,3.44,3.44,100.0
2025-03-26 14:45:00+00:00,3.44,3.44,3.44,3.44,0.0
2025-03-26 15:00:00+00:00,3.44,3.44,3.44,3.44,0.0
2025-03-26 15:15:00+00:00,3.44,3.44,3.44,3.44,0.0
2025-03-26 15:30:00+00:00,3.44,3.44,3.44,3.44,0.0
2025-03-26 15:45:00+00:00,3.44,3.44,3.44,3.44,0.0
2025-03-26 16:00:00+00:00,3.44,3.44,3.41,3.41,100.0
2025-03-26 16:15:00+00:00,3.41,3.41,3.41,3.41,0.0
2025-03-26 16:30:00+00:00,3.41,3.41,3.41,3.41,0.0
2025-03-26 16:45:00+00:00,3.41,3.41,3.41,3.41,0.0
2025-03-26 17:00:00+00:00,3.41,3.41,3.41,3.41,0.0
2025-03-26 17:15:00+00:00,3.41,3.41,3.41,3.41,0.0
2025-03-26 17:30:00+00:00,3.41,3.46,3.41,3.46,14.0
2025-03-26 17:45:00+00:00,3.46,3.46,3.435,3.435,0.0
2025-03-26 18:00:00+00:00,3.435,3.435,3.435,3.435,0.0
2025-03-26 18:15:00+00:00,3.435,3.435,3.43,3.43,0.0
2025-03-26 18:30:00+00:00,3.43,3.43,3.43,3.43,0.0
2025-03-26 18:45:00+00:00,3.43,3.43,3.43,3.43,0.0
2025-03-26 19:00:00+00:00,3.43,3.43,3.43,3.43,0.0
2025-03-26 19:15:00+00:00,3.43,3.45,3.43,3.45,14.0
2025-03-26 19:30:00+00:00,3.45,3.45,3.41,3.41,100.0
2025-03-26 19:45:00+00:00,3.44,3.45,3.4,3.43,413.0
2025-03-27 13:30:00+00:00,3.43,3.43,3.43,3.43,0.0
2025-03-27 13:45:00+00:00,3.43,3.43,3.43,3.43,0.0
2025-03-27 14:00:00+00:00,3.43,3.43,3.43,3.43,0.0
2025-03-27 14:15:00+00:00,3.43,3.43,3.43,3.43,0.0
2025-03-27 14:30:00+00:00,3.43,3.43,3.43,3.43,0.0
2025-03-27 14:45:00+00:00,3.43,3.43,3.43,3.43,0.0
2025-03-27 15:00:00+00:00,3.43,3.43,3.43,3.43,0.0
2025-03-27 15:15:00+00:00,3.43,3.43,3.43,3.43,0.0
2025-03-27 15:30:00+00:00,3.43,3.43,3.43,3.43,0.0
2025-03-27 15:45:00+00:00,3.43,3.43,3.43,3.43,0.0
2025-03-27 16:00:00+00:00,3.43,3.43,3.43,3.43,0.0
2025-03-27 16:15:00+00:00,3.43,3.43,3.43,3.43,0.0
2025-03-27 16:30:00+00:00,3.43,3.43,3.43,3.43,0.0
2025-03-27 16:45:00+00:00,3.43,3.43,3.43,3.43,0.0
2025-03-27 17:00:00+00:00,3.43,3.43,3.43,3.43,0.0
2025-03-27 17:15:00+00:00,3.43,3.43,3.415,3.42,200.0
2025-03-27 17:30:00+00:00,3.42,3.42,3.42,3.42,0.0
2025-03-27 17:45:00+00:00,3.42,3.42,3.42,3.42,0.0
2025-03-27 18:00:00+00:00,3.42,3.42,3.42,3.42,0.0
2025-03-27 18:15:00+00:00,3.42,3.42,3.42,3.42,0.0
2025-03-27 18:30:00+00:00,3.42,3.42,3.42,3.42,0.0
2025-03-27 18:45:00+00:00,3.42,3.42,3.42,3.42,0.0
2025-03-27 19:00:00+00:00,3.42,3.42,3.42,3.42,0.0
2025-03-27 19:15:00+00:00,3.42,3.42,3.42,3.42,0.0
2025-03-27 19:30:00+00:00,3.42,3.47,3.42,3.43,78.0
2025-03-27 19:45:00+00:00,3.43,3.49,3.43,3.49,109.0
2025-03-28 13:30:00+00:00,3.49,3.49,3.49,3.49,0.0
2025-03-28 13:45:00+00:00,3.49,3.49,3.49,3.49,0.0
2025-03-28 14:00:00+00:00,3.49,3.49,3.49,3.49,0.0
2025-03-28 14:15:00+00:00,3.49,3.49,3.49,3.49,0.0
2025-03-28 14:30:00+00:00,3.49,3.49,3.49,3.49,0.0
2025-03-28 14:45:00+00:00,3.49,3.49,3.37,3.37,100.0
2025-03-28 15:00:00+00:00,3.37,3.37,3.37,3.37,0.0
2025-03-28 15:15:00+00:00,3.37,3.4,3.37,3.4,100.0
2025-03-28 15:30:00+00:00,3.4,3.43,3.4,3.41,200.0
2025-03-28 15:45:00+00:00,3.41,3.41,3.41,3.41,0.0
2025-03-28 16:00:00+00:00,3.41,3.41,3.41,3.41,0.0
2025-03-28 16:15:00+00:00,3.41,3.41,3.41,3.41,0.0
2025-03-28 16:30:00+00:00,3.41,3.41,3.385,3.385,0.0
2025-03-28 16:45:00+00:00,3.385,3.385,3.385,3.385,0.0
2025-03-28 17:00:00+00:00,3.385,3.385,3.38,3.38,0.0
2025-03-28 17:15:00+00:00,3.38,3.39,3.38,3.38,114.0
2025-03-28 17:30:00+00:00,3.38,3.38,3.38,3.38,0.0
2025-03-28 17:45:00+00:00,3.38,3.38,3.325,3.325,0.0
2025-03-28 18:00:00+00:00,3.325,3.325,3.325,3.325,0.0
2025-03-28 18:15:00+00:00,3.325,3.325,3.325,3.325,0.0
2025-03-28 18:30:00+00:00,3.325,3.325,3.325,3.325,0.0
2025-03-28 18:45:00+00:00,3.325,3.325,3.325,3.325,0.0
2025-03-28 19:00:00+00:00,3.325,3.325,3.325,3.325,0.0
2025-03-28 19:15:00+00:00,3.325,3.325,3.325,3.325,0.0
2025-03-28 19:30:00+00:00,3.325,3.325,3.31,3.32,200.0
2025-03-28 19:45:00+00:00,3.32,3.4,3.32,3.37,16.0
2025-03-31 13:30:00+00:00,3.37,3.37,3.37,3.37,0.0
2025-03-31 13:45:00+00:00,3.37,3.37,3.37,3.37,0.0
2025-03-31 14:00:00+00:00,3.37,3.37,3.21,3.21,100.0
2025-03-31 14:15:00+00:00,3.21,3.21,3.21,3.21,1.0
2025-03-31 14:30:00+00:00,3.21,3.21,3.21,3.21,0.0
2025-03-31 14:45:00+00:00,3.21,3.235,3.21,3.235,300.0
2025-03-31 15:00:00+00:00,3.235,3.265,3.235,3.265,50.0
2025-03-31 15:15:00+00:00,3.265,3.265,3.25,3.25,38.0
2025-03-31 15:30:00+00:00,3.25,3.25,3.25,3.25,0.0
2025-03-31 15:45:00+00:00,3.25,3.25,3.25,3.25,0.0
2025-03-31 16:00:00+00:00,3.25,3.25,3.25,3.25,0.0
2025-03-31 16:15:00+00:00,3.25,3.32,3.25,3.26,101.0
2025-03-31 16:30:00+00:00,3.26,3.26,3.26,3.26,0.0
2025-03-31 16:45:00+00:00,3.26,3.26,3.26,3.26,0.0
2025-03-31 17:00:00+00:00,3.26,3.26,3.26,3.26,0.0
2025-03-31 17:15:00+00:00,3.26,3.28,3.26,3.28,0.0
2025-03-31 17:30:00+00:00,3.28,3.28,3.28,3.28,0.0
2025-03-31 17:45:00+00:00,3.28,3.28,3.28,3.28,0.0
2025-03-31 18:00:00+00:00,3.28,3.28,3.28,3.28,200.0
2025-03-31 18:15:00+00:00,3.28,3.28,3.28,3.28,0.0
2025-03-31 18:30:00+00:00,3.28,3.28,3.28,3.28,0.0
2025-03-31 18:45:00+00:00,3.28,3.28,3.28,3.28,0.0
2025-03-31 19:00:00+00:00,3.28,3.35,3.28,3.35,1.0
2025-03-31 19:15:00+00:00,3.35,3.35,3.34,3.34,12.0
2025-03-31 19:30:00+00:00,3.34,3.46,3.33,3.405,478.0
2025-03-31 19:45:00+00:00,3.405,3.44,3.38,3.44,102.0
2025-04-01 13:30:00+00:00,3.44,3.44,3.44,3.44,0.0
2025-04-01 13:45:00+00:00,3.44,3.44,3.44,3.44,0.0
2025-04-01 14:00:00+00:00,3.44,3.44,3.44,3.44,0.0
2025-04-01 14:15:00+00:00,3.44,3.44,3.44,3.44,0.0
2025-04-01 14:30:00+00:00,3.44,3.6,3.44,3.6,100.0
2025-04-01 14:45:00+00:00,3.6,3.6,3.6,3.6,0.0
2025-04-01 15:00:00+00:00,3.6,3.6,3.6,3.6,0.0
2025-04-01 15:15:00+00:00,3.6,3.6,3.6,3.6,0.0
2025-04-01 15:30:00+00:00,3.6,3.64,3.6,3.64,14.0
2025-04-01 15:45:00+00:00,3.585,3.585,3.52,3.52,100.0
2025-04-01 16:00:00+00:00,3.52,3.52,3.52,3.52,0.0
2025-04-01 16:15:00+00:00,3.52,3.52,3.52,3.52,0.0
2025-04-01 16:30:00+00:00,3.52,3.52,3.52,3.52,0.0
2025-04-01 16:45:00+00:00,3.52,3.52,3.49,3.49,0.0
2025-04-01 17:00:00+00:00,3.485,3.49,3.485,3.485,0.0
2025-04-01 17:15:00+00:00,3.485,3.485,3.48,3.485,0.0
2025-04-01 17:30:00+00:00,3.485,3.485,3.485,3.485,0.0
2025-04-01 17:45:00+00:00,3.465,3.465,3.465,3.465,0.0
2025-04-01 18:00:00+00:00,3.465,3.475,3.465,3.475,0.0
2025-04-01 18:15:00+00:00,3.475,3.475,3.475,3.475,0.0
2025-04-01 18:30:00+00:00,3.475,3.475,3.475,3.475,0.0
2025-04-01 18:45:00+00:00,3.475,3.475,3.475,3.475,0.0
2025-04-01 19:00:00+00:00,3.475,3.475,3.475,3.475,0.0
2025-04-01 19:15:00+00:00,3.475,3.475,3.475,3.475,0.0
2025-04-01 19:30:00+00:00,3.475,3.475,3.475,3.475,0.0
2025-04-01 19:45:00+00:00,3.475,3.49,3.475,3.49,214.0
2025-04-02 13:30:00+00:00,3.49,3.49,3.49,3.49,0.0
2025-04-02 13:45:00+00:00,3.49,3.49,3.49,3.49,0.0
2025-04-02 14:00:00+00:00,3.49,3.49,3.49,3.49,0.0
2025-04-02 14:15:00+00:00,3.49,3.49,3.49,3.49,0.0
2025-04-02 14:30:00+00:00,3.49,3.49,3.49,3.49,0.0
2025-04-02 14:45:00+00:00,3.49,3.49,3.49,3.49,0.0
2025-04-02 15:00:00+00:00,3.49,3.49,3.49,3.49,0.0
2025-04-02 15:15:00+00:00,3.49,3.49,3.49,3.49,0.0
2025-04-02 15:30:00+00:00,3.49,3.49,3.49,3.49,0.0
2025-04-02 15:45:00+00:00,3.49,3.49,3.49,3.49,0.0
2025-04-02 16:00:00+00:00,3.49,3.49,3.49,3.49,0.0
2025-04-02 16:15:00+00:00,3.49,3.49,3.475,3.49,100.0
2025-04-02 16:30:00+00:00,3.49,3.49,3.49,3.49,0.0
2025-04-02 16:45:00+00:00,3.49,3.49,3.49,3.49,0.0
2025-04-02 17:00:00+00:00,3.49,3.49,3.49,3.49,0.0
2025-04-02 17:15:00+00:00,3.49,3.49,3.49,3.49,0.0
2025-04-02 17:30:00+00:00,3.49,3.49,3.49,3.49,0.0
2025-04-02 17:45:00+00:00,3.49,3.54,3.49,3.54,200.0
2025-04-02 18:00:00+00:00,3.54,3.54,3.54,3.54,0.0
2025-04-02 18:15:00+00:00,3.54,3.54,3.54,3.54,0.0
2025-04-02 18:30:00+00:00,3.54,3.54,3.54,3.54,0.0
2025-04-02 18:45:00+00:00,3.54,3.54,3.54,3.54,0.0
2025-04-02 19:00:00+00:00,3.54,3.54,3.54,3.54,0.0
2025-04-02 19:15:00+00:00,3.515,3.515,3.515,3.515,100.0
2025-04-02 19:30:00+00:00,3.515,3.515,3.47,3.47,88.0
2025-04-02 19:45:00+00:00,3.47,3.5,3.47,3.5,14.0
2025-04-03 13:30:00+00:00,3.5,3.5,3.5,3.5,0.0
2025-04-03 13:45:00+00:00,3.5,3.5,3.5,3.5,0.0
2025-04-03 14:00:00+00:00,3.5,3.5,3.5,3.5,0.0
2025-04-03 14:15:00+00:00,3.5,3.5,3.5,3.5,0.0
2025-04-03 14:30:00+00:00,3.5,3.5,3.5,3.5,0.0
2025-04-03 14:45:00+00:00,3.5,3.5,3.5,3.5,0.0
2025-04-03 15:00:00+00:00,3.5,3.5,3.5,3.5,0.0
2025-04-03 15:15:00+00:00,3.5,3.5,3.5,3.5,0.0
2025-04-03 15:30:00+00:00,3.5,3.5,3.36,3.36,14.0
2025-04-03 15:45:00+00:00,3.36,3.36,3.36,3.36,100.0
2025-04-03 16:00:00+00:00,3.36,3.36,3.36,3.36,0.0
2025-04-03 16:15:00+00:00,3.36,3.36,3.36,3.36,0.0
2025-04-03 16:30:00+00:00,3.36,3.36,3.36,3.36,0.0
2025-04-03 16:45:00+00:00,3.36,3.36,3.36,3.36,0.0
2025-04-03 17:00:00+00:00,3.36,3.36,3.36,3.36,0.0
2025-04-03 17:15:00+00:00,3.36,3.36,3.36,3.36,0.0
2025-04-03 17:30:00+00:00,3.36,3.36,3.36,3.36,0.0
2025-04-03 17:45:00+00:00,3.36,3.44,3.36,3.44,68.0
2025-04-03 18:00:00+00:00,3.44,3.44,3.44,3.44,0.0
2025-04-03 18:15:00+00:00,3.44,3.44,3.44,3.44,0.0
2025-04-03 18:30:00+00:00,3.44,3.44,3.44,3.44,0.0
2025-04-03 18:45:00+00:00,3.44,3.44,3.44,3.44,0.0
2025-04-03 19:00:00+00:00,3.44,3.44,3.44,3.44,0.0
2025-04-03 19:15:00+00:00,3.44,3.44,3.44,3.44,0.0
2025-04-03 19:30:00+00:00,3.44,3.44,3.44,3.44,0.0
2025-04-03 19:45:00+00:00,3.44,3.5,3.44,3.5,17.0
2025-04-04 13:30:00+00:00,3.5,3.5,3.5,3.5,0.0
2025-04-04 13:45:00+00:00,3.5,3.5,3.5,3.5,0.0
2025-04-04 14:00:00+00:00,3.5,3.5,3.5,3.5,0.0
2025-04-04 14:15:00+00:00,3.5,3.5,3.5,3.5,0.0
2025-04-04 14:30:00+00:00,3.5,3.5,3.5,3.5,0.0
2025-04-04 14:45:00+00:00,3.5,3.5,3.5,3.5,0.0
2025-04-04 15:00:00+00:00,3.5,3.5,3.5,3.5,0.0
2025-04-04 15:15:00+00:00,3.5,3.5,3.27,3.27,14.0
2025-04-04 15:30:00+00:00,3.27,3.27,3.27,3.27,0.0
2025-04-04 15:45:00+00:00,3.27,3.27,3.27,3.27,0.0
2025-04-04 16:00:00+00:00,3.27,3.27,3.25,3.25,14.0
2025-04-04 16:15:00+00:00,3.25,3.25,3.25,3.25,0.0
2025-04-04 16:30:00+00:00,3.25,3.25,3.25,3.25,0.0
2025-04-04 16:45:00+00:00,3.25,3.25,3.25,3.25,0.0
2025-04-04 17:00:00+00:00,3.25,3.25,3.25,3.25,0.0
2025-04-04 17:15:00+00:00,3.25,3.25,3.25,3.25,0.0
2025-04-04 17:30:00+00:00,3.185,3.185,3.185,3.185,0.0
2025-04-04 17:45:00+00:00,3.185,3.185,3.185,3.185,0.0
2025-04-04 18:00:00+00:00,3.185,3.28,3.185,3.28,350.0
2025-04-04 18:15:00+00:00,3.28,3.28,3.28,3.28,0.0
2025-04-04 18:30:00+00:00,3.28,3.28,3.28,3.28,0.0
2025-04-04 18:45:00+00:00,3.28,3.28,3.28,3.28,0.0
2025-04-04 19:00:00+00:00,3.28,3.28,3.28,3.28,0.0
2025-04-04 19:15:00+00:00,3.28,3.28,3.28,3.28,2.0
2025-04-04 19:30:00+00:00,3.28,3.28,3.28,3.28,0.0
2025-04-04 19:45:00+00:00,3.28,3.28,3.24,3.24,31.0
2025-04-07 13:30:00+00:00,3.24,3.24,3.24,3.24,0.0
2025-04-07 13:45:00+00:00,3.1,3.1,3.06,3.06,200.0
2025-04-07 14:00:00+00:00,3.06,3.06,3.06,3.06,0.0
2025-04-07 14:15:00+00:00,3.06,3.06,3.06,3.06,0.0
2025-04-07 14:30:00+00:00,3.06,3.06,3.06,3.06,0.0
2025-04-07 14:45:00+00:00,3.06,3.06,3.06,3.06,0.0
2025-04-07 15:00:00+00:00,3.06,3.06,3.06,3.06,0.0
2025-04-07 15:15:00+00:00,3.06,3.06,3.06,3.06,0.0
2025-04-07 15:30:00+00:00,3.06,3.06,3.06,3.06,0.0
2025-04-07 15:45:00+00:00,3.06,3.06,3.06,3.06,0.0
2025-04-07 16:00:00+00:00,3.06,3.3,3.06,3.22,32.0
2025-04-07 16:15:00+00:00,3.22,3.22,3.17,3.17,14.0
2025-04-07 16:30:00+00:00,3.17,3.17,3.17,3.17,0.0
2025-04-07 16:45:00+00:00,3.17,3.17,3.17,3.17,0.0
2025-04-07 17:00:00+00:00,3.17,3.17,3.17,3.17,0.0
2025-04-07 17:15:00+00:00,3.17,3.17,3.17,3.17,0.0
2025-04-07 17:30:00+00:00,3.17,3.17,3.17,3.17,0.0
2025-04-07 17:45:00+00:00,3.17,3.17,3.17,3.17,0.0
2025-04-07 18:00:00+00:00,3.17,3.17,3.17,3.17,0.0
2025-04-07 18:15:00+00:00,3.17,3.17,3.17,3.17,0.0
2025-04-07 18:30:00+00:00,3.17,3.17,3.17,3.17,0.0
2025-04-07 18:45:00+00:00,3.17,3.17,3.17,3.17,0.0
2025-04-07 19:00:00+00:00,3.17,3.17,3.17,3.17,0.0
2025-04-07 19:15:00+00:00,3.17,3.17,3.17,3.17,0.0
2025-04-07 19:30:00+00:00,3.17,3.17,3.17,3.17,143.0
2025-04-07 19:45:00+00:00,3.17,3.22,3.17,3.2,102.0
2025-04-08 13:30:00+00:00,3.2,3.23,3.2,3.23,100.0
2025-04-08 13:45:00+00:00,3.23,3.23,3.23,3.23,0.0
2025-04-08 14:00:00+00:00,3.23,3.23,3.23,3.23,0.0
2025-04-08 14:15:00+00:00,3.23,3.23,3.23,3.23,0.0
2025-04-08 14:30:00+00:00,3.23,3.23,3.23,3.23,0.0
2025-04-08 14:45:00+00:00,3.23,3.23,3.23,3.23,0.0
2025-04-08 15:00:00+00:00,3.23,3.23,3.23,3.23,0.0
2025-04-08 15:15:00+00:00,3.23,3.23,3.23,3.23,0.0
2025-04-08 15:30:00+00:00,3.23,3.23,3.23,3.23,0.0
2025-04-08 15:45:00+00:00,3.23,3.375,3.23,3.375,100.0
2025-04-08 16:00:00+00:00,3.375,3.375,3.375,3.375,0.0
2025-04-08 16:15:00+00:00,3.375,3.375,3.375,3.375,0.0
2025-04-08 16:30:00+00:00,3.375,3.375,3.375,3.375,0.0
2025-04-08 16:45:00+00:00,3.375,3.375,3.375,3.375,0.0
2025-04-08 17:00:00+00:00,3.375,3.375,3.375,3.375,0.0
2025-04-08 17:15:00+00:00,3.25,3.265,3.25,3.265,268.0
2025-04-08 17:30:00+00:00,3.265,3.265,3.26,3.26,0.0
2025-04-08 17:45:00+00:00,3.26,3.26,3.25,3.25,11.0
2025-04-08 18:00:00+00:00,3.25,3.25,3.25,3.25,0.0
2025-04-08 18:15:00+00:00,3.25,3.25,3.25,3.25,0.0
2025-04-08 18:30:00+00:00,3.25,3.25,3.25,3.25,0.0
2025-04-08 18:45:00+00:00,3.25,3.26,3.25,3.26,0.0
2025-04-08 19:00:00+00:00,3.26,3.26,3.26,3.26,0.0
2025-04-08 19:15:00+00:00,3.26,3.26,3.26,3.26,0.0
2025-04-08 19:30:00+00:00,3.26,3.26,3.26,3.26,0.0
2025-04-08 19:45:00+00:00,3.26,3.26,3.21,3.25,306.0
2025-04-09 13:30:00+00:00,3.25,3.25,3.25,3.25,0.0
2025-04-09 13:45:00+00:00,3.25,3.25,3.25,3.25,0.0
2025-04-09 14:00:00+00:00,3.25,3.25,3.25,3.25,0.0
2025-04-09 14:15:00+00:00,3.25,3.25,3.25,3.25,0.0
2025-04-09 14:30:00+00:00,3.25,3.25,3.25,3.25,0.0
2025-04-09 14:45:00+00:00,3.25,3.25,3.25,3.25,0.0
2025-04-09 15:00:00+00:00,3.25,3.25,3.25,3.25,0.0
2025-04-09 15:15:00+00:00,3.25,3.25,3.25,3.25,0.0
2025-04-09 15:30:00+00:00,3.25,3.25,3.25,3.25,0.0
2025-04-09 15:45:00+00:00,3.25,3.25,3.25,3.25,0.0
2025-04-09 16:00:00+00:00,3.25,3.25,3.25,3.25,0.0
2025-04-09 16:15:00+00:00,3.25,3.25,3.25,3.25,0.0
2025-04-09 16:30:00+00:00,3.25,3.25,3.25,3.25,0.0
2025-04-09 16:45:00+00:00,3.25,3.25,3.25,3.25,0.0
2025-04-09 17:00:00+00:00,3.25,3.25,3.25,3.25,0.0
2025-04-09 17:15:00+00:00,3.25,3.25,3.25,3.25,0.0
2025-04-09 17:30:00+00:00,3.25,3.25,3.25,3.25,0.0
2025-04-09 17:45:00+00:00,3.25,3.25,3.25,3.25,0.0
2025-04-09 18:00:00+00:00,3.25,3.25,3.25,3.25,0.0
2025-04-09 18:15:00+00:00,3.25,3.25,3.25,3.25,0.0
2025-04-09 18:30:00+00:00,3.25,3.25,3.25,3.25,0.0
2025-04-09 18:45:00+00:00,3.25,3.25,3.25,3.25,0.0
2025-04-09 19:00:00+00:00,3.25,3.25,3.25,3.25,0.0
2025-04-09 19:15:00+00:00,3.25,3.525,3.25,3.525,37.0
2025-04-09 19:30:00+00:00,3.525,3.525,3.525,3.525,0.0
2025-04-09 19:45:00+00:00,3.525,3.525,3.525,3.525,0.0
2025-04-10 13:30:00+00:00,3.525,3.525,3.525,3.525,0.0
2025-04-10 13:45:00+00:00,3.525,3.525,3.525,3.525,0.0
2025-04-10 14:00:00+00:00,3.525,3.525,3.525,3.525,0.0
2025-04-10 14:15:00+00:00,3.525,3.525,3.525,3.525,0.0
2025-04-10 14:30:00+00:00,3.525,3.525,3.525,3.525,0.0
2025-04-10 14:45:00+00:00,3.525,3.525,3.525,3.525,0.0
2025-04-10 15:00:00+00:00,3.525,3.525,3.525,3.525,0.0
2025-04-10 15:15:00+00:00,3.525,3.525,3.525,3.525,0.0
2025-04-10 15:30:00+00:00,3.525,3.525,3.525,3.525,0.0
2025-04-10 15:45:00+00:00,3.525,3.525,3.525,3.525,0.0
2025-04-10 16:00:00+00:00,3.525,3.525,3.525,3.525,0.0
2025-04-10 16:15:00+00:00,3.525,3.525,3.525,3.525,0.0
2025-04-10 16:30:00+00:00,3.525,3.525,3.41,3.41,18.0
2025-04-10 16:45:00+00:00,3.41,3.41,3.41,3.41,0.0
2025-04-10 17:00:00+00:00,3.41,3.41,3.41,3.41,0.0
2025-04-10 17:15:00+00:00,3.41,3.46,3.41,3.46,200.0
2025-04-10 17:30:00+00:00,3.46,3.46,3.46,3.46,0.0
2025-04-10 17:45:00+00:00,3.46,3.46,3.46,3.46,0.0
2025-04-10 18:00:00+00:00,3.46,3.46,3.46,3.46,0.0
2025-04-10 18:15:00+00:00,3.46,3.46,3.46,3.46,0.0
2025-04-10 18:30:00+00:00,3.46,3.46,3.46,3.46,0.0
2025-04-10 18:45:00+00:00,3.46,3.46,3.46,3.46,0.0
2025-04-10 19:00:00+00:00,3.46,3.46,3.46,3.46,0.0
2025-04-10 19:15:00+00:00,3.46,3.46,3.46,3.46,0.0
2025-04-10 19:30:00+00:00,3.46,3.46,3.46,3.46,0.0
2025-04-10 19:45:00+00:00,3.46,3.49,3.46,3.47,106.0
2025-04-11 13:30:00+00:00,3.47,3.47,3.47,3.47,0.0
2025-04-11 13:45:00+00:00,3.47,3.47,3.47,3.47,0.0
2025-04-11 14:00:00+00:00,3.47,3.47,3.47,3.47,0.0
2025-04-11 14:15:00+00:00,3.47,3.47,3.47,3.47,0.0
2025-04-11 14:30:00+00:00,3.47,3.47,3.47,3.47,0.0
2025-04-11 14:45:00+00:00,3.47,3.47,3.47,3.47,0.0
2025-04-11 15:00:00+00:00,3.47,3.47,3.47,3.47,0.0
2025-04-11 15:15:00+00:00,3.47,3.47,3.47,3.47,0.0
2025-04-11 15:30:00+00:00,3.47,3.47,3.47,3.47,0.0
2025-04-11 15:45:00+00:00,3.47,3.47,3.47,3.47,0.0
2025-04-11 16:00:00+00:00,3.47,3.47,3.37,3.37,100.0
2025-04-11 16:15:00+00:00,3.37,3.37,3.37,3.37,0.0
2025-04-11 16:30:00+00:00,3.37,3.37,3.37,3.37,0.0
2025-04-11 16:45:00+00:00,3.37,3.37,3.37,3.37,0.0
2025-04-11 17:00:00+00:00,3.37,3.37,3.37,3.37,0.0
2025-04-11 17:15:00+00:00,3.37,3.37,3.37,3.37,0.0
2025-04-11 17:30:00+00:00,3.37,3.48,3.37,3.48,14.0
2025-04-11 17:45:00+00:00,3.48,3.48,3.48,3.48,0.0
2025-04-11 18:00:00+00:00,3.48,3.48,3.48,3.48,0.0
2025-04-11 18:15:00+00:00,3.48,3.48,3.48,3.48,0.0
2025-04-11 18:30:00+00:00,3.48,3.48,3.48,3.48,0.0
2025-04-11 18:45:00+00:00,3.48,3.51,3.48,3.51,100.0
2025-04-11 19:00:00+00:00,3.51,3.515,3.47,3.47,100.0
2025-04-11 19:15:00+00:00,3.47,3.48,3.47,3.48,67.0
2025-04-11 19:30:00+00:00,3.48,3.48,3.48,3.48,0.0
2025-04-11 19:45:00+00:00,3.48,3.51,3.48,3.505,15.0
2025-04-14 13:30:00+00:00,3.505,3.505,3.505,3.505,0.0
2025-04-14 13:45:00+00:00,3.505,3.505,3.505,3.505,0.0
2025-04-14 14:00:00+00:00,3.505,3.505,3.505,3.505,0.0
2025-04-14 14:15:00+00:00,3.505,3.505,3.505,3.505,0.0
2025-04-14 14:30:00+00:00,3.505,3.505,3.505,3.505,0.0
2025-04-14 14:45:00+00:00,3.505,3.505,3.505,3.505,0.0
2025-04-14 15:00:00+00:00,3.505,3.505,3.505,3.505,0.0
2025-04-14 15:15:00+00:00,3.505,3.51,3.505,3.51,1.0
2025-04-14 15:30:00+00:00,3.51,3.51,3.51,3.51,0.0
2025-04-14 15:45:00+00:00,3.51,3.51,3.48,3.48,1.0
2025-04-14 16:00:00+00:00,3.48,3.48,3.48,3.48,0.0
2025-04-14 16:15:00+00:00,3.48,3.52,3.48,3.52,14.0
2025-04-14 16:30:00+00:00,3.52,3.52,3.52,3.52,0.0
2025-04-14 16:45:00+00:00,3.52,3.52,3.52,3.52,0.0
2025-04-14 17:00:00+00:00,3.52,3.52,3.52,3.52,0.0
2025-04-14 17:15:00+00:00,3.52,3.53,3.52,3.53,0.0
2025-04-14 17:30:00+00:00,3.53,3.53,3.52,3.53,1.0
2025-04-14 17:45:00+00:00,3.53,3.54,3.52,3.54,102.0
2025-04-14 18:00:00+00:00,3.54,3.54,3.54,3.54,0.0
2025-04-14 18:15:00+00:00,3.54,3.54,3.54,3.54,0.0
2025-04-14 18:30:00+00:00,3.54,3.54,3.54,3.54,50.0
2025-04-14 18:45:00+00:00,3.54,3.54,3.54,3.54,0.0
2025-04-14 19:00:00+00:00,3.54,3.54,3.54,3.54,0.0
2025-04-14 19:15:00+00:00,3.54,3.54,3.54,3.54,0.0
2025-04-14 19:30:00+00:00,3.54,3.54,3.54,3.54,0.0
2025-04-14 19:45:00+00:00,3.54,3.54,3.5,3.5,198.0
2025-04-15 13:30:00+00:00,3.5,3.5,3.5,3.5,0.0
2025-04-15 13:45:00+00:00,3.5,3.5,3.5,3.5,0.0
2025-04-15 14:00:00+00:00,3.5,3.5,3.5,3.5,0.0
2025-04-15 14:15:00+00:00,3.53,3.53,3.5,3.5,96.0
2025-04-15 14:30:00+00:00,3.5,3.5,3.5,3.5,0.0
2025-04-15 14:45:00+00:00,3.5,3.5,3.5,3.5,0.0
2025-04-15 15:00:00+00:00,3.5,3.5,3.5,3.5,0.0
2025-04-15 15:15:00+00:00,3.5,3.5,3.5,3.5,0.0
2025-04-15 15:30:00+00:00,3.5,3.5,3.5,3.5,0.0
2025-04-15 15:45:00+00:00,3.5,3.5,3.5,3.5,0.0
2025-04-15 16:00:00+00:00,3.5,3.5,3.49,3.49,0.0
2025-04-15 16:15:00+00:00,3.49,3.49,3.49,3.49,0.0
2025-04-15 16:30:00+00:00,3.49,3.49,3.49,3.49,100.0
2025-04-15 16:45:00+00:00,3.49,3.49,3.49,3.49,0.0
2025-04-15 17:00:00+00:00,3.49,3.5,3.49,3.5,14.0
2025-04-15 17:15:00+00:00,3.5,3.5,3.5,3.5,0.0
2025-04-15 17:30:00+00:00,3.5,3.5,3.5,3.5,0.0
2025-04-15 17:45:00+00:00,3.5,3.5,3.47,3.47,10.0
2025-04-15 18:00:00+00:00,3.47,3.47,3.47,3.47,0.0
2025-04-15 18:15:00+00:00,3.47,3.47,3.47,3.47,14.0
2025-04-15 18:30:00+00:00,3.47,3.47,3.47,3.47,0.0
2025-04-15 18:45:00+00:00,3.47,3.47,3.42,3.42,100.0
2025-04-15 19:00:00+00:00,3.42,3.42,3.42,3.42,0.0
2025-04-15 19:15:00+00:00,3.42,3.42,3.42,3.42,0.0
2025-04-15 19:30:00+00:00,3.42,3.45,3.42,3.45,14.0
2025-04-15 19:45:00+00:00,3.45,3.45,3.33,3.33,225.0
2025-04-16 13:30:00+00:00,3.33,3.41,3.33,3.41,2.0
2025-04-16 13:45:00+00:00,3.41,3.41,3.41,3.41,0.0
2025-04-16 14:00:00+00:00,3.41,3.41,3.41,3.41,0.0
2025-04-16 14:15:00+00:00,3.41,3.41,3.41,3.41,0.0
2025-04-16 14:30:00+00:00,3.41,3.41,3.41,3.41,0.0
2025-04-16 14:45:00+00:00,3.445,3.445,3.44,3.44,6.0
2025-04-16 15:00:00+00:00,3.44,3.44,3.44,3.44,0.0
2025-04-16 15:15:00+00:00,3.47,3.47,3.47,3.47,14.0
2025-04-16 15:30:00+00:00,3.45,3.5,3.45,3.5,101.0
2025-04-16 15:45:00+00:00,3.5,3.5,3.5,3.5,0.0
2025-04-16 16:00:00+00:00,3.5,3.5,3.5,3.5,0.0
2025-04-16 16:15:00+00:00,3.5,3.5,3.5,3.5,0.0
2025-04-16 16:30:00+00:00,3.5,3.5,3.5,3.5,0.0
2025-04-16 16:45:00+00:00,3.5,3.5,3.5,3.5,0.0
2025-04-16 17:00:00+00:00,3.5,3.5,3.5,3.5,0.0
2025-04-16 17:15:00+00:00,3.5,3.5,3.5,3.5,0.0
2025-04-16 17:30:00+00:00,3.5,3.5,3.5,3.5,0.0
2025-04-16 17:45:00+00:00,3.5,3.5,3.5,3.5,0.0
2025-04-16 18:00:00+00:00,3.5,3.5,3.5,3.5,0.0
2025-04-16 18:15:00+00:00,3.5,3.5,3.39,3.39,100.0
2025-04-16 18:30:00+00:00,3.39,3.39,3.39,3.39,0.0
2025-04-16 18:45:00+00:00,3.39,3.39,3.36,3.36,86.0
2025-04-16 19:00:00+00:00,3.36,3.36,3.36,3.36,0.0
2025-04-16 19:15:00+00:00,3.36,3.405,3.36,3.405,1.0
2025-04-16 19:30:00+00:00,3.405,3.405,3.4,3.4,6.0
2025-04-16 19:45:00+00:00,3.4,3.45,3.4,3.41,150.0
2025-04-17 13:30:00+00:00,3.41,3.41,3.41,3.41,0.0
2025-04-17 13:45:00+00:00,3.41,3.41,3.41,3.41,0.0
2025-04-17 14:00:00+00:00,3.41,3.41,3.41,3.41,0.0
2025-04-17 14:15:00+00:00,3.41,3.41,3.41,3.41,0.0
2025-04-17 14:30:00+00:00,3.41,3.41,3.41,3.41,0.0
2025-04-17 14:45:00+00:00,3.41,3.41,3.41,3.41,0.0
2025-04-17 15:00:00+00:00,3.41,3.41,3.41,3.41,0.0
2025-04-17 15:15:00+00:00,3.41,3.41,3.38,3.38,88.0
2025-04-17 15:30:00+00:00,3.38,3.38,3.38,3.38,0.0
2025-04-17 15:45:00+00:00,3.38,3.38,3.38,3.38,0.0
2025-04-17 16:00:00+00:00,3.38,3.42,3.38,3.42,100.0
2025-04-17 16:15:00+00:00,3.42,3.42,3.42,3.42,0.0
2025-04-17 16:30:00+00:00,3.42,3.42,3.42,3.42,0.0
2025-04-17 16:45:00+00:00,3.42,3.42,3.42,3.42,0.0
2025-04-17 17:00:00+00:00,3.42,3.42,3.42,3.42,0.0
2025-04-17 17:15:00+00:00,3.42,3.45,3.42,3.45,14.0
2025-04-17 17:30:00+00:00,3.45,3.45,3.45,3.45,0.0
2025-04-17 17:45:00+00:00,3.45,3.45,3.45,3.45,0.0
2025-04-17 18:00:00+00:00,3.45,3.45,3.45,3.45,0.0
2025-04-17 18:15:00+00:00,3.45,3.45,3.45,3.45,0.0
2025-04-17 18:30:00+00:00,3.45,3.45,3.45,3.45,0.0
2025-04-17 18:45:00+00:00,3.45,3.45,3.45,3.45,0.0
2025-04-17 19:00:00+00:00,3.45,3.45,3.45,3.45,0.0
2025-04-17 19:15:00+00:00,3.45,3.45,3.45,3.45,0.0
2025-04-17 19:30:00+00:00,3.45,3.45,3.415,3.445,100.0
2025-04-17 19:45:00+00:00,3.445,3.46,3.42,3.45,85.0
2025-04-18 13:30:00+00:00,3.45,3.45,3.45,3.45,0.0
2025-04-18 13:45:00+00:00,3.45,3.45,3.45,3.45,0.0
2025-04-18 14:00:00+00:00,3.45,3.45,3.45,3.45,0.0
2025-04-18 14:15:00+00:00,3.45,3.45,3.45,3.45,0.0
2025-04-18 14:30:00+00:00,3.45,3.45,3.45,3.45,0.0
2025-04-18 14:45:00+00:00,3.45,3.45,3.45,3.45,0.0
2025-04-18 15:00:00+00:00,3.45,3.45,3.45,3.45,0.0
2025-04-18 15:15:00+00:00,3.45,3.45,3.45,3.45,0.0
2025-04-18 15:30:00+00:00,3.45,3.45,3.45,3.45,0.0
2025-04-18 15:45:00+00:00,3.45,3.45,3.45,3.45,0.0
2025-04-18 16:00:00+00:00,3.45,3.45,3.45,3.45,0.0
2025-04-18 16:15:00+00:00,3.45,3.45,3.45,3.45,0.0
2025-04-18 16:30:00+00:00,3.45,3.45,3.45,3.45,0.0
2025-04-18 16:45:00+00:00,3.45,3.45,3.45,3.45,0.0
2025-04-18 17:00:00+00:00,3.45,3.45,3.45,3.45,0.0
2025-04-18 17:15:00+00:00,3.45,3.45,3.45,3.45,0.0
2025-04-18 17:30:00+00:00,3.45,3.45,3.45,3.45,0.0
2025-04-18 17:45:00+00:00,3.45,3.45,3.45,3.45,0.0
2025-04-18 18:00:00+00:00,3.45,3.45,3.45,3.45,0.0
2025-04-18 18:15:00+00:00,3.45,3.45,3.45,3.45,0.0
2025-04-18 18:30:00+00:00,3.45,3.45,3.45,3.45,0.0
2025-04-18 18:45:00+00:00,3.45,3.45,3.45,3.45,0.0
2025-04-18 19:00:00+00:00,3.45,3.45,3.45,3.45,0.0
2025-04-18 19:15:00+00:00,3.45,3.45,3.45,3.45,0.0
2025-04-18 19:30:00+00:00,3.45,3.45,3.45,3.45,0.0
2025-04-18 19:45:00+00:00,3.45,3.45,3.45,3.45,0.0
2025-04-21 13:30:00+00:00,3.45,3.45,3.31,3.31,1.0
2025-04-21 13:45:00+00:00,3.31,3.455,3.31,3.455,5.0
2025-04-21 14:00:00+00:00,3.455,3.455,3.455,3.455,0.0
2025-04-21 14:15:00+00:00,3.455,3.455,3.435,3.435,213.0
2025-04-21 14:30:00+00:00,3.435,3.435,3.435,3.435,0.0
2025-04-21 14:45:00+00:00,3.435,3.435,3.435,3.435,0.0
2025-04-21 15:00:00+00:00,3.435,3.435,3.435,3.435,0.0
2025-04-21 15:15:00+00:00,3.435,3.435,3.435,3.435,0.0
2025-04-21 15:30:00+00:00,3.435,3.435,3.39,3.39,14.0
2025-04-21 15:45:00+00:00,3.39,3.39,3.39,3.39,0.0
2025-04-21 16:00:00+00:00,3.39,3.39,3.39,3.39,0.0
2025-04-21 16:15:00+00:00,3.38,3.38,3.23,3.23,314.0
2025-04-21 16:30:00+00:00,3.23,3.23,3.23,3.23,0.0
2025-04-21 16:45:00+00:00,3.23,3.23,3.23,3.23,0.0
2025-04-21 17:00:00+00:00,3.23,3.235,3.23,3.235,100.0
2025-04-21 17:15:00+00:00,3.235,3.235,3.235,3.235,0.0
2025-04-21 17:30:00+00:00,3.235,3.235,3.235,3.235,0.0
2025-04-21 17:45:00+00:00,3.235,3.235,3.235,3.235,0.0
2025-04-21 18:00:00+00:00,3.235,3.235,3.235,3.235,0.0
2025-04-21 18:15:00+00:00,3.235,3.235,3.235,3.235,0.0
2025-04-21 18:30:00+00:00,3.235,3.235,3.235,3.235,0.0
2025-04-21 18:45:00+00:00,3.235,3.235,3.235,3.235,0.0
2025-04-21 19:00:00+00:00,3.235,3.235,3.235,3.235,0.0
2025-04-21 19:15:00+00:00,3.235,3.235,3.235,3.235,0.0
2025-04-21 19:30:00+00:00,3.235,3.295,3.235,3.29,204.0
2025-04-21 19:45:00+00:00,3.29,3.3,3.28,3.3,27.0
2025-04-22 13:30:00+00:00,3.3,3.3,3.3,3.3,0.0
2025-04-22 13:45:00+00:00,3.3,3.3,3.3,3.3,0.0
2025-04-22 14:00:00+00:00,3.3,3.3,3.3,3.3,0.0
2025-04-22 14:15:00+00:00,3.3,3.3,3.3,3.3,0.0
2025-04-22 14:30:00+00:00,3.3,3.3,3.3,3.3,100.0
2025-04-22 14:45:00+00:00,3.3,3.33,3.3,3.33,15.0
2025-04-22 15:00:00+00:00,3.33,3.33,3.33,3.33,0.0
2025-04-22 15:15:00+00:00,3.33,3.33,3.33,3.33,0.0
2025-04-22 15:30:00+00:00,3.33,3.33,3.33,3.33,0.0
2025-04-22 15:45:00+00:00,3.33,3.33,3.33,3.33,0.0
2025-04-22 16:00:00+00:00,3.33,3.33,3.33,3.33,0.0
2025-04-22 16:15:00+00:00,3.33,3.33,3.33,3.33,0.0
2025-04-22 16:30:00+00:00,3.33,3.33,3.33,3.33,0.0
2025-04-22 16:45:00+00:00,3.33,3.33,3.33,3.33,0.0
2025-04-22 17:00:00+00:00,3.33,3.33,3.33,3.33,0.0
2025-04-22 17:15:00+00:00,3.33,3.33,3.33,3.33,0.0
2025-04-22 17:30:00+00:00,3.33,3.33,3.33,3.33,0.0
2025-04-22 17:45:00+00:00,3.33,3.33,3.33,3.33,0.0
2025-04-22 18:00:00+00:00,3.33,3.33,3.33,3.33,0.0
2025-04-22 18:15:00+00:00,3.33,3.33,3.33,3.33,0.0
2025-04-22 18:30:00+00:00,3.33,3.33,3.33,3.33,0.0
2025-04-22 18:45:00+00:00,3.33,3.33,3.33,3.33,200.0
2025-04-22 19:00:00+00:00,3.33,3.33,3.33,3.33,0.0
2025-04-22 19:15:00+00:00,3.33,3.33,3.33,3.33,0.0
2025-04-22 19:30:00+00:00,3.33,3.33,3.32,3.32,15.0
2025-04-22 19:45:00+00:00,3.32,3.33,3.32,3.33,15.0
2025-04-23 13:30:00+00:00,3.33,3.33,3.33,3.33,0.0
2025-04-23 13:45:00+00:00,3.33,3.33,3.33,3.33,0.0
2025-04-23 14:00:00+00:00,3.33,3.33,3.33,3.33,0.0
2025-04-23 14:15:00+00:00,3.33,3.33,3.33,3.33,0.0
2025-04-23 14:30:00+00:00,3.33,3.33,3.33,3.33,0.0
2025-04-23 14:45:00+00:00,3.33,3.4,3.33,3.4,15.0
2025-04-23 15:00:00+00:00,3.4,3.4,3.4,3.4,0.0
2025-04-23 15:15:00+00:00,3.4,3.4,3.4,3.4,0.0
2025-04-23 15:30:00+00:00,3.4,3.4,3.4,3.4,0.0
2025-04-23 15:45:00+00:00,3.4,3.4,3.4,3.4,0.0
2025-04-23 16:00:00+00:00,3.4,3.4,3.4,3.4,0.0
2025-04-23 16:15:00+00:00,3.4,3.4,3.4,3.4,0.0
2025-04-23 16:30:00+00:00,3.4,3.4,3.4,3.4,0.0
2025-04-23 16:45:00+00:00,3.4,3.4,3.4,3.4,0.0
2025-04-23 17:00:00+00:00,3.4,3.4,3.4,3.4,0.0
2025-04-23 17:15:00+00:00,3.4,3.4,3.4,3.4,0.0
2025-04-23 17:30:00+00:00,3.4,3.4,3.4,3.4,0.0
2025-04-23 17:45:00+00:00,3.4,3.4,3.4,3.4,0.0
2025-04-23 18:00:00+00:00,3.4,3.4,3.36,3.36,100.0
2025-04-23 18:15:00+00:00,3.36,3.36,3.36,3.36,0.0
2025-04-23 18:30:00+00:00,3.36,3.36,3.36,3.36,0.0
2025-04-23 18:45:00+00:00,3.36,3.36,3.36,3.36,0.0
2025-04-23 19:00:00+00:00,3.36,3.36,3.36,3.36,0.0
2025-04-23 19:15:00+00:00,3.36,3.36,3.36,3.36,0.0
2025-04-23 19:30:00+00:00,3.36,3.36,3.35,3.35,100.0
2025-04-23 19:45:00+00:00,3.35,3.35,3.35,3.35,2.0
2025-04-24 13:30:00+00:00,3.35,3.35,3.35,3.35,0.0
2025-04-24 13:45:00+00:00,3.35,3.35,3.35,3.35,0.0
2025-04-24 14:00:00+00:00,3.35,3.35,3.35,3.35,0.0
2025-04-24 14:15:00+00:00,3.35,3.35,3.35,3.35,0.0
2025-04-24 14:30:00+00:00,3.35,3.35,3.35,3.35,0.0
2025-04-24 14:45:00+00:00,3.31,3.35,3.31,3.35,107.0
2025-04-24 15:00:00+00:00,3.35,3.35,3.35,3.35,0.0
2025-04-24 15:15:00+00:00,3.35,3.43,3.35,3.43,90.0
2025-04-24 15:30:00+00:00,3.43,3.43,3.43,3.43,0.0
2025-04-24 15:45:00+00:00,3.43,3.43,3.43,3.43,0.0
2025-04-24 16:00:00+00:00,3.43,3.43,3.43,3.43,0.0
2025-04-24 16:15:00+00:00,3.43,3.43,3.43,3.43,0.0
2025-04-24 16:30:00+00:00,3.43,3.43,3.43,3.43,0.0
2025-04-24 16:45:00+00:00,3.43,3.43,3.43,3.43,0.0
2025-04-24 17:00:00+00:00,3.43,3.43,3.43,3.43,0.0
2025-04-24 17:15:00+00:00,3.43,3.43,3.43,3.43,0.0
2025-04-24 17:30:00+00:00,3.43,3.43,3.43,3.43,0.0
2025-04-24 17:45:00+00:00,3.43,3.43,3.43,3.43,0.0
2025-04-24 18:00:00+00:00,3.43,3.43,3.4,3.41,100.0
2025-04-24 18:15:00+00:00,3.41,3.41,3.41,3.41,200.0
2025-04-24 18:30:00+00:00,3.41,3.41,3.41,3.41,0.0
2025-04-24 18:45:00+00:00,3.41,3.41,3.36,3.36,167.0
2025-04-24 19:00:00+00:00,3.36,3.36,3.36,3.36,0.0
2025-04-24 19:15:00+00:00,3.36,3.36,3.36,3.36,0.0
2025-04-24 19:30:00+00:00,3.36,3.36,3.36,3.36,0.0
2025-04-24 19:45:00+00:00,3.36,3.36,3.36,3.36,0.0
2025-04-25 13:30:00+00:00,3.36,3.36,3.36,3.36,0.0
2025-04-25 13:45:00+00:00,3.36,3.36,3.36,3.36,0.0
2025-04-25 14:00:00+00:00,3.36,3.36,3.36,3.36,0.0
2025-04-25 14:15:00+00:00,3.36,3.36,3.36,3.36,0.0
2025-04-25 14:30:00+00:00,3.36,3.36,3.36,3.36,0.0
2025-04-25 14:45:00+00:00,3.36,3.36,3.36,3.36,0.0
2025-04-25 15:00:00+00:00,3.36,3.36,3.36,3.36,0.0
2025-04-25 15:15:00+00:00,3.36,3.36,3.36,3.36,0.0
2025-04-25 15:30:00+00:00,3.36,3.36,3.36,3.36,0.0
2025-04-25 15:45:00+00:00,3.36,3.36,3.36,3.36,0.0
2025-04-25 16:00:00+00:00,3.36,3.36,3.36,3.36,0.0
2025-04-25 16:15:00+00:00,3.36,3.36,3.36,3.36,0.0
2025-04-25 16:30:00+00:00,3.36,3.36,3.36,3.36,0.0
2025-04-25 16:45:00+00:00,3.36,3.36,3.36,3.36,0.0
2025-04-25 17:00:00+00:00,3.36,3.36,3.36,3.36,0.0
2025-04-25 17:15:00+00:00,3.36,3.36,3.36,3.36,0.0
2025-04-25 17:30:00+00:00,3.36,3.36,3.36,3.36,0.0
2025-04-25 17:45:00+00:00,3.36,3.36,3.2,3.2,400.0
2025-04-25 18:00:00+00:00,3.2,3.2,3.2,3.2,0.0
2025-04-25 18:15:00+00:00,3.2,3.2,3.2,3.2,0.0
2025-04-25 18:30:00+00:00,3.2,3.2,3.2,3.2,0.0
2025-04-25 18:45:00+00:00,3.2,3.2,3.2,3.2,0.0
2025-04-25 19:00:00+00:00,3.2,3.2,3.2,3.2,0.0
2025-04-25 19:15:00+00:00,3.2,3.29,3.2,3.29,400.0
2025-04-25 19:30:00+00:00,3.29,3.29,3.27,3.27,400.0
2025-04-25 19:45:00+00:00,3.27,3.32,3.27,3.32,18.0
2025-04-28 13:30:00+00:00,3.32,3.32,3.32,3.32,0.0
2025-04-28 13:45:00+00:00,3.32,3.32,3.32,3.32,0.0
2025-04-28 14:00:00+00:00,3.32,3.32,3.32,3.32,0.0
2025-04-28 14:15:00+00:00,3.32,3.32,3.32,3.32,0.0
2025-04-28 14:30:00+00:00,3.32,3.32,3.32,3.32,0.0
2025-04-28 14:45:00+00:00,3.32,3.32,3.32,3.32,0.0
2025-04-28 15:00:00+00:00,3.32,3.32,3.32,3.32,0.0
2025-04-28 15:15:00+00:00,3.32,3.32,3.3,3.3,100.0
2025-04-28 15:30:00+00:00,3.3,3.3,3.3,3.3,0.0
2025-04-28 15:45:00+00:00,3.3,3.3,3.3,3.3,0.0
2025-04-28 16:00:00+00:00,3.3,3.3,3.3,3.3,0.0
2025-04-28 16:15:00+00:00,3.3,3.3,3.3,3.3,0.0
2025-04-28 16:30:00+00:00,3.3,3.3,3.3,3.3,0.0
2025-04-28 16:45:00+00:00,3.3,3.3,3.3,3.3,0.0
2025-04-28 17:00:00+00:00,3.3,3.3,3.3,3.3,0.0
2025-04-28 17:15:00+00:00,3.3,3.3,3.3,3.3,0.0
2025-04-28 17:30:00+00:00,3.3,3.3,3.3,3.3,0.0
2025-04-28 17:45:00+00:00,3.3,3.3,3.3,3.3,0.0
2025-04-28 18:00:00+00:00,3.3,3.3,3.3,3.3,0.0
2025-04-28 18:15:00+00:00,3.3,3.3,3.3,3.3,0.0
2025-04-28 18:30:00+00:00,3.3,3.3,3.3,3.3,71.0
2025-04-28 18:45:00+00:00,3.3,3.3,3.3,3.3,0.0
2025-04-28 19:00:00+00:00,3.3,3.3,3.3,3.3,0.0
2025-04-28 19:15:00+00:00,3.3,3.3,3.3,3.3,0.0
2025-04-28 19:30:00+00:00,3.3,3.36,3.3,3.36,3.0
2025-04-28 19:45:00+00:00,3.36,3.36,3.33,3.33,200.0
2025-04-29 13:30:00+00:00,3.33,3.33,3.33,3.33,0.0
2025-04-29 13:45:00+00:00,3.33,3.33,3.33,3.33,0.0
2025-04-29 14:00:00+00:00,3.33,3.33,3.33,3.33,0.0
2025-04-29 14:15:00+00:00,3.33,3.33,3.33,3.33,0.0
2025-04-29 14:30:00+00:00,3.33,3.33,3.33,3.33,0.0
2025-04-29 14:45:00+00:00,3.33,3.33,3.33,3.33,0.0
2025-04-29 15:00:00+00:00,3.33,3.33,3.33,3.33,0.0
2025-04-29 15:15:00+00:00,3.33,3.34,3.33,3.34,15.0
2025-04-29 15:30:00+00:00,3.34,3.34,3.315,3.315,500.0
2025-04-29 15:45:00+00:00,3.315,3.315,3.315,3.315,300.0
2025-04-29 16:00:00+00:00,3.315,3.315,3.315,3.315,0.0
2025-04-29 16:15:00+00:00,3.315,3.33,3.315,3.33,100.0
2025-04-29 16:30:00+00:00,3.33,3.36,3.33,3.36,15.0
2025-04-29 16:45:00+00:00,3.36,3.36,3.36,3.36,0.0
2025-04-29 17:00:00+00:00,3.36,3.36,3.36,3.36,0.0
2025-04-29 17:15:00+00:00,3.36,3.36,3.36,3.36,0.0
2025-04-29 17:30:00+00:00,3.36,3.36,3.36,3.36,0.0
2025-04-29 17:45:00+00:00,3.36,3.36,3.32,3.325,200.0
2025-04-29 18:00:00+00:00,3.325,3.325,3.325,3.325,0.0
2025-04-29 18:15:00+00:00,3.325,3.325,3.325,3.325,0.0
2025-04-29 18:30:00+00:00,3.325,3.325,3.325,3.325,0.0
2025-04-29 18:45:00+00:00,3.325,3.325,3.325,3.325,0.0
2025-04-29 19:00:00+00:00,3.34,3.34,3.34,3.34,15.0
2025-04-29 19:15:00+00:00,3.34,3.34,3.34,3.34,0.0
2025-04-29 19:30:00+00:00,3.34,3.34,3.28,3.3,404.0
2025-04-29 19:45:00+00:00,3.3,3.3,3.3,3.3,0.0
2025-04-30 13:30:00+00:00,3.3,3.3,3.3,3.3,0.0
2025-04-30 13:45:00+00:00,3.3,3.3,3.3,3.3,0.0
2025-04-30 14:00:00+00:00,3.17,3.17,3.13,3.13,151.0
2025-04-30 14:15:00+00:00,3.13,3.13,3.13,3.13,0.0
2025-04-30 14:30:00+00:00,3.13,3.13,3.13,3.13,0.0
2025-04-30 14:45:00+00:00,3.13,3.13,3.13,3.13,0.0
2025-04-30 15:00:00+00:00,3.13,3.2,3.13,3.2,100.0
2025-04-30 15:15:00+00:00,3.2,3.2,3.2,3.2,0.0
2025-04-30 15:30:00+00:00,3.2,3.2,3.2,3.2,0.0
2025-04-30 15:45:00+00:00,3.2,3.25,3.2,3.24,100.0
2025-04-30 16:00:00+00:00,3.24,3.24,3.24,3.24,0.0
2025-04-30 16:15:00+00:00,3.24,3.24,3.24,3.24,0.0
2025-04-30 16:30:00+00:00,3.24,3.24,3.24,3.24,0.0
2025-04-30 16:45:00+00:00,3.24,3.24,3.24,3.24,0.0
2025-04-30 17:00:00+00:00,3.24,3.24,3.24,3.24,0.0
2025-04-30 17:15:00+00:00,3.24,3.24,3.24,3.24,0.0
2025-04-30 17:30:00+00:00,3.24,3.24,3.24,3.24,50.0
2025-04-30 17:45:00+00:00,3.22,3.22,3.22,3.22,100.0
2025-04-30 18:00:00+00:00,3.22,3.22,3.22,3.22,0.0
2025-04-30 18:15:00+00:00,3.22,3.22,3.22,3.22,0.0
2025-04-30 18:30:00+00:00,3.22,3.22,3.22,3.22,0.0
2025-04-30 18:45:00+00:00,3.22,3.22,3.205,3.205,216.0
2025-04-30 19:00:00+00:00,3.205,3.205,3.205,3.205,0.0
2025-04-30 19:15:00+00:00,3.205,3.205,3.205,3.205,0.0
2025-04-30 19:30:00+00:00,3.205,3.205,3.205,3.205,0.0
2025-04-30 19:45:00+00:00,3.205,3.26,3.205,3.26,35.0
2025-05-01 13:30:00+00:00,3.26,3.26,3.26,3.26,0.0
2025-05-01 13:45:00+00:00,3.26,3.26,3.21,3.26,200.0
2025-05-01 14:00:00+00:00,3.26,3.36,3.26,3.36,84.0
2025-05-01 14:15:00+00:00,3.36,3.36,3.36,3.36,0.0
2025-05-01 14:30:00+00:00,3.36,3.36,3.36,3.36,0.0
2025-05-01 14:45:00+00:00,3.36,3.36,3.36,3.36,0.0
2025-05-01 15:00:00+00:00,3.36,3.36,3.36,3.36,0.0
2025-05-01 15:15:00+00:00,3.36,3.36,3.36,3.36,0.0
2025-05-01 15:30:00+00:00,3.36,3.36,3.36,3.36,0.0
2025-05-01 15:45:00+00:00,3.36,3.36,3.36,3.36,0.0
2025-05-01 16:00:00+00:00,3.36,3.36,3.36,3.36,0.0
2025-05-01 16:15:00+00:00,3.36,3.36,3.36,3.36,0.0
2025-05-01 16:30:00+00:00,3.36,3.36,3.36,3.36,0.0
2025-05-01 16:45:00+00:00,3.36,3.36,3.36,3.36,0.0
2025-05-01 17:00:00+00:00,3.36,3.36,3.36,3.36,0.0
2025-05-01 17:15:00+00:00,3.36,3.36,3.36,3.36,0.0
2025-05-01 17:30:00+00:00,3.36,3.36,3.36,3.36,0.0
2025-05-01 17:45:00+00:00,3.36,3.36,3.36,3.36,0.0
2025-05-01 18:00:00+00:00,3.36,3.36,3.36,3.36,0.0
2025-05-01 18:15:00+00:00,3.36,3.36,3.36,3.36,0.0
2025-05-01 18:30:00+00:00,3.36,3.36,3.3,3.3,100.0
2025-05-01 18:45:00+00:00,3.3,3.3,3.3,3.3,0.0
2025-05-01 19:00:00+00:00,3.345,3.345,3.345,3.345,0.0
2025-05-01 19:15:00+00:00,3.345,3.36,3.345,3.35,15.0
2025-05-01 19:30:00+00:00,3.35,3.35,3.33,3.33,13.0
2025-05-01 19:45:00+00:00,3.33,3.36,3.28,3.28,209.0
2025-05-02 13:30:00+00:00,3.28,3.28,3.28,3.28,0.0
2025-05-02 13:45:00+00:00,3.28,3.28,3.28,3.28,0.0
2025-05-02 14:00:00+00:00,3.28,3.28,3.28,3.28,0.0
2025-05-02 14:15:00+00:00,3.28,3.28,3.28,3.28,0.0
2025-05-02 14:30:00+00:00,3.28,3.28,3.28,3.28,0.0
2025-05-02 14:45:00+00:00,3.28,3.28,3.28,3.28,0.0
2025-05-02 15:00:00+00:00,3.28,3.28,3.28,3.28,0.0
2025-05-02 15:15:00+00:00,3.28,3.28,3.28,3.28,0.0
2025-05-02 15:30:00+00:00,3.28,3.28,3.28,3.28,0.0
2025-05-02 15:45:00+00:00,3.28,3.28,3.28,3.28,0.0
2025-05-02 16:00:00+00:00,3.28,3.28,3.28,3.28,0.0
2025-05-02 16:15:00+00:00,3.28,3.28,3.28,3.28,0.0
2025-05-02 16:30:00+00:00,3.28,3.28,3.28,3.28,0.0
2025-05-02 16:45:00+00:00,3.28,3.28,3.28,3.28,0.0
2025-05-02 17:00:00+00:00,3.28,3.28,3.28,3.28,0.0
2025-05-02 17:15:00+00:00,3.28,3.28,3.28,3.28,0.0
2025-05-02 17:30:00+00:00,3.28,3.28,3.28,3.28,0.0
2025-05-02 17:45:00+00:00,3.28,3.28,3.28,3.28,0.0
2025-05-02 18:00:00+00:00,3.28,3.28,3.28,3.28,0.0
2025-05-02 18:15:00+00:00,3.28,3.28,3.28,3.28,0.0
2025-05-02 18:30:00+00:00,3.28,3.41,3.28,3.41,1.0
2025-05-02 18:45:00+00:00,3.41,3.41,3.41,3.41,0.0
2025-05-02 19:00:00+00:00,3.41,3.48,3.41,3.48,15.0
2025-05-02 19:15:00+00:00,3.48,3.485,3.48,3.485,0.0
2025-05-02 19:30:00+00:00,3.485,3.485,3.46,3.46,203.0
2025-05-02 19:45:00+00:00,3.46,3.46,3.46,3.46,0.0
2025-05-05 13:30:00+00:00,3.46,3.46,3.46,3.46,0.0
2025-05-05 13:45:00+00:00,3.46,3.46,3.46,3.46,0.0
2025-05-05 14:00:00+00:00,3.46,3.46,3.46,3.46,0.0
2025-05-05 14:15:00+00:00,3.46,3.46,3.46,3.46,0.0
2025-05-05 14:30:00+00:00,3.46,3.46,3.46,3.46,0.0
2025-05-05 14:45:00+00:00,3.46,3.46,3.46,3.46,0.0
2025-05-05 15:00:00+00:00,3.46,3.46,3.46,3.46,0.0
2025-05-05 15:15:00+00:00,3.46,3.46,3.46,3.46,0.0
2025-05-05 15:30:00+00:00,3.46,3.46,3.46,3.46,0.0
2025-05-05 15:45:00+00:00,3.46,3.46,3.46,3.46,0.0
2025-05-05 16:00:00+00:00,3.46,3.46,3.46,3.46,0.0
2025-05-05 16:15:00+00:00,3.46,3.46,3.46,3.46,0.0
2025-05-05 16:30:00+00:00,3.46,3.46,3.46,3.46,0.0
2025-05-05 16:45:00+00:00,3.46,3.46,3.46,3.46,0.0
2025-05-05 17:00:00+00:00,3.46,3.46,3.46,3.46,0.0
2025-05-05 17:15:00+00:00,3.46,3.46,3.46,3.46,0.0
2025-05-05 17:30:00+00:00,3.46,3.46,3.46,3.46,0.0
2025-05-05 17:45:00+00:00,3.46,3.46,3.46,3.46,0.0
2025-05-05 18:00:00+00:00,3.46,3.46,3.46,3.46,0.0
2025-05-05 18:15:00+00:00,3.46,3.46,3.45,3.45,100.0
2025-05-05 18:30:00+00:00,3.45,3.45,3.45,3.45,0.0
2025-05-05 18:45:00+00:00,3.45,3.45,3.39,3.39,10.0
2025-05-05 19:00:00+00:00,3.39,3.39,3.39,3.39,0.0
2025-05-05 19:15:00+00:00,3.39,3.39,3.39,3.39,0.0
2025-05-05 19:30:00+00:00,3.39,3.44,3.39,3.44,3.0
2025-05-05 19:45:00+00:00,3.44,3.44,3.43,3.43,41.0
2025-05-06 13:30:00+00:00,3.43,3.43,3.43,3.43,0.0
2025-05-06 13:45:00+00:00,3.43,3.43,3.43,3.43,0.0
2025-05-06 14:00:00+00:00,3.43,3.43,3.43,3.43,0.0
2025-05-06 14:15:00+00:00,3.43,3.43,3.43,3.43,0.0
2025-05-06 14:30:00+00:00,3.43,3.43,3.43,3.43,0.0
2025-05-06 14:45:00+00:00,3.43,3.43,3.43,3.43,0.0
2025-05-06 15:00:00+00:00,3.43,3.43,3.43,3.43,0.0
2025-05-06 15:15:00+00:00,3.43,3.43,3.43,3.43,0.0
2025-05-06 15:30:00+00:00,3.43,3.43,3.43,3.43,0.0
2025-05-06 15:45:00+00:00,3.43,3.43,3.43,3.43,0.0
2025-05-06 16:00:00+00:00,3.43,3.43,3.43,3.43,0.0
2025-05-06 16:15:00+00:00,3.43,3.43,3.43,3.43,0.0
2025-05-06 16:30:00+00:00,3.43,3.43,3.43,3.43,0.0
2025-05-06 16:45:00+00:00,3.43,3.43,3.43,3.43,0.0
2025-05-06 17:00:00+00:00,3.43,3.43,3.43,3.43,0.0
2025-05-06 17:15:00+00:00,3.43,3.45,3.43,3.45,1.0
2025-05-06 17:30:00+00:00,3.45,3.455,3.45,3.455,0.0
2025-05-06 17:45:00+00:00,3.455,3.465,3.445,3.46,1.0
2025-05-06 18:00:00+00:00,3.46,3.46,3.45,3.46,2.0
2025-05-06 18:15:00+00:00,3.46,3.46,3.45,3.45,6.0
2025-05-06 18:30:00+00:00,3.45,3.46,3.45,3.46,5.0
2025-05-06 18:45:00+00:00,3.45,3.47,3.45,3.45,21.0
2025-05-06 19:00:00+00:00,3.45,3.45,3.45,3.45,1.0
2025-05-06 19:15:00+00:00,3.45,3.45,3.43,3.43,5.0
2025-05-06 19:30:00+00:00,3.43,3.43,3.43,3.43,2.0
2025-05-06 19:45:00+00:00,3.43,3.46,3.43,3.46,12.0
2025-05-07 13:30:00+00:00,3.46,3.46,3.46,3.46,0.0
2025-05-07 13:45:00+00:00,3.46,3.46,3.46,3.46,0.0
2025-05-07 14:00:00+00:00,3.46,3.46,3.46,3.46,0.0
2025-05-07 14:15:00+00:00,3.46,3.46,3.46,3.46,0.0
2025-05-07 14:30:00+00:00,3.46,3.46,3.43,3.43,14.0
2025-05-07 14:45:00+00:00,3.43,3.43,3.43,3.43,0.0
2025-05-07 15:00:00+00:00,3.43,3.43,3.36,3.36,100.0
2025-05-07 15:15:00+00:00,3.36,3.36,3.36,3.36,0.0
2025-05-07 15:30:00+00:00,3.36,3.36,3.36,3.36,0.0
2025-05-07 15:45:00+00:00,3.36,3.36,3.36,3.36,0.0
2025-05-07 16:00:00+00:00,3.36,3.36,3.36,3.36,0.0
2025-05-07 16:15:00+00:00,3.36,3.36,3.36,3.36,0.0
2025-05-07 16:30:00+00:00,3.36,3.36,3.36,3.36,0.0
2025-05-07 16:45:00+00:00,3.36,3.36,3.36,3.36,0.0
2025-05-07 17:00:00+00:00,3.36,3.36,3.36,3.36,0.0
2025-05-07 17:15:00+00:00,3.36,3.36,3.36,3.36,0.0
2025-05-07 17:30:00+00:00,3.36,3.36,3.36,3.36,0.0
2025-05-07 17:45:00+00:00,3.36,3.41,3.36,3.41,14.0
2025-05-07 18:00:00+00:00,3.41,3.41,3.41,3.41,0.0
2025-05-07 18:15:00+00:00,3.41,3.41,3.41,3.41,0.0
2025-05-07 18:30:00+00:00,3.41,3.41,3.41,3.41,0.0
2025-05-07 18:45:00+00:00,3.41,3.41,3.4,3.4,0.0
2025-05-07 19:00:00+00:00,3.4,3.435,3.4,3.405,114.0
2025-05-07 19:15:00+00:00,3.405,3.405,3.405,3.405,0.0
2025-05-07 19:30:00+00:00,3.405,3.41,3.405,3.41,0.0
2025-05-07 19:45:00+00:00,3.41,3.41,3.39,3.39,100.0
2025-05-08 13:30:00+00:00,3.39,3.39,3.39,3.39,0.0
2025-05-08 13:45:00+00:00,3.39,3.39,3.39,3.39,0.0
2025-05-08 14:00:00+00:00,3.39,3.39,3.39,3.39,0.0
2025-05-08 14:15:00+00:00,3.39,3.39,3.39,3.39,0.0
2025-05-08 14:30:00+00:00,3.39,3.39,3.39,3.39,0.0
2025-05-08 14:45:00+00:00,3.39,3.39,3.39,3.39,0.0
2025-05-08 15:00:00+00:00,3.39,3.39,3.39,3.39,0.0
2025-05-08 15:15:00+00:00,3.39,3.39,3.39,3.39,0.0
2025-05-08 15:30:00+00:00,3.39,3.39,3.39,3.39,0.0
2025-05-08 15:45:00+00:00,3.39,3.39,3.39,3.39,0.0
2025-05-08 16:00:00+00:00,3.39,3.39,3.39,3.39,0.0
2025-05-08 16:15:00+00:00,3.39,3.39,3.39,3.39,0.0
2025-05-08 16:30:00+00:00,3.39,3.57,3.39,3.57,81.0
2025-05-08 16:45:00+00:00,3.58,3.58,3.58,3.58,28.0
2025-05-08 17:00:00+00:00,3.58,3.58,3.58,3.58,0.0
2025-05-08 17:15:00+00:00,3.58,3.58,3.58,3.58,0.0
2025-05-08 17:30:00+00:00,3.58,3.58,3.58,3.58,0.0
2025-05-08 17:45:00+00:00,3.58,3.58,3.58,3.58,0.0
2025-05-08 18:00:00+00:00,3.58,3.58,3.58,3.58,0.0
2025-05-08 18:15:00+00:00,3.58,3.58,3.58,3.58,0.0
2025-05-08 18:30:00+00:00,3.58,3.58,3.58,3.58,0.0
2025-05-08 18:45:00+00:00,3.58,3.58,3.505,3.505,75.0
2025-05-08 19:00:00+00:00,3.505,3.505,3.505,3.505,0.0
2025-05-08 19:15:00+00:00,3.505,3.505,3.505,3.505,0.0
2025-05-08 19:30:00+00:00,3.505,3.505,3.505,3.505,0.0
2025-05-08 19:45:00+00:00,3.505,3.505,3.45,3.47,285.0
2025-05-09 13:30:00+00:00,3.47,3.47,3.47,3.47,0.0
2025-05-09 13:45:00+00:00,3.47,3.47,3.47,3.47,0.0
2025-05-09 14:00:00+00:00,3.47,3.47,3.47,3.47,0.0
2025-05-09 14:15:00+00:00,3.47,3.47,3.47,3.47,0.0
2025-05-09 14:30:00+00:00,3.47,3.49,3.47,3.49,200.0
2025-05-09 14:45:00+00:00,3.49,3.49,3.49,3.49,0.0
2025-05-09 15:00:00+00:00,3.49,3.49,3.49,3.49,0.0
2025-05-09 15:15:00+00:00,3.49,3.49,3.42,3.42,200.0
2025-05-09 15:30:00+00:00,3.42,3.435,3.42,3.435,0.0
2025-05-09 15:45:00+00:00,3.435,3.435,3.39,3.39,353.0
2025-05-09 16:00:00+00:00,3.39,3.39,3.39,3.39,0.0
2025-05-09 16:15:00+00:00,3.39,3.52,3.39,3.52,100.0
2025-05-09 16:30:00+00:00,3.52,3.53,3.52,3.53,1.0
2025-05-09 16:45:00+00:00,3.53,3.53,3.53,3.53,0.0
2025-05-09 17:00:00+00:00,3.53,3.53,3.53,3.53,0.0
2025-05-09 17:15:00+00:00,3.53,3.53,3.53,3.53,0.0
2025-05-09 17:30:00+00:00,3.53,3.53,3.53,3.53,0.0
2025-05-09 17:45:00+00:00,3.53,3.53,3.53,3.53,0.0
2025-05-09 18:00:00+00:00,3.53,3.53,3.53,3.53,0.0
2025-05-09 18:15:00+00:00,3.53,3.53,3.53,3.53,0.0
2025-05-09 18:30:00+00:00,3.53,3.53,3.53,3.53,0.0
2025-05-09 18:45:00+00:00,3.53,3.53,3.53,3.53,0.0
2025-05-09 19:00:00+00:00,3.53,3.53,3.53,3.53,0.0
2025-05-09 19:15:00+00:00,3.53,3.53,3.53,3.53,0.0
2025-05-09 19:30:00+00:00,3.53,3.53,3.53,3.53,0.0
2025-05-09 19:45:00+00:00,3.53,3.53,3.475,3.49,153.0
