date,Open,High,Low,Close,Volume
2023-08-24 14:00:00+00:00,9.93,9.935,9.53,9.615,43218.0
2023-08-24 15:00:00+00:00,9.61,9.63,9.49,9.525,49338.0
2023-08-24 16:00:00+00:00,9.52,9.665,9.515,9.605,26540.0
2023-08-24 17:00:00+00:00,9.605,9.615,9.51,9.57,25150.0
2023-08-24 18:00:00+00:00,9.57,9.68,9.565,9.665,45792.0
2023-08-24 19:00:00+00:00,9.665,9.705,9.515,9.545,162893.0
2023-08-25 14:00:00+00:00,9.915,10.31,9.91,10.115,139084.0
2023-08-25 15:00:00+00:00,10.115,10.23,9.835,9.875,91740.0
2023-08-25 16:00:00+00:00,9.875,10.01,9.725,9.965,65447.0
2023-08-25 17:00:00+00:00,9.965,10.15,9.965,10.115,57339.0
2023-08-25 18:00:00+00:00,10.115,10.25,10.1,10.24,55140.0
2023-08-25 19:00:00+00:00,10.245,10.245,10.095,10.235,195883.0
2023-08-28 14:00:00+00:00,10.385,10.43,10.195,10.215,24871.0
2023-08-28 15:00:00+00:00,10.215,10.24,10.09,10.185,48075.0
2023-08-28 16:00:00+00:00,10.185,10.43,10.18,10.415,29404.0
2023-08-28 17:00:00+00:00,10.415,10.46,10.335,10.355,32257.0
2023-08-28 18:00:00+00:00,10.355,10.385,10.255,10.365,50235.0
2023-08-28 19:00:00+00:00,10.36,10.465,10.315,10.41,93636.0
2023-08-29 14:00:00+00:00,10.745,10.89,10.685,10.825,39308.0
2023-08-29 15:00:00+00:00,10.825,10.98,10.81,10.935,48627.0
2023-08-29 16:00:00+00:00,10.935,11.02,10.875,11.015,35099.0
2023-08-29 17:00:00+00:00,11.015,11.155,11.01,11.045,65232.0
2023-08-29 18:00:00+00:00,11.045,11.105,11.01,11.045,38396.0
2023-08-29 19:00:00+00:00,11.045,11.11,10.975,11.09,167811.0
2023-08-30 14:00:00+00:00,11.185,11.185,11.01,11.12,27102.0
2023-08-30 15:00:00+00:00,11.115,11.285,11.095,11.28,36446.0
2023-08-30 16:00:00+00:00,11.275,11.335,11.225,11.27,18396.0
2023-08-30 17:00:00+00:00,11.265,11.315,11.245,11.255,33195.0
2023-08-30 18:00:00+00:00,11.255,11.285,11.16,11.28,25976.0
2023-08-30 19:00:00+00:00,11.28,11.38,11.25,11.345,71040.0
2023-08-31 14:00:00+00:00,11.425,11.6,11.375,11.55,32038.0
2023-08-31 15:00:00+00:00,11.555,11.555,11.435,11.485,41885.0
2023-08-31 16:00:00+00:00,11.485,11.545,11.445,11.5,31463.0
2023-08-31 17:00:00+00:00,11.495,11.655,11.475,11.645,29645.0
2023-08-31 18:00:00+00:00,11.645,11.69,11.485,11.505,55618.0
2023-08-31 19:00:00+00:00,11.51,11.6,11.505,11.585,103559.0
2023-09-01 14:00:00+00:00,11.635,11.7,11.525,11.585,17026.0
2023-09-01 15:00:00+00:00,11.585,11.65,11.545,11.625,32997.0
2023-09-01 16:00:00+00:00,11.625,11.705,11.585,11.705,14240.0
2023-09-01 17:00:00+00:00,11.705,11.705,11.635,11.67,16002.0
2023-09-01 18:00:00+00:00,11.665,11.685,11.605,11.645,24310.0
2023-09-01 19:00:00+00:00,11.65,11.735,11.645,11.65,69477.0
2023-09-04 14:00:00+00:00,11.65,11.65,11.65,11.65,0.0
2023-09-04 15:00:00+00:00,11.65,11.65,11.65,11.65,0.0
2023-09-04 16:00:00+00:00,11.65,11.65,11.65,11.65,0.0
2023-09-04 17:00:00+00:00,11.65,11.65,11.65,11.65,0.0
2023-09-04 18:00:00+00:00,11.65,11.65,11.65,11.65,0.0
2023-09-04 19:00:00+00:00,11.65,11.65,11.65,11.65,0.0
2023-09-05 14:00:00+00:00,11.445,11.545,11.405,11.475,31718.0
2023-09-05 15:00:00+00:00,11.475,11.535,11.36,11.365,31956.0
2023-09-05 16:00:00+00:00,11.365,11.45,11.35,11.405,14716.0
2023-09-05 17:00:00+00:00,11.405,11.425,11.33,11.415,19134.0
2023-09-05 18:00:00+00:00,11.415,11.465,11.395,11.445,19075.0
2023-09-05 19:00:00+00:00,11.445,11.47,11.385,11.425,90885.0
2023-09-06 14:00:00+00:00,11.375,11.38,11.19,11.26,30143.0
2023-09-06 15:00:00+00:00,11.26,11.33,11.185,11.235,15822.0
2023-09-06 16:00:00+00:00,11.235,11.255,11.135,11.165,10549.0
2023-09-06 17:00:00+00:00,11.165,11.275,11.145,11.265,22552.0
2023-09-06 18:00:00+00:00,11.26,11.3,11.23,11.275,45992.0
2023-09-06 19:00:00+00:00,11.28,11.345,11.235,11.305,163264.0
2023-09-07 14:00:00+00:00,11.305,11.41,11.22,11.365,58902.0
2023-09-07 15:00:00+00:00,11.365,11.43,11.305,11.395,40756.0
2023-09-07 16:00:00+00:00,11.395,11.505,11.38,11.425,25966.0
2023-09-07 17:00:00+00:00,11.425,11.575,11.425,11.555,21748.0
2023-09-07 18:00:00+00:00,11.555,11.595,11.495,11.575,27618.0
2023-09-07 19:00:00+00:00,11.575,11.61,11.505,11.55,124015.0
2023-09-08 14:00:00+00:00,11.29,11.475,11.275,11.305,17052.0
2023-09-08 15:00:00+00:00,11.305,11.36,11.275,11.34,14102.0
2023-09-08 16:00:00+00:00,11.335,11.41,11.31,11.36,17376.0
2023-09-08 17:00:00+00:00,11.355,11.355,11.28,11.295,16227.0
2023-09-08 18:00:00+00:00,11.295,11.34,11.24,11.34,17291.0
2023-09-08 19:00:00+00:00,11.325,11.36,11.255,11.285,69131.0
2023-09-11 14:00:00+00:00,11.24,11.265,11.185,11.185,16547.0
2023-09-11 15:00:00+00:00,11.185,11.19,11.01,11.025,35154.0
2023-09-11 16:00:00+00:00,11.03,11.135,11.03,11.09,17499.0
2023-09-11 17:00:00+00:00,11.09,11.135,10.99,11.035,37675.0
2023-09-11 18:00:00+00:00,11.035,11.07,10.955,10.98,20187.0
2023-09-11 19:00:00+00:00,10.975,11.02,10.945,10.985,59674.0
2023-09-12 14:00:00+00:00,11.255,11.275,11.03,11.035,25132.0
2023-09-12 15:00:00+00:00,11.035,11.18,11.035,11.16,18706.0
2023-09-12 16:00:00+00:00,11.165,11.22,11.16,11.215,19188.0
2023-09-12 17:00:00+00:00,11.215,11.295,11.21,11.26,19667.0
2023-09-12 18:00:00+00:00,11.26,11.265,11.16,11.165,24249.0
2023-09-12 19:00:00+00:00,11.165,11.23,11.16,11.185,96049.0
2023-09-13 14:00:00+00:00,10.945,10.95,10.845,10.92,24891.0
2023-09-13 15:00:00+00:00,10.925,10.98,10.86,10.885,24702.0
2023-09-13 16:00:00+00:00,10.885,10.955,10.88,10.925,20587.0
2023-09-13 17:00:00+00:00,10.925,10.93,10.84,10.84,14968.0
2023-09-13 18:00:00+00:00,10.845,10.85,10.75,10.805,28212.0
2023-09-13 19:00:00+00:00,10.805,10.92,10.805,10.89,131918.0
2023-09-14 14:00:00+00:00,11.055,11.08,10.9,11.045,22128.0
2023-09-14 15:00:00+00:00,11.045,11.08,10.97,11.015,22099.0
2023-09-14 16:00:00+00:00,11.015,11.085,10.995,11.085,12454.0
2023-09-14 17:00:00+00:00,11.085,11.085,10.99,11.005,14770.0
2023-09-14 18:00:00+00:00,11.005,11.015,10.975,11.005,18845.0
2023-09-14 19:00:00+00:00,11.005,11.055,10.975,10.995,69813.0
2023-09-15 14:00:00+00:00,11.18,11.315,11.115,11.195,45604.0
2023-09-15 15:00:00+00:00,11.195,11.35,11.165,11.325,35288.0
2023-09-15 16:00:00+00:00,11.325,11.46,11.285,11.425,51281.0
2023-09-15 17:00:00+00:00,11.425,11.435,11.285,11.345,57967.0
2023-09-15 18:00:00+00:00,11.345,11.345,11.255,11.285,64009.0
2023-09-15 19:00:00+00:00,11.285,11.335,11.135,11.165,181364.0
2023-09-18 14:00:00+00:00,10.66,10.695,10.37,10.4,62734.0
2023-09-18 15:00:00+00:00,10.395,10.54,10.365,10.5,64842.0
2023-09-18 16:00:00+00:00,10.495,10.495,10.34,10.355,21694.0
2023-09-18 17:00:00+00:00,10.355,10.36,10.245,10.265,22215.0
2023-09-18 18:00:00+00:00,10.265,10.265,10.175,10.185,34513.0
2023-09-18 19:00:00+00:00,10.185,10.255,10.11,10.135,130424.0
2023-09-19 14:00:00+00:00,10.155,10.185,10.04,10.05,40594.0
2023-09-19 15:00:00+00:00,10.05,10.085,9.96,9.96,41407.0
2023-09-19 16:00:00+00:00,9.96,9.975,9.9,9.94,39010.0
2023-09-19 17:00:00+00:00,9.935,9.995,9.875,9.915,38829.0
2023-09-19 18:00:00+00:00,9.915,9.915,9.84,9.845,39210.0
2023-09-19 19:00:00+00:00,9.845,9.985,9.82,9.96,138257.0
2023-09-20 14:00:00+00:00,10.055,10.075,9.905,9.915,52772.0
2023-09-20 15:00:00+00:00,9.915,9.955,9.85,9.92,85138.0
2023-09-20 16:00:00+00:00,9.92,9.945,9.855,9.865,41015.0
2023-09-20 17:00:00+00:00,9.865,9.91,9.815,9.87,54738.0
2023-09-20 18:00:00+00:00,9.87,9.945,9.81,9.905,35846.0
2023-09-20 19:00:00+00:00,9.905,9.905,9.81,9.83,75905.0
2023-09-21 14:00:00+00:00,10.115,10.355,10.105,10.31,60702.0
2023-09-21 15:00:00+00:00,10.315,10.315,10.045,10.095,25634.0
2023-09-21 16:00:00+00:00,10.095,10.23,10.085,10.165,18350.0
2023-09-21 17:00:00+00:00,10.165,10.35,10.155,10.32,27230.0
2023-09-21 18:00:00+00:00,10.32,10.395,10.3,10.385,62388.0
2023-09-21 19:00:00+00:00,10.385,10.4,10.205,10.22,146819.0
2023-09-22 14:00:00+00:00,10.21,10.24,10.09,10.135,28534.0
2023-09-22 15:00:00+00:00,10.135,10.15,10.025,10.04,42381.0
2023-09-22 16:00:00+00:00,10.04,10.115,10.035,10.05,28692.0
2023-09-22 17:00:00+00:00,10.045,10.055,9.95,9.95,39446.0
2023-09-22 18:00:00+00:00,9.955,9.995,9.885,9.92,55027.0
2023-09-22 19:00:00+00:00,9.925,9.985,9.865,9.915,143570.0
2023-09-25 14:00:00+00:00,10.025,10.295,9.98,10.195,37422.0
2023-09-25 15:00:00+00:00,10.195,10.255,10.135,10.235,36076.0
2023-09-25 16:00:00+00:00,10.235,10.345,10.225,10.275,37642.0
2023-09-25 17:00:00+00:00,10.28,10.355,10.265,10.34,21558.0
2023-09-25 18:00:00+00:00,10.34,10.355,10.265,10.275,74022.0
2023-09-25 19:00:00+00:00,10.275,10.34,10.215,10.25,84936.0
2023-09-26 14:00:00+00:00,10.5,10.52,10.385,10.425,25355.0
2023-09-26 15:00:00+00:00,10.425,10.47,10.36,10.445,27487.0
2023-09-26 16:00:00+00:00,10.445,10.505,10.395,10.405,19524.0
2023-09-26 17:00:00+00:00,10.405,10.415,10.32,10.345,39674.0
2023-09-26 18:00:00+00:00,10.345,10.345,10.27,10.275,17743.0
2023-09-26 19:00:00+00:00,10.275,10.29,10.18,10.21,58232.0
2023-09-27 14:00:00+00:00,10.465,10.49,10.375,10.435,22086.0
2023-09-27 15:00:00+00:00,10.435,10.46,10.335,10.39,14723.0
2023-09-27 16:00:00+00:00,10.385,10.43,10.31,10.32,19240.0
2023-09-27 17:00:00+00:00,10.32,10.33,10.17,10.285,19980.0
2023-09-27 18:00:00+00:00,10.285,10.4,10.26,10.355,13875.0
2023-09-27 19:00:00+00:00,10.355,10.43,10.26,10.28,65059.0
2023-09-28 14:00:00+00:00,10.395,10.45,10.335,10.415,28430.0
2023-09-28 15:00:00+00:00,10.415,10.57,10.395,10.555,17097.0
2023-09-28 16:00:00+00:00,10.555,10.58,10.485,10.565,21757.0
2023-09-28 17:00:00+00:00,10.565,10.595,10.495,10.545,13409.0
2023-09-28 18:00:00+00:00,10.545,10.615,10.535,10.6,20300.0
2023-09-28 19:00:00+00:00,10.595,10.67,10.555,10.595,55906.0
2023-09-29 14:00:00+00:00,10.85,10.88,10.715,10.755,32139.0
2023-09-29 15:00:00+00:00,10.755,10.91,10.695,10.845,13476.0
2023-09-29 16:00:00+00:00,10.845,10.875,10.725,10.75,20767.0
2023-09-29 17:00:00+00:00,10.745,10.745,10.625,10.635,22644.0
2023-09-29 18:00:00+00:00,10.635,10.745,10.625,10.735,18973.0
2023-09-29 19:00:00+00:00,10.735,10.745,10.605,10.63,54854.0
2023-10-02 14:00:00+00:00,10.585,10.705,10.585,10.655,14196.0
2023-10-02 15:00:00+00:00,10.655,10.715,10.595,10.615,17678.0
2023-10-02 16:00:00+00:00,10.615,10.66,10.605,10.64,14546.0
2023-10-02 17:00:00+00:00,10.635,10.765,10.635,10.75,17656.0
2023-10-02 18:00:00+00:00,10.75,10.795,10.675,10.695,20373.0
2023-10-02 19:00:00+00:00,10.695,10.79,10.695,10.785,77000.0
2023-10-03 14:00:00+00:00,10.57,10.595,10.34,10.43,22703.0
2023-10-03 15:00:00+00:00,10.43,10.445,10.24,10.275,25182.0
2023-10-03 16:00:00+00:00,10.275,10.305,10.205,10.235,17513.0
2023-10-03 17:00:00+00:00,10.23,10.25,10.16,10.185,13416.0
2023-10-03 18:00:00+00:00,10.185,10.235,10.135,10.215,18931.0
2023-10-03 19:00:00+00:00,10.215,10.265,10.185,10.255,63952.0
2023-10-04 14:00:00+00:00,10.37,10.525,10.365,10.49,32670.0
2023-10-04 15:00:00+00:00,10.49,10.565,10.385,10.435,22199.0
2023-10-04 16:00:00+00:00,10.435,10.52,10.42,10.475,20554.0
2023-10-04 17:00:00+00:00,10.475,10.49,10.4,10.405,11336.0
2023-10-04 18:00:00+00:00,10.405,10.455,10.36,10.395,21520.0
2023-10-04 19:00:00+00:00,10.395,10.465,10.375,10.405,53789.0
2023-10-05 14:00:00+00:00,10.09,10.265,10.035,10.115,37757.0
2023-10-05 15:00:00+00:00,10.115,10.135,9.97,10.02,24905.0
2023-10-05 16:00:00+00:00,10.015,10.115,10.005,10.085,14031.0
2023-10-05 17:00:00+00:00,10.085,10.175,10.035,10.175,16492.0
2023-10-05 18:00:00+00:00,10.175,10.22,10.14,10.18,23670.0
2023-10-05 19:00:00+00:00,10.175,10.195,10.0,10.0,187113.0
2023-10-06 14:00:00+00:00,9.815,10.025,9.705,9.995,28511.0
2023-10-06 15:00:00+00:00,9.995,10.355,9.99,10.32,21586.0
2023-10-06 16:00:00+00:00,10.315,10.355,10.25,10.275,48412.0
2023-10-06 17:00:00+00:00,10.275,10.315,10.225,10.315,27040.0
2023-10-06 18:00:00+00:00,10.305,10.395,10.285,10.345,23977.0
2023-10-06 19:00:00+00:00,10.345,10.345,10.23,10.235,103742.0
2023-10-09 14:00:00+00:00,10.185,10.195,10.055,10.09,27501.0
2023-10-09 15:00:00+00:00,10.09,10.25,10.055,10.245,24464.0
2023-10-09 16:00:00+00:00,10.245,10.31,10.225,10.235,14638.0
2023-10-09 17:00:00+00:00,10.235,10.39,10.23,10.385,15129.0
2023-10-09 18:00:00+00:00,10.385,10.5,10.385,10.465,23012.0
2023-10-09 19:00:00+00:00,10.465,10.47,10.37,10.445,92899.0
2023-10-10 14:00:00+00:00,10.865,11.045,10.86,11.005,37499.0
2023-10-10 15:00:00+00:00,11.005,11.14,11.0,11.12,33046.0
2023-10-10 16:00:00+00:00,11.115,11.125,10.995,11.005,36101.0
2023-10-10 17:00:00+00:00,11.005,11.04,10.955,10.98,29719.0
2023-10-10 18:00:00+00:00,10.975,11.0,10.89,10.945,53164.0
2023-10-10 19:00:00+00:00,10.945,10.95,10.895,10.925,157341.0
2023-10-11 14:00:00+00:00,11.125,11.375,11.085,11.365,76339.0
2023-10-11 15:00:00+00:00,11.365,11.43,11.25,11.265,47705.0
2023-10-11 16:00:00+00:00,11.265,11.315,11.205,11.265,41035.0
2023-10-11 17:00:00+00:00,11.265,11.325,11.24,11.295,23827.0
2023-10-11 18:00:00+00:00,11.3,11.405,11.28,11.375,39631.0
2023-10-11 19:00:00+00:00,11.375,11.52,11.345,11.52,168481.0
2023-10-12 14:00:00+00:00,11.425,11.585,11.325,11.375,55279.0
2023-10-12 15:00:00+00:00,11.375,11.505,11.34,11.435,35274.0
2023-10-12 16:00:00+00:00,11.435,11.49,11.325,11.355,33224.0
2023-10-12 17:00:00+00:00,11.355,11.355,11.195,11.235,47483.0
2023-10-12 18:00:00+00:00,11.235,11.305,11.215,11.275,69961.0
2023-10-12 19:00:00+00:00,11.275,11.365,11.265,11.285,119572.0
2023-10-13 14:00:00+00:00,11.335,11.37,11.225,11.315,35883.0
2023-10-13 15:00:00+00:00,11.315,11.345,11.26,11.305,34319.0
2023-10-13 16:00:00+00:00,11.305,11.385,11.29,11.335,26540.0
2023-10-13 17:00:00+00:00,11.335,11.455,11.27,11.445,134107.0
2023-10-13 18:00:00+00:00,11.45,11.45,11.31,11.345,33412.0
2023-10-13 19:00:00+00:00,11.345,11.37,11.265,11.37,102610.0
2023-10-16 14:00:00+00:00,11.725,11.865,11.585,11.81,37035.0
2023-10-16 15:00:00+00:00,11.815,11.875,11.775,11.86,26939.0
2023-10-16 16:00:00+00:00,11.865,12.005,11.86,11.945,32877.0
2023-10-16 17:00:00+00:00,11.945,12.055,11.935,12.005,41234.0
2023-10-16 18:00:00+00:00,12.005,12.075,11.98,12.04,38482.0
2023-10-16 19:00:00+00:00,12.045,12.09,12.005,12.04,114312.0
2023-10-17 14:00:00+00:00,12.345,12.615,12.29,12.565,57298.0
2023-10-17 15:00:00+00:00,12.565,12.665,12.52,12.565,53410.0
2023-10-17 16:00:00+00:00,12.565,12.705,12.545,12.63,24724.0
2023-10-17 17:00:00+00:00,12.625,12.625,12.465,12.485,22942.0
2023-10-17 18:00:00+00:00,12.485,12.625,12.475,12.545,42834.0
2023-10-17 19:00:00+00:00,12.54,12.58,12.445,12.46,113199.0
2023-10-18 14:00:00+00:00,12.145,12.315,12.135,12.205,58478.0
2023-10-18 15:00:00+00:00,12.205,12.305,12.145,12.275,34124.0
2023-10-18 16:00:00+00:00,12.275,12.325,12.215,12.265,31007.0
2023-10-18 17:00:00+00:00,12.265,12.365,12.225,12.26,33256.0
2023-10-18 18:00:00+00:00,12.265,12.295,12.17,12.22,35159.0
2023-10-18 19:00:00+00:00,12.215,12.255,12.16,12.185,110873.0
2023-10-19 14:00:00+00:00,12.015,12.275,12.01,12.185,39799.0
2023-10-19 15:00:00+00:00,12.185,12.185,12.01,12.01,31725.0
2023-10-19 16:00:00+00:00,12.01,12.215,11.975,12.035,17367.0
2023-10-19 17:00:00+00:00,12.035,12.195,11.995,12.02,22698.0
2023-10-19 18:00:00+00:00,12.015,12.03,11.905,11.945,29166.0
2023-10-19 19:00:00+00:00,11.945,12.02,11.895,11.955,58192.0
2023-10-20 14:00:00+00:00,11.96,12.01,11.87,11.875,28091.0
2023-10-20 15:00:00+00:00,11.875,11.885,11.68,11.865,46492.0
2023-10-20 16:00:00+00:00,11.865,11.9,11.815,11.885,27326.0
2023-10-20 17:00:00+00:00,11.885,11.92,11.815,11.9,9985.0
2023-10-20 18:00:00+00:00,11.9,11.925,11.84,11.855,16548.0
2023-10-20 19:00:00+00:00,11.855,11.885,11.825,11.84,94001.0
2023-10-23 14:00:00+00:00,11.645,11.815,11.635,11.78,54325.0
2023-10-23 15:00:00+00:00,11.775,11.865,11.735,11.865,37499.0
2023-10-23 16:00:00+00:00,11.865,12.015,11.815,12.015,29360.0
2023-10-23 17:00:00+00:00,12.015,12.015,11.895,11.985,21014.0
2023-10-23 18:00:00+00:00,11.985,12.02,11.915,11.935,24595.0
2023-10-23 19:00:00+00:00,11.935,11.95,11.84,11.84,78354.0
2023-10-24 14:00:00+00:00,12.295,12.505,12.195,12.495,44608.0
2023-10-24 15:00:00+00:00,12.495,12.505,12.195,12.285,40007.0
2023-10-24 16:00:00+00:00,12.285,12.295,12.195,12.235,25402.0
2023-10-24 17:00:00+00:00,12.235,12.35,12.175,12.31,30617.0
2023-10-24 18:00:00+00:00,12.305,12.375,12.27,12.365,31296.0
2023-10-24 19:00:00+00:00,12.365,12.465,12.31,12.41,121061.0
2023-10-25 14:00:00+00:00,13.135,13.235,13.075,13.205,46055.0
2023-10-25 15:00:00+00:00,13.205,13.33,13.185,13.235,58717.0
2023-10-25 16:00:00+00:00,13.235,13.295,13.125,13.185,64756.0
2023-10-25 17:00:00+00:00,13.18,13.255,13.1,13.155,60431.0
2023-10-25 18:00:00+00:00,13.155,13.24,13.145,13.145,57822.0
2023-10-25 19:00:00+00:00,13.145,13.19,13.065,13.085,141973.0
2023-10-26 14:00:00+00:00,12.905,13.17,12.875,13.095,160017.0
2023-10-26 15:00:00+00:00,13.095,13.105,13.01,13.045,39131.0
2023-10-26 16:00:00+00:00,13.045,13.135,13.01,13.03,63913.0
2023-10-26 17:00:00+00:00,13.025,13.025,12.875,12.99,41750.0
2023-10-26 18:00:00+00:00,12.985,13.215,12.985,13.21,37033.0
2023-10-26 19:00:00+00:00,13.205,13.25,13.06,13.075,227963.0
2023-10-27 14:00:00+00:00,13.07,13.205,12.95,13.165,65367.0
2023-10-27 15:00:00+00:00,13.165,13.18,12.975,12.995,43589.0
2023-10-27 16:00:00+00:00,12.995,13.045,12.845,12.855,49852.0
2023-10-27 17:00:00+00:00,12.855,12.93,12.695,12.725,54721.0
2023-10-27 18:00:00+00:00,12.725,12.755,12.595,12.74,48967.0
2023-10-27 19:00:00+00:00,12.735,12.8,12.705,12.775,184511.0
2023-10-30 14:00:00+00:00,12.875,12.925,12.65,12.66,21796.0
2023-10-30 15:00:00+00:00,12.655,12.775,12.605,12.605,31540.0
2023-10-30 16:00:00+00:00,12.605,12.62,12.46,12.485,29945.0
2023-10-30 17:00:00+00:00,12.49,12.64,12.485,12.635,59531.0
2023-10-30 18:00:00+00:00,12.635,12.685,12.58,12.655,68413.0
2023-10-30 19:00:00+00:00,12.66,12.695,12.605,12.65,118169.0
2023-10-31 14:00:00+00:00,12.8,12.855,12.675,12.775,28689.0
2023-10-31 15:00:00+00:00,12.775,12.79,12.705,12.755,38730.0
2023-10-31 16:00:00+00:00,12.755,12.805,12.73,12.79,51082.0
2023-10-31 17:00:00+00:00,12.79,12.84,12.755,12.805,55373.0
2023-10-31 18:00:00+00:00,12.805,12.825,12.71,12.805,38688.0
2023-10-31 19:00:00+00:00,12.805,12.81,12.745,12.795,53151.0
2023-11-01 14:00:00+00:00,12.65,12.845,12.505,12.825,34012.0
2023-11-01 15:00:00+00:00,12.825,12.87,12.745,12.775,88938.0
2023-11-01 16:00:00+00:00,12.77,12.815,12.705,12.735,28304.0
2023-11-01 17:00:00+00:00,12.735,12.8,12.66,12.725,20060.0
2023-11-01 18:00:00+00:00,12.74,12.81,12.695,12.795,55872.0
2023-11-01 19:00:00+00:00,12.795,12.94,12.795,12.93,121909.0
2023-11-02 14:00:00+00:00,13.525,13.655,13.38,13.655,48050.0
2023-11-02 15:00:00+00:00,13.655,13.655,13.5,13.56,67566.0
2023-11-02 16:00:00+00:00,13.555,13.575,13.485,13.505,62745.0
2023-11-02 17:00:00+00:00,13.505,13.555,13.455,13.505,29875.0
2023-11-02 18:00:00+00:00,13.505,13.505,13.445,13.49,29752.0
2023-11-02 19:00:00+00:00,13.485,13.535,13.45,13.53,98822.0
2023-11-03 14:00:00+00:00,13.78,13.81,13.655,13.74,47743.0
2023-11-03 15:00:00+00:00,13.735,13.86,13.71,13.8,30441.0
2023-11-03 16:00:00+00:00,13.805,13.855,13.705,13.85,36746.0
2023-11-03 17:00:00+00:00,13.845,13.875,13.74,13.865,11314.0
2023-11-03 18:00:00+00:00,13.865,13.99,13.835,13.965,22231.0
2023-11-03 19:00:00+00:00,13.965,14.05,13.92,14.045,111606.0
2023-11-06 15:00:00+00:00,13.845,13.93,13.755,13.785,36132.0
2023-11-06 16:00:00+00:00,13.785,13.895,13.755,13.885,23436.0
2023-11-06 17:00:00+00:00,13.885,13.99,13.855,13.935,16940.0
2023-11-06 18:00:00+00:00,13.935,13.945,13.775,13.825,16849.0
2023-11-06 19:00:00+00:00,13.825,13.945,13.805,13.92,23025.0
2023-11-06 20:00:00+00:00,13.925,13.925,13.77,13.82,94809.0
2023-11-07 15:00:00+00:00,14.035,14.115,13.98,14.0,23127.0
2023-11-07 16:00:00+00:00,13.995,14.035,13.73,13.735,34677.0
2023-11-07 17:00:00+00:00,13.735,13.74,13.6,13.68,36224.0
2023-11-07 18:00:00+00:00,13.68,13.75,13.585,13.585,34923.0
2023-11-07 19:00:00+00:00,13.595,13.75,13.57,13.73,22785.0
2023-11-07 20:00:00+00:00,13.735,13.76,13.58,13.6,116242.0
2023-11-08 15:00:00+00:00,13.615,13.675,13.535,13.6,44786.0
2023-11-08 16:00:00+00:00,13.605,13.63,13.545,13.58,23963.0
2023-11-08 17:00:00+00:00,13.58,13.6,13.48,13.505,19046.0
2023-11-08 18:00:00+00:00,13.505,13.615,13.5,13.605,20659.0
2023-11-08 19:00:00+00:00,13.605,13.665,13.51,13.545,38212.0
2023-11-08 20:00:00+00:00,13.545,13.615,13.495,13.525,86961.0
2023-11-09 15:00:00+00:00,13.595,13.695,13.545,13.68,22686.0
2023-11-09 16:00:00+00:00,13.675,13.745,13.615,13.735,17863.0
2023-11-09 17:00:00+00:00,13.735,13.775,13.695,13.74,23864.0
2023-11-09 18:00:00+00:00,13.74,13.765,13.49,13.515,32110.0
2023-11-09 19:00:00+00:00,13.51,13.52,13.43,13.485,33313.0
2023-11-09 20:00:00+00:00,13.485,13.545,13.46,13.495,63211.0
2023-11-10 15:00:00+00:00,13.42,13.42,13.09,13.16,29141.0
2023-11-10 16:00:00+00:00,13.16,13.29,13.16,13.235,37604.0
2023-11-10 17:00:00+00:00,13.235,13.445,13.225,13.425,34041.0
2023-11-10 18:00:00+00:00,13.425,13.495,13.385,13.405,17166.0
2023-11-10 19:00:00+00:00,13.405,13.465,13.37,13.425,26822.0
2023-11-10 20:00:00+00:00,13.425,13.49,13.375,13.49,94140.0
2023-11-13 15:00:00+00:00,13.245,13.275,13.185,13.255,28997.0
2023-11-13 16:00:00+00:00,13.255,13.355,13.24,13.305,50303.0
2023-11-13 17:00:00+00:00,13.305,13.32,13.115,13.16,41138.0
2023-11-13 18:00:00+00:00,13.165,13.2,13.125,13.145,27698.0
2023-11-13 19:00:00+00:00,13.145,13.18,13.12,13.17,20664.0
2023-11-13 20:00:00+00:00,13.165,13.21,13.145,13.18,68597.0
2023-11-14 15:00:00+00:00,13.835,13.855,13.63,13.705,37244.0
2023-11-14 16:00:00+00:00,13.705,13.83,13.705,13.72,30868.0
2023-11-14 17:00:00+00:00,13.72,13.86,13.67,13.835,28971.0
2023-11-14 18:00:00+00:00,13.835,13.86,13.745,13.795,31951.0
2023-11-14 19:00:00+00:00,13.795,13.83,13.755,13.785,47909.0
2023-11-14 20:00:00+00:00,13.785,13.89,13.78,13.795,120591.0
2023-11-15 15:00:00+00:00,14.005,14.145,13.975,14.045,67755.0
2023-11-15 16:00:00+00:00,14.045,14.095,13.865,13.93,62628.0
2023-11-15 17:00:00+00:00,13.935,14.06,13.87,13.875,38087.0
2023-11-15 18:00:00+00:00,13.875,13.955,13.795,13.955,22164.0
2023-11-15 19:00:00+00:00,13.955,13.985,13.875,13.92,26924.0
2023-11-15 20:00:00+00:00,13.915,14.115,13.905,14.09,107788.0
2023-11-16 15:00:00+00:00,13.67,13.725,13.535,13.555,23181.0
2023-11-16 16:00:00+00:00,13.555,13.605,13.455,13.505,19551.0
2023-11-16 17:00:00+00:00,13.505,13.595,13.435,13.575,19934.0
2023-11-16 18:00:00+00:00,13.575,13.64,13.515,13.625,39691.0
2023-11-16 19:00:00+00:00,13.625,13.69,13.545,13.615,29243.0
2023-11-16 20:00:00+00:00,13.615,13.695,13.555,13.665,219135.0
2023-11-17 15:00:00+00:00,17.635,18.135,17.52,18.06,265082.0
2023-11-17 16:00:00+00:00,18.065,18.09,17.495,17.755,241181.0
2023-11-17 17:00:00+00:00,17.75,17.945,17.69,17.91,118237.0
2023-11-17 18:00:00+00:00,17.91,17.955,17.47,17.555,224705.0
2023-11-17 19:00:00+00:00,17.555,17.73,17.495,17.71,155203.0
2023-11-17 20:00:00+00:00,17.71,17.87,17.615,17.85,212323.0
2023-11-20 15:00:00+00:00,17.67,18.515,17.515,18.44,146864.0
2023-11-20 16:00:00+00:00,18.44,18.455,18.175,18.39,71260.0
2023-11-20 17:00:00+00:00,18.39,18.515,18.025,18.22,67227.0
2023-11-20 18:00:00+00:00,18.22,18.68,18.165,18.505,66059.0
2023-11-20 19:00:00+00:00,18.505,18.59,18.41,18.535,55425.0
2023-11-20 20:00:00+00:00,18.535,18.575,18.405,18.45,270191.0
2023-11-21 15:00:00+00:00,18.11,18.225,17.835,18.165,48073.0
2023-11-21 16:00:00+00:00,18.165,18.655,18.165,18.525,71953.0
2023-11-21 17:00:00+00:00,18.525,18.735,18.485,18.735,41233.0
2023-11-21 18:00:00+00:00,18.735,18.825,18.67,18.68,33584.0
2023-11-21 19:00:00+00:00,18.68,18.88,18.675,18.865,41126.0
2023-11-21 20:00:00+00:00,18.865,18.96,18.78,18.945,131065.0
2023-11-22 15:00:00+00:00,18.845,19.025,18.595,18.885,32954.0
2023-11-22 16:00:00+00:00,18.89,18.93,18.72,18.785,44811.0
2023-11-22 17:00:00+00:00,18.785,18.825,18.665,18.725,25138.0
2023-11-22 18:00:00+00:00,18.725,18.82,18.635,18.655,26086.0
2023-11-22 19:00:00+00:00,18.655,18.77,18.62,18.755,21556.0
2023-11-22 20:00:00+00:00,18.755,18.785,18.71,18.78,34523.0
2023-11-23 15:00:00+00:00,18.78,18.78,18.78,18.78,0.0
2023-11-23 16:00:00+00:00,18.78,18.78,18.78,18.78,0.0
2023-11-23 17:00:00+00:00,18.78,18.78,18.78,18.78,0.0
2023-11-23 18:00:00+00:00,18.78,18.78,18.78,18.78,0.0
2023-11-23 19:00:00+00:00,18.78,18.78,18.78,18.78,0.0
2023-11-23 20:00:00+00:00,18.78,18.78,18.78,18.78,0.0
2023-11-24 15:00:00+00:00,18.715,18.77,18.625,18.695,25314.0
2023-11-24 16:00:00+00:00,18.695,18.755,18.665,18.735,14579.0
2023-11-24 17:00:00+00:00,18.735,18.9,18.68,18.865,23335.0
2023-11-24 18:00:00+00:00,18.865,18.865,18.865,18.865,0.0
2023-11-24 19:00:00+00:00,18.865,18.865,18.865,18.865,0.0
2023-11-24 20:00:00+00:00,18.865,18.865,18.865,18.865,0.0
2023-11-27 15:00:00+00:00,18.96,19.085,18.88,18.945,35104.0
2023-11-27 16:00:00+00:00,18.945,19.25,18.91,19.135,32969.0
2023-11-27 17:00:00+00:00,19.13,19.275,19.125,19.235,36712.0
2023-11-27 18:00:00+00:00,19.235,19.375,19.195,19.37,27988.0
2023-11-27 19:00:00+00:00,19.37,19.47,19.335,19.42,17039.0
2023-11-27 20:00:00+00:00,19.415,19.55,19.395,19.48,83897.0
2023-11-28 15:00:00+00:00,19.125,19.53,19.085,19.49,85534.0
2023-11-28 16:00:00+00:00,19.485,19.615,19.4,19.455,35202.0
2023-11-28 17:00:00+00:00,19.455,19.575,19.4,19.555,27096.0
2023-11-28 18:00:00+00:00,19.555,19.555,19.425,19.47,30401.0
2023-11-28 19:00:00+00:00,19.47,19.645,19.455,19.595,20419.0
2023-11-28 20:00:00+00:00,19.6,19.645,19.55,19.56,49888.0
2023-11-29 15:00:00+00:00,19.955,20.185,19.82,20.165,43066.0
2023-11-29 16:00:00+00:00,20.165,20.285,20.07,20.24,33656.0
2023-11-29 17:00:00+00:00,20.24,20.255,20.15,20.205,20561.0
2023-11-29 18:00:00+00:00,20.205,20.225,20.08,20.13,32895.0
2023-11-29 19:00:00+00:00,20.14,20.165,20.075,20.105,29783.0
2023-11-29 20:00:00+00:00,20.1,20.17,20.045,20.15,101109.0
2023-11-30 15:00:00+00:00,20.11,20.185,19.82,19.925,48156.0
2023-11-30 16:00:00+00:00,19.925,19.935,19.75,19.8,66788.0
2023-11-30 17:00:00+00:00,19.795,19.915,19.78,19.855,37558.0
2023-11-30 18:00:00+00:00,19.855,19.915,19.765,19.915,28568.0
2023-11-30 19:00:00+00:00,19.915,20.015,19.875,20.005,43543.0
2023-11-30 20:00:00+00:00,20.005,20.11,19.925,20.095,121675.0
2023-12-01 15:00:00+00:00,20.245,20.495,20.195,20.45,32640.0
2023-12-01 16:00:00+00:00,20.445,20.875,20.4,20.87,25969.0
2023-12-01 17:00:00+00:00,20.87,20.995,20.765,20.995,20306.0
2023-12-01 18:00:00+00:00,20.985,21.055,20.9,20.995,36213.0
2023-12-01 19:00:00+00:00,20.985,21.055,20.94,20.975,15936.0
2023-12-01 20:00:00+00:00,20.975,20.995,20.895,20.98,67763.0
2023-12-04 15:00:00+00:00,20.87,21.125,20.765,20.855,79251.0
2023-12-04 16:00:00+00:00,20.855,21.09,20.835,21.025,48628.0
2023-12-04 17:00:00+00:00,21.025,21.085,20.91,21.035,52311.0
2023-12-04 18:00:00+00:00,21.035,21.035,20.885,20.905,37753.0
2023-12-04 19:00:00+00:00,20.905,20.95,20.83,20.835,68276.0
2023-12-04 20:00:00+00:00,20.835,20.915,20.765,20.855,138121.0
2023-12-05 15:00:00+00:00,20.59,20.605,20.39,20.58,30012.0
2023-12-05 16:00:00+00:00,20.585,20.59,20.415,20.495,25209.0
2023-12-05 17:00:00+00:00,20.495,20.71,20.49,20.705,22067.0
2023-12-05 18:00:00+00:00,20.705,20.785,20.645,20.735,12695.0
2023-12-05 19:00:00+00:00,20.735,20.91,20.725,20.87,20072.0
2023-12-05 20:00:00+00:00,20.865,20.935,20.765,20.815,61698.0
2023-12-06 15:00:00+00:00,21.07,21.255,21.01,21.175,26848.0
2023-12-06 16:00:00+00:00,21.175,21.31,21.08,21.235,19282.0
2023-12-06 17:00:00+00:00,21.235,21.335,21.175,21.21,13097.0
2023-12-06 18:00:00+00:00,21.205,21.245,21.07,21.13,16683.0
2023-12-06 19:00:00+00:00,21.13,21.145,21.075,21.075,15653.0
2023-12-06 20:00:00+00:00,21.075,21.08,20.895,20.945,62176.0
2023-12-07 15:00:00+00:00,21.045,21.34,21.01,21.315,32581.0
2023-12-07 16:00:00+00:00,21.315,21.37,21.225,21.31,31628.0
2023-12-07 17:00:00+00:00,21.305,21.515,21.295,21.39,26068.0
2023-12-07 18:00:00+00:00,21.395,21.505,21.34,21.39,34362.0
2023-12-07 19:00:00+00:00,21.395,21.42,21.29,21.395,23333.0
2023-12-07 20:00:00+00:00,21.395,21.445,21.355,21.355,65973.0
2023-12-08 15:00:00+00:00,21.435,21.815,21.435,21.735,29761.0
2023-12-08 16:00:00+00:00,21.735,21.745,21.565,21.655,43418.0
2023-12-08 17:00:00+00:00,21.655,21.76,21.545,21.75,35091.0
2023-12-08 18:00:00+00:00,21.755,21.795,21.695,21.735,30244.0
2023-12-08 19:00:00+00:00,21.735,21.775,21.605,21.73,37511.0
2023-12-08 20:00:00+00:00,21.725,21.81,21.665,21.715,91440.0
2023-12-11 15:00:00+00:00,21.8,21.945,21.645,21.94,37244.0
2023-12-11 16:00:00+00:00,21.945,22.075,21.885,22.055,18840.0
2023-12-11 17:00:00+00:00,22.055,22.065,21.88,21.91,21844.0
2023-12-11 18:00:00+00:00,21.91,21.935,21.825,21.845,34041.0
2023-12-11 19:00:00+00:00,21.85,21.885,21.76,21.845,41531.0
2023-12-11 20:00:00+00:00,21.845,21.935,21.815,21.915,84547.0
2023-12-12 15:00:00+00:00,21.825,21.885,21.6,21.675,15654.0
2023-12-12 16:00:00+00:00,21.675,21.675,21.575,21.585,11604.0
2023-12-12 17:00:00+00:00,21.585,21.685,21.54,21.54,20311.0
2023-12-12 18:00:00+00:00,21.54,21.625,21.44,21.47,14500.0
2023-12-12 19:00:00+00:00,21.475,21.585,21.455,21.545,23064.0
2023-12-12 20:00:00+00:00,21.545,21.55,21.285,21.31,58850.0
2023-12-13 15:00:00+00:00,21.095,21.175,20.685,20.815,102114.0
2023-12-13 16:00:00+00:00,20.815,20.835,20.585,20.665,56901.0
2023-12-13 17:00:00+00:00,20.665,20.795,20.62,20.795,30378.0
2023-12-13 18:00:00+00:00,20.795,20.825,20.63,20.795,25461.0
2023-12-13 19:00:00+00:00,20.795,21.305,20.795,21.21,59552.0
2023-12-13 20:00:00+00:00,21.21,21.36,21.065,21.195,196283.0
2023-12-14 15:00:00+00:00,21.4,21.415,20.955,20.99,89557.0
2023-12-14 16:00:00+00:00,20.995,21.155,20.935,21.14,73045.0
2023-12-14 17:00:00+00:00,21.14,21.545,21.13,21.355,98332.0
2023-12-14 18:00:00+00:00,21.36,21.36,20.995,21.07,48961.0
2023-12-14 19:00:00+00:00,21.07,21.275,21.07,21.24,35394.0
2023-12-14 20:00:00+00:00,21.245,21.32,21.17,21.3,109497.0
2023-12-15 15:00:00+00:00,21.11,21.585,20.995,21.375,53976.0
2023-12-15 16:00:00+00:00,21.375,21.54,21.375,21.475,43618.0
2023-12-15 17:00:00+00:00,21.485,21.735,21.46,21.525,48776.0
2023-12-15 18:00:00+00:00,21.525,21.535,21.35,21.36,45262.0
2023-12-15 19:00:00+00:00,21.36,21.435,21.305,21.385,59076.0
2023-12-15 20:00:00+00:00,21.385,21.415,21.275,21.28,103185.0
2023-12-18 15:00:00+00:00,21.255,21.315,20.865,20.935,25646.0
2023-12-18 16:00:00+00:00,20.935,21.0,20.82,20.875,29942.0
2023-12-18 17:00:00+00:00,20.875,21.005,20.86,20.9,15445.0
2023-12-18 18:00:00+00:00,20.9,20.955,20.835,20.9,19176.0
2023-12-18 19:00:00+00:00,20.9,21.04,20.855,21.035,29560.0
2023-12-18 20:00:00+00:00,21.035,21.04,20.915,20.945,46969.0
2023-12-19 15:00:00+00:00,21.255,21.63,21.245,21.575,21949.0
2023-12-19 16:00:00+00:00,21.575,21.585,21.455,21.495,22716.0
2023-12-19 17:00:00+00:00,21.495,21.695,21.475,21.655,13093.0
2023-12-19 18:00:00+00:00,21.655,21.77,21.615,21.735,15036.0
2023-12-19 19:00:00+00:00,21.735,21.76,21.61,21.675,24028.0
2023-12-19 20:00:00+00:00,21.675,21.72,21.585,21.605,54707.0
2023-12-20 15:00:00+00:00,21.435,21.48,21.15,21.295,31019.0
2023-12-20 16:00:00+00:00,21.29,21.29,21.125,21.175,24064.0
2023-12-20 17:00:00+00:00,21.175,21.265,21.075,21.255,26202.0
2023-12-20 18:00:00+00:00,21.255,21.265,21.15,21.175,26360.0
2023-12-20 19:00:00+00:00,21.175,21.21,20.9,20.905,35117.0
2023-12-20 20:00:00+00:00,20.905,20.995,20.69,20.7,74755.0
2023-12-21 15:00:00+00:00,21.115,21.245,20.95,21.02,17296.0
2023-12-21 16:00:00+00:00,21.02,21.13,20.98,21.08,8257.0
2023-12-21 17:00:00+00:00,21.085,21.16,21.06,21.1,8544.0
2023-12-21 18:00:00+00:00,21.095,21.29,21.0,21.215,13853.0
2023-12-21 19:00:00+00:00,21.215,21.335,21.095,21.335,17787.0
2023-12-21 20:00:00+00:00,21.335,21.345,21.155,21.245,27254.0
2023-12-22 15:00:00+00:00,21.27,21.39,21.23,21.305,17615.0
2023-12-22 16:00:00+00:00,21.305,21.365,21.235,21.36,20477.0
2023-12-22 17:00:00+00:00,21.365,21.415,21.3,21.325,13283.0
2023-12-22 18:00:00+00:00,21.325,21.355,21.275,21.325,11616.0
2023-12-22 19:00:00+00:00,21.325,21.365,21.215,21.335,14473.0
2023-12-22 20:00:00+00:00,21.335,21.375,21.165,21.175,30356.0
2023-12-25 15:00:00+00:00,21.175,21.175,21.175,21.175,0.0
2023-12-25 16:00:00+00:00,21.175,21.175,21.175,21.175,0.0
2023-12-25 17:00:00+00:00,21.175,21.175,21.175,21.175,0.0
2023-12-25 18:00:00+00:00,21.175,21.175,21.175,21.175,0.0
2023-12-25 19:00:00+00:00,21.175,21.175,21.175,21.175,0.0
2023-12-25 20:00:00+00:00,21.175,21.175,21.175,21.175,0.0
2023-12-26 15:00:00+00:00,21.785,21.95,21.575,21.595,13335.0
2023-12-26 16:00:00+00:00,21.595,21.685,21.535,21.565,10937.0
2023-12-26 17:00:00+00:00,21.565,21.57,21.37,21.375,10315.0
2023-12-26 18:00:00+00:00,21.37,21.515,21.365,21.465,9126.0
2023-12-26 19:00:00+00:00,21.465,21.495,21.405,21.455,9839.0
2023-12-26 20:00:00+00:00,21.46,21.505,21.375,21.44,43564.0
2023-12-27 15:00:00+00:00,21.325,21.395,21.215,21.235,13467.0
2023-12-27 16:00:00+00:00,21.235,21.29,21.155,21.25,10559.0
2023-12-27 17:00:00+00:00,21.25,21.33,21.235,21.28,9362.0
2023-12-27 18:00:00+00:00,21.28,21.34,21.26,21.305,11256.0
2023-12-27 19:00:00+00:00,21.295,21.33,21.225,21.305,10524.0
2023-12-27 20:00:00+00:00,21.305,21.35,21.25,21.27,20922.0
2023-12-28 15:00:00+00:00,21.13,21.225,21.065,21.155,8187.0
2023-12-28 16:00:00+00:00,21.155,21.215,21.095,21.125,7161.0
2023-12-28 17:00:00+00:00,21.125,21.19,21.105,21.185,4206.0
2023-12-28 18:00:00+00:00,21.19,21.225,21.025,21.025,8514.0
2023-12-28 19:00:00+00:00,21.025,21.11,21.025,21.08,11940.0
2023-12-28 20:00:00+00:00,21.085,21.105,21.03,21.105,26252.0
2023-12-29 15:00:00+00:00,21.085,21.2,20.935,20.945,12247.0
2023-12-29 16:00:00+00:00,20.945,20.995,20.885,20.975,12824.0
2023-12-29 17:00:00+00:00,20.975,20.995,20.905,20.985,9604.0
2023-12-29 18:00:00+00:00,20.985,21.05,20.93,20.935,9548.0
2023-12-29 19:00:00+00:00,20.94,20.95,20.85,20.95,8525.0
2023-12-29 20:00:00+00:00,20.945,20.965,20.895,20.915,27408.0
2024-01-01 15:00:00+00:00,20.915,20.915,20.915,20.915,0.0
2024-01-01 16:00:00+00:00,20.915,20.915,20.915,20.915,0.0
2024-01-01 17:00:00+00:00,20.915,20.915,20.915,20.915,0.0
2024-01-01 18:00:00+00:00,20.915,20.915,20.915,20.915,0.0
2024-01-01 19:00:00+00:00,20.915,20.915,20.915,20.915,0.0
2024-01-01 20:00:00+00:00,20.915,20.915,20.915,20.915,0.0
2024-01-02 15:00:00+00:00,20.52,20.595,20.4,20.465,18985.0
2024-01-02 16:00:00+00:00,20.465,20.88,20.46,20.86,18713.0
2024-01-02 17:00:00+00:00,20.86,20.875,20.695,20.755,12517.0
2024-01-02 18:00:00+00:00,20.755,20.785,20.685,20.755,8569.0
2024-01-02 19:00:00+00:00,20.755,20.795,20.655,20.655,10926.0
2024-01-02 20:00:00+00:00,20.655,20.85,20.585,20.85,49199.0
2024-01-03 15:00:00+00:00,20.34,20.455,20.075,20.23,35101.0
2024-01-03 16:00:00+00:00,20.235,20.31,19.985,20.05,32112.0
2024-01-03 17:00:00+00:00,20.055,20.4,20.02,20.335,20798.0
2024-01-03 18:00:00+00:00,20.335,20.45,20.305,20.31,42218.0
2024-01-03 19:00:00+00:00,20.34,20.4,20.21,20.395,21654.0
2024-01-03 20:00:00+00:00,20.4,20.4,20.155,20.255,48689.0
2024-01-04 15:00:00+00:00,20.025,20.355,20.025,20.125,32492.0
2024-01-04 16:00:00+00:00,20.125,20.29,20.075,20.17,21130.0
2024-01-04 17:00:00+00:00,20.175,20.175,19.995,20.11,28868.0
2024-01-04 18:00:00+00:00,20.11,20.23,20.1,20.22,24462.0
2024-01-04 19:00:00+00:00,20.225,20.25,20.115,20.235,22445.0
2024-01-04 20:00:00+00:00,20.235,20.255,20.06,20.11,62425.0
2024-01-05 15:00:00+00:00,20.67,20.935,20.67,20.865,34712.0
2024-01-05 16:00:00+00:00,20.865,21.02,20.85,20.995,19001.0
2024-01-05 17:00:00+00:00,20.995,21.085,20.895,20.905,29313.0
2024-01-05 18:00:00+00:00,20.905,21.065,20.845,20.96,36079.0
2024-01-05 19:00:00+00:00,20.96,21.005,20.71,20.725,36298.0
2024-01-05 20:00:00+00:00,20.725,20.82,20.685,20.76,41462.0
2024-01-08 15:00:00+00:00,21.245,21.855,21.23,21.665,32261.0
2024-01-08 16:00:00+00:00,21.665,21.765,21.54,21.595,35983.0
2024-01-08 17:00:00+00:00,21.605,21.655,21.495,21.565,25040.0
2024-01-08 18:00:00+00:00,21.565,21.635,21.495,21.575,16768.0
2024-01-08 19:00:00+00:00,21.575,21.675,21.525,21.595,24487.0
2024-01-08 20:00:00+00:00,21.585,21.67,21.545,21.665,64678.0
2024-01-09 15:00:00+00:00,21.645,21.645,21.335,21.415,27284.0
2024-01-09 16:00:00+00:00,21.415,21.505,21.315,21.4,17166.0
2024-01-09 17:00:00+00:00,21.405,21.435,21.355,21.39,11678.0
2024-01-09 18:00:00+00:00,21.4,21.475,21.305,21.47,15406.0
2024-01-09 19:00:00+00:00,21.47,21.495,21.35,21.42,12301.0
2024-01-09 20:00:00+00:00,21.425,21.5,21.3,21.3,47142.0
2024-01-10 15:00:00+00:00,21.305,21.5,21.16,21.445,25678.0
2024-01-10 16:00:00+00:00,21.445,21.565,21.405,21.495,22269.0
2024-01-10 17:00:00+00:00,21.495,21.615,21.49,21.58,11682.0
2024-01-10 18:00:00+00:00,21.575,21.615,21.525,21.565,11536.0
2024-01-10 19:00:00+00:00,21.565,21.605,21.415,21.445,37723.0
2024-01-10 20:00:00+00:00,21.445,21.46,21.25,21.295,74922.0
2024-01-11 15:00:00+00:00,20.955,21.025,20.645,20.875,19895.0
2024-01-11 16:00:00+00:00,20.88,20.885,20.68,20.725,16429.0
2024-01-11 17:00:00+00:00,20.725,20.865,20.68,20.835,17149.0
2024-01-11 18:00:00+00:00,20.835,20.995,20.82,20.99,12585.0
2024-01-11 19:00:00+00:00,20.995,21.045,20.895,21.025,13074.0
2024-01-11 20:00:00+00:00,21.03,21.035,20.935,20.945,32343.0
2024-01-12 15:00:00+00:00,20.835,20.84,20.315,20.495,33818.0
2024-01-12 16:00:00+00:00,20.49,20.615,20.425,20.44,14065.0
2024-01-12 17:00:00+00:00,20.435,20.475,20.36,20.42,13537.0
2024-01-12 18:00:00+00:00,20.425,20.5,20.375,20.395,35700.0
2024-01-12 19:00:00+00:00,20.395,20.465,20.315,20.33,19719.0
2024-01-12 20:00:00+00:00,20.33,20.385,20.24,20.24,46303.0
2024-01-15 15:00:00+00:00,20.24,20.24,20.24,20.24,0.0
2024-01-15 16:00:00+00:00,20.24,20.24,20.24,20.24,0.0
2024-01-15 17:00:00+00:00,20.24,20.24,20.24,20.24,0.0
2024-01-15 18:00:00+00:00,20.24,20.24,20.24,20.24,0.0
2024-01-15 19:00:00+00:00,20.24,20.24,20.24,20.24,0.0
2024-01-15 20:00:00+00:00,20.24,20.24,20.24,20.24,0.0
2024-01-16 15:00:00+00:00,19.76,19.89,19.65,19.855,19164.0
2024-01-16 16:00:00+00:00,19.855,19.86,19.7,19.74,22455.0
2024-01-16 17:00:00+00:00,19.745,19.83,19.705,19.81,18968.0
2024-01-16 18:00:00+00:00,19.805,19.975,19.695,19.75,34888.0
2024-01-16 19:00:00+00:00,19.755,19.815,19.625,19.705,28012.0
2024-01-16 20:00:00+00:00,19.705,19.84,19.7,19.82,59449.0
2024-01-17 15:00:00+00:00,19.515,19.8,19.495,19.77,25099.0
2024-01-17 16:00:00+00:00,19.775,19.795,19.59,19.595,23267.0
2024-01-17 17:00:00+00:00,19.585,19.605,19.495,19.545,25906.0
2024-01-17 18:00:00+00:00,19.54,19.545,19.445,19.53,29539.0
2024-01-17 19:00:00+00:00,19.53,19.54,19.47,19.525,35250.0
2024-01-17 20:00:00+00:00,19.525,19.525,19.41,19.425,85555.0
2024-01-18 15:00:00+00:00,19.415,19.435,18.855,18.995,57257.0
2024-01-18 16:00:00+00:00,18.995,18.995,18.775,18.875,60311.0
2024-01-18 17:00:00+00:00,18.875,18.875,18.62,18.63,54636.0
2024-01-18 18:00:00+00:00,18.635,18.64,18.335,18.375,49061.0
2024-01-18 19:00:00+00:00,18.375,18.545,18.35,18.4,41580.0
2024-01-18 20:00:00+00:00,18.395,18.62,18.365,18.485,118653.0
2024-01-19 15:00:00+00:00,18.69,18.765,18.565,18.73,28689.0
2024-01-19 16:00:00+00:00,18.73,18.765,18.57,18.655,20608.0
2024-01-19 17:00:00+00:00,18.655,18.745,18.58,18.73,27324.0
2024-01-19 18:00:00+00:00,18.725,18.915,18.7,18.915,33131.0
2024-01-19 19:00:00+00:00,18.915,19.115,18.875,19.04,54833.0
2024-01-19 20:00:00+00:00,19.045,19.055,18.92,18.93,82779.0
2024-01-22 15:00:00+00:00,19.225,19.31,18.72,18.855,18318.0
2024-01-22 16:00:00+00:00,18.855,18.915,18.805,18.835,9743.0
2024-01-22 17:00:00+00:00,18.84,18.97,18.81,18.82,9567.0
2024-01-22 18:00:00+00:00,18.82,18.855,18.775,18.825,8697.0
2024-01-22 19:00:00+00:00,18.83,18.855,18.735,18.82,15509.0
2024-01-22 20:00:00+00:00,18.825,19.025,18.81,18.935,34183.0
2024-01-23 15:00:00+00:00,19.09,19.345,18.845,18.875,101187.0
2024-01-23 16:00:00+00:00,18.88,18.965,18.8,18.945,12496.0
2024-01-23 17:00:00+00:00,18.945,19.035,18.905,19.03,42565.0
2024-01-23 18:00:00+00:00,19.025,19.095,18.995,19.035,10204.0
2024-01-23 19:00:00+00:00,19.035,19.11,18.985,19.105,11666.0
2024-01-23 20:00:00+00:00,19.115,19.165,18.97,18.98,34438.0
2024-01-24 15:00:00+00:00,19.155,19.165,18.905,19.145,25007.0
2024-01-24 16:00:00+00:00,19.15,19.295,19.1,19.205,23305.0
2024-01-24 17:00:00+00:00,19.205,19.225,19.065,19.075,11650.0
2024-01-24 18:00:00+00:00,19.075,19.095,18.995,19.035,9989.0
2024-01-24 19:00:00+00:00,19.035,19.055,18.935,19.015,9915.0
2024-01-24 20:00:00+00:00,19.015,19.035,18.9,18.97,25736.0
2024-01-25 15:00:00+00:00,19.545,19.655,19.315,19.325,17172.0
2024-01-25 16:00:00+00:00,19.325,19.725,19.3,19.625,28768.0
2024-01-25 17:00:00+00:00,19.625,19.635,19.475,19.54,14119.0
2024-01-25 18:00:00+00:00,19.54,19.645,19.5,19.525,17725.0
2024-01-25 19:00:00+00:00,19.525,19.665,19.45,19.655,19925.0
2024-01-25 20:00:00+00:00,19.655,19.68,19.51,19.525,64986.0
2024-01-26 15:00:00+00:00,19.455,19.68,19.445,19.66,32234.0
2024-01-26 16:00:00+00:00,19.655,19.89,19.6,19.865,13738.0
2024-01-26 17:00:00+00:00,19.865,19.905,19.64,19.695,11257.0
2024-01-26 18:00:00+00:00,19.695,19.745,19.665,19.695,10351.0
2024-01-26 19:00:00+00:00,19.695,19.81,19.68,19.805,15617.0
2024-01-26 20:00:00+00:00,19.805,19.805,19.665,19.74,17032.0
2024-01-29 15:00:00+00:00,19.42,19.495,19.285,19.395,38128.0
2024-01-29 16:00:00+00:00,19.395,19.425,19.295,19.305,20086.0
2024-01-29 17:00:00+00:00,19.305,19.305,19.205,19.245,12873.0
2024-01-29 18:00:00+00:00,19.245,19.285,19.205,19.215,9237.0
2024-01-29 19:00:00+00:00,19.215,19.375,19.175,19.375,14419.0
2024-01-29 20:00:00+00:00,19.38,19.495,19.365,19.43,44302.0
2024-01-30 15:00:00+00:00,19.335,19.435,19.245,19.32,17759.0
2024-01-30 16:00:00+00:00,19.32,19.475,19.29,19.455,15448.0
2024-01-30 17:00:00+00:00,19.455,19.525,19.395,19.405,12699.0
2024-01-30 18:00:00+00:00,19.405,19.47,19.385,19.395,13117.0
2024-01-30 19:00:00+00:00,19.39,19.4,19.325,19.375,17422.0
2024-01-30 20:00:00+00:00,19.375,19.405,19.31,19.36,38454.0
2024-01-31 15:00:00+00:00,19.135,19.205,18.985,19.135,27650.0
2024-01-31 16:00:00+00:00,19.13,19.16,19.005,19.085,18315.0
2024-01-31 17:00:00+00:00,19.08,19.09,18.975,19.015,16237.0
2024-01-31 18:00:00+00:00,19.02,19.045,18.97,19.02,15869.0
2024-01-31 19:00:00+00:00,19.02,19.135,18.81,18.925,21603.0
2024-01-31 20:00:00+00:00,18.925,18.955,18.615,18.675,74796.0
2024-02-01 15:00:00+00:00,19.06,19.105,18.89,18.91,15008.0
2024-02-01 16:00:00+00:00,18.91,18.99,18.855,18.905,12306.0
2024-02-01 17:00:00+00:00,18.91,19.2,18.88,19.195,13809.0
2024-02-01 18:00:00+00:00,19.195,19.41,19.12,19.39,48501.0
2024-02-01 19:00:00+00:00,19.39,19.455,19.245,19.385,19926.0
2024-02-01 20:00:00+00:00,19.385,19.405,19.285,19.32,68859.0
2024-02-02 15:00:00+00:00,19.41,19.635,19.265,19.6,31719.0
2024-02-02 16:00:00+00:00,19.6,19.755,19.585,19.655,22671.0
2024-02-02 17:00:00+00:00,19.655,19.745,19.565,19.635,14017.0
2024-02-02 18:00:00+00:00,19.64,19.735,19.635,19.645,14888.0
2024-02-02 19:00:00+00:00,19.65,19.815,19.645,19.795,21826.0
2024-02-02 20:00:00+00:00,19.8,19.885,19.75,19.825,35617.0
2024-02-05 15:00:00+00:00,19.435,19.825,19.285,19.82,32919.0
2024-02-05 16:00:00+00:00,19.82,20.005,19.66,19.725,45915.0
2024-02-05 17:00:00+00:00,19.725,19.94,19.68,19.785,28256.0
2024-02-05 18:00:00+00:00,19.785,19.985,19.72,19.975,26805.0
2024-02-05 19:00:00+00:00,19.975,20.04,19.945,20.035,53490.0
2024-02-05 20:00:00+00:00,20.035,20.065,19.92,19.965,59291.0
2024-02-06 15:00:00+00:00,19.855,20.015,19.705,19.895,32928.0
2024-02-06 16:00:00+00:00,19.89,20.055,19.765,19.84,25069.0
2024-02-06 17:00:00+00:00,19.835,19.865,19.665,19.67,15505.0
2024-02-06 18:00:00+00:00,19.665,19.785,19.6,19.715,22324.0
2024-02-06 19:00:00+00:00,19.715,19.755,19.655,19.725,18963.0
2024-02-06 20:00:00+00:00,19.725,19.79,19.68,19.78,47176.0
2024-02-07 15:00:00+00:00,19.595,19.695,19.46,19.505,23924.0
2024-02-07 16:00:00+00:00,19.505,19.71,19.485,19.645,11182.0
2024-02-07 17:00:00+00:00,19.645,19.715,19.585,19.715,10402.0
2024-02-07 18:00:00+00:00,19.73,19.865,19.7,19.83,13211.0
2024-02-07 19:00:00+00:00,19.83,19.92,19.79,19.905,12210.0
2024-02-07 20:00:00+00:00,19.91,19.93,19.785,19.875,34240.0
2024-02-08 15:00:00+00:00,20.21,20.46,20.125,20.22,34377.0
2024-02-08 16:00:00+00:00,20.225,20.305,20.025,20.09,31958.0
2024-02-08 17:00:00+00:00,20.09,20.295,20.085,20.17,26232.0
2024-02-08 18:00:00+00:00,20.175,20.32,20.175,20.255,17176.0
2024-02-08 19:00:00+00:00,20.25,20.295,20.14,20.195,41738.0
2024-02-08 20:00:00+00:00,20.195,20.245,20.0,20.045,62891.0
2024-02-09 15:00:00+00:00,19.945,20.01,19.84,19.86,20222.0
2024-02-09 16:00:00+00:00,19.855,19.96,19.715,19.895,31132.0
2024-02-09 17:00:00+00:00,19.895,20.07,19.855,20.035,23397.0
2024-02-09 18:00:00+00:00,20.03,20.055,19.965,19.995,16289.0
2024-02-09 19:00:00+00:00,19.995,20.06,19.935,19.935,21323.0
2024-02-09 20:00:00+00:00,19.935,20.07,19.905,20.06,64994.0
2024-02-12 15:00:00+00:00,20.6,21.265,20.585,21.19,68576.0
2024-02-12 16:00:00+00:00,21.185,21.19,20.77,20.965,55686.0
2024-02-12 17:00:00+00:00,20.965,20.965,20.76,20.805,24901.0
2024-02-12 18:00:00+00:00,20.805,20.895,20.675,20.755,39205.0
2024-02-12 19:00:00+00:00,20.755,20.78,20.6,20.62,78770.0
2024-02-12 20:00:00+00:00,20.615,20.725,20.5,20.55,141595.0
2024-02-13 15:00:00+00:00,19.51,19.695,19.475,19.595,22255.0
2024-02-13 16:00:00+00:00,19.6,19.92,19.59,19.715,23773.0
2024-02-13 17:00:00+00:00,19.715,19.93,19.67,19.885,15193.0
2024-02-13 18:00:00+00:00,19.89,20.01,19.845,19.85,28848.0
2024-02-13 19:00:00+00:00,19.845,19.86,19.66,19.745,31373.0
2024-02-13 20:00:00+00:00,19.745,19.82,19.66,19.76,47480.0
2024-02-14 15:00:00+00:00,19.925,20.045,19.74,19.75,19165.0
2024-02-14 16:00:00+00:00,19.755,19.885,19.68,19.835,11899.0
2024-02-14 17:00:00+00:00,19.835,19.91,19.745,19.89,9810.0
2024-02-14 18:00:00+00:00,19.885,20.04,19.835,20.035,12871.0
2024-02-14 19:00:00+00:00,20.035,20.095,19.915,20.095,23319.0
2024-02-14 20:00:00+00:00,20.095,20.135,20.05,20.09,63070.0
2024-02-15 15:00:00+00:00,20.11,20.2,19.935,19.935,22481.0
2024-02-15 16:00:00+00:00,19.935,19.985,19.875,19.93,10166.0
2024-02-15 17:00:00+00:00,19.93,20.115,19.915,20.085,13846.0
2024-02-15 18:00:00+00:00,20.085,20.215,20.075,20.085,10242.0
2024-02-15 19:00:00+00:00,20.085,20.185,20.02,20.085,13888.0
2024-02-15 20:00:00+00:00,20.085,20.12,19.97,20.04,49546.0
2024-02-16 15:00:00+00:00,19.86,20.205,19.855,20.09,8116.0
2024-02-16 16:00:00+00:00,20.09,20.2,20.035,20.105,17104.0
2024-02-16 17:00:00+00:00,20.105,20.125,20.025,20.075,12171.0
2024-02-16 18:00:00+00:00,20.075,20.1,19.99,20.0,13027.0
2024-02-16 19:00:00+00:00,19.995,20.05,19.81,19.855,20047.0
2024-02-16 20:00:00+00:00,19.855,19.885,19.755,19.765,42067.0
2024-02-19 15:00:00+00:00,19.765,19.765,19.765,19.765,0.0
2024-02-19 16:00:00+00:00,19.765,19.765,19.765,19.765,0.0
2024-02-19 17:00:00+00:00,19.765,19.765,19.765,19.765,0.0
2024-02-19 18:00:00+00:00,19.765,19.765,19.765,19.765,0.0
2024-02-19 19:00:00+00:00,19.765,19.765,19.765,19.765,0.0
2024-02-19 20:00:00+00:00,19.765,19.765,19.765,19.765,0.0
2024-02-20 15:00:00+00:00,19.345,19.36,19.105,19.355,19432.0
2024-02-20 16:00:00+00:00,19.355,19.44,19.315,19.33,7174.0
2024-02-20 17:00:00+00:00,19.33,19.455,19.265,19.445,13774.0
2024-02-20 18:00:00+00:00,19.445,19.455,19.13,19.165,31234.0
2024-02-20 19:00:00+00:00,19.165,19.26,19.06,19.26,42030.0
2024-02-20 20:00:00+00:00,19.26,19.26,18.975,19.04,144435.0
2024-02-21 15:00:00+00:00,19.125,19.125,18.86,19.01,25720.0
2024-02-21 16:00:00+00:00,19.01,19.07,18.94,19.025,12948.0
2024-02-21 17:00:00+00:00,19.025,19.07,18.925,19.03,9481.0
2024-02-21 18:00:00+00:00,19.035,19.165,18.98,19.155,12634.0
2024-02-21 19:00:00+00:00,19.17,19.19,18.955,19.03,22597.0
2024-02-21 20:00:00+00:00,19.03,19.18,19.01,19.175,38269.0
2024-02-22 15:00:00+00:00,19.46,19.495,19.185,19.275,10143.0
2024-02-22 16:00:00+00:00,19.275,19.335,19.16,19.265,7435.0
2024-02-22 17:00:00+00:00,19.265,19.305,19.185,19.305,8665.0
2024-02-22 18:00:00+00:00,19.31,19.33,19.205,19.235,16929.0
2024-02-22 19:00:00+00:00,19.235,19.315,19.12,19.125,13574.0
2024-02-22 20:00:00+00:00,19.125,19.175,19.075,19.09,43001.0
2024-02-23 15:00:00+00:00,18.915,19.345,18.845,19.26,18632.0
2024-02-23 16:00:00+00:00,19.265,19.535,19.165,19.505,10806.0
2024-02-23 17:00:00+00:00,19.505,19.59,19.46,19.475,7671.0
2024-02-23 18:00:00+00:00,19.475,19.49,19.42,19.445,9462.0
2024-02-23 19:00:00+00:00,19.445,19.45,19.25,19.265,10861.0
2024-02-23 20:00:00+00:00,19.27,19.465,19.27,19.445,49316.0
2024-02-26 15:00:00+00:00,19.985,19.99,19.37,19.415,45205.0
2024-02-26 16:00:00+00:00,19.415,19.555,19.365,19.515,22665.0
2024-02-26 17:00:00+00:00,19.515,19.515,19.335,19.425,13851.0
2024-02-26 18:00:00+00:00,19.425,19.435,19.16,19.245,28853.0
2024-02-26 19:00:00+00:00,19.245,19.515,19.225,19.48,12360.0
2024-02-26 20:00:00+00:00,19.485,19.515,19.34,19.34,54219.0
2024-02-27 15:00:00+00:00,19.355,19.77,19.34,19.565,35430.0
2024-02-27 16:00:00+00:00,19.565,19.78,19.505,19.625,14778.0
2024-02-27 17:00:00+00:00,19.625,19.665,19.51,19.515,11150.0
2024-02-27 18:00:00+00:00,19.515,19.59,19.455,19.48,32732.0
2024-02-27 19:00:00+00:00,19.475,19.545,19.45,19.505,36029.0
2024-02-27 20:00:00+00:00,19.505,19.68,19.5,19.68,35171.0
2024-02-28 15:00:00+00:00,19.25,19.445,19.195,19.335,21735.0
2024-02-28 16:00:00+00:00,19.335,19.43,19.305,19.415,9483.0
2024-02-28 17:00:00+00:00,19.415,19.43,19.265,19.295,15089.0
2024-02-28 18:00:00+00:00,19.295,19.345,19.215,19.325,10164.0
2024-02-28 19:00:00+00:00,19.325,19.335,19.22,19.245,6308.0
2024-02-28 20:00:00+00:00,19.245,19.295,19.2,19.27,29910.0
2024-02-29 15:00:00+00:00,19.16,19.225,19.035,19.055,22783.0
2024-02-29 16:00:00+00:00,19.055,19.115,18.895,19.06,21841.0
2024-02-29 17:00:00+00:00,19.06,19.1,18.865,18.975,18569.0
2024-02-29 18:00:00+00:00,18.975,19.025,18.865,18.87,16255.0
2024-02-29 19:00:00+00:00,18.865,18.905,18.725,18.78,24463.0
2024-02-29 20:00:00+00:00,18.78,18.965,18.74,18.92,66980.0
2024-03-01 15:00:00+00:00,18.935,19.31,18.935,19.285,88963.0
2024-03-01 16:00:00+00:00,19.285,19.41,19.105,19.115,27535.0
2024-03-01 17:00:00+00:00,19.115,19.15,19.075,19.115,16083.0
2024-03-01 18:00:00+00:00,19.115,19.15,19.08,19.115,9492.0
2024-03-01 19:00:00+00:00,19.115,19.135,19.075,19.095,17178.0
2024-03-01 20:00:00+00:00,19.095,19.165,19.055,19.055,51819.0
2024-03-04 15:00:00+00:00,19.37,19.395,19.065,19.28,24157.0
2024-03-04 16:00:00+00:00,19.275,19.355,19.175,19.265,27253.0
2024-03-04 17:00:00+00:00,19.27,19.315,19.225,19.27,15436.0
2024-03-04 18:00:00+00:00,19.27,19.27,19.13,19.19,15622.0
2024-03-04 19:00:00+00:00,19.19,19.305,19.175,19.245,17667.0
2024-03-04 20:00:00+00:00,19.245,19.295,19.195,19.22,72121.0
2024-03-05 15:00:00+00:00,19.41,19.93,19.325,19.855,60596.0
2024-03-05 16:00:00+00:00,19.85,19.985,19.7,19.925,36487.0
2024-03-05 17:00:00+00:00,19.935,20.165,19.895,19.985,35489.0
2024-03-05 18:00:00+00:00,19.985,20.025,19.89,19.93,28710.0
2024-03-05 19:00:00+00:00,19.925,20.03,19.925,19.955,37842.0
2024-03-05 20:00:00+00:00,19.95,20.05,19.875,20.005,98724.0
2024-03-06 15:00:00+00:00,20.08,20.16,19.825,19.955,30717.0
2024-03-06 16:00:00+00:00,19.955,20.02,19.88,19.935,29264.0
2024-03-06 17:00:00+00:00,19.935,19.955,19.74,19.78,40811.0
2024-03-06 18:00:00+00:00,19.775,19.8,19.4,19.445,37757.0
2024-03-06 19:00:00+00:00,19.445,19.48,19.18,19.235,62869.0
2024-03-06 20:00:00+00:00,19.23,19.265,18.995,19.055,130575.0
2024-03-07 15:00:00+00:00,19.655,19.785,19.31,19.455,78149.0
2024-03-07 16:00:00+00:00,19.455,19.54,19.225,19.34,46262.0
2024-03-07 17:00:00+00:00,19.345,19.35,19.175,19.215,82257.0
2024-03-07 18:00:00+00:00,19.215,19.285,19.135,19.215,81309.0
2024-03-07 19:00:00+00:00,19.215,19.275,19.185,19.265,125758.0
2024-03-07 20:00:00+00:00,19.265,19.395,19.025,19.32,221818.0
2024-03-08 15:00:00+00:00,20.08,20.295,19.48,20.225,264810.0
2024-03-08 16:00:00+00:00,20.225,20.405,20.01,20.135,254237.0
2024-03-08 17:00:00+00:00,20.135,20.155,19.875,19.965,78371.0
2024-03-08 18:00:00+00:00,19.965,20.175,19.875,20.095,75193.0
2024-03-08 19:00:00+00:00,20.095,20.445,20.095,20.355,78122.0
2024-03-08 20:00:00+00:00,20.355,20.89,20.26,20.885,139904.0
2024-03-11 14:00:00+00:00,20.9,21.0,20.475,20.99,44106.0
2024-03-11 15:00:00+00:00,20.995,21.18,20.945,21.065,44484.0
2024-03-11 16:00:00+00:00,21.065,21.745,21.02,21.745,57752.0
2024-03-11 17:00:00+00:00,21.745,21.855,21.615,21.695,41493.0
2024-03-11 18:00:00+00:00,21.695,21.695,21.39,21.585,40395.0
2024-03-11 19:00:00+00:00,21.585,21.95,21.57,21.645,147518.0
2024-03-12 14:00:00+00:00,21.96,22.95,21.89,22.895,97303.0
2024-03-12 15:00:00+00:00,22.895,23.105,22.745,22.845,71641.0
2024-03-12 16:00:00+00:00,22.845,22.93,22.61,22.78,52255.0
2024-03-12 17:00:00+00:00,22.78,22.78,22.435,22.525,35677.0
2024-03-12 18:00:00+00:00,22.525,22.7,22.495,22.7,34397.0
2024-03-12 19:00:00+00:00,22.7,22.705,22.47,22.675,96435.0
2024-03-13 14:00:00+00:00,22.645,23.285,22.64,23.04,36664.0
2024-03-13 15:00:00+00:00,23.045,23.225,23.04,23.165,57579.0
2024-03-13 16:00:00+00:00,23.165,23.245,23.08,23.13,50325.0
2024-03-13 17:00:00+00:00,23.135,23.3,23.095,23.13,31521.0
2024-03-13 18:00:00+00:00,23.13,23.2,22.965,22.98,20440.0
2024-03-13 19:00:00+00:00,22.975,22.995,22.755,22.915,61765.0
2024-03-14 14:00:00+00:00,22.38,22.68,22.315,22.585,21701.0
2024-03-14 15:00:00+00:00,22.585,22.715,22.475,22.56,36488.0
2024-03-14 16:00:00+00:00,22.56,22.865,22.545,22.85,26047.0
2024-03-14 17:00:00+00:00,22.85,22.89,22.7,22.835,24015.0
2024-03-14 18:00:00+00:00,22.835,22.85,22.655,22.665,16220.0
2024-03-14 19:00:00+00:00,22.665,22.95,22.6,22.95,57786.0
2024-03-15 14:00:00+00:00,23.195,23.66,23.14,23.605,34314.0
2024-03-15 15:00:00+00:00,23.605,23.83,23.51,23.735,40671.0
2024-03-15 16:00:00+00:00,23.73,23.82,23.69,23.815,35179.0
2024-03-15 17:00:00+00:00,23.815,23.88,23.745,23.775,33190.0
2024-03-15 18:00:00+00:00,23.775,23.83,23.605,23.605,22834.0
2024-03-15 19:00:00+00:00,23.605,23.605,23.445,23.58,89226.0
2024-03-18 14:00:00+00:00,24.25,24.795,24.165,24.755,62109.0
2024-03-18 15:00:00+00:00,24.77,24.77,24.25,24.255,44741.0
2024-03-18 16:00:00+00:00,24.235,24.51,24.2,24.355,14916.0
2024-03-18 17:00:00+00:00,24.355,24.605,24.235,24.6,9644.0
2024-03-18 18:00:00+00:00,24.6,24.645,24.51,24.595,70262.0
2024-03-18 19:00:00+00:00,24.595,24.66,24.545,24.62,102445.0
2024-03-19 14:00:00+00:00,24.2,24.885,24.19,24.83,33373.0
2024-03-19 15:00:00+00:00,24.83,24.95,24.795,24.865,12028.0
2024-03-19 16:00:00+00:00,24.865,25.2,24.845,25.115,17587.0
2024-03-19 17:00:00+00:00,25.105,25.245,25.04,25.15,13045.0
2024-03-19 18:00:00+00:00,25.15,25.265,25.085,25.185,19697.0
2024-03-19 19:00:00+00:00,25.185,25.43,25.155,25.395,91495.0
2024-03-20 14:00:00+00:00,25.78,26.165,25.63,26.015,20714.0
2024-03-20 15:00:00+00:00,26.03,26.275,25.98,26.145,13186.0
2024-03-20 16:00:00+00:00,26.145,26.265,25.91,26.26,15777.0
2024-03-20 17:00:00+00:00,26.26,26.31,26.115,26.27,18979.0
2024-03-20 18:00:00+00:00,26.285,26.655,26.27,26.635,37436.0
2024-03-20 19:00:00+00:00,26.64,26.985,26.54,26.975,109383.0
2024-03-21 14:00:00+00:00,27.895,28.495,27.73,28.295,80057.0
2024-03-21 15:00:00+00:00,28.295,28.385,27.885,27.95,53151.0
2024-03-21 16:00:00+00:00,27.95,28.245,27.845,28.185,36205.0
2024-03-21 17:00:00+00:00,28.185,28.44,28.17,28.28,34133.0
2024-03-21 18:00:00+00:00,28.275,28.495,28.275,28.365,31355.0
2024-03-21 19:00:00+00:00,28.365,28.59,28.355,28.535,97560.0
2024-03-22 14:00:00+00:00,27.83,28.345,27.83,28.335,22078.0
2024-03-22 15:00:00+00:00,28.325,28.355,28.105,28.325,11669.0
2024-03-22 16:00:00+00:00,28.32,28.505,28.245,28.25,12581.0
2024-03-22 17:00:00+00:00,28.25,28.255,28.145,28.205,18295.0
2024-03-22 18:00:00+00:00,28.205,28.215,28.035,28.075,11996.0
2024-03-22 19:00:00+00:00,28.075,28.22,28.0,28.075,48781.0
2024-03-25 14:00:00+00:00,28.225,28.24,27.885,28.185,29126.0
2024-03-25 15:00:00+00:00,28.195,28.195,27.715,27.785,30556.0
2024-03-25 16:00:00+00:00,27.785,27.99,27.57,27.915,35471.0
2024-03-25 17:00:00+00:00,27.925,28.04,27.845,27.87,34417.0
2024-03-25 18:00:00+00:00,27.875,28.08,27.835,27.98,26354.0
2024-03-25 19:00:00+00:00,27.985,28.01,27.725,27.9,62093.0
2024-03-26 14:00:00+00:00,28.165,28.32,27.94,27.975,35861.0
2024-03-26 15:00:00+00:00,27.975,28.015,27.86,27.985,28287.0
2024-03-26 16:00:00+00:00,27.995,28.03,27.875,28.015,17081.0
2024-03-26 17:00:00+00:00,28.015,28.11,27.89,27.93,31071.0
2024-03-26 18:00:00+00:00,27.92,27.96,27.795,27.845,23548.0
2024-03-26 19:00:00+00:00,27.845,27.86,27.7,27.72,41816.0
2024-03-27 14:00:00+00:00,27.53,27.62,27.355,27.375,55161.0
2024-03-27 15:00:00+00:00,27.375,27.58,27.365,27.4,32857.0
2024-03-27 16:00:00+00:00,27.395,27.42,27.125,27.39,37297.0
2024-03-27 17:00:00+00:00,27.39,27.415,27.235,27.365,24889.0
2024-03-27 18:00:00+00:00,27.365,27.37,27.235,27.305,21446.0
2024-03-27 19:00:00+00:00,27.305,27.375,27.24,27.28,71412.0
2024-03-28 14:00:00+00:00,27.595,27.77,27.435,27.505,27981.0
2024-03-28 15:00:00+00:00,27.505,27.565,27.415,27.51,19485.0
2024-03-28 16:00:00+00:00,27.51,27.575,27.445,27.515,17203.0
2024-03-28 17:00:00+00:00,27.515,27.585,27.425,27.535,16279.0
2024-03-28 18:00:00+00:00,27.545,27.55,27.385,27.54,17801.0
2024-03-28 19:00:00+00:00,27.545,27.61,27.425,27.555,50094.0
2024-03-29 14:00:00+00:00,27.555,27.555,27.555,27.555,0.0
2024-03-29 15:00:00+00:00,27.555,27.555,27.555,27.555,0.0
2024-03-29 16:00:00+00:00,27.555,27.555,27.555,27.555,0.0
2024-03-29 17:00:00+00:00,27.555,27.555,27.555,27.555,0.0
2024-03-29 18:00:00+00:00,27.555,27.555,27.555,27.555,0.0
2024-03-29 19:00:00+00:00,27.555,27.555,27.555,27.555,0.0
2024-04-01 14:00:00+00:00,27.52,27.765,27.335,27.75,34063.0
2024-04-01 15:00:00+00:00,27.755,27.83,27.63,27.755,17293.0
2024-04-01 16:00:00+00:00,27.755,27.855,27.635,27.635,12939.0
2024-04-01 17:00:00+00:00,27.635,27.645,27.405,27.495,14441.0
2024-04-01 18:00:00+00:00,27.49,27.495,27.315,27.395,14474.0
2024-04-01 19:00:00+00:00,27.395,27.4,27.235,27.255,33544.0
2024-04-02 14:00:00+00:00,26.36,26.445,26.125,26.315,25193.0
2024-04-02 15:00:00+00:00,26.305,26.49,26.215,26.46,34158.0
2024-04-02 16:00:00+00:00,26.46,26.585,26.365,26.365,16670.0
2024-04-02 17:00:00+00:00,26.37,26.505,26.355,26.435,17287.0
2024-04-02 18:00:00+00:00,26.435,26.695,26.435,26.645,14413.0
2024-04-02 19:00:00+00:00,26.645,26.755,26.595,26.6,37096.0
2024-04-03 14:00:00+00:00,26.45,26.59,26.305,26.505,23276.0
2024-04-03 15:00:00+00:00,26.505,26.575,26.365,26.375,16099.0
2024-04-03 16:00:00+00:00,26.375,26.38,26.055,26.235,28213.0
2024-04-03 17:00:00+00:00,26.235,26.395,26.215,26.23,22563.0
2024-04-03 18:00:00+00:00,26.235,26.325,26.165,26.19,17887.0
2024-04-03 19:00:00+00:00,26.19,26.19,25.86,25.87,56155.0
2024-04-04 14:00:00+00:00,25.355,25.58,25.22,25.365,29886.0
2024-04-04 15:00:00+00:00,25.365,25.42,25.085,25.125,18694.0
2024-04-04 16:00:00+00:00,25.125,25.265,25.12,25.245,18783.0
2024-04-04 17:00:00+00:00,25.245,25.315,25.16,25.165,12906.0
2024-04-04 18:00:00+00:00,25.155,25.165,24.75,24.82,24075.0
2024-04-04 19:00:00+00:00,24.815,24.865,24.66,24.695,66454.0
2024-04-05 14:00:00+00:00,24.705,24.73,24.47,24.585,36863.0
2024-04-05 15:00:00+00:00,24.585,24.585,24.43,24.495,26906.0
2024-04-05 16:00:00+00:00,24.495,24.63,24.41,24.495,25205.0
2024-04-05 17:00:00+00:00,24.49,24.495,24.27,24.27,20307.0
2024-04-05 18:00:00+00:00,24.265,24.36,24.19,24.29,16392.0
2024-04-05 19:00:00+00:00,24.29,24.325,24.155,24.21,35835.0
2024-04-08 14:00:00+00:00,24.315,24.33,24.085,24.165,18878.0
2024-04-08 15:00:00+00:00,24.16,24.235,24.085,24.13,18835.0
2024-04-08 16:00:00+00:00,24.13,24.13,23.935,23.955,15250.0
2024-04-08 17:00:00+00:00,23.955,24.005,23.725,23.73,26785.0
2024-04-08 18:00:00+00:00,23.73,23.755,23.47,23.575,25621.0
2024-04-08 19:00:00+00:00,23.575,23.805,23.47,23.475,50213.0
2024-04-09 14:00:00+00:00,23.32,23.415,23.06,23.295,31817.0
2024-04-09 15:00:00+00:00,23.295,23.595,23.26,23.535,37159.0
2024-04-09 16:00:00+00:00,23.535,23.72,23.475,23.525,24171.0
2024-04-09 17:00:00+00:00,23.515,23.6,23.48,23.505,16912.0
2024-04-09 18:00:00+00:00,23.505,23.555,23.35,23.385,15999.0
2024-04-09 19:00:00+00:00,23.385,23.415,23.19,23.19,32718.0
2024-04-10 14:00:00+00:00,22.935,23.315,22.89,23.275,68437.0
2024-04-10 15:00:00+00:00,23.27,23.295,23.105,23.205,21589.0
2024-04-10 16:00:00+00:00,23.205,23.285,23.145,23.225,22499.0
2024-04-10 17:00:00+00:00,23.225,23.255,22.97,23.05,17536.0
2024-04-10 18:00:00+00:00,23.06,23.085,22.795,22.895,29478.0
2024-04-10 19:00:00+00:00,22.895,23.15,22.885,23.115,83123.0
2024-04-11 14:00:00+00:00,23.285,23.355,23.145,23.245,40567.0
2024-04-11 15:00:00+00:00,23.24,23.405,23.165,23.175,23931.0
2024-04-11 16:00:00+00:00,23.175,23.285,23.135,23.195,16053.0
2024-04-11 17:00:00+00:00,23.195,23.405,23.175,23.32,19243.0
2024-04-11 18:00:00+00:00,23.32,23.73,23.305,23.69,26140.0
2024-04-11 19:00:00+00:00,23.69,23.705,23.39,23.39,59612.0
2024-04-12 14:00:00+00:00,22.92,22.965,22.645,22.735,30644.0
2024-04-12 15:00:00+00:00,22.725,22.87,22.685,22.845,22820.0
2024-04-12 16:00:00+00:00,22.845,22.86,22.555,22.625,26798.0
2024-04-12 17:00:00+00:00,22.625,22.665,22.51,22.625,14407.0
2024-04-12 18:00:00+00:00,22.625,22.635,22.45,22.525,21581.0
2024-04-12 19:00:00+00:00,22.525,22.525,22.37,22.425,55921.0
2024-04-15 14:00:00+00:00,22.44,22.44,22.155,22.155,26862.0
2024-04-15 15:00:00+00:00,22.16,22.31,22.06,22.28,20338.0
2024-04-15 16:00:00+00:00,22.28,22.325,22.125,22.195,18880.0
2024-04-15 17:00:00+00:00,22.195,22.26,22.005,22.065,16233.0
2024-04-15 18:00:00+00:00,22.065,22.075,21.93,21.975,25275.0
2024-04-15 19:00:00+00:00,21.975,21.98,21.765,21.865,65445.0
2024-04-16 14:00:00+00:00,20.79,20.93,20.535,20.735,52212.0
2024-04-16 15:00:00+00:00,20.735,20.815,20.575,20.765,39182.0
2024-04-16 16:00:00+00:00,20.765,20.77,20.52,20.565,27569.0
2024-04-16 17:00:00+00:00,20.565,20.63,20.325,20.55,42570.0
2024-04-16 18:00:00+00:00,20.55,20.91,20.54,20.805,27395.0
2024-04-16 19:00:00+00:00,20.805,20.98,20.785,20.98,104144.0
2024-04-17 14:00:00+00:00,21.015,21.03,20.695,20.805,43808.0
2024-04-17 15:00:00+00:00,20.805,20.845,20.685,20.815,28760.0
2024-04-17 16:00:00+00:00,20.81,20.895,20.74,20.81,24120.0
2024-04-17 17:00:00+00:00,20.795,21.035,20.78,21.035,35453.0
2024-04-17 18:00:00+00:00,21.035,21.25,21.025,21.045,34334.0
2024-04-17 19:00:00+00:00,21.045,21.205,21.005,21.205,89605.0
2024-04-18 14:00:00+00:00,21.31,21.695,21.25,21.525,57112.0
2024-04-18 15:00:00+00:00,21.52,21.61,21.45,21.565,31764.0
2024-04-18 16:00:00+00:00,21.565,21.57,21.335,21.355,28219.0
2024-04-18 17:00:00+00:00,21.355,21.36,21.065,21.245,44628.0
2024-04-18 18:00:00+00:00,21.245,21.245,21.055,21.095,31593.0
2024-04-18 19:00:00+00:00,21.095,21.135,20.895,21.04,44093.0
2024-04-19 14:00:00+00:00,20.905,20.975,20.685,20.855,36476.0
2024-04-19 15:00:00+00:00,20.855,20.895,20.76,20.835,20038.0
2024-04-19 16:00:00+00:00,20.835,20.855,20.615,20.715,17716.0
2024-04-19 17:00:00+00:00,20.715,20.865,20.71,20.76,18407.0
2024-04-19 18:00:00+00:00,20.745,20.75,20.565,20.63,20711.0
2024-04-19 19:00:00+00:00,20.63,20.81,20.6,20.77,76954.0
2024-04-22 14:00:00+00:00,20.905,20.945,20.695,20.72,19640.0
2024-04-22 15:00:00+00:00,20.715,20.72,20.47,20.605,24576.0
2024-04-22 16:00:00+00:00,20.605,20.815,20.595,20.77,21496.0
2024-04-22 17:00:00+00:00,20.77,21.22,20.72,21.155,27388.0
2024-04-22 18:00:00+00:00,21.155,21.225,21.095,21.12,12468.0
2024-04-22 19:00:00+00:00,21.115,21.12,20.75,20.765,56327.0
2024-04-23 14:00:00+00:00,20.81,21.225,20.795,21.165,52631.0
2024-04-23 15:00:00+00:00,21.17,21.185,20.815,20.835,18301.0
2024-04-23 16:00:00+00:00,20.835,21.0,20.835,20.915,18045.0
2024-04-23 17:00:00+00:00,20.92,20.98,20.82,20.975,14161.0
2024-04-23 18:00:00+00:00,20.975,21.045,20.905,21.015,25531.0
2024-04-23 19:00:00+00:00,21.015,21.08,20.9,20.905,51322.0
2024-04-24 14:00:00+00:00,20.7,20.735,20.3,20.36,50237.0
2024-04-24 15:00:00+00:00,20.365,20.475,20.14,20.145,30738.0
2024-04-24 16:00:00+00:00,20.15,20.205,20.045,20.145,23804.0
2024-04-24 17:00:00+00:00,20.15,20.29,20.095,20.19,13244.0
2024-04-24 18:00:00+00:00,20.195,20.205,20.03,20.07,22620.0
2024-04-24 19:00:00+00:00,20.065,20.165,20.03,20.1,108788.0
2024-04-25 14:00:00+00:00,19.735,20.025,19.695,19.965,30504.0
2024-04-25 15:00:00+00:00,19.965,20.05,19.885,19.975,29475.0
2024-04-25 16:00:00+00:00,19.97,20.145,19.96,20.125,16621.0
2024-04-25 17:00:00+00:00,20.125,20.225,20.095,20.185,15816.0
2024-04-25 18:00:00+00:00,20.185,20.305,20.145,20.23,29364.0
2024-04-25 19:00:00+00:00,20.24,20.33,20.19,20.225,61616.0
2024-04-26 14:00:00+00:00,20.465,21.085,20.465,21.005,55094.0
2024-04-26 15:00:00+00:00,21.0,21.105,20.86,21.095,58462.0
2024-04-26 16:00:00+00:00,21.085,21.24,21.065,21.14,49969.0
2024-04-26 17:00:00+00:00,21.14,21.24,21.085,21.115,51649.0
2024-04-26 18:00:00+00:00,21.115,21.115,20.97,21.045,39449.0
2024-04-26 19:00:00+00:00,21.05,21.36,21.045,21.35,118341.0
2024-04-29 14:00:00+00:00,21.25,21.515,21.095,21.335,96842.0
2024-04-29 15:00:00+00:00,21.325,21.5,21.305,21.335,50043.0
2024-04-29 16:00:00+00:00,21.325,21.425,21.11,21.115,39443.0
2024-04-29 17:00:00+00:00,21.115,21.395,21.095,21.34,24784.0
2024-04-29 18:00:00+00:00,21.335,21.34,21.205,21.22,33265.0
2024-04-29 19:00:00+00:00,21.22,21.265,21.1,21.245,78721.0
2024-04-30 14:00:00+00:00,21.315,21.33,21.065,21.145,39745.0
2024-04-30 15:00:00+00:00,21.145,21.165,20.75,20.84,30437.0
2024-04-30 16:00:00+00:00,20.845,20.88,20.585,20.61,23405.0
2024-04-30 17:00:00+00:00,20.615,20.705,20.555,20.675,26815.0
2024-04-30 18:00:00+00:00,20.675,20.71,20.56,20.6,21011.0
2024-04-30 19:00:00+00:00,20.6,20.635,20.435,20.53,96357.0
2024-05-01 14:00:00+00:00,20.1,20.12,19.915,19.99,46152.0
2024-05-01 15:00:00+00:00,19.99,20.09,19.84,19.985,26908.0
2024-05-01 16:00:00+00:00,19.985,20.07,19.855,19.985,12717.0
2024-05-01 17:00:00+00:00,19.99,20.03,19.94,19.98,17077.0
2024-05-01 18:00:00+00:00,19.98,20.35,19.89,20.31,31754.0
2024-05-01 19:00:00+00:00,20.325,20.45,19.84,19.855,54236.0
2024-05-02 14:00:00+00:00,20.22,20.555,19.955,20.54,27788.0
2024-05-02 15:00:00+00:00,20.54,20.63,20.465,20.575,19323.0
2024-05-02 16:00:00+00:00,20.585,20.705,20.52,20.695,21336.0
2024-05-02 17:00:00+00:00,20.71,20.795,20.66,20.77,18971.0
2024-05-02 18:00:00+00:00,20.775,20.845,20.735,20.76,15199.0
2024-05-02 19:00:00+00:00,20.77,20.825,20.63,20.79,31059.0
2024-05-03 14:00:00+00:00,21.37,21.48,21.205,21.385,28460.0
2024-05-03 15:00:00+00:00,21.395,21.5,21.3,21.42,19429.0
2024-05-03 16:00:00+00:00,21.43,21.625,21.41,21.605,24127.0
2024-05-03 17:00:00+00:00,21.605,21.66,21.415,21.535,19458.0
2024-05-03 18:00:00+00:00,21.535,21.64,21.515,21.575,19981.0
2024-05-03 19:00:00+00:00,21.575,21.66,21.5,21.59,75139.0
2024-05-06 14:00:00+00:00,21.695,21.945,21.61,21.94,18708.0
2024-05-06 15:00:00+00:00,21.94,22.31,21.935,22.26,37686.0
2024-05-06 16:00:00+00:00,22.26,22.305,22.12,22.2,33539.0
2024-05-06 17:00:00+00:00,22.195,22.245,22.075,22.115,19122.0
2024-05-06 18:00:00+00:00,22.115,22.145,22.04,22.085,22819.0
2024-05-06 19:00:00+00:00,22.085,22.225,22.03,22.2,50724.0
2024-05-07 14:00:00+00:00,22.74,22.91,22.67,22.81,24426.0
2024-05-07 15:00:00+00:00,22.815,22.85,22.43,22.48,31348.0
2024-05-07 16:00:00+00:00,22.48,22.625,22.475,22.55,14942.0
2024-05-07 17:00:00+00:00,22.545,22.56,22.265,22.32,17366.0
2024-05-07 18:00:00+00:00,22.32,22.335,22.185,22.215,25217.0
2024-05-07 19:00:00+00:00,22.22,22.255,22.055,22.12,68400.0
2024-05-08 14:00:00+00:00,22.08,22.35,21.99,22.16,58177.0
2024-05-08 15:00:00+00:00,22.16,22.26,22.075,22.235,23112.0
2024-05-08 16:00:00+00:00,22.235,22.26,22.17,22.19,14742.0
2024-05-08 17:00:00+00:00,22.195,22.305,22.13,22.275,26077.0
2024-05-08 18:00:00+00:00,22.275,22.445,22.25,22.29,16582.0
2024-05-08 19:00:00+00:00,22.285,22.42,22.24,22.405,52235.0
2024-05-09 14:00:00+00:00,22.47,22.73,22.46,22.645,18673.0
2024-05-09 15:00:00+00:00,22.635,22.68,22.525,22.665,13956.0
2024-05-09 16:00:00+00:00,22.665,22.87,22.645,22.82,11725.0
2024-05-09 17:00:00+00:00,22.81,22.86,22.675,22.72,22839.0
2024-05-09 18:00:00+00:00,22.71,22.89,22.685,22.88,22439.0
2024-05-09 19:00:00+00:00,22.88,23.1,22.875,23.09,50962.0
2024-05-10 14:00:00+00:00,23.54,23.72,22.955,23.17,43049.0
2024-05-10 15:00:00+00:00,23.17,23.195,22.995,23.035,36595.0
2024-05-10 16:00:00+00:00,23.035,23.1,22.91,23.095,22093.0
2024-05-10 17:00:00+00:00,23.095,23.115,22.87,22.885,27006.0
2024-05-10 18:00:00+00:00,22.885,23.015,22.835,22.865,17342.0
2024-05-10 19:00:00+00:00,22.86,22.955,22.745,22.765,53712.0
2024-05-13 14:00:00+00:00,22.925,22.97,22.19,22.375,34018.0
2024-05-13 15:00:00+00:00,22.39,22.475,22.27,22.34,19459.0
2024-05-13 16:00:00+00:00,22.335,22.36,22.21,22.235,21298.0
2024-05-13 17:00:00+00:00,22.225,22.225,22.05,22.115,27089.0
2024-05-13 18:00:00+00:00,22.12,22.205,22.03,22.165,24365.0
2024-05-13 19:00:00+00:00,22.17,22.26,22.115,22.26,73022.0
2024-05-14 14:00:00+00:00,22.55,22.64,22.14,22.16,22917.0
2024-05-14 15:00:00+00:00,22.16,22.205,22.16,22.185,613.0
2024-05-14 16:00:00+00:00,22.185,22.185,21.61,21.71,14678.0
2024-05-14 17:00:00+00:00,21.71,21.85,21.65,21.765,9100.0
2024-05-14 18:00:00+00:00,21.765,21.97,21.695,21.74,24473.0
2024-05-14 19:00:00+00:00,21.735,21.8,21.51,21.515,92111.0
2024-05-15 14:00:00+00:00,21.7,22.145,21.685,22.125,44312.0
2024-05-15 15:00:00+00:00,22.12,22.15,21.92,21.935,34090.0
2024-05-15 16:00:00+00:00,21.935,21.965,21.855,21.955,15306.0
2024-05-15 17:00:00+00:00,21.955,21.985,21.805,21.835,18279.0
2024-05-15 18:00:00+00:00,21.835,21.88,21.77,21.825,25681.0
2024-05-15 19:00:00+00:00,21.825,21.95,21.77,21.94,59418.0
2024-05-16 14:00:00+00:00,21.545,21.795,21.5,21.785,20822.0
2024-05-16 15:00:00+00:00,21.79,21.86,21.725,21.82,12495.0
2024-05-16 16:00:00+00:00,21.81,21.91,21.76,21.885,7690.0
2024-05-16 17:00:00+00:00,21.88,21.88,21.795,21.835,11122.0
2024-05-16 18:00:00+00:00,21.83,21.875,21.76,21.87,18594.0
2024-05-16 19:00:00+00:00,21.87,21.92,21.76,21.76,77272.0
2024-05-17 14:00:00+00:00,21.835,21.835,21.68,21.69,23615.0
2024-05-17 15:00:00+00:00,21.68,21.745,21.57,21.615,14046.0
2024-05-17 16:00:00+00:00,21.615,21.69,21.565,21.675,9614.0
2024-05-17 17:00:00+00:00,21.675,21.72,21.6,21.65,20481.0
2024-05-17 18:00:00+00:00,21.655,21.725,21.555,21.695,19199.0
2024-05-17 19:00:00+00:00,21.695,21.72,21.585,21.6,44801.0
2024-05-20 14:00:00+00:00,21.48,21.62,21.32,21.43,21322.0
2024-05-20 15:00:00+00:00,21.435,21.535,21.37,21.49,6885.0
2024-05-20 16:00:00+00:00,21.49,21.54,21.42,21.515,7091.0
2024-05-20 17:00:00+00:00,21.51,21.52,21.36,21.4,7010.0
2024-05-20 18:00:00+00:00,21.395,21.445,21.35,21.37,9897.0
2024-05-20 19:00:00+00:00,21.365,21.425,21.205,21.225,29575.0
2024-05-21 14:00:00+00:00,21.58,21.61,21.265,21.54,28279.0
2024-05-21 15:00:00+00:00,21.53,21.58,21.27,21.29,19055.0
2024-05-21 16:00:00+00:00,21.295,21.305,21.175,21.275,15226.0
2024-05-21 17:00:00+00:00,21.285,21.31,21.19,21.3,40280.0
2024-05-21 18:00:00+00:00,21.3,21.37,21.265,21.345,33339.0
2024-05-21 19:00:00+00:00,21.345,21.54,21.33,21.5,73011.0
2024-05-22 14:00:00+00:00,20.93,21.1,20.645,20.705,20041.0
2024-05-22 15:00:00+00:00,20.705,20.78,20.525,20.645,22794.0
2024-05-22 16:00:00+00:00,20.655,20.93,20.655,20.745,17551.0
2024-05-22 17:00:00+00:00,20.76,20.815,20.66,20.685,17402.0
2024-05-22 18:00:00+00:00,20.685,20.73,20.465,20.515,17680.0
2024-05-22 19:00:00+00:00,20.5,20.62,20.49,20.555,66294.0
2024-05-23 14:00:00+00:00,20.925,21.15,20.86,21.06,41209.0
2024-05-23 15:00:00+00:00,21.06,21.3,21.05,21.23,34000.0
2024-05-23 16:00:00+00:00,21.23,21.265,21.035,21.09,11886.0
2024-05-23 17:00:00+00:00,21.09,21.14,20.955,21.005,9341.0
2024-05-23 18:00:00+00:00,21.005,21.01,20.82,20.83,14307.0
2024-05-23 19:00:00+00:00,20.83,20.9,20.765,20.865,79498.0
2024-05-24 14:00:00+00:00,21.35,21.435,21.035,21.145,37223.0
2024-05-24 15:00:00+00:00,21.16,21.23,21.025,21.06,17884.0
2024-05-24 16:00:00+00:00,21.06,21.105,20.99,21.045,18378.0
2024-05-24 17:00:00+00:00,21.045,21.115,21.005,21.035,15262.0
2024-05-24 18:00:00+00:00,21.04,21.105,21.005,21.055,14406.0
2024-05-24 19:00:00+00:00,21.055,21.065,20.965,20.98,57912.0
2024-05-27 14:00:00+00:00,20.98,20.98,20.98,20.98,0.0
2024-05-27 15:00:00+00:00,20.98,20.98,20.98,20.98,0.0
2024-05-27 16:00:00+00:00,20.98,20.98,20.98,20.98,0.0
2024-05-27 17:00:00+00:00,20.98,20.98,20.98,20.98,0.0
2024-05-27 18:00:00+00:00,20.98,20.98,20.98,20.98,0.0
2024-05-27 19:00:00+00:00,20.98,20.98,20.98,20.98,0.0
2024-05-28 14:00:00+00:00,20.66,20.8,20.545,20.635,29360.0
2024-05-28 15:00:00+00:00,20.645,20.805,20.62,20.695,35266.0
2024-05-28 16:00:00+00:00,20.695,20.785,20.655,20.71,18841.0
2024-05-28 17:00:00+00:00,20.705,20.735,20.435,20.49,25672.0
2024-05-28 18:00:00+00:00,20.49,20.55,20.32,20.37,23187.0
2024-05-28 19:00:00+00:00,20.365,20.41,20.25,20.345,74595.0
2024-05-29 14:00:00+00:00,21.185,21.25,20.865,21.22,51517.0
2024-05-29 15:00:00+00:00,21.22,21.31,21.045,21.22,26296.0
2024-05-29 16:00:00+00:00,21.18,21.575,21.125,21.53,27639.0
2024-05-29 17:00:00+00:00,21.53,21.57,21.33,21.55,11638.0
2024-05-29 18:00:00+00:00,21.56,21.655,21.435,21.535,33104.0
2024-05-29 19:00:00+00:00,21.54,21.785,21.465,21.64,100584.0
2024-05-30 14:00:00+00:00,22.49,22.57,21.95,22.055,73588.0
2024-05-30 15:00:00+00:00,22.06,22.38,22.0,22.29,42960.0
2024-05-30 16:00:00+00:00,22.3,22.59,22.295,22.575,75439.0
2024-05-30 17:00:00+00:00,22.59,22.705,22.385,22.385,54316.0
2024-05-30 18:00:00+00:00,22.385,22.41,22.155,22.195,61632.0
2024-05-30 19:00:00+00:00,22.215,22.505,22.2,22.37,162284.0
2024-05-31 14:00:00+00:00,27.055,27.91,26.95,27.745,188039.0
2024-05-31 15:00:00+00:00,27.74,28.48,27.705,28.45,92835.0
2024-05-31 16:00:00+00:00,28.46,29.045,28.165,28.705,88344.0
2024-05-31 17:00:00+00:00,28.7,28.735,27.865,28.48,67409.0
2024-05-31 18:00:00+00:00,28.48,28.975,28.44,28.74,68521.0
2024-05-31 19:00:00+00:00,28.74,29.07,28.55,28.95,139966.0
2024-06-03 14:00:00+00:00,30.03,30.73,29.91,30.16,63373.0
2024-06-03 15:00:00+00:00,30.155,30.66,30.135,30.49,18461.0
2024-06-03 16:00:00+00:00,30.52,30.59,30.03,30.12,18882.0
2024-06-03 17:00:00+00:00,30.06,30.095,29.57,29.64,41087.0
2024-06-03 18:00:00+00:00,29.64,30.055,29.455,29.5,54309.0
2024-06-03 19:00:00+00:00,29.5,29.67,28.9,29.05,151342.0
2024-06-04 14:00:00+00:00,28.21,28.435,28.055,28.2,26857.0
2024-06-04 15:00:00+00:00,28.19,28.2,27.605,27.86,23837.0
2024-06-04 16:00:00+00:00,27.86,27.895,27.48,27.78,21207.0
2024-06-04 17:00:00+00:00,27.78,27.885,27.47,27.505,24020.0
2024-06-04 18:00:00+00:00,27.505,27.61,27.33,27.34,50995.0
2024-06-04 19:00:00+00:00,27.335,27.335,26.795,26.87,101829.0
2024-06-05 14:00:00+00:00,26.44,26.805,26.44,26.68,20415.0
2024-06-05 15:00:00+00:00,26.685,26.91,26.6,26.7,28074.0
2024-06-05 16:00:00+00:00,26.7,26.79,26.5,26.72,41618.0
2024-06-05 17:00:00+00:00,26.72,26.79,26.395,26.445,37594.0
2024-06-05 18:00:00+00:00,26.44,26.5,26.32,26.325,11360.0
2024-06-05 19:00:00+00:00,26.325,26.59,26.22,26.59,62114.0
2024-06-06 14:00:00+00:00,26.255,26.53,25.98,26.225,13381.0
2024-06-06 15:00:00+00:00,26.215,26.405,26.125,26.28,7329.0
2024-06-06 16:00:00+00:00,26.28,26.29,26.08,26.12,5317.0
2024-06-06 17:00:00+00:00,26.12,26.27,25.95,25.965,11279.0
2024-06-06 18:00:00+00:00,25.96,26.0,25.76,25.89,43040.0
2024-06-06 19:00:00+00:00,25.89,26.155,25.765,25.78,94856.0
2024-06-07 14:00:00+00:00,26.03,26.085,25.8,25.82,9953.0
2024-06-07 15:00:00+00:00,25.83,25.875,25.565,25.675,6712.0
2024-06-07 16:00:00+00:00,25.685,25.885,25.68,25.735,20092.0
2024-06-07 17:00:00+00:00,25.735,25.8,25.64,25.745,3605.0
2024-06-07 18:00:00+00:00,25.735,25.74,25.56,25.625,5226.0
2024-06-07 19:00:00+00:00,25.62,25.655,25.46,25.465,58926.0
2024-06-10 14:00:00+00:00,25.675,26.075,25.6,25.935,29097.0
2024-06-10 15:00:00+00:00,25.945,25.98,25.595,25.635,25359.0
2024-06-10 16:00:00+00:00,25.645,25.91,25.625,25.88,15187.0
2024-06-10 17:00:00+00:00,25.88,26.075,25.84,26.0,12955.0
2024-06-10 18:00:00+00:00,26.005,26.07,25.95,26.045,6861.0
2024-06-10 19:00:00+00:00,26.035,26.2,26.025,26.075,46893.0
2024-06-11 14:00:00+00:00,25.685,26.565,25.685,26.545,18150.0
2024-06-11 15:00:00+00:00,26.55,26.615,26.27,26.415,5267.0
2024-06-11 16:00:00+00:00,26.425,26.605,26.4,26.5,8466.0
2024-06-11 17:00:00+00:00,26.49,26.515,26.27,26.5,11145.0
2024-06-11 18:00:00+00:00,26.51,26.52,26.38,26.39,7925.0
2024-06-11 19:00:00+00:00,26.405,26.825,26.39,26.82,99524.0
2024-06-12 14:00:00+00:00,26.42,26.815,26.415,26.67,60947.0
2024-06-12 15:00:00+00:00,26.67,26.7,26.315,26.53,18494.0
2024-06-12 16:00:00+00:00,26.51,26.57,26.305,26.545,16465.0
2024-06-12 17:00:00+00:00,26.545,26.645,26.455,26.625,19904.0
2024-06-12 18:00:00+00:00,26.62,26.7,26.385,26.57,14838.0
2024-06-12 19:00:00+00:00,26.57,26.61,26.28,26.44,46004.0
2024-06-13 14:00:00+00:00,26.5,26.54,25.635,25.905,47126.0
2024-06-13 15:00:00+00:00,25.91,26.0,25.77,25.875,36211.0
2024-06-13 16:00:00+00:00,25.875,25.895,25.615,25.725,9776.0
2024-06-13 17:00:00+00:00,25.71,25.775,25.5,25.52,12878.0
2024-06-13 18:00:00+00:00,25.52,25.965,25.44,25.965,17075.0
2024-06-13 19:00:00+00:00,25.96,25.975,25.75,25.86,72671.0
2024-06-14 14:00:00+00:00,25.42,25.425,24.445,25.065,60196.0
2024-06-14 15:00:00+00:00,25.075,25.26,24.91,25.03,30775.0
2024-06-14 16:00:00+00:00,25.03,25.06,24.9,25.01,4672.0
2024-06-14 17:00:00+00:00,25.01,25.03,24.885,24.91,10188.0
2024-06-14 18:00:00+00:00,24.91,25.01,24.895,24.95,14164.0
2024-06-14 19:00:00+00:00,24.95,24.995,24.735,24.99,41365.0
2024-06-17 14:00:00+00:00,25.28,25.61,25.185,25.51,25083.0
2024-06-17 15:00:00+00:00,25.51,25.89,25.51,25.845,22646.0
2024-06-17 16:00:00+00:00,25.845,26.04,25.79,25.995,12724.0
2024-06-17 17:00:00+00:00,26.0,26.115,25.99,26.095,13129.0
2024-06-17 18:00:00+00:00,26.095,26.2,26.075,26.195,23921.0
2024-06-17 19:00:00+00:00,26.19,26.345,25.96,26.02,62938.0
2024-06-18 14:00:00+00:00,25.73,25.88,25.575,25.67,12042.0
2024-06-18 15:00:00+00:00,25.67,25.945,25.615,25.905,13162.0
2024-06-18 16:00:00+00:00,25.89,25.965,25.815,25.905,6866.0
2024-06-18 17:00:00+00:00,25.895,26.005,25.85,25.915,9075.0
2024-06-18 18:00:00+00:00,25.91,26.05,25.84,26.01,17212.0
2024-06-18 19:00:00+00:00,26.01,26.035,25.75,25.825,29357.0
2024-06-19 14:00:00+00:00,25.825,25.825,25.825,25.825,0.0
2024-06-19 15:00:00+00:00,25.825,25.825,25.825,25.825,0.0
2024-06-19 16:00:00+00:00,25.825,25.825,25.825,25.825,0.0
2024-06-19 17:00:00+00:00,25.825,25.825,25.825,25.825,0.0
2024-06-19 18:00:00+00:00,25.825,25.825,25.825,25.825,0.0
2024-06-19 19:00:00+00:00,25.825,25.825,25.825,25.825,0.0
2024-06-20 14:00:00+00:00,25.47,25.625,25.31,25.475,11335.0
2024-06-20 15:00:00+00:00,25.48,25.56,25.28,25.29,15829.0
2024-06-20 16:00:00+00:00,25.29,25.37,25.005,25.16,16959.0
2024-06-20 17:00:00+00:00,25.16,25.27,24.975,25.26,18271.0
2024-06-20 18:00:00+00:00,25.275,25.42,25.17,25.34,8915.0
2024-06-20 19:00:00+00:00,25.33,25.38,25.13,25.21,35994.0
2024-06-21 14:00:00+00:00,25.07,25.165,24.81,24.925,13242.0
2024-06-21 15:00:00+00:00,24.925,24.97,24.72,24.77,11943.0
2024-06-21 16:00:00+00:00,24.77,24.805,24.55,24.575,12884.0
2024-06-21 17:00:00+00:00,24.58,24.595,24.355,24.4,13480.0
2024-06-21 18:00:00+00:00,24.39,24.51,24.31,24.38,14081.0
2024-06-21 19:00:00+00:00,24.38,24.745,24.38,24.64,51354.0
2024-06-24 14:00:00+00:00,25.005,25.145,24.745,24.915,12783.0
2024-06-24 15:00:00+00:00,24.92,24.985,24.58,24.59,10946.0
2024-06-24 16:00:00+00:00,24.59,24.775,24.57,24.635,9464.0
2024-06-24 17:00:00+00:00,24.635,24.65,24.5,24.59,8220.0
2024-06-24 18:00:00+00:00,24.59,24.81,24.565,24.75,7925.0
2024-06-24 19:00:00+00:00,24.755,24.98,24.75,24.795,50945.0
2024-06-25 14:00:00+00:00,25.355,25.57,24.935,24.955,19398.0
2024-06-25 15:00:00+00:00,24.955,25.025,24.78,24.8,11206.0
2024-06-25 16:00:00+00:00,24.8,24.87,24.62,24.64,7977.0
2024-06-25 17:00:00+00:00,24.65,24.745,24.56,24.69,9358.0
2024-06-25 18:00:00+00:00,24.695,24.76,24.575,24.755,22907.0
2024-06-25 19:00:00+00:00,24.75,24.76,24.56,24.635,64561.0
2024-06-26 14:00:00+00:00,24.745,24.83,24.45,24.59,8501.0
2024-06-26 15:00:00+00:00,24.58,24.59,24.38,24.39,6250.0
2024-06-26 16:00:00+00:00,24.39,24.495,24.25,24.475,19226.0
2024-06-26 17:00:00+00:00,24.475,24.49,24.36,24.4,2870.0
2024-06-26 18:00:00+00:00,24.4,24.41,24.31,24.365,4493.0
2024-06-26 19:00:00+00:00,24.36,24.5,24.295,24.455,40582.0
2024-06-27 14:00:00+00:00,23.82,24.115,23.74,24.03,18167.0
2024-06-27 15:00:00+00:00,24.025,24.045,23.87,24.005,4378.0
2024-06-27 16:00:00+00:00,24.005,24.02,23.86,23.86,4626.0
2024-06-27 17:00:00+00:00,23.87,23.905,23.765,23.82,4261.0
2024-06-27 18:00:00+00:00,23.82,23.905,23.72,23.89,6993.0
2024-06-27 19:00:00+00:00,23.88,24.14,23.845,24.02,61534.0
2024-06-28 14:00:00+00:00,23.88,24.12,23.76,24.02,15082.0
2024-06-28 15:00:00+00:00,24.02,24.03,23.805,24.015,18007.0
2024-06-28 16:00:00+00:00,24.015,24.015,23.765,23.78,11473.0
2024-06-28 17:00:00+00:00,23.775,23.855,23.675,23.71,15922.0
2024-06-28 18:00:00+00:00,23.71,23.74,23.645,23.69,14046.0
2024-06-28 19:00:00+00:00,23.685,23.905,23.635,23.87,45497.0
2024-07-01 14:00:00+00:00,23.57,23.58,23.335,23.395,16518.0
2024-07-01 15:00:00+00:00,23.39,23.46,23.33,23.37,8538.0
2024-07-01 16:00:00+00:00,23.37,23.39,23.255,23.305,14730.0
2024-07-01 17:00:00+00:00,23.305,23.44,23.22,23.365,16880.0
2024-07-01 18:00:00+00:00,23.365,23.475,23.195,23.225,21910.0
2024-07-01 19:00:00+00:00,23.21,23.315,23.18,23.28,54248.0
2024-07-02 14:00:00+00:00,23.19,23.245,22.86,22.945,11870.0
2024-07-02 15:00:00+00:00,22.945,23.01,22.86,22.89,8210.0
2024-07-02 16:00:00+00:00,22.895,23.01,22.88,22.985,11404.0
2024-07-02 17:00:00+00:00,23.0,23.12,22.97,23.0,18369.0
2024-07-02 18:00:00+00:00,23.0,23.04,22.95,23.03,11835.0
2024-07-02 19:00:00+00:00,23.03,23.13,22.94,22.99,46164.0
2024-07-03 14:00:00+00:00,23.54,23.96,23.51,23.85,23307.0
2024-07-03 15:00:00+00:00,23.85,23.85,23.685,23.795,27439.0
2024-07-03 16:00:00+00:00,23.8,23.87,23.625,23.86,39231.0
2024-07-03 17:00:00+00:00,23.86,23.86,23.86,23.86,0.0
2024-07-03 18:00:00+00:00,23.86,23.86,23.86,23.86,0.0
2024-07-03 19:00:00+00:00,23.86,23.86,23.86,23.86,0.0
2024-07-04 14:00:00+00:00,23.86,23.86,23.86,23.86,0.0
2024-07-04 15:00:00+00:00,23.86,23.86,23.86,23.86,0.0
2024-07-04 16:00:00+00:00,23.86,23.86,23.86,23.86,0.0
2024-07-04 17:00:00+00:00,23.86,23.86,23.86,23.86,0.0
2024-07-04 18:00:00+00:00,23.86,23.86,23.86,23.86,0.0
2024-07-04 19:00:00+00:00,23.86,23.86,23.86,23.86,0.0
2024-07-05 14:00:00+00:00,24.055,24.115,23.44,23.465,23583.0
2024-07-05 15:00:00+00:00,23.465,23.6,23.3,23.35,17890.0
2024-07-05 16:00:00+00:00,23.345,23.39,23.28,23.31,10307.0
2024-07-05 17:00:00+00:00,23.31,23.335,23.235,23.295,16270.0
2024-07-05 18:00:00+00:00,23.295,23.415,23.225,23.3,23603.0
2024-07-05 19:00:00+00:00,23.3,23.37,23.235,23.29,56369.0
2024-07-08 14:00:00+00:00,23.68,23.71,23.455,23.585,20981.0
2024-07-08 15:00:00+00:00,23.595,23.64,23.23,23.3,15786.0
2024-07-08 16:00:00+00:00,23.31,23.435,23.295,23.42,11563.0
2024-07-08 17:00:00+00:00,23.415,23.42,23.265,23.29,7930.0
2024-07-08 18:00:00+00:00,23.29,23.34,23.245,23.315,10675.0
2024-07-08 19:00:00+00:00,23.325,23.425,23.2,23.425,40356.0
2024-07-09 14:00:00+00:00,23.56,23.65,23.385,23.41,22088.0
2024-07-09 15:00:00+00:00,23.41,23.53,23.41,23.47,24195.0
2024-07-09 16:00:00+00:00,23.475,23.635,23.475,23.625,13442.0
2024-07-09 17:00:00+00:00,23.635,23.835,23.595,23.775,21080.0
2024-07-09 18:00:00+00:00,23.755,23.76,23.45,23.55,35481.0
2024-07-09 19:00:00+00:00,23.55,23.635,23.255,23.27,78818.0
2024-07-10 14:00:00+00:00,23.38,23.525,23.065,23.085,23082.0
2024-07-10 15:00:00+00:00,23.075,23.205,23.005,23.08,19133.0
2024-07-10 16:00:00+00:00,23.08,23.255,23.045,23.185,15101.0
2024-07-10 17:00:00+00:00,23.185,23.19,23.015,23.1,15033.0
2024-07-10 18:00:00+00:00,23.1,23.11,22.92,22.99,17248.0
2024-07-10 19:00:00+00:00,22.99,23.02,22.57,22.66,60640.0
2024-07-11 14:00:00+00:00,23.74,24.03,23.7,23.875,20924.0
2024-07-11 15:00:00+00:00,23.875,24.105,23.815,24.015,26390.0
2024-07-11 16:00:00+00:00,24.01,24.18,23.875,24.09,16424.0
2024-07-11 17:00:00+00:00,24.09,24.31,24.065,24.195,16174.0
2024-07-11 18:00:00+00:00,24.175,24.325,24.09,24.315,29339.0
2024-07-11 19:00:00+00:00,24.315,24.375,24.255,24.3,64696.0
2024-07-12 14:00:00+00:00,24.375,24.53,24.255,24.43,17902.0
2024-07-12 15:00:00+00:00,24.435,24.605,24.36,24.465,15394.0
2024-07-12 16:00:00+00:00,24.465,24.55,24.295,24.295,10031.0
2024-07-12 17:00:00+00:00,24.285,24.3,24.065,24.065,9777.0
2024-07-12 18:00:00+00:00,24.065,24.1,24.01,24.06,9172.0
2024-07-12 19:00:00+00:00,24.055,24.16,23.93,23.975,31386.0
2024-07-15 14:00:00+00:00,23.15,23.27,22.8,23.02,40306.0
2024-07-15 15:00:00+00:00,23.015,23.23,23.01,23.075,46113.0
2024-07-15 16:00:00+00:00,23.08,23.15,22.945,23.035,16071.0
2024-07-15 17:00:00+00:00,23.04,23.04,22.82,22.88,17587.0
2024-07-15 18:00:00+00:00,22.88,22.985,22.83,22.96,18645.0
2024-07-15 19:00:00+00:00,22.955,23.065,22.915,22.96,90858.0
2024-07-16 14:00:00+00:00,23.58,23.69,23.43,23.615,17603.0
2024-07-16 15:00:00+00:00,23.61,23.745,23.485,23.69,16061.0
2024-07-16 16:00:00+00:00,23.695,23.795,23.655,23.795,13252.0
2024-07-16 17:00:00+00:00,23.79,24.085,23.78,23.96,23411.0
2024-07-16 18:00:00+00:00,23.965,24.135,23.945,24.075,19654.0
2024-07-16 19:00:00+00:00,24.08,24.18,24.02,24.075,38707.0
2024-07-17 14:00:00+00:00,23.95,23.96,23.39,23.7,27116.0
2024-07-17 15:00:00+00:00,23.7,23.86,23.635,23.69,32171.0
2024-07-17 16:00:00+00:00,23.69,23.7,23.46,23.59,15451.0
2024-07-17 17:00:00+00:00,23.59,23.59,23.34,23.38,21692.0
2024-07-17 18:00:00+00:00,23.385,23.385,23.095,23.1,22601.0
2024-07-17 19:00:00+00:00,23.1,23.125,22.915,22.945,84398.0
2024-07-18 14:00:00+00:00,23.34,23.44,22.67,22.785,22156.0
2024-07-18 15:00:00+00:00,22.785,22.85,22.62,22.725,42823.0
2024-07-18 16:00:00+00:00,22.715,23.005,22.665,22.995,19405.0
2024-07-18 17:00:00+00:00,22.995,23.065,22.815,22.83,22736.0
2024-07-18 18:00:00+00:00,22.83,22.885,22.64,22.695,20329.0
2024-07-18 19:00:00+00:00,22.7,22.845,22.625,22.83,56506.0
2024-07-19 14:00:00+00:00,22.84,22.935,22.775,22.865,34865.0
2024-07-19 15:00:00+00:00,22.865,22.93,22.635,22.855,31471.0
2024-07-19 16:00:00+00:00,22.855,22.94,22.735,22.825,19642.0
2024-07-19 17:00:00+00:00,22.825,22.935,22.78,22.885,36248.0
2024-07-19 18:00:00+00:00,22.885,22.9,22.68,22.805,33349.0
2024-07-19 19:00:00+00:00,22.805,22.885,22.64,22.655,94217.0
2024-07-22 14:00:00+00:00,21.88,22.06,21.675,21.905,50882.0
2024-07-22 15:00:00+00:00,21.905,22.02,21.77,21.83,31341.0
2024-07-22 16:00:00+00:00,21.835,22.1,21.755,22.02,24623.0
2024-07-22 17:00:00+00:00,22.02,22.12,21.875,21.885,18744.0
2024-07-22 18:00:00+00:00,21.885,21.96,21.79,21.79,23966.0
2024-07-22 19:00:00+00:00,21.785,21.99,21.705,21.905,65517.0
2024-07-23 14:00:00+00:00,21.91,22.155,21.845,21.91,18002.0
2024-07-23 15:00:00+00:00,21.91,22.08,21.855,22.02,13369.0
2024-07-23 16:00:00+00:00,22.025,22.245,21.99,22.14,20703.0
2024-07-23 17:00:00+00:00,22.135,22.195,21.95,21.985,11723.0
2024-07-23 18:00:00+00:00,21.99,22.165,21.99,22.1,23261.0
2024-07-23 19:00:00+00:00,22.1,22.175,22.01,22.01,64214.0
2024-07-24 14:00:00+00:00,21.4,21.485,21.24,21.42,30077.0
2024-07-24 15:00:00+00:00,21.42,21.61,21.34,21.54,20514.0
2024-07-24 16:00:00+00:00,21.545,21.56,21.385,21.44,19502.0
2024-07-24 17:00:00+00:00,21.44,21.52,21.38,21.385,22717.0
2024-07-24 18:00:00+00:00,21.385,21.405,21.205,21.275,57900.0
2024-07-24 19:00:00+00:00,21.275,21.43,21.205,21.325,112133.0
2024-07-25 14:00:00+00:00,21.18,21.42,21.035,21.42,27523.0
2024-07-25 15:00:00+00:00,21.425,21.51,21.4,21.5,6105.0
2024-07-25 16:00:00+00:00,21.5,21.69,21.475,21.545,8260.0
2024-07-25 17:00:00+00:00,21.55,21.645,21.305,21.315,11515.0
2024-07-25 18:00:00+00:00,21.315,21.365,21.14,21.16,14450.0
2024-07-25 19:00:00+00:00,21.17,21.31,21.09,21.09,43467.0
2024-07-26 14:00:00+00:00,21.31,21.42,21.06,21.115,25574.0
2024-07-26 15:00:00+00:00,21.11,21.31,21.05,21.3,8929.0
2024-07-26 16:00:00+00:00,21.29,21.47,21.29,21.4,3037.0
2024-07-26 17:00:00+00:00,21.405,21.41,21.175,21.25,5960.0
2024-07-26 18:00:00+00:00,21.25,21.39,21.235,21.25,3506.0
2024-07-26 19:00:00+00:00,21.25,21.44,21.235,21.435,23120.0
2024-07-29 14:00:00+00:00,21.775,22.195,21.765,22.1,25219.0
2024-07-29 15:00:00+00:00,22.105,22.315,21.95,22.265,28641.0
2024-07-29 16:00:00+00:00,22.265,22.41,22.2,22.36,16770.0
2024-07-29 17:00:00+00:00,22.36,22.4,22.17,22.34,11586.0
2024-07-29 18:00:00+00:00,22.34,22.4,22.29,22.325,13416.0
2024-07-29 19:00:00+00:00,22.33,22.485,22.22,22.25,98844.0
2024-07-30 14:00:00+00:00,21.975,22.395,21.975,22.35,23097.0
2024-07-30 15:00:00+00:00,22.355,22.42,22.23,22.41,20047.0
2024-07-30 16:00:00+00:00,22.41,22.465,22.265,22.27,13022.0
2024-07-30 17:00:00+00:00,22.275,22.335,22.195,22.315,20006.0
2024-07-30 18:00:00+00:00,22.315,22.73,22.3,22.64,26126.0
2024-07-30 19:00:00+00:00,22.645,22.825,22.57,22.81,104679.0
2024-07-31 14:00:00+00:00,23.02,23.445,22.9,23.425,31209.0
2024-07-31 15:00:00+00:00,23.42,23.69,23.41,23.64,27092.0
2024-07-31 16:00:00+00:00,23.64,23.86,23.55,23.69,27229.0
2024-07-31 17:00:00+00:00,23.685,23.755,23.41,23.475,14608.0
2024-07-31 18:00:00+00:00,23.415,24.075,23.415,24.075,31595.0
2024-07-31 19:00:00+00:00,24.07,24.12,23.365,23.49,92402.0
2024-08-01 14:00:00+00:00,24.03,24.03,23.39,23.415,17729.0
2024-08-01 15:00:00+00:00,23.415,23.435,23.12,23.14,10476.0
2024-08-01 16:00:00+00:00,23.14,23.235,22.96,23.105,17961.0
2024-08-01 17:00:00+00:00,23.105,23.105,22.775,22.975,15436.0
2024-08-01 18:00:00+00:00,22.98,23.045,22.78,22.815,17356.0
2024-08-01 19:00:00+00:00,22.815,23.245,22.765,23.23,75069.0
2024-08-02 14:00:00+00:00,22.03,22.03,21.31,21.6,52775.0
2024-08-02 15:00:00+00:00,21.6,21.755,21.39,21.7,53945.0
2024-08-02 16:00:00+00:00,21.7,21.72,21.505,21.59,18563.0
2024-08-02 17:00:00+00:00,21.585,21.71,21.455,21.57,24844.0
2024-08-02 18:00:00+00:00,21.565,21.655,21.495,21.58,20859.0
2024-08-02 19:00:00+00:00,21.59,21.71,21.5,21.69,61728.0
2024-08-05 14:00:00+00:00,20.31,20.85,20.31,20.81,31165.0
2024-08-05 15:00:00+00:00,20.81,21.25,20.74,21.12,34290.0
2024-08-05 16:00:00+00:00,21.12,21.325,21.105,21.16,15206.0
2024-08-05 17:00:00+00:00,21.16,21.48,21.14,21.235,14024.0
2024-08-05 18:00:00+00:00,21.24,21.25,21.0,21.01,9431.0
2024-08-05 19:00:00+00:00,21.02,21.21,20.975,21.05,35467.0
2024-08-06 14:00:00+00:00,21.34,21.565,21.16,21.18,24650.0
2024-08-06 15:00:00+00:00,21.18,21.285,21.03,21.265,16335.0
2024-08-06 16:00:00+00:00,21.28,21.52,21.275,21.485,14231.0
2024-08-06 17:00:00+00:00,21.485,21.92,21.475,21.75,30855.0
2024-08-06 18:00:00+00:00,21.75,21.83,21.625,21.625,22035.0
2024-08-06 19:00:00+00:00,21.63,21.795,21.43,21.43,42810.0
2024-08-07 14:00:00+00:00,21.66,21.88,21.59,21.83,20960.0
2024-08-07 15:00:00+00:00,21.83,21.96,21.475,21.53,12263.0
2024-08-07 16:00:00+00:00,21.53,21.53,21.22,21.385,21703.0
2024-08-07 17:00:00+00:00,21.38,21.39,20.865,20.895,21682.0
2024-08-07 18:00:00+00:00,20.895,20.955,20.75,20.81,25255.0
2024-08-07 19:00:00+00:00,20.805,21.005,20.57,20.655,66524.0
2024-08-08 14:00:00+00:00,21.355,21.635,21.31,21.48,14664.0
2024-08-08 15:00:00+00:00,21.485,21.68,21.395,21.635,13406.0
2024-08-08 16:00:00+00:00,21.625,21.795,21.61,21.765,14659.0
2024-08-08 17:00:00+00:00,21.765,21.91,21.71,21.76,13651.0
2024-08-08 18:00:00+00:00,21.76,21.8,21.625,21.78,8392.0
2024-08-08 19:00:00+00:00,21.77,21.955,21.745,21.83,52109.0
2024-08-09 14:00:00+00:00,21.64,22.1,21.61,22.01,28976.0
2024-08-09 15:00:00+00:00,22.03,22.11,21.925,21.97,20303.0
2024-08-09 16:00:00+00:00,21.98,22.24,21.94,22.24,18725.0
2024-08-09 17:00:00+00:00,22.24,22.465,22.23,22.3,21554.0
2024-08-09 18:00:00+00:00,22.305,22.355,22.22,22.35,13863.0
2024-08-09 19:00:00+00:00,22.35,22.655,22.345,22.65,81062.0
2024-08-12 14:00:00+00:00,22.185,22.37,22.105,22.235,48615.0
2024-08-12 15:00:00+00:00,22.235,22.305,21.975,22.26,56854.0
2024-08-12 16:00:00+00:00,22.26,22.345,22.145,22.26,10066.0
2024-08-12 17:00:00+00:00,22.26,22.38,22.19,22.325,7755.0
2024-08-12 18:00:00+00:00,22.33,22.345,22.11,22.12,11860.0
2024-08-12 19:00:00+00:00,22.12,22.195,22.05,22.145,42262.0
2024-08-13 14:00:00+00:00,22.635,22.715,22.24,22.625,40542.0
2024-08-13 15:00:00+00:00,22.625,22.735,22.535,22.71,22765.0
2024-08-13 16:00:00+00:00,22.71,22.92,22.69,22.865,16662.0
2024-08-13 17:00:00+00:00,22.865,22.895,22.78,22.85,12221.0
2024-08-13 18:00:00+00:00,22.85,22.955,22.805,22.885,8287.0
2024-08-13 19:00:00+00:00,22.885,23.12,22.8,23.11,40384.0
2024-08-14 14:00:00+00:00,22.475,22.49,22.04,22.22,37271.0
2024-08-14 15:00:00+00:00,22.22,22.52,22.115,22.515,20232.0
2024-08-14 16:00:00+00:00,22.51,22.67,22.35,22.39,24905.0
2024-08-14 17:00:00+00:00,22.38,22.585,22.26,22.53,20766.0
2024-08-14 18:00:00+00:00,22.505,22.635,22.37,22.62,16126.0
2024-08-14 19:00:00+00:00,22.62,22.82,22.605,22.715,51032.0
2024-08-15 14:00:00+00:00,23.91,24.03,23.795,23.88,42144.0
2024-08-15 15:00:00+00:00,23.87,24.175,23.835,24.165,51753.0
2024-08-15 16:00:00+00:00,24.165,24.25,24.015,24.035,29119.0
2024-08-15 17:00:00+00:00,24.035,24.26,24.01,24.175,30052.0
2024-08-15 18:00:00+00:00,24.165,24.28,24.04,24.11,29984.0
2024-08-15 19:00:00+00:00,24.115,24.34,24.09,24.235,63615.0
2024-08-16 14:00:00+00:00,24.16,24.245,23.99,24.08,22040.0
2024-08-16 15:00:00+00:00,24.08,24.36,24.045,24.29,16041.0
2024-08-16 16:00:00+00:00,24.29,24.485,24.21,24.315,18365.0
2024-08-16 17:00:00+00:00,24.32,24.5,24.27,24.39,19042.0
2024-08-16 18:00:00+00:00,24.395,24.455,24.265,24.395,34120.0
2024-08-16 19:00:00+00:00,24.395,24.4,24.2,24.2,36950.0
2024-08-19 14:00:00+00:00,23.995,24.045,23.675,23.915,25547.0
2024-08-19 15:00:00+00:00,23.925,23.945,23.64,23.675,22769.0
2024-08-19 16:00:00+00:00,23.68,23.92,23.635,23.845,19210.0
2024-08-19 17:00:00+00:00,23.845,23.885,23.59,23.65,9621.0
2024-08-19 18:00:00+00:00,23.65,23.72,23.59,23.625,12723.0
2024-08-19 19:00:00+00:00,23.625,23.7,23.515,23.695,47085.0
2024-08-20 14:00:00+00:00,24.005,24.09,23.59,23.59,16531.0
2024-08-20 15:00:00+00:00,23.59,23.615,23.46,23.54,9114.0
2024-08-20 16:00:00+00:00,23.54,23.6,23.33,23.38,8568.0
2024-08-20 17:00:00+00:00,23.38,23.46,23.35,23.445,12005.0
2024-08-20 18:00:00+00:00,23.445,23.48,23.315,23.385,19034.0
2024-08-20 19:00:00+00:00,23.38,23.615,23.35,23.525,53358.0
2024-08-21 14:00:00+00:00,24.295,24.345,23.77,24.045,35863.0
2024-08-21 15:00:00+00:00,24.045,24.28,23.995,24.265,25377.0
2024-08-21 16:00:00+00:00,24.265,24.39,24.165,24.36,30425.0
2024-08-21 17:00:00+00:00,24.37,24.45,24.27,24.38,29456.0
2024-08-21 18:00:00+00:00,24.415,24.45,24.33,24.4,35180.0
2024-08-21 19:00:00+00:00,24.4,24.65,24.375,24.605,104042.0
2024-08-22 14:00:00+00:00,24.605,24.605,24.605,24.605,0.0
2024-08-22 15:00:00+00:00,24.605,24.605,24.605,24.605,0.0
2024-08-22 16:00:00+00:00,24.605,24.605,24.605,24.605,0.0
2024-08-22 17:00:00+00:00,24.605,24.605,24.02,24.15,10621.0
2024-08-22 18:00:00+00:00,24.19,24.5,24.155,24.46,8793.0
2024-08-22 19:00:00+00:00,24.43,24.515,24.335,24.515,38062.0
2024-08-23 14:00:00+00:00,25.14,25.31,24.64,24.785,45064.0
2024-08-23 15:00:00+00:00,24.77,24.93,24.715,24.715,21780.0
2024-08-23 16:00:00+00:00,24.72,24.93,24.62,24.77,23462.0
2024-08-23 17:00:00+00:00,24.77,24.855,24.54,24.63,25233.0
2024-08-23 18:00:00+00:00,24.63,24.765,24.36,24.41,27143.0
2024-08-23 19:00:00+00:00,24.41,24.665,24.38,24.6,25408.0
2024-08-26 14:00:00+00:00,24.42,24.45,23.915,24.02,24081.0
2024-08-26 15:00:00+00:00,24.02,24.07,23.675,23.72,34755.0
2024-08-26 16:00:00+00:00,23.7,23.83,23.61,23.635,18198.0
2024-08-26 17:00:00+00:00,23.64,23.73,23.535,23.6,19794.0
2024-08-26 18:00:00+00:00,23.59,23.65,23.465,23.495,27828.0
2024-08-26 19:00:00+00:00,23.485,23.545,23.315,23.345,55999.0
2024-08-27 14:00:00+00:00,23.145,23.54,23.145,23.525,33622.0
2024-08-27 15:00:00+00:00,23.53,23.715,23.495,23.565,18893.0
2024-08-27 16:00:00+00:00,23.565,23.63,23.505,23.575,20061.0
2024-08-27 17:00:00+00:00,23.575,23.71,23.55,23.66,16869.0
2024-08-27 18:00:00+00:00,23.655,23.67,23.415,23.445,21051.0
2024-08-27 19:00:00+00:00,23.455,23.585,23.265,23.29,75435.0
2024-08-28 14:00:00+00:00,22.825,22.915,22.55,22.62,21319.0
2024-08-28 15:00:00+00:00,22.62,22.66,22.455,22.52,25721.0
2024-08-28 16:00:00+00:00,22.505,22.55,22.4,22.465,30229.0
2024-08-28 17:00:00+00:00,22.46,22.52,22.3,22.365,24041.0
2024-08-28 18:00:00+00:00,22.37,22.535,22.31,22.52,33182.0
2024-08-28 19:00:00+00:00,22.52,22.565,22.275,22.435,70404.0
2024-08-29 14:00:00+00:00,22.24,22.24,22.24,22.24,0.0
2024-08-29 15:00:00+00:00,22.24,23.27,22.24,22.935,105202.0
2024-08-29 16:00:00+00:00,22.93,23.24,22.77,22.915,66797.0
2024-08-29 17:00:00+00:00,22.915,23.11,22.865,23.085,41808.0
2024-08-29 18:00:00+00:00,23.085,23.14,22.83,23.035,44899.0
2024-08-29 19:00:00+00:00,23.035,23.21,22.78,22.82,131450.0
2024-08-30 14:00:00+00:00,22.15,22.505,21.82,22.27,51726.0
2024-08-30 15:00:00+00:00,22.26,22.545,22.185,22.49,27738.0
2024-08-30 16:00:00+00:00,22.49,22.615,22.325,22.36,30764.0
2024-08-30 17:00:00+00:00,22.36,22.42,22.16,22.405,32944.0
2024-08-30 18:00:00+00:00,22.405,22.545,22.38,22.45,38565.0
2024-08-30 19:00:00+00:00,22.455,22.5,22.07,22.435,96712.0
2024-09-02 14:00:00+00:00,22.435,22.435,22.435,22.435,0.0
2024-09-02 15:00:00+00:00,22.435,22.435,22.435,22.435,0.0
2024-09-02 16:00:00+00:00,22.435,22.435,22.435,22.435,0.0
2024-09-02 17:00:00+00:00,22.435,22.435,22.435,22.435,0.0
2024-09-02 18:00:00+00:00,22.435,22.435,22.435,22.435,0.0
2024-09-02 19:00:00+00:00,22.435,22.435,22.435,22.435,0.0
2024-09-03 14:00:00+00:00,22.405,22.85,22.15,22.76,22010.0
2024-09-03 15:00:00+00:00,22.77,22.77,22.605,22.675,13697.0
2024-09-03 16:00:00+00:00,22.675,22.905,22.575,22.865,11368.0
2024-09-03 17:00:00+00:00,22.875,23.06,22.85,22.95,11157.0
2024-09-03 18:00:00+00:00,22.96,22.96,22.555,22.595,21336.0
2024-09-03 19:00:00+00:00,22.595,22.835,22.56,22.82,73408.0
2024-09-04 14:00:00+00:00,22.76,22.79,22.48,22.635,35652.0
2024-09-04 15:00:00+00:00,22.64,22.66,22.38,22.435,32445.0
2024-09-04 16:00:00+00:00,22.435,22.59,22.41,22.435,15668.0
2024-09-04 17:00:00+00:00,22.435,22.445,22.305,22.305,20718.0
2024-09-04 18:00:00+00:00,22.295,22.295,22.175,22.175,17906.0
2024-09-04 19:00:00+00:00,22.16,22.355,22.015,22.35,63122.0
2024-09-05 14:00:00+00:00,22.13,22.235,21.835,21.95,34243.0
2024-09-05 15:00:00+00:00,21.95,21.965,21.61,21.655,13496.0
2024-09-05 16:00:00+00:00,21.645,21.655,21.49,21.63,19121.0
2024-09-05 17:00:00+00:00,21.63,21.64,21.465,21.575,9290.0
2024-09-05 18:00:00+00:00,21.585,21.59,21.47,21.475,12576.0
2024-09-05 19:00:00+00:00,21.465,21.485,21.26,21.35,29748.0
2024-09-06 14:00:00+00:00,20.61,20.645,20.14,20.18,59332.0
2024-09-06 15:00:00+00:00,20.18,20.46,19.985,20.045,43061.0
2024-09-06 16:00:00+00:00,20.06,20.295,20.05,20.23,26035.0
2024-09-06 17:00:00+00:00,20.21,20.25,20.005,20.065,54957.0
2024-09-06 18:00:00+00:00,20.065,20.07,19.91,19.955,30146.0
2024-09-06 19:00:00+00:00,19.955,20.125,19.94,20.02,62197.0
2024-09-09 14:00:00+00:00,20.205,20.3,20.02,20.07,46881.0
2024-09-09 15:00:00+00:00,20.07,20.19,19.98,20.14,31023.0
2024-09-09 16:00:00+00:00,20.14,20.25,20.12,20.13,46557.0
2024-09-09 17:00:00+00:00,20.13,20.25,19.945,19.97,26272.0
2024-09-09 18:00:00+00:00,19.97,19.975,19.725,19.775,31132.0
2024-09-09 19:00:00+00:00,19.77,19.8,19.685,19.75,54982.0
2024-09-10 14:00:00+00:00,19.35,19.56,19.235,19.42,21014.0
2024-09-10 15:00:00+00:00,19.425,19.615,19.395,19.43,29551.0
2024-09-10 16:00:00+00:00,19.425,19.515,19.33,19.355,41798.0
2024-09-10 17:00:00+00:00,19.355,19.48,19.23,19.325,26501.0
2024-09-10 18:00:00+00:00,19.325,19.59,19.325,19.445,18364.0
2024-09-10 19:00:00+00:00,19.44,19.535,19.385,19.425,68596.0
2024-09-11 14:00:00+00:00,19.855,19.86,19.45,19.625,27539.0
2024-09-11 15:00:00+00:00,19.625,19.68,19.47,19.51,47686.0
2024-09-11 16:00:00+00:00,19.51,19.575,19.375,19.55,43841.0
2024-09-11 17:00:00+00:00,19.55,19.805,19.535,19.655,40932.0
2024-09-11 18:00:00+00:00,19.655,19.84,19.6,19.78,29722.0
2024-09-11 19:00:00+00:00,19.775,19.955,19.71,19.915,78478.0
2024-09-12 14:00:00+00:00,20.125,20.7,20.125,20.485,42779.0
2024-09-12 15:00:00+00:00,20.52,20.52,20.27,20.36,17085.0
2024-09-12 16:00:00+00:00,20.36,20.495,20.34,20.495,11315.0
2024-09-12 17:00:00+00:00,20.49,20.62,20.41,20.565,15976.0
2024-09-12 18:00:00+00:00,20.565,20.605,20.28,20.4,12906.0
2024-09-12 19:00:00+00:00,20.4,20.675,20.39,20.54,76030.0
2024-09-13 14:00:00+00:00,21.075,21.435,20.87,21.205,48735.0
2024-09-13 15:00:00+00:00,21.2,21.32,20.97,21.32,22730.0
2024-09-13 16:00:00+00:00,21.315,21.4,21.195,21.235,12155.0
2024-09-13 17:00:00+00:00,21.245,21.38,21.235,21.27,13389.0
2024-09-13 18:00:00+00:00,21.27,21.33,21.15,21.17,23381.0
2024-09-13 19:00:00+00:00,21.17,21.32,21.1,21.19,63432.0
2024-09-16 14:00:00+00:00,20.755,20.78,20.315,20.46,32338.0
2024-09-16 15:00:00+00:00,20.455,20.57,20.395,20.535,17309.0
2024-09-16 16:00:00+00:00,20.535,20.81,20.53,20.73,11101.0
2024-09-16 17:00:00+00:00,20.73,20.77,20.57,20.635,24147.0
2024-09-16 18:00:00+00:00,20.635,20.655,20.535,20.565,29286.0
2024-09-16 19:00:00+00:00,20.565,20.57,20.375,20.415,48434.0
2024-09-17 14:00:00+00:00,20.37,20.63,20.345,20.435,29931.0
2024-09-17 15:00:00+00:00,20.44,20.48,20.275,20.33,14835.0
2024-09-17 16:00:00+00:00,20.33,20.345,19.97,20.015,18460.0
2024-09-17 17:00:00+00:00,20.01,20.235,20.005,20.18,22660.0
2024-09-17 18:00:00+00:00,20.185,20.185,20.07,20.155,16247.0
2024-09-17 19:00:00+00:00,20.15,20.19,19.97,20.025,82810.0
2024-09-18 14:00:00+00:00,20.245,20.305,20.05,20.095,17663.0
2024-09-18 15:00:00+00:00,20.105,20.27,20.025,20.13,16984.0
2024-09-18 16:00:00+00:00,20.135,20.295,20.05,20.23,11199.0
2024-09-18 17:00:00+00:00,20.23,20.32,20.17,20.25,17226.0
2024-09-18 18:00:00+00:00,20.25,20.92,20.235,20.515,28261.0
2024-09-18 19:00:00+00:00,20.49,20.62,20.095,20.135,26511.0
2024-09-19 14:00:00+00:00,20.51,20.57,20.38,20.56,16982.0
2024-09-19 15:00:00+00:00,20.565,20.795,20.565,20.62,45159.0
2024-09-19 16:00:00+00:00,20.61,20.855,20.61,20.825,16595.0
2024-09-19 17:00:00+00:00,20.825,20.835,20.2,20.435,48819.0
2024-09-19 18:00:00+00:00,20.44,20.51,20.27,20.505,45813.0
2024-09-19 19:00:00+00:00,20.505,20.52,20.32,20.48,69215.0
2024-09-20 14:00:00+00:00,20.245,20.3,20.075,20.1,26874.0
2024-09-20 15:00:00+00:00,20.1,20.33,20.09,20.29,11089.0
2024-09-20 16:00:00+00:00,20.285,20.315,20.19,20.3,21259.0
2024-09-20 17:00:00+00:00,20.295,20.36,20.2,20.225,19503.0
2024-09-20 18:00:00+00:00,20.225,20.29,20.155,20.245,13703.0
2024-09-20 19:00:00+00:00,20.245,20.35,20.18,20.315,62069.0
2024-09-23 14:00:00+00:00,20.04,20.3,20.01,20.1,22580.0
2024-09-23 15:00:00+00:00,20.095,20.115,19.8,19.94,46497.0
2024-09-23 16:00:00+00:00,19.92,20.16,19.8,20.095,27928.0
2024-09-23 17:00:00+00:00,20.1,20.375,20.04,20.195,12801.0
2024-09-23 18:00:00+00:00,20.185,20.39,20.185,20.315,24896.0
2024-09-23 19:00:00+00:00,20.315,20.445,20.23,20.27,71169.0
2024-09-24 14:00:00+00:00,20.5,20.66,20.25,20.635,30216.0
2024-09-24 15:00:00+00:00,20.64,20.9,20.64,20.68,23287.0
2024-09-24 16:00:00+00:00,20.68,20.68,20.515,20.63,23727.0
2024-09-24 17:00:00+00:00,20.625,20.75,20.57,20.725,11417.0
2024-09-24 18:00:00+00:00,20.715,20.805,20.65,20.7,23511.0
2024-09-24 19:00:00+00:00,20.705,20.765,20.615,20.715,75161.0
2024-09-25 14:00:00+00:00,20.49,20.73,20.32,20.645,28247.0
2024-09-25 15:00:00+00:00,20.67,20.71,20.485,20.57,29096.0
2024-09-25 16:00:00+00:00,20.57,20.635,20.505,20.515,14881.0
2024-09-25 17:00:00+00:00,20.515,20.525,20.41,20.515,10341.0
2024-09-25 18:00:00+00:00,20.51,20.545,20.305,20.305,28615.0
2024-09-25 19:00:00+00:00,20.305,20.4,20.18,20.375,60923.0
2024-09-26 14:00:00+00:00,20.82,20.91,20.61,20.62,30229.0
2024-09-26 15:00:00+00:00,20.62,20.935,20.57,20.895,13808.0
2024-09-26 16:00:00+00:00,20.895,20.97,20.77,20.955,19511.0
2024-09-26 17:00:00+00:00,20.955,21.015,20.865,20.99,29212.0
2024-09-26 18:00:00+00:00,20.99,21.04,20.93,21.015,23283.0
2024-09-26 19:00:00+00:00,21.015,21.045,20.89,21.04,56464.0
2024-09-27 14:00:00+00:00,20.78,21.3,20.7,21.28,32815.0
2024-09-27 15:00:00+00:00,21.28,21.36,21.1,21.295,35936.0
2024-09-27 16:00:00+00:00,21.295,21.53,21.205,21.42,35852.0
2024-09-27 17:00:00+00:00,21.4,21.445,21.2,21.335,19997.0
2024-09-27 18:00:00+00:00,21.335,21.445,21.215,21.425,14495.0
2024-09-27 19:00:00+00:00,21.415,21.46,21.315,21.42,40858.0
2024-09-30 14:00:00+00:00,21.515,21.96,21.475,21.76,36520.0
2024-09-30 15:00:00+00:00,21.765,21.92,21.515,21.735,24272.0
2024-09-30 16:00:00+00:00,21.73,21.795,21.61,21.725,29855.0
2024-09-30 17:00:00+00:00,21.725,21.935,21.71,21.89,20205.0
2024-09-30 18:00:00+00:00,21.895,21.985,21.695,21.89,28392.0
2024-09-30 19:00:00+00:00,21.885,22.14,21.78,22.065,53324.0
2024-10-01 14:00:00+00:00,21.365,21.395,20.86,20.995,20151.0
2024-10-01 15:00:00+00:00,20.99,21.05,20.82,20.995,22101.0
2024-10-01 16:00:00+00:00,20.985,21.03,20.785,20.87,9343.0
2024-10-01 17:00:00+00:00,20.86,21.02,20.81,20.99,31143.0
2024-10-01 18:00:00+00:00,20.99,21.295,20.99,21.19,26429.0
2024-10-01 19:00:00+00:00,21.19,21.22,20.96,21.075,69216.0
2024-10-02 14:00:00+00:00,20.5,20.91,20.5,20.75,56209.0
2024-10-02 15:00:00+00:00,20.75,20.825,20.56,20.74,17123.0
2024-10-02 16:00:00+00:00,20.74,20.845,20.65,20.745,20297.0
2024-10-02 17:00:00+00:00,20.745,20.85,20.675,20.835,39748.0
2024-10-02 18:00:00+00:00,20.835,20.85,20.675,20.74,45636.0
2024-10-02 19:00:00+00:00,20.73,20.735,20.455,20.73,120794.0
2024-10-03 14:00:00+00:00,20.46,20.545,20.31,20.46,45410.0
2024-10-03 15:00:00+00:00,20.47,20.73,20.45,20.66,30597.0
2024-10-03 16:00:00+00:00,20.66,20.8,20.615,20.66,25594.0
2024-10-03 17:00:00+00:00,20.66,20.77,20.625,20.765,18960.0
2024-10-03 18:00:00+00:00,20.765,20.91,20.76,20.795,27631.0
2024-10-03 19:00:00+00:00,20.795,20.98,20.695,20.94,61887.0
2024-10-04 14:00:00+00:00,21.69,21.79,21.495,21.57,64669.0
2024-10-04 15:00:00+00:00,21.58,21.58,21.05,21.25,27072.0
2024-10-04 16:00:00+00:00,21.25,21.44,21.25,21.335,16408.0
2024-10-04 17:00:00+00:00,21.31,21.34,21.18,21.28,15783.0
2024-10-04 18:00:00+00:00,21.28,21.305,21.17,21.225,21247.0
2024-10-04 19:00:00+00:00,21.225,21.49,21.205,21.255,52878.0
2024-10-07 14:00:00+00:00,20.715,20.865,20.52,20.555,11221.0
2024-10-07 15:00:00+00:00,20.52,20.585,20.465,20.525,11499.0
2024-10-07 16:00:00+00:00,20.525,20.56,20.405,20.43,14188.0
2024-10-07 17:00:00+00:00,20.43,20.45,20.32,20.43,15910.0
2024-10-07 18:00:00+00:00,20.425,20.445,20.225,20.35,32288.0
2024-10-07 19:00:00+00:00,20.36,20.64,20.335,20.615,45492.0
2024-10-08 14:00:00+00:00,20.6,20.77,20.52,20.665,23415.0
2024-10-08 15:00:00+00:00,20.665,21.03,20.615,21.02,21602.0
2024-10-08 16:00:00+00:00,21.03,21.11,20.81,20.815,10012.0
2024-10-08 17:00:00+00:00,20.815,20.91,20.71,20.88,17431.0
2024-10-08 18:00:00+00:00,20.885,21.02,20.865,20.995,16893.0
2024-10-08 19:00:00+00:00,20.995,20.995,20.67,20.675,42126.0
2024-10-09 14:00:00+00:00,20.085,20.235,19.95,20.235,21169.0
2024-10-09 15:00:00+00:00,20.235,20.65,20.19,20.645,22937.0
2024-10-09 16:00:00+00:00,20.645,20.66,20.525,20.62,16072.0
2024-10-09 17:00:00+00:00,20.625,20.75,20.57,20.675,19549.0
2024-10-09 18:00:00+00:00,20.685,20.72,20.5,20.575,21001.0
2024-10-09 19:00:00+00:00,20.575,20.73,20.53,20.73,81035.0
2024-10-10 14:00:00+00:00,20.515,20.8,20.515,20.695,15167.0
2024-10-10 15:00:00+00:00,20.695,20.795,20.54,20.64,10679.0
2024-10-10 16:00:00+00:00,20.64,20.725,20.605,20.605,6470.0
2024-10-10 17:00:00+00:00,20.605,20.69,20.525,20.63,16225.0
2024-10-10 18:00:00+00:00,20.63,20.635,20.5,20.595,20927.0
2024-10-10 19:00:00+00:00,20.58,20.71,20.545,20.695,34525.0
2024-10-11 14:00:00+00:00,20.91,21.4,20.895,21.355,12711.0
2024-10-11 15:00:00+00:00,21.35,21.685,21.32,21.66,8317.0
2024-10-11 16:00:00+00:00,21.655,21.68,21.49,21.54,9504.0
2024-10-11 17:00:00+00:00,21.545,21.665,21.48,21.645,10782.0
2024-10-11 18:00:00+00:00,21.645,21.745,21.58,21.675,37413.0
2024-10-11 19:00:00+00:00,21.675,21.83,21.655,21.805,49709.0
2024-10-14 14:00:00+00:00,21.7,21.92,21.69,21.79,13137.0
2024-10-14 15:00:00+00:00,21.79,21.885,21.71,21.855,14496.0
2024-10-14 16:00:00+00:00,21.85,21.995,21.83,21.915,17149.0
2024-10-14 17:00:00+00:00,21.915,21.99,21.82,21.955,16205.0
2024-10-14 18:00:00+00:00,21.955,22.03,21.81,21.835,20647.0
2024-10-14 19:00:00+00:00,21.83,21.865,21.675,21.785,39819.0
2024-10-15 14:00:00+00:00,22.12,22.22,21.855,22.055,10533.0
2024-10-15 15:00:00+00:00,22.05,22.26,21.935,21.95,8389.0
2024-10-15 16:00:00+00:00,21.95,22.145,21.94,22.025,9842.0
2024-10-15 17:00:00+00:00,22.03,22.075,21.83,21.835,16510.0
2024-10-15 18:00:00+00:00,21.835,21.98,21.73,21.89,15857.0
2024-10-15 19:00:00+00:00,21.9,21.92,21.545,21.625,51410.0
2024-10-16 14:00:00+00:00,22.02,22.35,22.005,22.17,15218.0
2024-10-16 15:00:00+00:00,22.175,22.315,21.98,22.01,24413.0
2024-10-16 16:00:00+00:00,22.01,22.16,21.995,22.105,11772.0
2024-10-16 17:00:00+00:00,22.11,22.21,22.03,22.2,23589.0
2024-10-16 18:00:00+00:00,22.2,22.275,22.1,22.105,14466.0
2024-10-16 19:00:00+00:00,22.105,22.2,22.08,22.165,62538.0
2024-10-17 14:00:00+00:00,22.28,22.5,22.17,22.44,14991.0
2024-10-17 15:00:00+00:00,22.435,22.435,22.22,22.265,9705.0
2024-10-17 16:00:00+00:00,22.265,22.33,22.16,22.305,10994.0
2024-10-17 17:00:00+00:00,22.31,22.4,22.25,22.25,11186.0
2024-10-17 18:00:00+00:00,22.265,22.29,22.12,22.135,14923.0
2024-10-17 19:00:00+00:00,22.135,22.24,22.02,22.24,63117.0
2024-10-18 14:00:00+00:00,22.61,22.85,22.56,22.635,20907.0
2024-10-18 15:00:00+00:00,22.63,22.64,22.33,22.39,30225.0
2024-10-18 16:00:00+00:00,22.39,22.49,22.295,22.45,24496.0
2024-10-18 17:00:00+00:00,22.445,22.535,22.34,22.455,23978.0
2024-10-18 18:00:00+00:00,22.455,22.64,22.415,22.555,24930.0
2024-10-18 19:00:00+00:00,22.55,22.595,22.45,22.46,72403.0
2024-10-21 14:00:00+00:00,22.38,22.635,22.305,22.41,28012.0
2024-10-21 15:00:00+00:00,22.405,22.415,22.21,22.36,20700.0
2024-10-21 16:00:00+00:00,22.36,22.435,22.255,22.365,24518.0
2024-10-21 17:00:00+00:00,22.36,22.4,22.275,22.315,18267.0
2024-10-21 18:00:00+00:00,22.315,22.44,22.31,22.4,18152.0
2024-10-21 19:00:00+00:00,22.395,22.52,22.395,22.48,74691.0
2024-10-22 14:00:00+00:00,21.97,22.185,21.97,22.06,32023.0
2024-10-22 15:00:00+00:00,22.055,22.055,21.65,21.68,30548.0
2024-10-22 16:00:00+00:00,21.68,21.68,21.59,21.6,31878.0
2024-10-22 17:00:00+00:00,21.595,21.79,21.525,21.76,23922.0
2024-10-22 18:00:00+00:00,21.76,21.8,21.69,21.755,17581.0
2024-10-22 19:00:00+00:00,21.755,21.82,21.61,21.76,50854.0
2024-10-23 14:00:00+00:00,21.61,21.77,21.585,21.605,47346.0
2024-10-23 15:00:00+00:00,21.6,21.645,21.505,21.605,35351.0
2024-10-23 16:00:00+00:00,21.605,21.62,21.5,21.525,25977.0
2024-10-23 17:00:00+00:00,21.525,21.53,21.415,21.415,24546.0
2024-10-23 18:00:00+00:00,21.415,21.435,21.3,21.405,26146.0
2024-10-23 19:00:00+00:00,21.405,21.51,21.375,21.46,74012.0
2024-10-24 14:00:00+00:00,21.68,21.745,21.515,21.52,16054.0
2024-10-24 15:00:00+00:00,21.52,21.54,21.435,21.465,11790.0
2024-10-24 16:00:00+00:00,21.465,21.625,21.415,21.535,24022.0
2024-10-24 17:00:00+00:00,21.535,21.55,21.445,21.445,7647.0
2024-10-24 18:00:00+00:00,21.445,21.48,21.405,21.465,13484.0
2024-10-24 19:00:00+00:00,21.455,21.52,21.415,21.445,45104.0
2024-10-25 14:00:00+00:00,21.62,21.78,21.56,21.73,18733.0
2024-10-25 15:00:00+00:00,21.73,21.815,21.69,21.81,18970.0
2024-10-25 16:00:00+00:00,21.795,21.855,21.73,21.755,16551.0
2024-10-25 17:00:00+00:00,21.755,21.785,21.57,21.63,12621.0
2024-10-25 18:00:00+00:00,21.62,21.655,21.53,21.535,13185.0
2024-10-25 19:00:00+00:00,21.535,21.67,21.505,21.61,74333.0
2024-10-28 14:00:00+00:00,22.105,22.175,21.98,22.045,30850.0
2024-10-28 15:00:00+00:00,22.045,22.065,21.725,21.725,14981.0
2024-10-28 16:00:00+00:00,21.73,21.93,21.675,21.885,10298.0
2024-10-28 17:00:00+00:00,21.89,22.0,21.82,21.985,21020.0
2024-10-28 18:00:00+00:00,21.985,22.005,21.935,21.975,10298.0
2024-10-28 19:00:00+00:00,21.97,22.0,21.73,21.755,39402.0
2024-10-29 14:00:00+00:00,21.45,21.65,21.385,21.61,16866.0
2024-10-29 15:00:00+00:00,21.61,21.675,21.48,21.64,11217.0
2024-10-29 16:00:00+00:00,21.64,21.655,21.35,21.455,10834.0
2024-10-29 17:00:00+00:00,21.455,21.505,21.32,21.38,11293.0
2024-10-29 18:00:00+00:00,21.395,21.485,21.36,21.485,11077.0
2024-10-29 19:00:00+00:00,21.495,21.51,21.335,21.415,33902.0
2024-10-30 14:00:00+00:00,21.545,21.67,21.45,21.545,15613.0
2024-10-30 15:00:00+00:00,21.545,21.665,21.48,21.57,10984.0
2024-10-30 16:00:00+00:00,21.565,21.7,21.51,21.58,8489.0
2024-10-30 17:00:00+00:00,21.58,21.64,21.29,21.295,9177.0
2024-10-30 18:00:00+00:00,21.295,21.465,21.27,21.46,10135.0
2024-10-30 19:00:00+00:00,21.46,21.51,21.355,21.425,30397.0
2024-10-31 14:00:00+00:00,20.89,20.99,20.675,20.705,25460.0
2024-10-31 15:00:00+00:00,20.7,20.76,20.605,20.635,13732.0
2024-10-31 16:00:00+00:00,20.635,20.785,20.605,20.77,8839.0
2024-10-31 17:00:00+00:00,20.765,20.91,20.75,20.83,11355.0
2024-10-31 18:00:00+00:00,20.825,20.885,20.73,20.825,16842.0
2024-10-31 19:00:00+00:00,20.825,20.88,20.72,20.775,59909.0
2024-11-01 14:00:00+00:00,20.715,21.01,20.59,21.005,19435.0
2024-11-01 15:00:00+00:00,21.005,21.105,20.95,21.005,18182.0
2024-11-01 16:00:00+00:00,21.005,21.045,20.94,20.945,13134.0
2024-11-01 17:00:00+00:00,20.945,21.03,20.8,20.895,14401.0
2024-11-01 18:00:00+00:00,20.895,20.91,20.765,20.83,22769.0
2024-11-01 19:00:00+00:00,20.825,20.925,20.73,20.745,46460.0
2024-11-04 15:00:00+00:00,21.325,21.705,21.295,21.48,34164.0
2024-11-04 16:00:00+00:00,21.49,21.49,21.2,21.255,21911.0
2024-11-04 17:00:00+00:00,21.255,21.36,21.21,21.34,8886.0
2024-11-04 18:00:00+00:00,21.34,21.575,21.245,21.55,37617.0
2024-11-04 19:00:00+00:00,21.555,21.795,21.52,21.595,57785.0
2024-11-04 20:00:00+00:00,21.595,21.765,21.55,21.6,117511.0
2024-11-05 15:00:00+00:00,21.41,21.635,21.29,21.505,52693.0
2024-11-05 16:00:00+00:00,21.505,21.67,21.45,21.565,30207.0
2024-11-05 17:00:00+00:00,21.565,21.625,21.525,21.555,32455.0
2024-11-05 18:00:00+00:00,21.555,21.58,21.44,21.515,30380.0
2024-11-05 19:00:00+00:00,21.515,21.61,21.5,21.51,26871.0
2024-11-05 20:00:00+00:00,21.515,21.755,21.5,21.735,72621.0
2024-11-06 15:00:00+00:00,20.855,21.28,20.72,20.83,43560.0
2024-11-06 16:00:00+00:00,20.83,21.325,20.705,21.265,34872.0
2024-11-06 17:00:00+00:00,21.255,21.32,21.12,21.29,16937.0
2024-11-06 18:00:00+00:00,21.29,21.42,21.2,21.325,17204.0
2024-11-06 19:00:00+00:00,21.325,21.44,21.26,21.305,14738.0
2024-11-06 20:00:00+00:00,21.305,21.555,21.26,21.515,62010.0
2024-11-07 15:00:00+00:00,21.71,21.92,21.6,21.82,25198.0
2024-11-07 16:00:00+00:00,21.825,21.85,21.53,21.67,18772.0
2024-11-07 17:00:00+00:00,21.67,21.885,21.63,21.815,42156.0
2024-11-07 18:00:00+00:00,21.825,21.825,21.62,21.77,36765.0
2024-11-07 19:00:00+00:00,21.76,21.825,21.63,21.77,19736.0
2024-11-07 20:00:00+00:00,21.77,21.88,21.695,21.86,29915.0
2024-11-08 15:00:00+00:00,21.6,21.675,21.43,21.56,14850.0
2024-11-08 16:00:00+00:00,21.57,21.78,21.535,21.615,18934.0
2024-11-08 17:00:00+00:00,21.615,21.665,21.495,21.605,18946.0
2024-11-08 18:00:00+00:00,21.605,21.775,21.585,21.75,24353.0
2024-11-08 19:00:00+00:00,21.755,21.775,21.66,21.705,15953.0
2024-11-08 20:00:00+00:00,21.705,21.735,21.595,21.665,36601.0
2024-11-11 15:00:00+00:00,22.12,22.285,21.95,22.24,33985.0
2024-11-11 16:00:00+00:00,22.24,22.365,22.24,22.28,34370.0
2024-11-11 17:00:00+00:00,22.275,22.35,22.13,22.315,16737.0
2024-11-11 18:00:00+00:00,22.305,22.33,22.115,22.215,32466.0
2024-11-11 19:00:00+00:00,22.215,22.41,22.195,22.39,37633.0
2024-11-11 20:00:00+00:00,22.395,22.41,22.27,22.37,88688.0
2024-11-12 15:00:00+00:00,22.8,22.82,22.27,22.4,49051.0
2024-11-12 16:00:00+00:00,22.4,22.465,22.18,22.265,20729.0
2024-11-12 17:00:00+00:00,22.265,22.39,21.995,22.005,17807.0
2024-11-12 18:00:00+00:00,22.005,22.185,21.945,22.105,20187.0
2024-11-12 19:00:00+00:00,22.105,22.32,22.09,22.255,28518.0
2024-11-12 20:00:00+00:00,22.255,22.26,21.88,21.905,79845.0
2024-11-13 15:00:00+00:00,22.425,22.52,22.175,22.425,32219.0
2024-11-13 16:00:00+00:00,22.43,22.66,22.43,22.625,15316.0
2024-11-13 17:00:00+00:00,22.625,22.65,22.535,22.625,15228.0
2024-11-13 18:00:00+00:00,22.625,22.64,22.49,22.505,14282.0
2024-11-13 19:00:00+00:00,22.505,22.525,22.25,22.275,21085.0
2024-11-13 20:00:00+00:00,22.275,22.41,22.22,22.35,43768.0
2024-11-14 15:00:00+00:00,22.19,22.575,22.13,22.44,32157.0
2024-11-14 16:00:00+00:00,22.44,22.54,22.245,22.305,20908.0
2024-11-14 17:00:00+00:00,22.305,22.41,22.115,22.305,24550.0
2024-11-14 18:00:00+00:00,22.3,22.32,22.155,22.165,18753.0
2024-11-14 19:00:00+00:00,22.16,22.29,22.155,22.2,21570.0
2024-11-14 20:00:00+00:00,22.21,22.21,22.005,22.11,56006.0
2024-11-15 15:00:00+00:00,21.88,21.89,21.54,21.595,41510.0
2024-11-15 16:00:00+00:00,21.59,21.78,21.55,21.615,29099.0
2024-11-15 17:00:00+00:00,21.615,21.64,21.4,21.445,18499.0
2024-11-15 18:00:00+00:00,21.445,21.465,21.28,21.3,16004.0
2024-11-15 19:00:00+00:00,21.295,21.365,21.27,21.365,18612.0
2024-11-15 20:00:00+00:00,21.365,21.665,21.365,21.495,61025.0
2024-11-18 15:00:00+00:00,21.77,21.95,21.66,21.745,40944.0
2024-11-18 16:00:00+00:00,21.745,21.76,21.535,21.625,49176.0
2024-11-18 17:00:00+00:00,21.625,21.66,21.555,21.62,24380.0
2024-11-18 18:00:00+00:00,21.62,21.625,21.44,21.495,27870.0
2024-11-18 19:00:00+00:00,21.505,21.52,21.37,21.405,30308.0
2024-11-18 20:00:00+00:00,21.405,21.45,21.305,21.345,69877.0
2024-11-19 15:00:00+00:00,20.945,20.945,20.65,20.85,43634.0
2024-11-19 16:00:00+00:00,20.85,21.165,20.84,21.035,34812.0
2024-11-19 17:00:00+00:00,21.035,21.035,20.81,20.825,18474.0
2024-11-19 18:00:00+00:00,20.825,20.93,20.755,20.925,30074.0
2024-11-19 19:00:00+00:00,20.925,21.125,20.915,21.095,36128.0
2024-11-19 20:00:00+00:00,21.095,21.17,20.955,21.01,59684.0
2024-11-20 15:00:00+00:00,20.33,20.64,20.13,20.54,92585.0
2024-11-20 16:00:00+00:00,20.54,20.69,20.38,20.685,45959.0
2024-11-20 17:00:00+00:00,20.685,20.7,20.5,20.535,22057.0
2024-11-20 18:00:00+00:00,20.535,20.59,20.43,20.48,24794.0
2024-11-20 19:00:00+00:00,20.48,20.695,20.475,20.645,41504.0
2024-11-20 20:00:00+00:00,20.645,20.675,20.54,20.62,154124.0
2024-11-21 15:00:00+00:00,20.68,21.225,20.515,21.09,109205.0
2024-11-21 16:00:00+00:00,21.1,21.285,21.06,21.13,64467.0
2024-11-21 17:00:00+00:00,21.13,21.31,21.075,21.27,65289.0
2024-11-21 18:00:00+00:00,21.27,21.45,21.2,21.385,81425.0
2024-11-21 19:00:00+00:00,21.385,21.745,21.34,21.675,91779.0
2024-11-21 20:00:00+00:00,21.68,22.135,21.66,22.065,200981.0
2024-11-22 15:00:00+00:00,24.05,24.055,23.25,23.715,277167.0
2024-11-22 16:00:00+00:00,23.715,24.21,23.665,24.18,92487.0
2024-11-22 17:00:00+00:00,24.195,24.68,24.01,24.18,89096.0
2024-11-22 18:00:00+00:00,24.195,24.66,24.19,24.46,82952.0
2024-11-22 19:00:00+00:00,24.46,24.86,24.3,24.62,111132.0
2024-11-22 20:00:00+00:00,24.62,24.94,24.285,24.88,132428.0
2024-11-25 15:00:00+00:00,24.815,25.47,24.675,25.14,125328.0
2024-11-25 16:00:00+00:00,25.135,25.35,24.965,25.165,73994.0
2024-11-25 17:00:00+00:00,25.17,25.205,24.77,24.99,53106.0
2024-11-25 18:00:00+00:00,24.99,25.28,24.96,25.18,66585.0
2024-11-25 19:00:00+00:00,25.18,25.2,24.9,25.05,86092.0
2024-11-25 20:00:00+00:00,25.05,25.275,24.78,24.81,126723.0
2024-11-26 15:00:00+00:00,24.755,24.755,24.12,24.3,42434.0
2024-11-26 16:00:00+00:00,24.3,24.38,24.185,24.305,39792.0
2024-11-26 17:00:00+00:00,24.305,24.31,24.1,24.25,14557.0
2024-11-26 18:00:00+00:00,24.245,24.4,24.14,24.26,20479.0
2024-11-26 19:00:00+00:00,24.255,24.275,24.08,24.175,29497.0
2024-11-26 20:00:00+00:00,24.18,24.245,23.97,24.14,115906.0
2024-11-27 15:00:00+00:00,24.27,24.305,23.94,24.11,52534.0
2024-11-27 16:00:00+00:00,24.11,24.23,23.87,23.925,34493.0
2024-11-27 17:00:00+00:00,23.92,24.04,23.745,23.945,30022.0
2024-11-27 18:00:00+00:00,23.945,23.98,23.79,23.81,36999.0
2024-11-27 19:00:00+00:00,23.81,24.26,23.795,24.245,30407.0
2024-11-27 20:00:00+00:00,24.245,24.355,24.225,24.24,51321.0
2024-11-28 15:00:00+00:00,24.24,24.24,24.24,24.24,0.0
2024-11-28 16:00:00+00:00,24.24,24.24,24.24,24.24,0.0
2024-11-28 17:00:00+00:00,24.24,24.24,24.24,24.24,0.0
2024-11-28 18:00:00+00:00,24.24,24.24,24.24,24.24,0.0
2024-11-28 19:00:00+00:00,24.24,24.24,24.24,24.24,0.0
2024-11-28 20:00:00+00:00,24.24,24.24,24.24,24.24,0.0
2024-11-29 15:00:00+00:00,23.97,24.04,23.71,23.905,51743.0
2024-11-29 16:00:00+00:00,23.91,24.06,23.87,24.06,24050.0
2024-11-29 17:00:00+00:00,24.06,24.35,24.035,24.205,46270.0
2024-11-29 18:00:00+00:00,24.205,24.205,24.205,24.205,0.0
2024-11-29 19:00:00+00:00,24.205,24.205,24.205,24.205,0.0
2024-11-29 20:00:00+00:00,24.205,24.205,24.205,24.205,0.0
2024-12-02 15:00:00+00:00,25.84,26.07,25.465,25.5,126267.0
2024-12-02 16:00:00+00:00,25.5,26.235,25.48,26.195,72513.0
2024-12-02 17:00:00+00:00,26.19,26.19,25.82,25.97,53566.0
2024-12-02 18:00:00+00:00,25.97,26.09,25.815,25.815,59218.0
2024-12-02 19:00:00+00:00,25.815,25.91,25.71,25.78,40164.0
2024-12-02 20:00:00+00:00,25.765,25.98,25.66,25.73,108345.0
2024-12-03 15:00:00+00:00,25.36,25.59,25.225,25.455,84541.0
2024-12-03 16:00:00+00:00,25.485,25.66,25.38,25.65,21738.0
2024-12-03 17:00:00+00:00,25.65,26.02,25.61,25.955,34470.0
2024-12-03 18:00:00+00:00,25.955,26.04,25.855,25.86,18242.0
2024-12-03 19:00:00+00:00,25.87,25.96,25.83,25.845,18851.0
2024-12-03 20:00:00+00:00,25.855,25.86,25.66,25.795,52534.0
2024-12-04 15:00:00+00:00,25.87,26.02,25.76,25.92,39277.0
2024-12-04 16:00:00+00:00,25.91,25.915,25.7,25.845,39541.0
2024-12-04 17:00:00+00:00,25.845,25.935,25.79,25.89,29972.0
2024-12-04 18:00:00+00:00,25.89,25.89,25.67,25.705,19124.0
2024-12-04 19:00:00+00:00,25.705,25.92,25.7,25.905,22706.0
2024-12-04 20:00:00+00:00,25.915,26.025,25.9,25.99,75276.0
2024-12-05 15:00:00+00:00,25.82,25.96,25.555,25.8,35933.0
2024-12-05 16:00:00+00:00,25.805,25.975,25.72,25.77,27322.0
2024-12-05 17:00:00+00:00,25.77,25.79,25.67,25.76,18966.0
2024-12-05 18:00:00+00:00,25.76,25.76,25.565,25.565,13897.0
2024-12-05 19:00:00+00:00,25.565,25.63,25.505,25.6,32205.0
2024-12-05 20:00:00+00:00,25.6,25.63,25.42,25.47,58200.0
2024-12-06 15:00:00+00:00,25.95,26.16,25.865,25.995,40417.0
2024-12-06 16:00:00+00:00,25.995,26.04,25.93,25.995,29857.0
2024-12-06 17:00:00+00:00,25.995,26.08,25.895,25.915,21477.0
2024-12-06 18:00:00+00:00,25.915,25.995,25.845,25.875,11420.0
2024-12-06 19:00:00+00:00,25.875,26.02,25.845,25.985,20882.0
2024-12-06 20:00:00+00:00,25.975,26.025,25.91,25.955,79246.0
2024-12-09 15:00:00+00:00,26.34,26.4,25.89,25.94,40718.0
2024-12-09 16:00:00+00:00,25.94,26.1,25.8,26.04,24455.0
2024-12-09 17:00:00+00:00,26.035,26.06,25.895,25.98,21739.0
2024-12-09 18:00:00+00:00,25.975,25.98,25.86,25.92,22028.0
2024-12-09 19:00:00+00:00,25.915,25.93,25.7,25.715,27518.0
2024-12-09 20:00:00+00:00,25.715,25.745,25.405,25.43,59845.0
2024-12-10 15:00:00+00:00,25.4,25.495,25.17,25.49,31949.0
2024-12-10 16:00:00+00:00,25.49,25.76,25.42,25.54,17870.0
2024-12-10 17:00:00+00:00,25.54,25.57,25.375,25.485,13266.0
2024-12-10 18:00:00+00:00,25.485,25.485,25.355,25.395,10655.0
2024-12-10 19:00:00+00:00,25.395,25.465,25.33,25.365,16483.0
2024-12-10 20:00:00+00:00,25.37,25.39,25.24,25.29,32090.0
2024-12-11 15:00:00+00:00,25.215,25.28,25.025,25.04,16517.0
2024-12-11 16:00:00+00:00,25.05,25.17,24.98,25.16,17007.0
2024-12-11 17:00:00+00:00,25.16,25.165,24.985,25.155,12301.0
2024-12-11 18:00:00+00:00,25.155,25.335,25.15,25.24,13468.0
2024-12-11 19:00:00+00:00,25.24,25.3,25.195,25.275,19034.0
2024-12-11 20:00:00+00:00,25.27,25.355,25.18,25.21,39625.0
2024-12-12 15:00:00+00:00,24.575,24.715,24.385,24.405,83338.0
2024-12-12 16:00:00+00:00,24.405,24.51,24.25,24.325,28742.0
2024-12-12 17:00:00+00:00,24.33,24.505,24.315,24.465,14983.0
2024-12-12 18:00:00+00:00,24.475,24.555,24.235,24.26,24796.0
2024-12-12 19:00:00+00:00,24.255,24.26,24.18,24.235,25979.0
2024-12-12 20:00:00+00:00,24.215,24.26,24.105,24.155,68326.0
2024-12-13 15:00:00+00:00,24.15,24.23,23.835,23.93,40418.0
2024-12-13 16:00:00+00:00,23.92,24.19,23.89,24.17,31118.0
2024-12-13 17:00:00+00:00,24.17,24.17,24.03,24.12,18228.0
2024-12-13 18:00:00+00:00,24.12,24.14,24.02,24.055,9498.0
2024-12-13 19:00:00+00:00,24.045,24.165,23.985,24.115,22383.0
2024-12-13 20:00:00+00:00,24.115,24.295,24.01,24.29,91246.0
2024-12-16 15:00:00+00:00,24.79,25.11,24.75,25.08,24556.0
2024-12-16 16:00:00+00:00,25.08,25.12,24.88,25.045,16397.0
2024-12-16 17:00:00+00:00,25.045,25.175,24.94,25.06,14651.0
2024-12-16 18:00:00+00:00,25.06,25.115,24.93,24.945,13966.0
2024-12-16 19:00:00+00:00,24.945,24.98,24.885,24.97,18018.0
2024-12-16 20:00:00+00:00,24.97,24.97,24.705,24.82,42619.0
2024-12-17 15:00:00+00:00,24.645,24.72,24.515,24.62,31443.0
2024-12-17 16:00:00+00:00,24.6,24.755,24.56,24.75,17813.0
2024-12-17 17:00:00+00:00,24.75,25.05,24.67,25.04,10210.0
2024-12-17 18:00:00+00:00,25.04,25.08,24.86,24.995,9528.0
2024-12-17 19:00:00+00:00,25.0,25.06,24.87,24.935,14810.0
2024-12-17 20:00:00+00:00,24.94,24.96,24.805,24.9,48931.0
2024-12-18 15:00:00+00:00,25.285,25.375,25.155,25.33,20596.0
2024-12-18 16:00:00+00:00,25.33,25.35,24.975,25.165,55495.0
2024-12-18 17:00:00+00:00,25.165,25.43,25.135,25.31,79433.0
2024-12-18 18:00:00+00:00,25.305,25.315,25.15,25.155,19830.0
2024-12-18 19:00:00+00:00,25.15,25.175,24.39,24.43,32748.0
2024-12-18 20:00:00+00:00,24.435,24.495,23.81,23.82,41237.0
2024-12-19 15:00:00+00:00,23.995,24.03,23.52,23.685,27758.0
2024-12-19 16:00:00+00:00,23.675,23.955,23.535,23.915,33422.0
2024-12-19 17:00:00+00:00,23.915,23.99,23.73,23.935,26733.0
2024-12-19 18:00:00+00:00,23.93,24.12,23.79,24.105,99738.0
2024-12-19 19:00:00+00:00,24.1,24.13,23.985,24.035,20890.0
2024-12-19 20:00:00+00:00,24.035,24.135,23.87,23.875,41450.0
2024-12-20 15:00:00+00:00,23.75,24.225,23.695,24.17,14647.0
2024-12-20 16:00:00+00:00,24.17,24.455,24.14,24.43,19873.0
2024-12-20 17:00:00+00:00,24.43,24.555,24.385,24.545,17591.0
2024-12-20 18:00:00+00:00,24.545,24.55,24.21,24.32,15835.0
2024-12-20 19:00:00+00:00,24.305,24.52,24.2,24.41,21837.0
2024-12-20 20:00:00+00:00,24.415,24.485,24.105,24.12,36363.0
2024-12-23 15:00:00+00:00,24.08,24.085,23.745,23.805,4440.0
2024-12-23 16:00:00+00:00,23.805,23.805,23.805,23.805,0.0
2024-12-23 17:00:00+00:00,23.805,23.805,23.805,23.805,0.0
2024-12-23 18:00:00+00:00,23.805,23.805,23.805,23.805,0.0
2024-12-23 19:00:00+00:00,23.805,23.805,23.805,23.805,0.0
2024-12-23 20:00:00+00:00,23.805,23.805,23.805,23.805,0.0
2024-12-24 15:00:00+00:00,23.835,24.01,23.8,23.95,17758.0
2024-12-24 16:00:00+00:00,23.945,24.015,23.86,23.895,13819.0
2024-12-24 17:00:00+00:00,23.895,24.06,23.89,24.055,17399.0
2024-12-24 18:00:00+00:00,24.055,24.055,24.055,24.055,0.0
2024-12-24 19:00:00+00:00,24.055,24.055,24.055,24.055,0.0
2024-12-24 20:00:00+00:00,24.055,24.055,24.055,24.055,0.0
2024-12-25 15:00:00+00:00,24.055,24.055,24.055,24.055,0.0
2024-12-25 16:00:00+00:00,24.055,24.055,24.055,24.055,0.0
2024-12-25 17:00:00+00:00,24.055,24.055,24.055,24.055,0.0
2024-12-25 18:00:00+00:00,24.055,24.055,24.055,24.055,0.0
2024-12-25 19:00:00+00:00,24.055,24.055,24.055,24.055,0.0
2024-12-25 20:00:00+00:00,24.055,24.055,24.055,24.055,0.0
2024-12-26 15:00:00+00:00,24.52,24.955,24.48,24.905,32528.0
2024-12-26 16:00:00+00:00,24.905,24.96,24.81,24.825,13967.0
2024-12-26 17:00:00+00:00,24.82,24.9,24.6,24.68,12334.0
2024-12-26 18:00:00+00:00,24.685,24.79,24.675,24.72,8859.0
2024-12-26 19:00:00+00:00,24.715,24.73,24.625,24.625,7853.0
2024-12-26 20:00:00+00:00,24.625,24.68,24.53,24.57,33419.0
2024-12-27 15:00:00+00:00,24.635,24.635,24.235,24.4,9852.0
2024-12-27 16:00:00+00:00,24.395,24.4,24.17,24.22,6282.0
2024-12-27 17:00:00+00:00,24.22,24.315,24.205,24.29,9119.0
2024-12-27 18:00:00+00:00,24.29,24.35,24.22,24.32,6890.0
2024-12-27 19:00:00+00:00,24.32,24.43,24.3,24.395,7034.0
2024-12-27 20:00:00+00:00,24.395,24.405,24.28,24.28,26802.0
2024-12-30 15:00:00+00:00,23.67,23.805,23.515,23.78,30000.0
2024-12-30 16:00:00+00:00,23.78,23.81,23.61,23.77,16313.0
2024-12-30 17:00:00+00:00,23.77,23.935,23.72,23.885,11084.0
2024-12-30 18:00:00+00:00,23.875,23.945,23.82,23.925,10381.0
2024-12-30 19:00:00+00:00,23.925,23.94,23.7,23.77,18655.0
2024-12-30 20:00:00+00:00,23.76,23.79,23.545,23.575,38741.0
2024-12-31 15:00:00+00:00,23.87,23.94,23.665,23.755,21878.0
2024-12-31 16:00:00+00:00,23.755,23.81,23.64,23.705,22630.0
2024-12-31 17:00:00+00:00,23.7,23.76,23.58,23.755,14538.0
2024-12-31 18:00:00+00:00,23.755,23.78,23.565,23.62,18341.0
2024-12-31 19:00:00+00:00,23.62,23.685,23.53,23.645,19300.0
2024-12-31 20:00:00+00:00,23.645,23.68,23.545,23.635,43562.0
2025-01-01 15:00:00+00:00,23.635,23.635,23.635,23.635,0.0
2025-01-01 16:00:00+00:00,23.635,23.635,23.635,23.635,0.0
2025-01-01 17:00:00+00:00,23.635,23.635,23.635,23.635,0.0
2025-01-01 18:00:00+00:00,23.635,23.635,23.635,23.635,0.0
2025-01-01 19:00:00+00:00,23.635,23.635,23.635,23.635,0.0
2025-01-01 20:00:00+00:00,23.635,23.635,23.635,23.635,0.0
2025-01-02 15:00:00+00:00,24.2,24.2,23.85,24.03,34516.0
2025-01-02 16:00:00+00:00,24.035,24.14,23.905,24.005,27887.0
2025-01-02 17:00:00+00:00,24.005,24.05,23.635,23.715,14827.0
2025-01-02 18:00:00+00:00,23.71,23.74,23.51,23.59,14942.0
2025-01-02 19:00:00+00:00,23.59,23.63,23.46,23.515,24395.0
2025-01-02 20:00:00+00:00,23.515,23.655,23.515,23.62,61553.0
2025-01-03 15:00:00+00:00,23.565,24.15,23.495,23.99,28949.0
2025-01-03 16:00:00+00:00,23.99,24.07,23.93,24.03,33635.0
2025-01-03 17:00:00+00:00,24.03,24.155,24.01,24.14,20697.0
2025-01-03 18:00:00+00:00,24.14,24.335,24.115,24.325,19824.0
2025-01-03 19:00:00+00:00,24.325,24.39,24.3,24.35,19843.0
2025-01-03 20:00:00+00:00,24.345,24.4,24.21,24.23,34822.0
2025-01-06 15:00:00+00:00,24.51,24.51,24.025,24.145,24414.0
2025-01-06 16:00:00+00:00,24.145,24.365,24.135,24.205,20307.0
2025-01-06 17:00:00+00:00,24.205,24.205,24.06,24.145,11828.0
2025-01-06 18:00:00+00:00,24.145,24.18,24.065,24.09,17473.0
2025-01-06 19:00:00+00:00,24.095,24.26,24.04,24.075,20872.0
2025-01-06 20:00:00+00:00,24.065,24.14,24.03,24.065,42933.0
2025-01-07 15:00:00+00:00,24.24,24.265,23.77,23.95,28531.0
2025-01-07 16:00:00+00:00,23.955,24.17,23.915,23.915,22418.0
2025-01-07 17:00:00+00:00,23.915,23.975,23.84,23.965,35757.0
2025-01-07 18:00:00+00:00,23.965,24.005,23.88,23.935,13524.0
2025-01-07 19:00:00+00:00,23.935,23.955,23.86,23.9,13627.0
2025-01-07 20:00:00+00:00,23.905,23.915,23.675,23.72,43632.0
2025-01-08 15:00:00+00:00,23.365,23.575,23.24,23.555,16753.0
2025-01-08 16:00:00+00:00,23.54,23.715,23.43,23.66,18918.0
2025-01-08 17:00:00+00:00,23.65,23.685,23.54,23.685,10178.0
2025-01-08 18:00:00+00:00,23.685,23.865,23.685,23.73,12079.0
2025-01-08 19:00:00+00:00,23.715,23.925,23.665,23.825,11325.0
2025-01-08 20:00:00+00:00,23.835,23.85,23.69,23.8,36740.0
2025-01-09 15:00:00+00:00,23.8,23.8,23.8,23.8,0.0
2025-01-09 16:00:00+00:00,23.8,23.8,23.8,23.8,0.0
2025-01-09 17:00:00+00:00,23.8,23.8,23.8,23.8,0.0
2025-01-09 18:00:00+00:00,23.8,23.8,23.8,23.8,0.0
2025-01-09 19:00:00+00:00,23.8,23.8,23.8,23.8,0.0
2025-01-09 20:00:00+00:00,23.8,23.8,23.8,23.8,0.0
2025-01-10 15:00:00+00:00,24.14,24.205,23.71,24.01,18234.0
2025-01-10 16:00:00+00:00,24.01,24.265,23.865,24.15,15630.0
2025-01-10 17:00:00+00:00,24.155,24.155,24.02,24.07,17573.0
2025-01-10 18:00:00+00:00,24.07,24.375,24.015,24.355,16515.0
2025-01-10 19:00:00+00:00,24.355,24.355,24.14,24.235,14727.0
2025-01-10 20:00:00+00:00,24.23,24.26,24.03,24.17,53560.0
2025-01-13 15:00:00+00:00,24.17,24.17,24.17,24.17,0.0
2025-01-13 16:00:00+00:00,24.17,24.17,22.78,22.81,18273.0
2025-01-13 17:00:00+00:00,22.81,23.08,22.77,23.01,18550.0
2025-01-13 18:00:00+00:00,22.98,22.995,22.79,22.985,24904.0
2025-01-13 19:00:00+00:00,22.975,23.18,22.95,23.155,30725.0
2025-01-13 20:00:00+00:00,23.155,23.17,22.99,23.095,54942.0
2025-01-14 15:00:00+00:00,23.075,23.17,22.845,22.9,28890.0
2025-01-14 16:00:00+00:00,22.9,22.91,22.39,22.43,31739.0
2025-01-14 17:00:00+00:00,22.43,22.54,22.36,22.42,19807.0
2025-01-14 18:00:00+00:00,22.415,22.735,22.38,22.715,29261.0
2025-01-14 19:00:00+00:00,22.7,22.765,22.52,22.54,20968.0
2025-01-14 20:00:00+00:00,22.54,22.685,22.425,22.65,45524.0
2025-01-15 15:00:00+00:00,23.19,23.2,22.74,22.8,21593.0
2025-01-15 16:00:00+00:00,22.8,22.93,22.72,22.83,30502.0
2025-01-15 17:00:00+00:00,22.83,22.96,22.78,22.89,16521.0
2025-01-15 18:00:00+00:00,22.89,23.0,22.86,22.98,19590.0
2025-01-15 19:00:00+00:00,22.99,23.1,22.945,23.07,20852.0
2025-01-15 20:00:00+00:00,23.07,23.105,22.985,23.0,56817.0
2025-01-16 15:00:00+00:00,22.365,22.675,22.3,22.65,37970.0
2025-01-16 16:00:00+00:00,22.65,22.9,22.65,22.78,20125.0
2025-01-16 17:00:00+00:00,22.755,22.925,22.755,22.87,14780.0
2025-01-16 18:00:00+00:00,22.87,22.945,22.82,22.835,9569.0
2025-01-16 19:00:00+00:00,22.835,22.86,22.645,22.8,14866.0
2025-01-16 20:00:00+00:00,22.795,22.86,22.74,22.75,32698.0
2025-01-17 15:00:00+00:00,23.145,23.35,23.08,23.285,19374.0
2025-01-17 16:00:00+00:00,23.275,23.5,23.27,23.485,30165.0
2025-01-17 17:00:00+00:00,23.485,23.68,23.47,23.545,18553.0
2025-01-17 18:00:00+00:00,23.55,23.685,23.48,23.625,15164.0
2025-01-17 19:00:00+00:00,23.625,23.71,23.62,23.66,13181.0
2025-01-17 20:00:00+00:00,23.66,23.69,23.495,23.505,40392.0
2025-01-20 15:00:00+00:00,23.505,23.505,23.505,23.505,0.0
2025-01-20 16:00:00+00:00,23.505,23.505,23.505,23.505,0.0
2025-01-20 17:00:00+00:00,23.505,23.505,23.505,23.505,0.0
2025-01-20 18:00:00+00:00,23.505,23.505,23.505,23.505,0.0
2025-01-20 19:00:00+00:00,23.505,23.505,23.505,23.505,0.0
2025-01-20 20:00:00+00:00,23.505,23.505,23.505,23.505,0.0
2025-01-21 15:00:00+00:00,24.57,25.05,24.41,24.845,70522.0
2025-01-21 16:00:00+00:00,24.84,25.005,24.7,24.905,56735.0
2025-01-21 17:00:00+00:00,24.905,24.98,24.845,24.895,21978.0
2025-01-21 18:00:00+00:00,24.89,24.98,24.73,24.825,27714.0
2025-01-21 19:00:00+00:00,24.825,24.86,24.645,24.715,28724.0
2025-01-21 20:00:00+00:00,24.72,24.895,24.48,24.895,62728.0
2025-01-22 15:00:00+00:00,24.75,24.87,24.575,24.625,20361.0
2025-01-22 16:00:00+00:00,24.625,24.765,24.6,24.66,12499.0
2025-01-22 17:00:00+00:00,24.655,24.72,24.58,24.68,16262.0
2025-01-22 18:00:00+00:00,24.68,24.725,24.59,24.685,11962.0
2025-01-22 19:00:00+00:00,24.69,24.72,24.605,24.635,13524.0
2025-01-22 20:00:00+00:00,24.64,24.665,24.515,24.645,36848.0
2025-01-23 15:00:00+00:00,24.6,24.78,24.46,24.735,19156.0
2025-01-23 16:00:00+00:00,24.75,25.065,24.74,25.02,22735.0
2025-01-23 17:00:00+00:00,25.02,25.02,24.855,24.955,9415.0
2025-01-23 18:00:00+00:00,24.955,24.98,24.855,24.875,11751.0
2025-01-23 19:00:00+00:00,24.875,24.905,24.75,24.75,20786.0
2025-01-23 20:00:00+00:00,24.75,24.8,24.585,24.745,46567.0
2025-01-24 15:00:00+00:00,24.545,24.88,24.545,24.755,18584.0
2025-01-24 16:00:00+00:00,24.755,24.955,24.715,24.825,18333.0
2025-01-24 17:00:00+00:00,24.82,24.925,24.77,24.77,9871.0
2025-01-24 18:00:00+00:00,24.775,24.835,24.725,24.735,10396.0
2025-01-24 19:00:00+00:00,24.735,24.78,24.695,24.74,13169.0
2025-01-24 20:00:00+00:00,24.735,24.745,24.61,24.69,46445.0
2025-01-27 15:00:00+00:00,24.34,24.395,24.16,24.33,16824.0
2025-01-27 16:00:00+00:00,24.33,24.39,24.25,24.27,19267.0
2025-01-27 17:00:00+00:00,24.275,24.37,24.09,24.095,27830.0
2025-01-27 18:00:00+00:00,24.095,24.25,24.01,24.035,29939.0
2025-01-27 19:00:00+00:00,24.035,24.135,23.99,24.01,26185.0
2025-01-27 20:00:00+00:00,24.015,24.25,23.99,24.22,45896.0
2025-01-28 15:00:00+00:00,24.47,24.745,24.38,24.615,41691.0
2025-01-28 16:00:00+00:00,24.615,24.645,24.3,24.455,46126.0
2025-01-28 17:00:00+00:00,24.46,24.61,24.445,24.555,15973.0
2025-01-28 18:00:00+00:00,24.56,24.715,24.555,24.625,14523.0
2025-01-28 19:00:00+00:00,24.625,24.78,24.59,24.73,24607.0
2025-01-28 20:00:00+00:00,24.73,24.875,24.72,24.735,43303.0
2025-01-29 15:00:00+00:00,25.0,25.015,24.84,24.89,8624.0
2025-01-29 16:00:00+00:00,24.89,24.935,24.72,24.735,6112.0
2025-01-29 17:00:00+00:00,24.735,24.82,24.7,24.725,8825.0
2025-01-29 18:00:00+00:00,24.73,24.755,24.605,24.7,14726.0
2025-01-29 19:00:00+00:00,24.68,24.74,24.42,24.5,14693.0
2025-01-29 20:00:00+00:00,24.5,24.595,24.435,24.55,36113.0
2025-01-30 15:00:00+00:00,24.78,24.87,24.255,24.28,26750.0
2025-01-30 16:00:00+00:00,24.29,24.525,24.25,24.5,20595.0
2025-01-30 17:00:00+00:00,24.5,24.515,24.33,24.425,17650.0
2025-01-30 18:00:00+00:00,24.425,24.575,24.405,24.525,19014.0
2025-01-30 19:00:00+00:00,24.525,24.62,24.485,24.535,25212.0
2025-01-30 20:00:00+00:00,24.535,24.67,24.515,24.585,62716.0
2025-01-31 15:00:00+00:00,24.645,24.76,24.485,24.51,35773.0
2025-01-31 16:00:00+00:00,24.52,24.56,24.43,24.525,13952.0
2025-01-31 17:00:00+00:00,24.51,24.61,24.45,24.59,7295.0
2025-01-31 18:00:00+00:00,24.595,24.74,24.14,24.17,39132.0
2025-01-31 19:00:00+00:00,24.17,24.18,23.975,24.09,24542.0
2025-01-31 20:00:00+00:00,24.075,24.11,23.87,24.045,62502.0
2025-02-03 15:00:00+00:00,22.98,23.525,22.68,23.38,30488.0
2025-02-03 16:00:00+00:00,23.36,23.47,23.115,23.295,19185.0
2025-02-03 17:00:00+00:00,23.295,23.45,23.24,23.325,9483.0
2025-02-03 18:00:00+00:00,23.31,23.46,23.255,23.365,5813.0
2025-02-03 19:00:00+00:00,23.365,23.445,23.3,23.315,15559.0
2025-02-03 20:00:00+00:00,23.315,23.325,23.115,23.125,62952.0
2025-02-04 15:00:00+00:00,22.99,23.305,22.965,23.055,16884.0
2025-02-04 16:00:00+00:00,23.055,23.245,23.045,23.175,22541.0
2025-02-04 17:00:00+00:00,23.175,23.215,23.045,23.145,10789.0
2025-02-04 18:00:00+00:00,23.15,23.16,22.945,22.955,12416.0
2025-02-04 19:00:00+00:00,22.965,22.98,22.73,22.77,17734.0
2025-02-04 20:00:00+00:00,22.765,22.865,22.69,22.74,72690.0
2025-02-05 15:00:00+00:00,22.355,22.72,22.3,22.59,21195.0
2025-02-05 16:00:00+00:00,22.595,22.795,22.595,22.725,25167.0
2025-02-05 17:00:00+00:00,22.725,22.74,22.625,22.635,11663.0
2025-02-05 18:00:00+00:00,22.63,22.675,22.595,22.64,13838.0
2025-02-05 19:00:00+00:00,22.645,22.67,22.545,22.55,19992.0
2025-02-05 20:00:00+00:00,22.555,22.58,22.465,22.52,45437.0
2025-02-06 15:00:00+00:00,23.02,23.16,22.985,23.075,17720.0
2025-02-06 16:00:00+00:00,23.085,23.18,23.075,23.095,12347.0
2025-02-06 17:00:00+00:00,23.095,23.23,23.07,23.135,10123.0
2025-02-06 18:00:00+00:00,23.135,23.175,22.925,22.995,16663.0
2025-02-06 19:00:00+00:00,22.99,23.04,22.885,22.985,26638.0
2025-02-06 20:00:00+00:00,22.985,23.14,22.95,23.13,44408.0
2025-02-07 15:00:00+00:00,23.045,23.235,22.85,22.89,17117.0
2025-02-07 16:00:00+00:00,22.89,22.905,22.69,22.8,14018.0
2025-02-07 17:00:00+00:00,22.8,22.865,22.61,22.63,17440.0
2025-02-07 18:00:00+00:00,22.625,22.645,22.41,22.445,20946.0
2025-02-07 19:00:00+00:00,22.445,22.53,22.385,22.425,16301.0
2025-02-07 20:00:00+00:00,22.415,22.53,22.385,22.5,57425.0
2025-02-10 15:00:00+00:00,22.525,22.74,22.51,22.65,45431.0
2025-02-10 16:00:00+00:00,22.645,22.72,22.485,22.595,28334.0
2025-02-10 17:00:00+00:00,22.585,22.595,22.475,22.48,18995.0
2025-02-10 18:00:00+00:00,22.48,22.59,22.47,22.515,31429.0
2025-02-10 19:00:00+00:00,22.515,22.57,22.48,22.525,38339.0
2025-02-10 20:00:00+00:00,22.525,22.67,22.52,22.615,59691.0
2025-02-11 15:00:00+00:00,22.52,22.74,22.465,22.715,26220.0
2025-02-11 16:00:00+00:00,22.715,22.745,22.48,22.525,26350.0
2025-02-11 17:00:00+00:00,22.525,22.575,22.38,22.455,12666.0
2025-02-11 18:00:00+00:00,22.46,22.555,22.425,22.43,29556.0
2025-02-11 19:00:00+00:00,22.43,22.54,22.41,22.525,45949.0
2025-02-11 20:00:00+00:00,22.525,22.81,22.525,22.715,106233.0
2025-02-12 15:00:00+00:00,22.42,22.46,22.2,22.355,24583.0
2025-02-12 16:00:00+00:00,22.35,22.365,22.12,22.325,33092.0
2025-02-12 17:00:00+00:00,22.325,22.44,22.26,22.415,22520.0
2025-02-12 18:00:00+00:00,22.415,22.43,22.305,22.355,20451.0
2025-02-12 19:00:00+00:00,22.355,22.41,22.33,22.405,19437.0
2025-02-12 20:00:00+00:00,22.405,22.645,22.39,22.51,92714.0
2025-02-13 15:00:00+00:00,22.665,23.155,22.565,23.005,48610.0
2025-02-13 16:00:00+00:00,23.005,23.005,22.82,22.995,25868.0
2025-02-13 17:00:00+00:00,22.995,23.08,22.935,22.965,17487.0
2025-02-13 18:00:00+00:00,22.965,23.02,22.9,22.94,8468.0
2025-02-13 19:00:00+00:00,22.94,23.1,22.91,23.055,15240.0
2025-02-13 20:00:00+00:00,23.055,23.07,22.98,23.03,31477.0
2025-02-14 15:00:00+00:00,22.81,22.83,22.58,22.695,25829.0
2025-02-14 16:00:00+00:00,22.7,22.755,22.61,22.705,22490.0
2025-02-14 17:00:00+00:00,22.705,22.74,22.655,22.725,17995.0
2025-02-14 18:00:00+00:00,22.73,22.91,22.725,22.855,26967.0
2025-02-14 19:00:00+00:00,22.855,22.905,22.745,22.885,37951.0
2025-02-14 20:00:00+00:00,22.885,22.92,22.765,22.81,58673.0
2025-02-17 15:00:00+00:00,22.81,22.81,22.81,22.81,0.0
2025-02-17 16:00:00+00:00,22.81,22.81,22.81,22.81,0.0
2025-02-17 17:00:00+00:00,22.81,22.81,22.81,22.81,0.0
2025-02-17 18:00:00+00:00,22.81,22.81,22.81,22.81,0.0
2025-02-17 19:00:00+00:00,22.81,22.81,22.81,22.81,0.0
2025-02-17 20:00:00+00:00,22.81,22.81,22.81,22.81,0.0
2025-02-18 15:00:00+00:00,23.17,23.21,23.0,23.2,35775.0
2025-02-18 16:00:00+00:00,23.205,23.635,23.175,23.485,46019.0
2025-02-18 17:00:00+00:00,23.485,23.565,23.435,23.515,19226.0
2025-02-18 18:00:00+00:00,23.515,23.61,23.5,23.585,19469.0
2025-02-18 19:00:00+00:00,23.585,23.665,23.44,23.595,28462.0
2025-02-18 20:00:00+00:00,23.595,23.69,23.535,23.545,97115.0
2025-02-19 15:00:00+00:00,23.025,23.045,22.75,22.835,26307.0
2025-02-19 16:00:00+00:00,22.835,22.84,22.625,22.675,29931.0
2025-02-19 17:00:00+00:00,22.675,22.795,22.61,22.795,18248.0
2025-02-19 18:00:00+00:00,22.795,22.96,22.79,22.81,26290.0
2025-02-19 19:00:00+00:00,22.815,23.18,22.805,23.11,21499.0
2025-02-19 20:00:00+00:00,23.105,23.2,23.01,23.015,63655.0
2025-02-20 15:00:00+00:00,22.805,22.88,22.525,22.55,39347.0
2025-02-20 16:00:00+00:00,22.55,22.615,22.44,22.47,32093.0
2025-02-20 17:00:00+00:00,22.47,22.57,22.415,22.415,32699.0
2025-02-20 18:00:00+00:00,22.415,22.52,22.305,22.505,23539.0
2025-02-20 19:00:00+00:00,22.505,22.53,22.445,22.445,12929.0
2025-02-20 20:00:00+00:00,22.44,22.545,22.375,22.405,53578.0
2025-02-21 15:00:00+00:00,22.53,22.575,22.3,22.465,36227.0
2025-02-21 16:00:00+00:00,22.475,22.605,22.355,22.56,61087.0
2025-02-21 17:00:00+00:00,22.565,22.595,22.385,22.39,41474.0
2025-02-21 18:00:00+00:00,22.39,22.39,22.21,22.215,25727.0
2025-02-21 19:00:00+00:00,22.215,22.23,21.99,21.995,52750.0
2025-02-21 20:00:00+00:00,21.995,22.235,21.955,22.235,82583.0
2025-02-24 15:00:00+00:00,22.03,22.43,21.925,22.385,40132.0
2025-02-24 16:00:00+00:00,22.39,22.695,22.34,22.56,36325.0
2025-02-24 17:00:00+00:00,22.555,22.7,22.53,22.595,13534.0
2025-02-24 18:00:00+00:00,22.595,22.715,22.585,22.71,23447.0
2025-02-24 19:00:00+00:00,22.705,22.815,22.64,22.775,17480.0
2025-02-24 20:00:00+00:00,22.78,22.895,22.74,22.75,58322.0
2025-02-25 15:00:00+00:00,22.7,22.7,22.175,22.39,23568.0
2025-02-25 16:00:00+00:00,22.39,22.42,22.225,22.375,21416.0
2025-02-25 17:00:00+00:00,22.37,22.445,22.315,22.415,15802.0
2025-02-25 18:00:00+00:00,22.415,22.63,22.405,22.58,24380.0
2025-02-25 19:00:00+00:00,22.585,22.63,22.325,22.485,25246.0
2025-02-25 20:00:00+00:00,22.485,22.615,22.38,22.465,72220.0
2025-02-26 15:00:00+00:00,23.345,23.48,23.22,23.28,34635.0
2025-02-26 16:00:00+00:00,23.285,23.475,23.22,23.37,30477.0
2025-02-26 17:00:00+00:00,23.365,23.485,23.27,23.325,28744.0
2025-02-26 18:00:00+00:00,23.325,23.39,23.21,23.24,29668.0
2025-02-26 19:00:00+00:00,23.24,23.35,23.105,23.13,63357.0
2025-02-26 20:00:00+00:00,23.13,23.3,23.035,23.3,72346.0
2025-02-27 15:00:00+00:00,22.765,23.315,22.72,22.96,36680.0
2025-02-27 16:00:00+00:00,22.96,23.28,22.9,22.905,24697.0
2025-02-27 17:00:00+00:00,22.905,22.935,22.75,22.84,11003.0
2025-02-27 18:00:00+00:00,22.845,23.075,22.83,23.03,17055.0
2025-02-27 19:00:00+00:00,23.035,23.055,22.74,22.835,28432.0
2025-02-27 20:00:00+00:00,22.835,22.895,22.64,22.645,58399.0
2025-02-28 15:00:00+00:00,22.97,23.22,22.9,23.095,28536.0
2025-02-28 16:00:00+00:00,23.095,23.095,22.63,22.765,45441.0
2025-02-28 17:00:00+00:00,22.755,22.82,22.525,22.555,63689.0
2025-02-28 18:00:00+00:00,22.54,22.61,22.315,22.325,24178.0
2025-02-28 19:00:00+00:00,22.32,22.435,22.255,22.365,25843.0
2025-02-28 20:00:00+00:00,22.36,22.715,22.35,22.61,43497.0
2025-03-03 15:00:00+00:00,23.05,23.115,22.575,22.575,22136.0
2025-03-03 16:00:00+00:00,22.595,22.66,22.34,22.55,32471.0
2025-03-03 17:00:00+00:00,22.55,22.61,22.295,22.3,16992.0
2025-03-03 18:00:00+00:00,22.295,22.315,21.925,21.95,16648.0
2025-03-03 19:00:00+00:00,21.955,22.015,21.57,21.575,20817.0
2025-03-03 20:00:00+00:00,21.575,21.58,21.145,21.345,52672.0
2025-03-04 15:00:00+00:00,20.28,20.36,19.89,19.91,48440.0
2025-03-04 16:00:00+00:00,19.895,20.07,19.62,20.035,69192.0
2025-03-04 17:00:00+00:00,20.035,20.315,20.0,20.19,66588.0
2025-03-04 18:00:00+00:00,20.19,20.43,20.115,20.245,43468.0
2025-03-04 19:00:00+00:00,20.245,20.52,20.215,20.35,46344.0
2025-03-04 20:00:00+00:00,20.345,20.51,20.025,20.095,115439.0
2025-03-05 15:00:00+00:00,19.335,19.565,18.96,18.99,49912.0
2025-03-05 16:00:00+00:00,18.99,19.025,18.58,18.74,82938.0
2025-03-05 17:00:00+00:00,18.725,19.13,18.54,19.11,112345.0
2025-03-05 18:00:00+00:00,19.105,19.31,18.985,19.305,85311.0
2025-03-05 19:00:00+00:00,19.31,19.51,19.21,19.4,71066.0
2025-03-05 20:00:00+00:00,19.395,19.85,19.3,19.845,202158.0
2025-03-06 15:00:00+00:00,19.5,19.945,19.485,19.895,65379.0
2025-03-06 16:00:00+00:00,19.89,20.11,19.825,19.92,74295.0
2025-03-06 17:00:00+00:00,19.93,19.96,19.7,19.83,201257.0
2025-03-06 18:00:00+00:00,19.825,19.91,19.665,19.745,70589.0
2025-03-06 19:00:00+00:00,19.745,19.945,19.54,19.565,100176.0
2025-03-06 20:00:00+00:00,19.565,19.77,19.47,19.505,139792.0
2025-03-07 15:00:00+00:00,22.18,22.4,21.725,22.19,220587.0
2025-03-07 16:00:00+00:00,22.185,22.38,21.46,21.85,146225.0
2025-03-07 17:00:00+00:00,21.845,21.915,21.585,21.68,152445.0
2025-03-07 18:00:00+00:00,21.68,22.57,21.675,22.56,178263.0
2025-03-07 19:00:00+00:00,22.56,22.96,22.37,22.88,185517.0
2025-03-07 20:00:00+00:00,22.885,23.32,22.785,23.14,204787.0
2025-03-10 14:00:00+00:00,22.315,22.315,21.56,21.82,115428.0
2025-03-10 15:00:00+00:00,21.82,21.92,21.8,21.89,15557.0
2025-03-10 16:00:00+00:00,21.89,21.89,21.89,21.89,0.0
2025-03-10 17:00:00+00:00,21.89,22.61,21.89,22.47,76866.0
2025-03-10 18:00:00+00:00,22.47,22.6,22.36,22.365,67304.0
2025-03-10 19:00:00+00:00,22.365,22.73,22.355,22.36,158721.0
2025-03-11 14:00:00+00:00,22.035,22.355,21.335,21.345,67929.0
2025-03-11 15:00:00+00:00,21.34,21.575,21.175,21.305,39741.0
2025-03-11 16:00:00+00:00,21.305,21.375,21.095,21.13,37723.0
2025-03-11 17:00:00+00:00,21.125,21.215,20.95,21.1,38688.0
2025-03-11 18:00:00+00:00,21.095,21.635,21.085,21.595,70323.0
2025-03-11 19:00:00+00:00,21.595,21.685,21.36,21.605,126602.0
2025-03-12 14:00:00+00:00,21.48,21.57,21.145,21.17,137333.0
2025-03-12 15:00:00+00:00,21.17,21.2,20.79,20.925,33177.0
2025-03-12 16:00:00+00:00,20.925,21.17,20.87,21.11,26115.0
2025-03-12 17:00:00+00:00,21.11,21.295,20.97,20.975,15433.0
2025-03-12 18:00:00+00:00,20.97,21.39,20.945,21.24,18356.0
2025-03-12 19:00:00+00:00,21.215,21.215,21.005,21.04,66640.0
2025-03-13 14:00:00+00:00,21.2,21.45,21.0,21.03,82527.0
2025-03-13 15:00:00+00:00,21.04,21.11,20.74,20.77,36358.0
2025-03-13 16:00:00+00:00,20.77,20.85,20.51,20.575,27228.0
2025-03-13 17:00:00+00:00,20.575,20.635,20.13,20.32,60961.0
2025-03-13 18:00:00+00:00,20.32,20.785,20.32,20.735,57317.0
2025-03-13 19:00:00+00:00,20.73,20.79,20.58,20.77,74212.0
2025-03-14 14:00:00+00:00,20.37,20.595,20.015,20.135,108341.0
2025-03-14 15:00:00+00:00,20.16,20.255,19.92,20.03,89290.0
2025-03-14 16:00:00+00:00,20.03,20.085,19.82,20.06,39834.0
2025-03-14 17:00:00+00:00,20.06,20.26,20.05,20.12,54772.0
2025-03-14 18:00:00+00:00,20.12,20.39,20.075,20.145,77962.0
2025-03-14 19:00:00+00:00,20.15,20.3,20.055,20.155,117585.0
2025-03-17 14:00:00+00:00,19.95,20.215,19.87,20.03,65059.0
2025-03-17 15:00:00+00:00,20.03,20.11,19.875,19.995,36853.0
2025-03-17 16:00:00+00:00,19.995,20.27,19.96,20.215,55073.0
2025-03-17 17:00:00+00:00,20.215,20.31,20.09,20.205,47152.0
2025-03-17 18:00:00+00:00,20.205,20.35,20.135,20.235,56472.0
2025-03-17 19:00:00+00:00,20.235,20.265,20.02,20.03,72171.0
2025-03-18 14:00:00+00:00,19.465,19.755,19.395,19.635,61779.0
2025-03-18 15:00:00+00:00,19.64,19.64,19.445,19.475,41051.0
2025-03-18 16:00:00+00:00,19.48,19.71,19.415,19.685,34702.0
2025-03-18 17:00:00+00:00,19.68,19.68,19.39,19.415,26296.0
2025-03-18 18:00:00+00:00,19.42,19.535,19.345,19.465,49605.0
2025-03-18 19:00:00+00:00,19.465,19.515,19.31,19.32,86401.0
2025-03-19 14:00:00+00:00,19.465,19.81,19.455,19.65,107131.0
2025-03-19 15:00:00+00:00,19.65,19.795,19.625,19.725,57635.0
2025-03-19 16:00:00+00:00,19.725,19.835,19.655,19.77,34738.0
2025-03-19 17:00:00+00:00,19.77,19.835,19.68,19.68,48333.0
2025-03-19 18:00:00+00:00,19.65,20.27,19.62,20.235,73265.0
2025-03-19 19:00:00+00:00,20.23,20.255,19.965,20.18,90469.0
2025-03-20 14:00:00+00:00,20.83,21.045,20.79,20.92,85119.0
2025-03-20 15:00:00+00:00,20.925,20.995,20.815,20.825,59446.0
2025-03-20 16:00:00+00:00,20.82,20.845,20.485,20.515,64756.0
2025-03-20 17:00:00+00:00,20.515,20.65,20.505,20.585,46206.0
2025-03-20 18:00:00+00:00,20.585,20.595,20.465,20.475,41788.0
2025-03-20 19:00:00+00:00,20.48,20.575,20.44,20.505,106395.0
2025-03-21 14:00:00+00:00,20.01,20.225,19.94,20.21,60869.0
2025-03-21 15:00:00+00:00,20.21,20.28,20.12,20.21,42371.0
2025-03-21 16:00:00+00:00,20.21,20.49,20.15,20.475,37783.0
2025-03-21 17:00:00+00:00,20.46,20.48,20.35,20.365,42323.0
2025-03-21 18:00:00+00:00,20.365,20.39,20.225,20.25,44909.0
2025-03-21 19:00:00+00:00,20.255,20.27,19.885,19.95,118717.0
2025-03-24 14:00:00+00:00,21.22,21.39,21.075,21.38,90185.0
2025-03-24 15:00:00+00:00,21.38,21.575,21.245,21.565,87831.0
2025-03-24 16:00:00+00:00,21.565,21.685,21.55,21.575,70571.0
2025-03-24 17:00:00+00:00,21.575,21.575,21.385,21.515,53878.0
2025-03-24 18:00:00+00:00,21.515,21.73,21.42,21.695,61643.0
2025-03-24 19:00:00+00:00,21.695,21.855,21.66,21.67,150819.0
2025-03-25 14:00:00+00:00,21.455,21.875,21.38,21.855,63392.0
2025-03-25 15:00:00+00:00,21.855,22.185,21.85,22.015,67776.0
2025-03-25 16:00:00+00:00,22.015,22.035,21.785,21.97,64135.0
2025-03-25 17:00:00+00:00,21.975,22.05,21.84,21.885,41049.0
2025-03-25 18:00:00+00:00,21.885,22.07,21.81,21.85,52627.0
2025-03-25 19:00:00+00:00,21.855,21.9,21.57,21.57,86326.0
2025-03-26 14:00:00+00:00,21.43,21.525,21.37,21.4,55585.0
2025-03-26 15:00:00+00:00,21.405,21.63,21.39,21.425,61633.0
2025-03-26 16:00:00+00:00,21.42,21.515,21.325,21.33,49070.0
2025-03-26 17:00:00+00:00,21.335,21.45,21.21,21.255,45459.0
2025-03-26 18:00:00+00:00,21.26,21.375,21.195,21.29,38153.0
2025-03-26 19:00:00+00:00,21.285,21.46,21.255,21.37,103596.0
2025-03-27 14:00:00+00:00,21.72,22.04,21.67,22.025,62615.0
2025-03-27 15:00:00+00:00,22.02,22.11,21.64,21.67,45602.0
2025-03-27 16:00:00+00:00,21.66,21.745,21.51,21.515,28152.0
2025-03-27 17:00:00+00:00,21.51,21.7,21.51,21.53,23194.0
2025-03-27 18:00:00+00:00,21.535,21.64,21.415,21.43,12449.0
2025-03-27 19:00:00+00:00,21.43,21.51,21.215,21.255,57350.0
2025-03-28 14:00:00+00:00,20.29,20.455,20.125,20.125,72582.0
2025-03-28 15:00:00+00:00,20.125,20.39,20.105,20.245,92155.0
2025-03-28 16:00:00+00:00,20.245,20.375,20.2,20.35,42592.0
2025-03-28 17:00:00+00:00,20.345,20.345,20.21,20.28,50316.0
2025-03-28 18:00:00+00:00,20.27,20.355,20.2,20.25,44045.0
2025-03-28 19:00:00+00:00,20.245,20.43,20.13,20.43,123907.0
2025-03-31 14:00:00+00:00,20.04,20.48,20.03,20.45,31822.0
2025-03-31 15:00:00+00:00,20.455,20.66,20.445,20.565,35598.0
2025-03-31 16:00:00+00:00,20.565,20.645,20.48,20.535,39928.0
2025-03-31 17:00:00+00:00,20.535,20.6,20.435,20.525,30121.0
2025-03-31 18:00:00+00:00,20.525,20.805,20.525,20.755,32674.0
2025-03-31 19:00:00+00:00,20.755,20.825,20.58,20.615,117514.0
2025-04-01 14:00:00+00:00,20.76,20.89,20.58,20.835,29333.0
2025-04-01 15:00:00+00:00,20.835,21.145,20.76,21.06,27397.0
2025-04-01 16:00:00+00:00,21.065,21.31,21.045,21.265,28375.0
2025-04-01 17:00:00+00:00,21.265,21.305,21.115,21.195,18219.0
2025-04-01 18:00:00+00:00,21.21,21.21,20.98,21.085,34831.0
2025-04-01 19:00:00+00:00,21.085,21.255,21.03,21.225,109948.0
2025-04-02 14:00:00+00:00,21.66,22.305,21.66,22.275,58390.0
2025-04-02 15:00:00+00:00,22.275,22.39,22.105,22.255,67148.0
2025-04-02 16:00:00+00:00,22.255,22.43,22.205,22.395,42909.0
2025-04-02 17:00:00+00:00,22.395,22.515,22.17,22.295,64805.0
2025-04-02 18:00:00+00:00,22.295,22.44,22.11,22.325,37070.0
2025-04-02 19:00:00+00:00,22.325,22.48,22.315,22.39,110671.0
2025-04-03 14:00:00+00:00,17.88,17.895,17.27,17.515,349097.0
2025-04-03 15:00:00+00:00,17.51,18.33,17.32,18.195,294337.0
2025-04-03 16:00:00+00:00,18.195,18.41,18.025,18.125,165590.0
2025-04-03 17:00:00+00:00,18.125,18.22,17.845,17.935,117802.0
2025-04-03 18:00:00+00:00,17.935,18.04,17.745,17.845,59196.0
2025-04-03 19:00:00+00:00,17.835,18.01,17.71,17.875,282177.0
2025-04-04 14:00:00+00:00,17.2,17.58,17.005,17.45,144192.0
2025-04-04 15:00:00+00:00,17.43,19.4,17.385,18.995,213808.0
2025-04-04 16:00:00+00:00,18.995,19.355,18.885,19.11,97522.0
2025-04-04 17:00:00+00:00,19.14,19.34,18.86,19.28,71793.0
2025-04-04 18:00:00+00:00,19.33,19.43,18.845,19.045,87552.0
2025-04-04 19:00:00+00:00,19.055,19.5,18.95,19.205,212492.0
2025-04-07 14:00:00+00:00,17.885,19.56,17.54,18.37,95766.0
2025-04-07 15:00:00+00:00,18.35,18.53,17.69,18.175,40061.0
2025-04-07 16:00:00+00:00,18.16,18.295,17.9,17.97,40038.0
2025-04-07 17:00:00+00:00,17.945,18.95,17.945,18.84,93766.0
2025-04-07 18:00:00+00:00,18.84,18.91,18.415,18.445,55975.0
2025-04-07 19:00:00+00:00,18.43,18.8,18.375,18.715,144103.0
2025-04-08 14:00:00+00:00,19.1,19.195,18.67,18.7,63240.0
2025-04-08 15:00:00+00:00,18.7,18.78,18.33,18.425,40262.0
2025-04-08 16:00:00+00:00,18.425,18.47,17.875,17.875,33603.0
2025-04-08 17:00:00+00:00,17.88,17.945,17.505,17.83,38993.0
2025-04-08 18:00:00+00:00,17.83,17.835,17.375,17.385,90212.0
2025-04-08 19:00:00+00:00,17.385,17.67,17.085,17.665,129595.0
2025-04-09 14:00:00+00:00,17.75,17.93,17.17,17.185,28785.0
2025-04-09 15:00:00+00:00,17.185,17.43,17.085,17.14,27524.0
2025-04-09 16:00:00+00:00,17.135,17.47,17.12,17.4,17752.0
2025-04-09 17:00:00+00:00,17.4,20.5,17.275,20.475,118504.0
2025-04-09 18:00:00+00:00,20.49,20.95,19.73,19.75,107187.0
2025-04-09 19:00:00+00:00,19.75,20.44,19.66,20.275,118399.0
2025-04-10 14:00:00+00:00,18.8,19.25,18.68,18.835,45648.0
2025-04-10 15:00:00+00:00,18.83,19.01,18.61,18.68,54105.0
2025-04-10 16:00:00+00:00,18.67,18.815,18.4,18.77,40981.0
2025-04-10 17:00:00+00:00,18.74,19.055,18.41,18.945,50054.0
2025-04-10 18:00:00+00:00,18.945,19.18,18.73,18.915,40230.0
2025-04-10 19:00:00+00:00,18.92,19.145,18.7,19.01,146252.0
2025-04-11 14:00:00+00:00,18.49,18.59,17.905,18.04,99513.0
2025-04-11 15:00:00+00:00,18.04,18.29,17.98,18.23,35268.0
2025-04-11 16:00:00+00:00,18.225,18.405,18.13,18.325,26947.0
2025-04-11 17:00:00+00:00,18.325,18.75,18.195,18.505,68024.0
2025-04-11 18:00:00+00:00,18.505,18.52,18.29,18.45,31841.0
2025-04-11 19:00:00+00:00,18.46,18.62,18.435,18.59,85209.0
2025-04-14 14:00:00+00:00,19.2,19.435,19.06,19.285,49960.0
2025-04-14 15:00:00+00:00,19.285,19.315,18.785,18.805,22663.0
2025-04-14 16:00:00+00:00,18.805,19.06,18.705,18.93,24873.0
2025-04-14 17:00:00+00:00,18.925,19.33,18.87,19.255,27744.0
2025-04-14 18:00:00+00:00,19.255,19.37,19.22,19.335,37919.0
2025-04-14 19:00:00+00:00,19.335,19.485,19.26,19.285,153314.0
2025-04-15 14:00:00+00:00,19.21,19.4,18.86,18.87,14183.0
2025-04-15 15:00:00+00:00,18.87,18.97,18.79,18.89,12061.0
2025-04-15 16:00:00+00:00,18.89,18.98,18.775,18.795,14139.0
2025-04-15 17:00:00+00:00,18.79,18.825,18.56,18.635,24427.0
2025-04-15 18:00:00+00:00,18.635,18.8,18.52,18.785,20735.0
2025-04-15 19:00:00+00:00,18.785,18.86,18.66,18.705,98733.0
2025-04-16 14:00:00+00:00,18.7,18.82,18.59,18.625,53483.0
2025-04-16 15:00:00+00:00,18.625,18.755,18.53,18.575,18416.0
2025-04-16 16:00:00+00:00,18.575,18.705,18.54,18.555,18667.0
2025-04-16 17:00:00+00:00,18.555,18.665,18.285,18.315,32495.0
2025-04-16 18:00:00+00:00,18.325,18.505,18.215,18.225,25333.0
2025-04-16 19:00:00+00:00,18.225,18.32,18.17,18.24,70817.0
2025-04-17 14:00:00+00:00,18.415,18.53,18.315,18.36,36671.0
2025-04-17 15:00:00+00:00,18.36,18.79,18.36,18.775,18051.0
2025-04-17 16:00:00+00:00,18.775,19.235,18.7,19.19,37091.0
2025-04-17 17:00:00+00:00,19.2,19.435,19.145,19.375,22323.0
2025-04-17 18:00:00+00:00,19.375,19.44,19.2,19.205,29684.0
2025-04-17 19:00:00+00:00,19.205,19.25,19.06,19.125,80424.0
2025-04-18 14:00:00+00:00,19.125,19.125,19.125,19.125,0.0
2025-04-18 15:00:00+00:00,19.125,19.125,19.125,19.125,0.0
2025-04-18 16:00:00+00:00,19.125,19.125,19.125,19.125,0.0
2025-04-18 17:00:00+00:00,19.125,19.125,19.125,19.125,0.0
2025-04-18 18:00:00+00:00,19.125,19.125,19.125,19.125,0.0
2025-04-18 19:00:00+00:00,19.125,19.125,19.125,19.125,0.0
2025-04-21 14:00:00+00:00,18.76,18.92,18.71,18.79,45657.0
2025-04-21 15:00:00+00:00,18.795,18.805,18.47,18.545,53616.0
2025-04-21 16:00:00+00:00,18.545,18.78,18.52,18.66,33390.0
2025-04-21 17:00:00+00:00,18.66,18.72,18.575,18.655,32515.0
2025-04-21 18:00:00+00:00,18.655,18.725,18.64,18.69,40569.0
2025-04-21 19:00:00+00:00,18.685,19.115,18.665,19.1,125667.0
2025-04-22 14:00:00+00:00,19.245,19.29,19.09,19.265,62652.0
2025-04-22 15:00:00+00:00,19.26,19.53,19.255,19.52,51890.0
2025-04-22 16:00:00+00:00,19.52,19.915,19.52,19.77,42819.0
2025-04-22 17:00:00+00:00,19.77,19.855,19.36,19.485,15191.0
2025-04-22 18:00:00+00:00,19.485,19.635,19.48,19.605,13935.0
2025-04-22 19:00:00+00:00,19.605,19.62,19.405,19.48,36984.0
2025-04-23 14:00:00+00:00,20.89,21.07,20.455,20.48,52568.0
2025-04-23 15:00:00+00:00,20.49,20.54,19.955,20.09,18661.0
2025-04-23 16:00:00+00:00,20.09,20.195,20.01,20.125,9460.0
2025-04-23 17:00:00+00:00,20.125,20.29,20.02,20.19,16902.0
2025-04-23 18:00:00+00:00,20.185,20.245,19.93,20.015,13807.0
2025-04-23 19:00:00+00:00,20.015,20.095,19.91,19.965,33579.0
2025-04-24 14:00:00+00:00,20.25,20.465,20.045,20.445,20440.0
2025-04-24 15:00:00+00:00,20.445,20.665,20.44,20.635,15374.0
2025-04-24 16:00:00+00:00,20.635,20.86,20.595,20.82,14364.0
2025-04-24 17:00:00+00:00,20.815,20.83,20.65,20.78,28964.0
2025-04-24 18:00:00+00:00,20.78,20.92,20.645,20.845,27805.0
2025-04-24 19:00:00+00:00,20.845,20.875,20.685,20.81,77916.0
2025-04-25 14:00:00+00:00,20.89,21.02,20.75,20.995,40440.0
2025-04-25 15:00:00+00:00,20.99,21.09,20.945,20.98,23424.0
2025-04-25 16:00:00+00:00,20.985,21.1,20.93,21.025,18016.0
2025-04-25 17:00:00+00:00,21.02,21.16,20.935,20.975,19462.0
2025-04-25 18:00:00+00:00,20.975,21.02,20.91,20.945,43648.0
2025-04-25 19:00:00+00:00,20.945,21.105,20.93,20.995,88260.0
2025-04-28 14:00:00+00:00,21.14,21.555,21.125,21.325,37683.0
2025-04-28 15:00:00+00:00,21.325,21.355,21.105,21.15,14516.0
2025-04-28 16:00:00+00:00,21.15,21.215,21.015,21.125,10718.0
2025-04-28 17:00:00+00:00,21.125,21.25,21.11,21.21,18398.0
2025-04-28 18:00:00+00:00,21.21,21.305,21.16,21.275,14028.0
2025-04-28 19:00:00+00:00,21.285,21.51,21.27,21.48,73832.0
2025-04-29 14:00:00+00:00,21.405,21.705,21.38,21.635,36302.0
2025-04-29 15:00:00+00:00,21.635,21.715,21.585,21.625,14581.0
2025-04-29 16:00:00+00:00,21.625,21.77,21.605,21.62,25948.0
2025-04-29 17:00:00+00:00,21.63,21.84,21.62,21.79,21649.0
2025-04-29 18:00:00+00:00,21.79,21.91,21.785,21.88,19838.0
2025-04-29 19:00:00+00:00,21.885,21.945,21.72,21.775,58970.0
2025-04-30 14:00:00+00:00,21.01,21.415,20.98,21.4,71480.0
2025-04-30 15:00:00+00:00,21.4,21.62,21.385,21.605,40355.0
2025-04-30 16:00:00+00:00,21.595,21.68,21.455,21.63,47723.0
2025-04-30 17:00:00+00:00,21.63,21.795,21.565,21.57,44585.0
2025-04-30 18:00:00+00:00,21.57,21.735,21.56,21.61,36011.0
2025-04-30 19:00:00+00:00,21.61,21.97,21.61,21.93,106236.0
2025-05-01 14:00:00+00:00,22.225,22.535,22.19,22.41,42371.0
2025-05-01 15:00:00+00:00,22.405,22.545,22.335,22.365,24326.0
2025-05-01 16:00:00+00:00,22.365,22.41,22.18,22.185,20952.0
2025-05-01 17:00:00+00:00,22.185,22.34,22.17,22.19,24787.0
2025-05-01 18:00:00+00:00,22.18,22.275,22.17,22.24,28903.0
2025-05-01 19:00:00+00:00,22.24,22.27,22.005,22.035,77912.0
2025-05-02 14:00:00+00:00,22.44,22.765,22.425,22.745,45005.0
2025-05-02 15:00:00+00:00,22.75,22.88,22.575,22.815,36035.0
2025-05-02 16:00:00+00:00,22.815,23.125,22.815,23.1,42086.0
2025-05-02 17:00:00+00:00,23.105,23.135,22.85,22.905,29082.0
2025-05-02 18:00:00+00:00,22.905,23.095,22.885,23.015,45026.0
2025-05-02 19:00:00+00:00,23.015,23.135,22.96,22.995,89149.0
2025-05-05 14:00:00+00:00,22.805,23.105,22.8,23.04,59466.0
2025-05-05 15:00:00+00:00,23.035,23.155,22.91,22.975,45131.0
2025-05-05 16:00:00+00:00,22.975,23.07,22.96,23.02,20134.0
2025-05-05 17:00:00+00:00,23.02,23.06,22.9,23.015,21342.0
2025-05-05 18:00:00+00:00,23.015,23.07,22.97,22.975,19351.0
2025-05-05 19:00:00+00:00,22.975,22.99,22.845,22.9,68186.0
2025-05-06 14:00:00+00:00,22.525,22.79,22.47,22.66,20930.0
2025-05-06 15:00:00+00:00,22.66,22.82,22.615,22.625,10494.0
2025-05-06 16:00:00+00:00,22.625,22.8,22.505,22.515,12295.0
2025-05-06 17:00:00+00:00,22.515,22.58,22.265,22.37,48931.0
2025-05-06 18:00:00+00:00,22.37,22.6,22.355,22.58,46938.0
2025-05-06 19:00:00+00:00,22.58,22.715,22.51,22.645,45887.0
2025-05-07 14:00:00+00:00,22.92,23.16,22.835,23.02,58833.0
2025-05-07 15:00:00+00:00,23.02,23.27,22.98,23.185,58285.0
2025-05-07 16:00:00+00:00,23.185,23.32,23.17,23.25,56062.0
2025-05-07 17:00:00+00:00,23.255,23.37,23.115,23.125,55410.0
2025-05-07 18:00:00+00:00,23.125,23.245,22.88,23.21,29215.0
2025-05-07 19:00:00+00:00,23.21,23.335,23.06,23.27,163910.0
2025-05-08 14:00:00+00:00,23.52,23.685,23.24,23.33,61342.0
2025-05-08 15:00:00+00:00,23.32,23.635,23.275,23.43,27279.0
2025-05-08 16:00:00+00:00,23.435,23.74,23.42,23.72,54759.0
2025-05-08 17:00:00+00:00,23.72,23.72,23.23,23.24,25346.0
2025-05-08 18:00:00+00:00,23.24,23.31,23.16,23.21,62069.0
2025-05-08 19:00:00+00:00,23.215,23.35,22.985,23.015,197024.0
2025-05-09 14:00:00+00:00,22.81,22.99,22.61,22.875,43629.0
2025-05-09 15:00:00+00:00,22.875,22.9,22.735,22.74,32956.0
2025-05-09 16:00:00+00:00,22.745,22.78,22.65,22.685,35388.0
2025-05-09 17:00:00+00:00,22.685,22.865,22.65,22.79,33494.0
2025-05-09 18:00:00+00:00,22.79,22.8,22.725,22.735,46099.0
2025-05-09 19:00:00+00:00,22.735,22.825,22.65,22.66,65706.0
