date,Open,High,Low,Close,Volume
2025-03-24 14:00:00+00:00,57.395,57.54,57.35,57.47,1430.0
2025-03-24 15:00:00+00:00,57.47,57.61,57.45,57.57,1072.0
2025-03-24 16:00:00+00:00,57.57,57.64,57.415,57.59,2881.0
2025-03-24 17:00:00+00:00,57.59,57.64,57.535,57.59,1523.0
2025-03-24 18:00:00+00:00,57.59,57.645,57.5,57.625,953.0
2025-03-24 19:00:00+00:00,57.62,57.64,57.48,57.56,8457.0
2025-03-25 14:00:00+00:00,57.935,58.085,57.87,58.05,2277.0
2025-03-25 15:00:00+00:00,58.05,58.12,57.88,57.92,3549.0
2025-03-25 16:00:00+00:00,57.92,58.045,57.91,58.04,4141.0
2025-03-25 17:00:00+00:00,58.04,58.135,57.98,58.075,2386.0
2025-03-25 18:00:00+00:00,58.07,58.075,57.92,57.975,3469.0
2025-03-25 19:00:00+00:00,57.975,58.07,57.9,57.99,7373.0
2025-03-26 14:00:00+00:00,58.415,58.495,58.325,58.39,1748.0
2025-03-26 15:00:00+00:00,58.39,58.475,58.185,58.265,2660.0
2025-03-26 16:00:00+00:00,58.265,58.4,58.215,58.235,2769.0
2025-03-26 17:00:00+00:00,58.23,58.31,57.975,58.045,4406.0
2025-03-26 18:00:00+00:00,58.045,58.14,57.84,57.85,4738.0
2025-03-26 19:00:00+00:00,57.85,58.125,57.74,58.11,9167.0
2025-03-27 14:00:00+00:00,57.64,57.65,57.335,57.405,8806.0
2025-03-27 15:00:00+00:00,57.41,57.48,57.175,57.19,8906.0
2025-03-27 16:00:00+00:00,57.195,57.48,57.14,57.15,5484.0
2025-03-27 17:00:00+00:00,57.15,57.205,56.98,57.1,5129.0
2025-03-27 18:00:00+00:00,57.1,57.235,57.08,57.135,4663.0
2025-03-27 19:00:00+00:00,57.135,57.41,57.13,57.31,11650.0
2025-03-28 14:00:00+00:00,56.39,56.47,56.01,56.03,2852.0
2025-03-28 15:00:00+00:00,56.03,56.37,55.97,56.255,7584.0
2025-03-28 16:00:00+00:00,56.27,56.405,56.1,56.18,6617.0
2025-03-28 17:00:00+00:00,56.165,56.18,55.85,56.025,5437.0
2025-03-28 18:00:00+00:00,56.025,56.06,55.94,56.025,4626.0
2025-03-28 19:00:00+00:00,56.025,56.22,55.885,56.145,13356.0
2025-03-31 14:00:00+00:00,55.805,56.02,55.615,55.98,6908.0
2025-03-31 15:00:00+00:00,56.0,56.275,56.0,56.13,3498.0
2025-03-31 16:00:00+00:00,56.135,56.31,55.99,56.225,3946.0
2025-03-31 17:00:00+00:00,56.215,56.34,56.19,56.215,1828.0
2025-03-31 18:00:00+00:00,56.215,56.59,56.215,56.45,2580.0
2025-03-31 19:00:00+00:00,56.45,56.56,56.22,56.29,11882.0
2025-04-01 14:00:00+00:00,56.095,56.95,55.985,56.95,12753.0
2025-04-01 15:00:00+00:00,56.94,57.24,56.93,57.045,7441.0
2025-04-01 16:00:00+00:00,57.045,57.14,56.95,57.01,3620.0
2025-04-01 17:00:00+00:00,57.015,57.1,56.865,56.9,3305.0
2025-04-01 18:00:00+00:00,56.9,56.905,56.66,56.755,6536.0
2025-04-01 19:00:00+00:00,56.745,57.09,56.745,56.935,15700.0
2025-04-02 14:00:00+00:00,56.955,57.25,56.91,57.15,3581.0
2025-04-02 15:00:00+00:00,57.145,57.34,56.98,57.34,1252.0
2025-04-02 16:00:00+00:00,57.34,57.565,57.315,57.52,2130.0
2025-04-02 17:00:00+00:00,57.52,57.73,57.515,57.615,1605.0
2025-04-02 18:00:00+00:00,57.615,57.68,57.37,57.57,2923.0
2025-04-02 19:00:00+00:00,57.57,57.96,57.415,57.925,19160.0
2025-04-03 14:00:00+00:00,59.38,59.53,59.01,59.365,11366.0
2025-04-03 15:00:00+00:00,59.36,59.99,59.36,59.66,10640.0
2025-04-03 16:00:00+00:00,59.66,59.925,59.38,59.415,10206.0
2025-04-03 17:00:00+00:00,59.415,59.505,59.29,59.3,5508.0
2025-04-03 18:00:00+00:00,59.3,59.35,58.795,58.92,9533.0
2025-04-03 19:00:00+00:00,58.92,58.985,58.645,58.935,26804.0
2025-04-04 14:00:00+00:00,56.38,56.525,55.83,56.31,7398.0
2025-04-04 15:00:00+00:00,56.305,56.78,56.02,56.355,5470.0
2025-04-04 16:00:00+00:00,56.355,56.71,56.055,56.27,3533.0
2025-04-04 17:00:00+00:00,56.265,56.88,55.89,56.735,6923.0
2025-04-04 18:00:00+00:00,56.735,56.96,56.1,56.21,5644.0
2025-04-04 19:00:00+00:00,56.21,56.815,56.015,56.66,28414.0
2025-04-07 14:00:00+00:00,54.89,56.435,54.54,55.255,10136.0
2025-04-07 15:00:00+00:00,55.235,55.625,54.47,54.84,2948.0
2025-04-07 16:00:00+00:00,54.755,54.845,54.39,54.685,4437.0
2025-04-07 17:00:00+00:00,54.685,55.6,54.68,55.545,5775.0
2025-04-07 18:00:00+00:00,55.555,55.66,54.99,55.065,5305.0
2025-04-07 19:00:00+00:00,55.065,55.37,54.765,54.975,9314.0
2025-04-08 14:00:00+00:00,56.29,56.73,56.07,56.09,4592.0
2025-04-08 15:00:00+00:00,56.1,56.26,55.715,56.195,3347.0
2025-04-08 16:00:00+00:00,56.2,56.275,55.41,55.425,2242.0
2025-04-08 17:00:00+00:00,55.425,55.625,54.945,55.27,3576.0
2025-04-08 18:00:00+00:00,55.26,55.325,54.53,54.595,6273.0
2025-04-08 19:00:00+00:00,54.595,54.67,54.205,54.59,7049.0
2025-04-09 14:00:00+00:00,55.075,55.255,53.695,53.71,6008.0
2025-04-09 15:00:00+00:00,53.71,54.235,53.635,53.955,5015.0
2025-04-09 16:00:00+00:00,53.96,54.19,53.805,53.895,3283.0
2025-04-09 17:00:00+00:00,53.9,56.955,53.85,56.955,6331.0
2025-04-09 18:00:00+00:00,57.24,57.675,56.85,57.125,7793.0
2025-04-09 19:00:00+00:00,57.115,57.565,57.005,57.175,6704.0
2025-04-10 14:00:00+00:00,56.44,56.685,56.17,56.335,6608.0
2025-04-10 15:00:00+00:00,56.325,56.415,55.95,56.07,3189.0
2025-04-10 16:00:00+00:00,56.065,56.44,55.625,56.255,4477.0
2025-04-10 17:00:00+00:00,56.215,56.83,55.81,56.765,3275.0
2025-04-10 18:00:00+00:00,56.775,56.955,56.115,56.28,2398.0
2025-04-10 19:00:00+00:00,56.28,56.5,55.76,56.45,15267.0
2025-04-11 14:00:00+00:00,56.99,57.345,56.555,56.99,4915.0
2025-04-11 15:00:00+00:00,57.11,57.275,56.605,56.96,4879.0
2025-04-11 16:00:00+00:00,56.96,57.27,56.82,57.17,6026.0
2025-04-11 17:00:00+00:00,57.17,57.605,57.08,57.33,9875.0
2025-04-11 18:00:00+00:00,57.33,57.385,57.09,57.135,9961.0
2025-04-11 19:00:00+00:00,57.135,57.47,57.065,57.08,31580.0
2025-04-14 14:00:00+00:00,57.755,58.085,57.74,57.87,2066.0
2025-04-14 15:00:00+00:00,57.87,57.995,57.36,57.405,1519.0
2025-04-14 16:00:00+00:00,57.395,57.875,57.31,57.805,1117.0
2025-04-14 17:00:00+00:00,57.775,58.105,57.765,57.885,3035.0
2025-04-14 18:00:00+00:00,57.885,58.205,57.79,58.16,1333.0
2025-04-14 19:00:00+00:00,58.155,58.195,57.86,58.18,19941.0
2025-04-15 14:00:00+00:00,58.745,58.905,58.52,58.76,2585.0
2025-04-15 15:00:00+00:00,58.765,58.81,58.51,58.695,2489.0
2025-04-15 16:00:00+00:00,58.695,58.755,58.445,58.5,2032.0
2025-04-15 17:00:00+00:00,58.5,58.59,58.32,58.49,1727.0
2025-04-15 18:00:00+00:00,58.49,58.615,58.455,58.52,1957.0
2025-04-15 19:00:00+00:00,58.52,58.615,58.31,58.365,6091.0
2025-04-16 14:00:00+00:00,58.86,59.135,58.86,58.975,3428.0
2025-04-16 15:00:00+00:00,58.975,59.16,58.89,58.925,4146.0
2025-04-16 16:00:00+00:00,58.93,58.945,58.78,58.81,2045.0
2025-04-16 17:00:00+00:00,58.795,58.85,58.325,58.34,3902.0
2025-04-16 18:00:00+00:00,58.34,58.585,58.34,58.44,1935.0
2025-04-16 19:00:00+00:00,58.44,58.8,58.275,58.775,11934.0
2025-04-17 14:00:00+00:00,58.855,58.885,58.62,58.815,2863.0
2025-04-17 15:00:00+00:00,58.815,59.195,58.815,59.065,3162.0
2025-04-17 16:00:00+00:00,59.065,59.22,59.01,59.175,2008.0
2025-04-17 17:00:00+00:00,59.19,59.24,59.085,59.2,1748.0
2025-04-17 18:00:00+00:00,59.2,59.305,59.08,59.115,2402.0
2025-04-17 19:00:00+00:00,59.115,59.14,58.86,58.95,7981.0
2025-04-18 14:00:00+00:00,58.95,58.95,58.95,58.95,0.0
2025-04-18 15:00:00+00:00,58.95,58.95,58.95,58.95,0.0
2025-04-18 16:00:00+00:00,58.95,58.95,58.95,58.95,0.0
2025-04-18 17:00:00+00:00,58.95,58.95,58.95,58.95,0.0
2025-04-18 18:00:00+00:00,58.95,58.95,58.95,58.95,0.0
2025-04-18 19:00:00+00:00,58.95,58.95,58.95,58.95,0.0
2025-04-21 14:00:00+00:00,58.615,58.625,58.255,58.325,3609.0
2025-04-21 15:00:00+00:00,58.33,58.47,58.225,58.225,4670.0
2025-04-21 16:00:00+00:00,58.225,58.34,58.155,58.175,1355.0
2025-04-21 17:00:00+00:00,58.175,58.175,57.985,58.02,1937.0
2025-04-21 18:00:00+00:00,58.02,58.305,57.995,58.18,1858.0
2025-04-21 19:00:00+00:00,58.18,58.505,58.155,58.46,17904.0
2025-04-22 14:00:00+00:00,59.25,59.61,59.215,59.56,1534.0
2025-04-22 15:00:00+00:00,59.56,59.68,59.325,59.675,2107.0
2025-04-22 16:00:00+00:00,59.68,59.73,59.535,59.69,6291.0
2025-04-22 17:00:00+00:00,59.66,59.74,59.48,59.55,3500.0
2025-04-22 18:00:00+00:00,59.55,59.7,59.53,59.64,2001.0
2025-04-22 19:00:00+00:00,59.65,59.86,59.625,59.75,29365.0
2025-04-23 14:00:00+00:00,60.6,60.72,60.335,60.52,1533.0
2025-04-23 15:00:00+00:00,60.535,60.64,60.245,60.36,1631.0
2025-04-23 16:00:00+00:00,60.36,60.365,60.02,60.14,1797.0
2025-04-23 17:00:00+00:00,60.14,60.265,60.01,60.19,1208.0
2025-04-23 18:00:00+00:00,60.185,60.28,60.095,60.17,485.0
2025-04-23 19:00:00+00:00,60.17,60.2,59.95,60.165,4829.0
2025-04-24 14:00:00+00:00,60.32,60.42,60.07,60.105,2882.0
2025-04-24 15:00:00+00:00,60.13,60.275,60.09,60.235,2054.0
2025-04-24 16:00:00+00:00,60.235,60.385,60.16,60.355,945.0
2025-04-24 17:00:00+00:00,60.355,60.38,60.2,60.25,841.0
2025-04-24 18:00:00+00:00,60.25,60.395,60.175,60.28,1073.0
2025-04-24 19:00:00+00:00,60.25,60.43,60.235,60.37,4305.0
2025-04-25 14:00:00+00:00,60.52,60.68,60.36,60.515,789.0
2025-04-25 15:00:00+00:00,60.515,60.86,60.505,60.82,4380.0
2025-04-25 16:00:00+00:00,60.82,61.0,60.7,60.98,3941.0
2025-04-25 17:00:00+00:00,60.98,61.2,60.835,60.89,2810.0
2025-04-25 18:00:00+00:00,60.89,61.085,60.855,61.03,825.0
2025-04-25 19:00:00+00:00,61.03,61.165,60.99,61.105,16827.0
2025-04-28 14:00:00+00:00,61.845,62.175,61.78,62.05,1873.0
2025-04-28 15:00:00+00:00,62.045,62.1,61.78,61.79,2655.0
2025-04-28 16:00:00+00:00,61.785,61.83,61.64,61.805,1743.0
2025-04-28 17:00:00+00:00,61.785,61.98,61.66,61.96,1930.0
2025-04-28 18:00:00+00:00,61.955,62.01,61.82,61.9,2065.0
2025-04-28 19:00:00+00:00,61.915,62.17,61.88,61.935,15865.0
2025-04-29 14:00:00+00:00,62.055,62.29,61.95,62.145,1124.0
2025-04-29 15:00:00+00:00,62.15,62.285,62.12,62.225,1449.0
2025-04-29 16:00:00+00:00,62.225,62.42,62.225,62.345,2391.0
2025-04-29 17:00:00+00:00,62.35,62.52,62.32,62.455,2596.0
2025-04-29 18:00:00+00:00,62.455,62.53,62.385,62.51,1502.0
2025-04-29 19:00:00+00:00,62.505,62.56,62.28,62.49,13696.0
2025-04-30 14:00:00+00:00,61.77,62.225,61.65,62.18,1228.0
2025-04-30 15:00:00+00:00,62.175,62.38,62.165,62.36,302.0
2025-04-30 16:00:00+00:00,62.375,62.405,62.22,62.24,908.0
2025-04-30 17:00:00+00:00,62.235,62.565,62.075,62.53,2378.0
2025-04-30 18:00:00+00:00,62.54,62.84,62.39,62.505,1686.0
2025-04-30 19:00:00+00:00,62.505,63.19,62.48,62.995,21478.0
2025-05-01 14:00:00+00:00,62.895,63.125,62.81,63.01,1795.0
2025-05-01 15:00:00+00:00,63.01,63.14,62.835,62.91,2941.0
2025-05-01 16:00:00+00:00,62.905,63.03,62.83,63.01,1127.0
2025-05-01 17:00:00+00:00,63.02,63.245,63.02,63.05,815.0
2025-05-01 18:00:00+00:00,63.045,63.24,62.98,63.205,2284.0
2025-05-01 19:00:00+00:00,63.21,63.355,63.04,63.1,4974.0
2025-05-02 14:00:00+00:00,63.51,63.88,63.51,63.79,1362.0
2025-05-02 15:00:00+00:00,63.8,63.85,63.655,63.8,2055.0
2025-05-02 16:00:00+00:00,63.8,63.87,63.74,63.82,514.0
2025-05-02 17:00:00+00:00,63.82,63.825,63.74,63.75,1221.0
2025-05-02 18:00:00+00:00,63.76,63.805,63.68,63.72,795.0
2025-05-02 19:00:00+00:00,63.72,63.785,63.66,63.72,5115.0
2025-05-05 14:00:00+00:00,63.67,63.82,63.485,63.795,646.0
2025-05-05 15:00:00+00:00,63.795,64.15,63.785,64.11,1534.0
2025-05-05 16:00:00+00:00,64.115,64.25,64.04,64.075,1197.0
2025-05-05 17:00:00+00:00,64.08,64.145,63.945,64.07,3405.0
2025-05-05 18:00:00+00:00,64.07,64.1,63.935,63.94,1257.0
2025-05-05 19:00:00+00:00,63.94,63.98,63.73,63.785,6209.0
2025-05-06 14:00:00+00:00,63.785,64.015,63.66,63.75,1278.0
2025-05-06 15:00:00+00:00,63.75,64.125,63.72,63.88,1543.0
2025-05-06 16:00:00+00:00,63.88,63.94,63.62,63.65,3008.0
2025-05-06 17:00:00+00:00,63.66,63.885,63.635,63.78,831.0
2025-05-06 18:00:00+00:00,63.8,63.925,63.78,63.905,1084.0
2025-05-06 19:00:00+00:00,63.88,63.93,63.68,63.69,6491.0
2025-05-07 14:00:00+00:00,63.945,64.085,63.86,63.895,1548.0
2025-05-07 15:00:00+00:00,63.9,64.21,63.84,64.18,2044.0
2025-05-07 16:00:00+00:00,64.18,64.24,64.015,64.13,1561.0
2025-05-07 17:00:00+00:00,64.135,64.205,63.88,63.95,2069.0
2025-05-07 18:00:00+00:00,63.97,64.04,63.7,63.955,1716.0
2025-05-07 19:00:00+00:00,63.95,63.955,63.585,63.895,12986.0
2025-05-08 14:00:00+00:00,63.73,63.965,63.635,63.685,2734.0
2025-05-08 15:00:00+00:00,63.69,63.955,63.63,63.84,2401.0
2025-05-08 16:00:00+00:00,63.84,63.99,63.71,63.965,1364.0
2025-05-08 17:00:00+00:00,63.97,63.985,63.82,63.855,2043.0
2025-05-08 18:00:00+00:00,63.845,63.915,63.755,63.8,220.0
2025-05-08 19:00:00+00:00,63.785,63.95,63.7,63.78,8335.0
2025-05-09 14:00:00+00:00,63.965,63.975,63.57,63.625,3588.0
2025-05-09 15:00:00+00:00,63.625,63.78,63.595,63.74,3785.0
2025-05-09 16:00:00+00:00,63.74,63.785,63.62,63.725,2153.0
2025-05-09 17:00:00+00:00,63.725,63.915,63.7,63.86,3010.0
2025-05-09 18:00:00+00:00,63.86,63.87,63.675,63.705,2319.0
2025-05-09 19:00:00+00:00,63.7,63.775,63.435,63.48,11302.0
2025-05-12 14:00:00+00:00,63.87,64.12,63.77,63.97,2157.0
2025-05-12 15:00:00+00:00,63.975,63.99,63.6,63.65,1902.0
2025-05-12 16:00:00+00:00,63.645,63.78,63.63,63.7,1024.0
2025-05-12 17:00:00+00:00,63.705,63.765,63.635,63.645,908.0
2025-05-12 18:00:00+00:00,63.645,63.765,63.63,63.72,1043.0
2025-05-12 19:00:00+00:00,63.72,63.75,63.52,63.69,7351.0
2025-05-13 14:00:00+00:00,64.005,64.26,63.97,64.245,3180.0
2025-05-13 15:00:00+00:00,64.235,64.35,64.17,64.275,3014.0
2025-05-13 16:00:00+00:00,64.275,64.43,64.205,64.32,2409.0
2025-05-13 17:00:00+00:00,64.32,64.445,64.275,64.405,2340.0
2025-05-13 18:00:00+00:00,64.405,64.485,64.32,64.485,1018.0
2025-05-13 19:00:00+00:00,64.48,64.86,64.45,64.835,10771.0
2025-05-14 14:00:00+00:00,65.235,65.36,65.11,65.125,4146.0
2025-05-14 15:00:00+00:00,65.135,65.45,65.02,65.445,5305.0
2025-05-14 16:00:00+00:00,65.445,65.48,65.255,65.285,3522.0
2025-05-14 17:00:00+00:00,65.29,65.36,65.21,65.32,2194.0
2025-05-14 18:00:00+00:00,65.32,65.455,65.29,65.435,2165.0
2025-05-14 19:00:00+00:00,65.43,65.51,65.37,65.48,9152.0
2025-05-15 14:00:00+00:00,65.59,65.7,65.475,65.57,1043.0
2025-05-15 15:00:00+00:00,65.57,65.57,65.355,65.47,2267.0
2025-05-15 16:00:00+00:00,65.47,65.54,65.39,65.53,3835.0
2025-05-15 17:00:00+00:00,65.53,65.62,65.44,65.53,1202.0
2025-05-15 18:00:00+00:00,65.53,65.72,65.485,65.71,2813.0
2025-05-15 19:00:00+00:00,65.71,65.81,65.64,65.7,14744.0
2025-05-16 14:00:00+00:00,66.16,66.26,66.04,66.105,7132.0
2025-05-16 15:00:00+00:00,66.1,66.22,66.05,66.22,7151.0
2025-05-16 16:00:00+00:00,66.22,66.33,66.18,66.265,4248.0
2025-05-16 17:00:00+00:00,66.265,66.4,66.25,66.325,6939.0
2025-05-16 18:00:00+00:00,66.33,66.35,66.215,66.345,16314.0
2025-05-16 19:00:00+00:00,66.345,66.355,66.155,66.25,13603.0
2025-05-19 14:00:00+00:00,66.585,67.04,66.585,66.97,5255.0
2025-05-19 15:00:00+00:00,66.965,67.1,66.935,67.05,6436.0
2025-05-19 16:00:00+00:00,67.055,67.17,66.96,67.135,2361.0
2025-05-19 17:00:00+00:00,67.135,67.185,66.95,66.97,5954.0
2025-05-19 18:00:00+00:00,66.975,67.1,66.94,67.07,5409.0
2025-05-19 19:00:00+00:00,67.07,67.11,66.985,67.11,13067.0
2025-05-20 14:00:00+00:00,67.315,67.41,67.2,67.205,7961.0
2025-05-20 15:00:00+00:00,67.205,67.26,67.005,67.03,10605.0
2025-05-20 16:00:00+00:00,67.03,67.17,66.99,67.075,3595.0
2025-05-20 17:00:00+00:00,67.075,67.17,66.905,66.945,3804.0
2025-05-20 18:00:00+00:00,66.945,67.015,66.65,66.72,4354.0
2025-05-20 19:00:00+00:00,66.73,66.785,66.58,66.715,12928.0
2025-05-21 14:00:00+00:00,66.94,67.215,66.79,67.01,5867.0
2025-05-21 15:00:00+00:00,67.01,67.27,66.975,67.105,5742.0
2025-05-21 16:00:00+00:00,67.11,67.205,66.95,67.0,4949.0
2025-05-21 17:00:00+00:00,67.0,67.105,66.42,66.74,13690.0
2025-05-21 18:00:00+00:00,66.755,67.075,66.69,66.87,3708.0
2025-05-21 19:00:00+00:00,66.875,67.045,66.685,66.845,26626.0
2025-05-22 14:00:00+00:00,66.63,66.95,66.605,66.92,5347.0
2025-05-22 15:00:00+00:00,66.93,67.12,66.85,67.06,2981.0
2025-05-22 16:00:00+00:00,67.06,67.195,66.97,66.99,10305.0
2025-05-22 17:00:00+00:00,66.97,67.125,66.94,67.1,6966.0
2025-05-22 18:00:00+00:00,67.095,67.265,67.05,67.105,4025.0
2025-05-22 19:00:00+00:00,67.105,67.21,66.905,66.945,21675.0
2025-05-23 14:00:00+00:00,67.415,67.625,67.34,67.55,2644.0
2025-05-23 15:00:00+00:00,67.555,67.725,67.51,67.71,2929.0
2025-05-23 16:00:00+00:00,67.71,68.13,67.485,67.985,9537.0
2025-05-23 17:00:00+00:00,67.98,68.325,67.975,68.24,6857.0
2025-05-23 18:00:00+00:00,68.24,68.37,68.215,68.255,11007.0
2025-05-23 19:00:00+00:00,68.255,68.34,68.075,68.14,33740.0
2025-05-26 14:00:00+00:00,68.14,68.14,68.14,68.14,0.0
2025-05-26 15:00:00+00:00,68.14,68.14,68.14,68.14,0.0
2025-05-26 16:00:00+00:00,68.14,68.14,68.14,68.14,0.0
2025-05-26 17:00:00+00:00,68.14,68.14,68.14,68.14,0.0
2025-05-26 18:00:00+00:00,68.14,68.14,68.14,68.14,0.0
2025-05-26 19:00:00+00:00,68.14,68.14,68.14,68.14,0.0
2025-05-27 14:00:00+00:00,68.665,68.855,68.47,68.65,8022.0
2025-05-27 15:00:00+00:00,68.65,68.93,68.51,68.585,5336.0
2025-05-27 16:00:00+00:00,68.59,68.69,68.54,68.57,2960.0
2025-05-27 17:00:00+00:00,68.57,68.6,68.49,68.55,2837.0
2025-05-27 18:00:00+00:00,68.55,68.68,68.485,68.58,2606.0
2025-05-27 19:00:00+00:00,68.58,68.665,68.335,68.4,23811.0
2025-05-28 14:00:00+00:00,68.445,68.56,68.285,68.39,4698.0
2025-05-28 15:00:00+00:00,68.385,68.54,68.235,68.27,9247.0
2025-05-28 16:00:00+00:00,68.27,68.445,68.25,68.28,5899.0
2025-05-28 17:00:00+00:00,68.285,68.35,68.21,68.22,5616.0
2025-05-28 18:00:00+00:00,68.225,68.38,68.205,68.365,5961.0
2025-05-28 19:00:00+00:00,68.36,68.43,67.91,67.92,21340.0
2025-05-29 14:00:00+00:00,68.17,68.51,67.43,67.83,8272.0
2025-05-29 15:00:00+00:00,67.83,68.32,67.68,67.715,8336.0
2025-05-29 16:00:00+00:00,67.74,68.015,67.57,67.93,6440.0
2025-05-29 17:00:00+00:00,67.93,67.985,67.5,67.77,4850.0
2025-05-29 18:00:00+00:00,67.765,67.915,67.55,67.63,7766.0
2025-05-29 19:00:00+00:00,67.635,67.97,67.625,67.885,12716.0
2025-05-30 14:00:00+00:00,67.655,68.015,67.655,67.835,4165.0
2025-05-30 15:00:00+00:00,67.835,67.95,67.685,67.83,2542.0
2025-05-30 16:00:00+00:00,67.83,67.95,67.645,67.68,2577.0
2025-05-30 17:00:00+00:00,67.69,67.825,67.65,67.65,2600.0
2025-05-30 18:00:00+00:00,67.66,67.885,67.65,67.84,3970.0
2025-05-30 19:00:00+00:00,67.845,68.05,67.76,67.925,11956.0
2025-06-02 14:00:00+00:00,67.75,67.835,67.41,67.5,6370.0
2025-06-02 15:00:00+00:00,67.5,67.88,67.455,67.85,8909.0
2025-06-02 16:00:00+00:00,67.85,67.865,67.655,67.76,1856.0
2025-06-02 17:00:00+00:00,67.76,67.84,67.545,67.66,7002.0
2025-06-02 18:00:00+00:00,67.66,67.78,67.55,67.75,6080.0
2025-06-02 19:00:00+00:00,67.75,67.915,67.67,67.775,8906.0
2025-06-03 14:00:00+00:00,67.73,68.06,67.71,67.945,1960.0
2025-06-03 15:00:00+00:00,67.945,67.98,67.74,67.91,3550.0
2025-06-03 16:00:00+00:00,67.91,68.055,67.89,67.95,1234.0
2025-06-03 17:00:00+00:00,67.955,68.055,67.95,67.995,985.0
2025-06-03 18:00:00+00:00,67.99,67.995,67.83,67.895,4544.0
2025-06-03 19:00:00+00:00,67.9,67.91,67.7,67.715,10751.0
2025-06-04 14:00:00+00:00,67.9,68.09,67.86,67.91,4521.0
2025-06-04 15:00:00+00:00,67.91,67.94,67.69,67.92,3943.0
2025-06-04 16:00:00+00:00,67.92,68.01,67.775,67.99,2505.0
2025-06-04 17:00:00+00:00,67.99,68.06,67.845,67.875,3569.0
2025-06-04 18:00:00+00:00,67.875,67.93,67.76,67.76,5675.0
2025-06-04 19:00:00+00:00,67.76,67.9,67.74,67.845,19234.0
2025-06-05 14:00:00+00:00,68.01,68.315,67.86,68.26,671.0
2025-06-05 15:00:00+00:00,68.26,68.36,68.205,68.255,1073.0
2025-06-05 16:00:00+00:00,68.25,68.405,68.17,68.255,1092.0
2025-06-05 17:00:00+00:00,68.25,68.48,68.25,68.4,1081.0
2025-06-05 18:00:00+00:00,68.39,68.51,68.23,68.48,1895.0
2025-06-05 19:00:00+00:00,68.48,68.735,68.36,68.705,8654.0
2025-06-06 14:00:00+00:00,69.04,69.23,68.79,68.8,4819.0
2025-06-06 15:00:00+00:00,68.8,68.875,68.615,68.79,1589.0
2025-06-06 16:00:00+00:00,68.79,68.925,68.775,68.865,239.0
2025-06-06 17:00:00+00:00,68.855,69.21,68.825,68.93,788.0
2025-06-06 18:00:00+00:00,68.93,68.95,68.79,68.815,1686.0
2025-06-06 19:00:00+00:00,68.82,68.83,68.66,68.82,11517.0
2025-06-09 14:00:00+00:00,68.825,68.84,68.585,68.69,2012.0
2025-06-09 15:00:00+00:00,68.69,68.755,68.55,68.715,1143.0
2025-06-09 16:00:00+00:00,68.715,68.745,68.665,68.71,1937.0
2025-06-09 17:00:00+00:00,68.715,68.745,68.65,68.705,897.0
2025-06-09 18:00:00+00:00,68.705,68.84,68.685,68.805,1545.0
2025-06-09 19:00:00+00:00,68.805,68.815,68.62,68.69,6436.0
2025-06-10 14:00:00+00:00,68.87,68.915,68.56,68.6,2912.0
2025-06-10 15:00:00+00:00,68.605,68.72,68.52,68.685,993.0
2025-06-10 16:00:00+00:00,68.68,68.76,68.62,68.71,1987.0
2025-06-10 17:00:00+00:00,68.71,68.73,68.6,68.615,1095.0
2025-06-10 18:00:00+00:00,68.615,68.615,68.39,68.485,2420.0
2025-06-10 19:00:00+00:00,68.485,68.53,68.37,68.495,5591.0
2025-06-11 14:00:00+00:00,68.5,68.555,68.275,68.275,2341.0
2025-06-11 15:00:00+00:00,68.28,68.32,67.825,67.975,4517.0
2025-06-11 16:00:00+00:00,67.975,68.265,67.895,68.235,1607.0
2025-06-11 17:00:00+00:00,68.235,68.32,68.205,68.21,1168.0
2025-06-11 18:00:00+00:00,68.21,68.25,67.98,68.015,1902.0
2025-06-11 19:00:00+00:00,68.015,68.08,67.87,67.955,3640.0
2025-06-12 14:00:00+00:00,68.165,68.44,68.115,68.305,1524.0
2025-06-12 15:00:00+00:00,68.31,68.37,68.14,68.16,550.0
2025-06-12 16:00:00+00:00,68.165,68.245,68.115,68.16,734.0
2025-06-12 17:00:00+00:00,68.155,68.26,68.055,68.205,955.0
2025-06-12 18:00:00+00:00,68.205,68.295,68.16,68.285,738.0
2025-06-12 19:00:00+00:00,68.285,68.345,68.215,68.31,7885.0
2025-06-13 14:00:00+00:00,67.715,67.98,67.625,67.975,1653.0
2025-06-13 15:00:00+00:00,67.98,68.305,67.91,68.265,2106.0
2025-06-13 16:00:00+00:00,68.265,68.395,68.22,68.29,2509.0
2025-06-13 17:00:00+00:00,68.29,68.305,68.08,68.255,1702.0
2025-06-13 18:00:00+00:00,68.25,68.26,67.97,68.1,6364.0
2025-06-13 19:00:00+00:00,68.1,68.16,67.92,68.14,7714.0
2025-06-16 14:00:00+00:00,68.89,69.085,68.875,69.085,3416.0
2025-06-16 15:00:00+00:00,69.085,69.09,68.86,69.02,1882.0
2025-06-16 16:00:00+00:00,69.03,69.155,69.015,69.08,3110.0
2025-06-16 17:00:00+00:00,69.085,69.09,68.83,68.93,2356.0
2025-06-16 18:00:00+00:00,68.905,68.955,68.8,68.885,2388.0
2025-06-16 19:00:00+00:00,68.885,68.935,68.69,68.69,9783.0
2025-06-17 14:00:00+00:00,68.915,69.23,68.815,69.16,2357.0
2025-06-17 15:00:00+00:00,69.155,69.18,68.785,68.85,2491.0
2025-06-17 16:00:00+00:00,68.845,68.955,68.6,68.62,1832.0
2025-06-17 17:00:00+00:00,68.615,68.66,68.305,68.39,2390.0
2025-06-17 18:00:00+00:00,68.39,68.55,68.34,68.545,4248.0
2025-06-17 19:00:00+00:00,68.54,68.65,68.505,68.605,20178.0
2025-06-18 14:00:00+00:00,68.69,68.92,68.63,68.68,5962.0
2025-06-18 15:00:00+00:00,68.67,68.835,68.54,68.63,2206.0
2025-06-18 16:00:00+00:00,68.65,68.835,68.63,68.65,775.0
2025-06-18 17:00:00+00:00,68.65,68.825,68.58,68.69,2128.0
2025-06-18 18:00:00+00:00,68.815,68.905,68.605,68.62,4346.0
2025-06-18 19:00:00+00:00,68.62,68.715,68.43,68.44,9902.0
2025-06-19 14:00:00+00:00,68.44,68.44,68.44,68.44,0.0
2025-06-19 15:00:00+00:00,68.44,68.44,68.44,68.44,0.0
2025-06-19 16:00:00+00:00,68.44,68.44,68.44,68.44,0.0
2025-06-19 17:00:00+00:00,68.44,68.44,68.44,68.44,0.0
2025-06-19 18:00:00+00:00,68.44,68.44,68.44,68.44,0.0
2025-06-19 19:00:00+00:00,68.44,68.44,68.44,68.44,0.0
2025-06-20 14:00:00+00:00,68.64,68.91,68.595,68.655,5847.0
2025-06-20 15:00:00+00:00,68.65,68.79,68.57,68.68,5311.0
2025-06-20 16:00:00+00:00,68.675,68.9,68.64,68.82,4827.0
2025-06-20 17:00:00+00:00,68.82,68.865,68.73,68.785,9762.0
2025-06-20 18:00:00+00:00,68.785,68.925,68.75,68.785,8313.0
2025-06-20 19:00:00+00:00,68.785,69.04,68.77,68.875,44030.0
2025-06-23 14:00:00+00:00,69.005,69.08,68.72,68.81,3686.0
2025-06-23 15:00:00+00:00,68.81,69.125,68.8,68.93,4054.0
2025-06-23 16:00:00+00:00,68.93,69.07,68.72,68.855,10708.0
2025-06-23 17:00:00+00:00,68.855,69.49,68.815,69.44,8963.0
2025-06-23 18:00:00+00:00,69.44,69.6,69.34,69.595,12433.0
2025-06-23 19:00:00+00:00,69.595,69.79,69.595,69.66,26624.0
2025-06-24 14:00:00+00:00,70.4,70.765,70.4,70.63,4771.0
2025-06-24 15:00:00+00:00,70.63,70.86,70.565,70.67,7884.0
2025-06-24 16:00:00+00:00,70.665,70.72,70.5,70.61,8496.0
2025-06-24 17:00:00+00:00,70.605,70.695,70.42,70.445,5873.0
2025-06-24 18:00:00+00:00,70.45,70.535,70.395,70.41,7877.0
2025-06-24 19:00:00+00:00,70.41,70.65,70.25,70.27,26424.0
2025-06-25 14:00:00+00:00,70.15,70.41,70.145,70.375,4643.0
2025-06-25 15:00:00+00:00,70.375,70.39,70.095,70.145,2339.0
2025-06-25 16:00:00+00:00,70.15,70.4,70.14,70.265,3623.0
2025-06-25 17:00:00+00:00,70.265,70.355,70.19,70.21,3708.0
2025-06-25 18:00:00+00:00,70.21,70.26,70.09,70.12,6722.0
2025-06-25 19:00:00+00:00,70.12,70.25,70.1,70.205,20295.0
2025-06-26 14:00:00+00:00,70.765,70.8,70.565,70.59,6500.0
2025-06-26 15:00:00+00:00,70.575,70.84,70.57,70.825,2794.0
2025-06-26 16:00:00+00:00,70.82,70.96,70.805,70.805,3598.0
2025-06-26 17:00:00+00:00,70.805,70.825,70.625,70.695,3260.0
2025-06-26 18:00:00+00:00,70.695,70.765,70.565,70.695,6485.0
2025-06-26 19:00:00+00:00,70.69,70.715,70.405,70.56,20190.0
2025-06-27 14:00:00+00:00,70.095,70.26,70.01,70.14,3210.0
2025-06-27 15:00:00+00:00,70.145,70.44,70.14,70.395,3118.0
2025-06-27 16:00:00+00:00,70.395,70.4,70.175,70.215,5126.0
2025-06-27 17:00:00+00:00,70.21,70.26,69.485,69.635,12302.0
2025-06-27 18:00:00+00:00,69.635,69.725,69.44,69.61,3388.0
2025-06-27 19:00:00+00:00,69.595,69.685,69.425,69.66,19367.0
2025-06-30 14:00:00+00:00,70.135,70.37,69.925,70.18,7399.0
2025-06-30 15:00:00+00:00,70.18,70.315,70.01,70.305,6848.0
2025-06-30 16:00:00+00:00,70.305,70.385,70.18,70.385,6664.0
2025-06-30 17:00:00+00:00,70.39,70.545,70.275,70.54,7749.0
2025-06-30 18:00:00+00:00,70.54,70.89,70.51,70.845,9573.0
2025-06-30 19:00:00+00:00,70.845,70.95,70.74,70.85,20009.0
2025-07-01 14:00:00+00:00,70.815,70.895,70.69,70.89,12370.0
2025-07-01 15:00:00+00:00,70.885,70.98,70.705,70.915,17434.0
2025-07-01 16:00:00+00:00,70.915,71.245,70.91,71.035,10769.0
2025-07-01 17:00:00+00:00,71.035,71.215,70.93,71.06,8785.0
2025-07-01 18:00:00+00:00,71.07,71.11,70.885,70.945,17466.0
2025-07-01 19:00:00+00:00,70.915,71.145,70.725,71.105,32842.0
2025-07-02 14:00:00+00:00,71.11,71.37,71.06,71.315,12737.0
2025-07-02 15:00:00+00:00,71.315,71.58,71.235,71.39,10386.0
2025-07-02 16:00:00+00:00,71.385,71.51,71.365,71.47,5549.0
2025-07-02 17:00:00+00:00,71.47,71.645,71.47,71.605,9480.0
2025-07-02 18:00:00+00:00,71.605,71.72,71.56,71.66,4165.0
2025-07-02 19:00:00+00:00,71.66,71.72,71.57,71.665,25985.0
2025-07-03 14:00:00+00:00,71.865,72.02,71.79,71.95,10680.0
2025-07-03 15:00:00+00:00,71.94,72.17,71.905,72.075,10143.0
2025-07-03 16:00:00+00:00,72.075,72.165,71.94,72.155,27379.0
2025-07-03 17:00:00+00:00,72.155,72.155,72.065,72.065,0.0
2025-07-03 18:00:00+00:00,72.065,72.065,72.065,72.065,0.0
2025-07-03 19:00:00+00:00,72.065,72.065,72.065,72.065,0.0
2025-07-04 14:00:00+00:00,72.065,72.065,72.065,72.065,0.0
2025-07-04 15:00:00+00:00,72.065,72.065,72.065,72.065,0.0
2025-07-04 16:00:00+00:00,72.065,72.065,72.065,72.065,0.0
2025-07-04 17:00:00+00:00,72.065,72.065,72.065,72.065,0.0
2025-07-04 18:00:00+00:00,72.065,72.065,72.065,72.065,0.0
2025-07-04 19:00:00+00:00,72.065,72.065,72.065,72.065,0.0
2025-07-07 14:00:00+00:00,72.61,72.665,72.275,72.395,19920.0
2025-07-07 15:00:00+00:00,72.4,72.555,72.345,72.485,10355.0
2025-07-07 16:00:00+00:00,72.485,72.525,72.09,72.115,12625.0
2025-07-07 17:00:00+00:00,72.115,72.285,72.025,72.12,10610.0
2025-07-07 18:00:00+00:00,72.12,72.155,71.83,72.125,13461.0
2025-07-07 19:00:00+00:00,72.125,72.17,71.99,72.11,20538.0
2025-07-08 14:00:00+00:00,71.785,71.87,71.07,71.23,8057.0
2025-07-08 15:00:00+00:00,71.23,71.55,71.155,71.475,4345.0
2025-07-08 16:00:00+00:00,71.495,71.655,71.36,71.525,4168.0
2025-07-08 17:00:00+00:00,71.53,71.6,71.41,71.485,2514.0
2025-07-08 18:00:00+00:00,71.48,71.735,71.46,71.645,5428.0
2025-07-08 19:00:00+00:00,71.65,71.755,71.6,71.67,17916.0
2025-07-09 14:00:00+00:00,72.275,72.305,72.01,72.15,9758.0
2025-07-09 15:00:00+00:00,72.155,72.46,72.145,72.365,6335.0
2025-07-09 16:00:00+00:00,72.365,72.48,72.255,72.44,3532.0
2025-07-09 17:00:00+00:00,72.435,72.66,72.4,72.625,6861.0
2025-07-09 18:00:00+00:00,72.62,72.685,72.535,72.63,6250.0
2025-07-09 19:00:00+00:00,72.635,72.775,72.56,72.75,24346.0
2025-07-10 14:00:00+00:00,73.2,73.25,72.855,73.025,10819.0
2025-07-10 15:00:00+00:00,73.025,73.415,72.89,73.375,11191.0
2025-07-10 16:00:00+00:00,73.375,73.53,73.235,73.32,5582.0
2025-07-10 17:00:00+00:00,73.325,73.425,73.285,73.395,9979.0
2025-07-10 18:00:00+00:00,73.395,73.405,73.285,73.345,10103.0
2025-07-10 19:00:00+00:00,73.345,73.465,73.275,73.41,25785.0
2025-07-11 14:00:00+00:00,72.96,73.015,72.68,72.825,12164.0
2025-07-11 15:00:00+00:00,72.82,72.97,72.775,72.905,12031.0
2025-07-11 16:00:00+00:00,72.905,73.05,72.72,73.035,3543.0
2025-07-11 17:00:00+00:00,73.035,73.12,72.94,73.115,5049.0
2025-07-11 18:00:00+00:00,73.11,73.26,73.035,73.235,5066.0
2025-07-11 19:00:00+00:00,73.235,73.25,73.04,73.085,22799.0
2025-07-14 14:00:00+00:00,72.6,72.615,72.29,72.37,2699.0
2025-07-14 15:00:00+00:00,72.36,72.625,72.21,72.415,5798.0
2025-07-14 16:00:00+00:00,72.415,72.495,72.22,72.345,5647.0
2025-07-14 17:00:00+00:00,72.345,72.5,72.34,72.455,8035.0
2025-07-14 18:00:00+00:00,72.455,72.52,72.32,72.35,6708.0
2025-07-14 19:00:00+00:00,72.35,72.445,72.14,72.275,22754.0
2025-07-15 14:00:00+00:00,71.905,72.09,71.87,71.94,3336.0
2025-07-15 15:00:00+00:00,71.93,72.17,71.82,72.145,4561.0
2025-07-15 16:00:00+00:00,72.15,72.17,71.93,71.96,3983.0
2025-07-15 17:00:00+00:00,71.96,72.03,71.895,71.99,2559.0
2025-07-15 18:00:00+00:00,71.99,72.18,71.965,72.065,3123.0
2025-07-15 19:00:00+00:00,72.06,72.15,72.01,72.04,13585.0
2025-07-16 14:00:00+00:00,71.92,72.13,71.85,72.035,511.0
2025-07-16 15:00:00+00:00,72.06,72.23,71.91,72.13,4491.0
2025-07-16 16:00:00+00:00,72.125,72.3,72.055,72.3,2615.0
2025-07-16 17:00:00+00:00,72.305,72.38,72.24,72.315,2156.0
2025-07-16 18:00:00+00:00,72.315,72.405,72.26,72.365,5244.0
2025-07-16 19:00:00+00:00,72.365,72.625,72.365,72.57,27615.0
2025-07-17 14:00:00+00:00,72.34,72.48,72.23,72.435,1561.0
2025-07-17 15:00:00+00:00,72.43,72.72,72.415,72.72,2680.0
2025-07-17 16:00:00+00:00,72.705,72.915,72.685,72.81,3298.0
2025-07-17 17:00:00+00:00,72.81,72.875,72.75,72.82,6617.0
2025-07-17 18:00:00+00:00,72.82,73.03,72.785,72.995,5341.0
2025-07-17 19:00:00+00:00,72.985,73.205,72.91,73.035,30809.0
2025-07-18 14:00:00+00:00,73.145,73.3,72.985,73.01,1218.0
2025-07-18 15:00:00+00:00,73.015,73.185,73.015,73.18,2777.0
2025-07-18 16:00:00+00:00,73.18,73.27,73.075,73.18,3771.0
2025-07-18 17:00:00+00:00,73.18,73.235,73.085,73.195,4044.0
2025-07-18 18:00:00+00:00,73.2,73.26,73.14,73.225,2350.0
2025-07-18 19:00:00+00:00,73.23,73.32,73.145,73.28,7876.0
2025-07-21 14:00:00+00:00,73.34,73.38,73.04,73.37,6341.0
2025-07-21 15:00:00+00:00,73.365,73.745,73.365,73.685,5583.0
2025-07-21 16:00:00+00:00,73.69,73.745,73.61,73.69,3913.0
2025-07-21 17:00:00+00:00,73.685,73.725,73.475,73.555,4285.0
2025-07-21 18:00:00+00:00,73.555,73.595,73.475,73.525,4653.0
2025-07-21 19:00:00+00:00,73.53,73.65,73.435,73.54,20519.0
2025-07-22 14:00:00+00:00,73.55,74.16,73.545,74.14,14823.0
2025-07-22 15:00:00+00:00,74.135,74.395,74.085,74.32,15741.0
2025-07-22 16:00:00+00:00,74.315,74.45,74.235,74.3,11801.0
2025-07-22 17:00:00+00:00,74.3,74.46,74.21,74.325,13532.0
2025-07-22 18:00:00+00:00,74.32,74.495,74.31,74.395,11556.0
2025-07-22 19:00:00+00:00,74.395,74.42,74.315,74.41,21765.0
2025-07-23 14:00:00+00:00,74.415,74.555,74.255,74.345,5002.0
2025-07-23 15:00:00+00:00,74.345,74.43,74.185,74.31,5438.0
2025-07-23 16:00:00+00:00,74.31,74.415,74.175,74.2,2698.0
2025-07-23 17:00:00+00:00,74.2,74.37,74.185,74.255,2201.0
2025-07-23 18:00:00+00:00,74.26,74.52,74.21,74.495,5226.0
2025-07-23 19:00:00+00:00,74.495,74.51,74.2,74.25,29292.0
2025-07-24 14:00:00+00:00,74.24,74.36,74.17,74.295,2052.0
2025-07-24 15:00:00+00:00,74.295,74.315,74.15,74.195,3070.0
2025-07-24 16:00:00+00:00,74.19,74.215,74.06,74.145,3516.0
2025-07-24 17:00:00+00:00,74.145,74.17,74.065,74.085,1573.0
2025-07-24 18:00:00+00:00,74.08,74.135,74.005,74.035,3418.0
2025-07-24 19:00:00+00:00,74.035,74.13,73.805,73.81,8659.0
2025-07-25 14:00:00+00:00,73.58,73.77,73.49,73.65,7749.0
2025-07-25 15:00:00+00:00,73.65,73.77,73.595,73.67,7438.0
2025-07-25 16:00:00+00:00,73.685,73.77,73.635,73.765,8694.0
2025-07-25 17:00:00+00:00,73.765,73.845,73.735,73.785,4766.0
2025-07-25 18:00:00+00:00,73.785,73.9,73.755,73.875,5036.0
2025-07-25 19:00:00+00:00,73.875,74.0,73.865,73.995,17767.0
2025-07-28 14:00:00+00:00,73.53,73.84,73.495,73.755,4323.0
2025-07-28 15:00:00+00:00,73.755,73.86,73.655,73.84,3879.0
2025-07-28 16:00:00+00:00,73.84,73.85,73.51,73.6,3385.0
2025-07-28 17:00:00+00:00,73.6,73.95,73.52,73.83,12774.0
2025-07-28 18:00:00+00:00,73.835,73.865,73.725,73.775,6409.0
2025-07-28 19:00:00+00:00,73.775,73.97,73.7,73.935,19982.0
2025-07-29 14:00:00+00:00,73.815,73.915,73.175,73.195,9245.0
2025-07-29 15:00:00+00:00,73.2,73.205,72.72,72.745,25452.0
2025-07-29 16:00:00+00:00,72.745,72.805,72.515,72.58,28166.0
2025-07-29 17:00:00+00:00,72.58,72.615,72.315,72.5,21159.0
2025-07-29 18:00:00+00:00,72.5,72.51,72.19,72.455,27276.0
2025-07-29 19:00:00+00:00,72.455,72.555,72.215,72.52,55417.0
2025-07-30 14:00:00+00:00,72.79,72.93,72.635,72.69,5344.0
2025-07-30 15:00:00+00:00,72.69,72.745,72.57,72.7,8613.0
2025-07-30 16:00:00+00:00,72.7,72.7,72.26,72.31,15286.0
2025-07-30 17:00:00+00:00,72.325,72.4,72.19,72.19,11735.0
2025-07-30 18:00:00+00:00,72.205,72.47,71.97,71.995,21207.0
2025-07-30 19:00:00+00:00,71.975,72.105,71.705,71.805,34445.0
2025-07-31 14:00:00+00:00,71.535,71.675,71.34,71.5,5021.0
2025-07-31 15:00:00+00:00,71.5,71.655,71.3,71.56,10848.0
2025-07-31 16:00:00+00:00,71.555,71.59,71.47,71.565,6645.0
2025-07-31 17:00:00+00:00,71.565,71.675,71.335,71.4,9215.0
2025-07-31 18:00:00+00:00,71.4,71.565,71.305,71.495,12063.0
2025-07-31 19:00:00+00:00,71.5,71.74,71.315,71.46,34159.0
2025-08-01 14:00:00+00:00,71.395,71.8,71.32,71.54,3638.0
2025-08-01 15:00:00+00:00,71.545,71.66,71.3,71.59,6808.0
2025-08-01 16:00:00+00:00,71.585,71.74,71.56,71.6,8816.0
2025-08-01 17:00:00+00:00,71.6,71.635,71.28,71.46,9835.0
2025-08-01 18:00:00+00:00,71.46,71.79,71.395,71.56,8874.0
2025-08-01 19:00:00+00:00,71.56,71.975,71.56,71.8,30031.0
2025-08-04 14:00:00+00:00,72.15,72.295,71.955,72.265,3312.0
2025-08-04 15:00:00+00:00,72.265,72.435,72.21,72.395,3182.0
2025-08-04 16:00:00+00:00,72.4,72.51,72.36,72.435,6971.0
2025-08-04 17:00:00+00:00,72.465,72.5,72.295,72.32,7257.0
2025-08-04 18:00:00+00:00,72.315,72.45,72.27,72.38,4067.0
2025-08-04 19:00:00+00:00,72.365,72.57,72.36,72.5,14029.0
2025-08-05 14:00:00+00:00,72.03,72.2,71.94,72.1,3297.0
2025-08-05 15:00:00+00:00,72.1,72.385,71.99,72.375,3301.0
2025-08-05 16:00:00+00:00,72.37,72.46,72.28,72.39,4277.0
2025-08-05 17:00:00+00:00,72.38,72.59,72.365,72.53,9459.0
2025-08-05 18:00:00+00:00,72.53,72.55,72.285,72.305,10883.0
2025-08-05 19:00:00+00:00,72.305,72.44,72.23,72.4,32539.0
2025-08-06 14:00:00+00:00,72.815,72.955,72.505,72.665,2467.0
2025-08-06 15:00:00+00:00,72.645,72.725,72.465,72.6,8056.0
2025-08-06 16:00:00+00:00,72.595,72.635,72.12,72.195,8810.0
2025-08-06 17:00:00+00:00,72.195,72.275,71.98,72.12,12453.0
2025-08-06 18:00:00+00:00,72.115,72.21,71.995,72.105,11567.0
2025-08-06 19:00:00+00:00,72.1,72.29,72.005,72.145,22661.0
2025-08-07 14:00:00+00:00,72.6,72.675,72.265,72.35,4595.0
2025-08-07 15:00:00+00:00,72.35,72.455,72.2,72.315,7364.0
2025-08-07 16:00:00+00:00,72.315,72.345,71.975,72.13,8278.0
2025-08-07 17:00:00+00:00,72.13,72.165,71.955,72.095,23696.0
2025-08-07 18:00:00+00:00,72.095,72.145,71.855,71.95,21280.0
2025-08-07 19:00:00+00:00,71.945,72.05,71.765,71.945,49534.0
2025-08-08 14:00:00+00:00,72.305,72.64,72.26,72.52,6654.0
2025-08-08 15:00:00+00:00,72.515,72.62,72.37,72.49,8052.0
2025-08-08 16:00:00+00:00,72.49,72.57,72.44,72.475,9519.0
2025-08-08 17:00:00+00:00,72.475,72.775,72.405,72.685,12665.0
2025-08-08 18:00:00+00:00,72.69,72.89,72.61,72.61,9325.0
2025-08-08 19:00:00+00:00,72.61,72.725,72.535,72.645,32163.0
2025-08-11 14:00:00+00:00,72.915,72.985,72.57,72.735,7283.0
2025-08-11 15:00:00+00:00,72.735,72.86,72.685,72.835,6643.0
2025-08-11 16:00:00+00:00,72.835,72.88,72.685,72.785,6118.0
2025-08-11 17:00:00+00:00,72.79,72.795,72.69,72.73,7720.0
2025-08-11 18:00:00+00:00,72.735,72.77,72.64,72.705,9611.0
2025-08-11 19:00:00+00:00,72.735,72.815,72.61,72.765,16072.0
2025-08-12 14:00:00+00:00,72.985,73.11,72.845,72.85,7364.0
2025-08-12 15:00:00+00:00,72.85,73.105,72.84,73.06,10243.0
2025-08-12 16:00:00+00:00,73.06,73.235,73.015,73.195,6775.0
2025-08-12 17:00:00+00:00,73.195,73.29,73.1,73.26,10688.0
2025-08-12 18:00:00+00:00,73.26,73.355,73.145,73.165,11862.0
2025-08-12 19:00:00+00:00,73.165,73.31,73.06,73.095,23620.0
2025-08-13 14:00:00+00:00,73.5,73.525,73.175,73.33,4051.0
2025-08-13 15:00:00+00:00,73.325,73.46,73.19,73.235,7182.0
2025-08-13 16:00:00+00:00,73.235,73.26,73.075,73.23,5747.0
2025-08-13 17:00:00+00:00,73.23,73.29,73.15,73.285,4170.0
2025-08-13 18:00:00+00:00,73.28,73.465,73.26,73.455,5183.0
2025-08-13 19:00:00+00:00,73.455,73.455,73.285,73.34,21319.0
2025-08-14 14:00:00+00:00,73.34,73.76,73.18,73.715,7454.0
2025-08-14 15:00:00+00:00,73.72,73.92,73.675,73.76,9892.0
2025-08-14 16:00:00+00:00,73.765,73.785,73.585,73.76,6127.0
2025-08-14 17:00:00+00:00,73.76,73.795,73.59,73.645,5679.0
2025-08-14 18:00:00+00:00,73.65,73.65,73.495,73.635,7121.0
2025-08-14 19:00:00+00:00,73.635,73.825,73.59,73.82,26001.0
2025-08-15 14:00:00+00:00,74.11,74.18,73.905,74.01,15602.0
2025-08-15 15:00:00+00:00,74.01,74.12,73.83,74.085,20267.0
2025-08-15 16:00:00+00:00,74.085,74.1,73.985,74.005,9968.0
2025-08-15 17:00:00+00:00,74.005,74.16,73.97,74.105,15305.0
2025-08-15 18:00:00+00:00,74.105,74.135,73.97,73.995,14084.0
2025-08-15 19:00:00+00:00,73.995,74.05,73.795,73.795,37174.0
2025-08-18 14:00:00+00:00,73.54,73.79,73.515,73.695,8251.0
2025-08-18 15:00:00+00:00,73.695,73.715,73.525,73.715,9435.0
2025-08-18 16:00:00+00:00,73.705,73.785,73.675,73.735,7683.0
2025-08-18 17:00:00+00:00,73.735,73.78,73.595,73.655,4505.0
2025-08-18 18:00:00+00:00,73.65,73.68,73.565,73.64,6120.0
2025-08-18 19:00:00+00:00,73.635,73.88,73.635,73.765,60745.0
2025-08-19 14:00:00+00:00,73.705,73.795,73.52,73.535,9496.0
2025-08-19 15:00:00+00:00,73.535,73.625,73.485,73.545,5637.0
2025-08-19 16:00:00+00:00,73.54,73.62,73.495,73.53,5952.0
2025-08-19 17:00:00+00:00,73.53,73.55,73.36,73.365,7102.0
2025-08-19 18:00:00+00:00,73.365,73.395,73.25,73.26,10390.0
2025-08-19 19:00:00+00:00,73.255,73.275,73.065,73.12,24273.0
2025-08-20 14:00:00+00:00,73.21,73.31,72.96,73.085,11106.0
2025-08-20 15:00:00+00:00,73.085,73.25,73.055,73.105,11602.0
2025-08-20 16:00:00+00:00,73.105,73.265,73.03,73.055,11743.0
2025-08-20 17:00:00+00:00,73.05,73.12,72.9,73.1,9977.0
2025-08-20 18:00:00+00:00,73.095,73.225,73.095,73.165,15889.0
2025-08-20 19:00:00+00:00,73.165,73.265,73.09,73.115,42889.0
2025-08-21 14:00:00+00:00,72.895,73.02,72.855,72.945,3744.0
2025-08-21 15:00:00+00:00,72.945,73.07,72.84,72.97,10272.0
2025-08-21 16:00:00+00:00,72.965,73.055,72.92,72.97,7892.0
2025-08-21 17:00:00+00:00,72.975,73.235,72.965,73.155,11723.0
2025-08-21 18:00:00+00:00,73.155,73.225,73.085,73.165,12949.0
2025-08-21 19:00:00+00:00,73.165,73.19,72.92,73.06,39285.0
2025-08-22 14:00:00+00:00,73.125,73.65,73.12,73.605,5695.0
2025-08-22 15:00:00+00:00,73.6,73.82,73.435,73.44,7487.0
2025-08-22 16:00:00+00:00,73.44,73.605,73.365,73.485,9239.0
2025-08-22 17:00:00+00:00,73.49,73.66,73.435,73.465,13725.0
2025-08-22 18:00:00+00:00,73.47,73.495,73.235,73.275,17699.0
2025-08-22 19:00:00+00:00,73.275,73.31,73.13,73.17,31145.0
2025-08-25 14:00:00+00:00,73.105,73.14,72.66,72.79,8776.0
2025-08-25 15:00:00+00:00,72.785,72.97,72.685,72.715,10078.0
2025-08-25 16:00:00+00:00,72.715,72.785,72.58,72.63,9400.0
2025-08-25 17:00:00+00:00,72.625,72.755,72.59,72.685,15615.0
2025-08-25 18:00:00+00:00,72.685,72.71,72.605,72.615,12391.0
2025-08-25 19:00:00+00:00,72.615,72.845,72.575,72.61,30896.0
2025-08-26 14:00:00+00:00,73.445,73.685,73.255,73.27,17423.0
2025-08-26 15:00:00+00:00,73.265,73.66,73.155,73.635,8237.0
2025-08-26 16:00:00+00:00,73.64,73.66,73.45,73.5,8379.0
2025-08-26 17:00:00+00:00,73.5,73.625,73.435,73.53,8386.0
2025-08-26 18:00:00+00:00,73.535,73.7,73.525,73.665,12328.0
2025-08-26 19:00:00+00:00,73.66,73.865,73.6,73.795,46858.0
2025-08-27 14:00:00+00:00,74.63,74.895,74.48,74.855,25981.0
2025-08-27 15:00:00+00:00,74.855,75.115,74.845,75.095,26843.0
2025-08-27 16:00:00+00:00,75.095,75.445,75.065,75.365,10270.0
2025-08-27 17:00:00+00:00,75.365,75.51,75.275,75.455,12545.0
2025-08-27 18:00:00+00:00,75.455,75.51,75.37,75.45,17124.0
2025-08-27 19:00:00+00:00,75.445,75.73,75.21,75.26,50597.0
2025-08-28 14:00:00+00:00,75.125,76.865,75.125,76.63,11927.0
2025-08-28 15:00:00+00:00,76.63,76.93,76.48,76.86,10709.0
2025-08-28 16:00:00+00:00,76.865,77.03,76.645,76.765,7152.0
2025-08-28 17:00:00+00:00,76.77,76.855,76.55,76.76,7143.0
2025-08-28 18:00:00+00:00,76.765,77.065,76.67,77.005,8664.0
2025-08-28 19:00:00+00:00,77.005,77.215,76.775,77.005,23196.0
2025-08-29 14:00:00+00:00,77.2,77.395,76.82,77.075,11461.0
2025-08-29 15:00:00+00:00,77.075,77.23,76.96,77.185,6267.0
2025-08-29 16:00:00+00:00,77.18,77.385,77.16,77.21,4406.0
2025-08-29 17:00:00+00:00,77.21,77.395,77.14,77.33,8909.0
2025-08-29 18:00:00+00:00,77.33,77.46,77.26,77.41,6168.0
2025-08-29 19:00:00+00:00,77.41,77.415,77.065,77.2,18690.0
2025-09-01 14:00:00+00:00,77.2,77.2,77.2,77.2,0.0
2025-09-01 15:00:00+00:00,77.2,77.2,77.2,77.2,0.0
2025-09-01 16:00:00+00:00,77.2,77.2,77.2,77.2,0.0
2025-09-01 17:00:00+00:00,77.2,77.2,77.2,77.2,0.0
2025-09-01 18:00:00+00:00,77.2,77.2,77.2,77.2,0.0
2025-09-01 19:00:00+00:00,77.2,77.2,77.2,77.2,0.0
2025-09-02 14:00:00+00:00,76.595,76.76,76.345,76.38,8096.0
2025-09-02 15:00:00+00:00,76.375,76.445,76.205,76.33,6653.0
2025-09-02 16:00:00+00:00,76.335,76.555,76.305,76.55,4035.0
2025-09-02 17:00:00+00:00,76.55,76.67,76.425,76.615,3505.0
2025-09-02 18:00:00+00:00,76.615,76.74,76.535,76.73,6852.0
2025-09-02 19:00:00+00:00,76.73,77.31,76.705,77.215,15277.0
2025-09-03 14:00:00+00:00,77.34,77.805,77.32,77.79,5239.0
2025-09-03 15:00:00+00:00,77.795,77.93,77.675,77.75,5914.0
2025-09-03 16:00:00+00:00,77.75,77.87,77.58,77.84,3265.0
2025-09-03 17:00:00+00:00,77.84,77.98,77.77,77.895,3480.0
2025-09-03 18:00:00+00:00,77.89,78.09,77.87,78.02,3270.0
2025-09-03 19:00:00+00:00,78.02,78.39,77.975,78.38,15882.0
2025-09-04 14:00:00+00:00,78.805,78.81,78.58,78.615,4008.0
2025-09-04 15:00:00+00:00,78.615,78.795,78.385,78.72,4936.0
2025-09-04 16:00:00+00:00,78.71,78.755,78.48,78.655,4740.0
2025-09-04 17:00:00+00:00,78.655,78.88,78.655,78.855,4830.0
2025-09-04 18:00:00+00:00,78.85,78.975,78.85,78.925,5279.0
2025-09-04 19:00:00+00:00,78.92,79.15,78.775,79.145,21529.0
2025-09-05 14:00:00+00:00,78.995,79.01,78.16,78.17,11118.0
2025-09-05 15:00:00+00:00,78.165,78.34,78.005,78.2,8657.0
2025-09-05 16:00:00+00:00,78.195,78.515,78.185,78.5,3579.0
2025-09-05 17:00:00+00:00,78.495,78.545,78.3,78.46,4440.0
2025-09-05 18:00:00+00:00,78.46,78.575,78.385,78.52,5851.0
2025-09-05 19:00:00+00:00,78.52,78.54,78.26,78.305,15231.0
2025-09-08 14:00:00+00:00,78.08,78.085,77.74,77.93,1858.0
2025-09-08 15:00:00+00:00,77.93,78.07,77.835,77.96,2982.0
2025-09-08 16:00:00+00:00,77.96,78.035,77.825,77.92,2634.0
2025-09-08 17:00:00+00:00,77.92,77.94,77.655,77.69,2521.0
2025-09-08 18:00:00+00:00,77.715,78.015,77.675,77.995,4019.0
2025-09-08 19:00:00+00:00,77.99,78.225,77.94,78.15,14517.0
2025-09-09 14:00:00+00:00,78.115,78.39,78.03,78.35,1834.0
2025-09-09 15:00:00+00:00,78.35,78.43,78.2,78.22,4154.0
2025-09-09 16:00:00+00:00,78.225,78.35,78.08,78.34,3072.0
2025-09-09 17:00:00+00:00,78.325,78.36,78.24,78.25,5177.0
2025-09-09 18:00:00+00:00,78.25,78.48,78.245,78.465,5476.0
2025-09-09 19:00:00+00:00,78.465,78.49,78.045,78.12,15957.0
2025-09-10 14:00:00+00:00,78.535,79.06,78.535,79.04,4203.0
2025-09-10 15:00:00+00:00,79.035,79.035,78.73,78.89,5649.0
2025-09-10 16:00:00+00:00,78.885,78.94,78.72,78.79,1414.0
2025-09-10 17:00:00+00:00,78.79,78.825,78.57,78.69,3320.0
2025-09-10 18:00:00+00:00,78.68,78.75,78.615,78.705,2436.0
2025-09-10 19:00:00+00:00,78.705,78.84,78.65,78.825,13019.0
2025-09-11 14:00:00+00:00,79.225,79.505,79.225,79.385,13281.0
2025-09-11 15:00:00+00:00,79.38,79.435,79.23,79.34,8180.0
2025-09-11 16:00:00+00:00,79.335,79.445,79.28,79.43,6829.0
2025-09-11 17:00:00+00:00,79.43,79.6,79.39,79.535,6603.0
2025-09-11 18:00:00+00:00,79.55,79.575,79.365,79.365,8802.0
2025-09-11 19:00:00+00:00,79.365,79.55,79.325,79.55,23971.0
2025-09-12 14:00:00+00:00,79.49,79.65,79.32,79.37,3205.0
2025-09-12 15:00:00+00:00,79.375,79.375,79.04,79.055,5263.0
2025-09-12 16:00:00+00:00,79.055,79.175,79.015,79.17,5209.0
2025-09-12 17:00:00+00:00,79.17,79.25,79.065,79.085,5393.0
2025-09-12 18:00:00+00:00,79.085,79.225,79.08,79.185,6954.0
2025-09-12 19:00:00+00:00,79.185,79.205,79.075,79.155,17666.0
2025-09-15 14:00:00+00:00,79.15,79.56,78.965,79.555,5494.0
2025-09-15 15:00:00+00:00,79.55,79.555,79.325,79.42,7121.0
2025-09-15 16:00:00+00:00,79.425,79.55,79.395,79.445,7241.0
2025-09-15 17:00:00+00:00,79.445,79.5,79.39,79.475,5934.0
2025-09-15 18:00:00+00:00,79.475,79.54,79.37,79.54,5807.0
2025-09-15 19:00:00+00:00,79.535,79.655,79.405,79.63,17364.0
2025-09-16 14:00:00+00:00,79.66,79.82,79.555,79.73,5048.0
2025-09-16 15:00:00+00:00,79.72,79.86,79.565,79.835,4156.0
2025-09-16 16:00:00+00:00,79.84,80.09,79.83,80.04,3531.0
2025-09-16 17:00:00+00:00,80.035,80.3,80.03,80.285,3238.0
2025-09-16 18:00:00+00:00,80.28,80.4,80.24,80.325,5229.0
2025-09-16 19:00:00+00:00,80.325,80.35,80.17,80.245,12134.0
2025-09-17 14:00:00+00:00,80.49,80.56,80.275,80.475,4092.0
2025-09-17 15:00:00+00:00,80.475,80.74,80.45,80.68,6545.0
2025-09-17 16:00:00+00:00,80.675,80.68,80.45,80.53,2760.0
2025-09-17 17:00:00+00:00,80.53,80.57,80.335,80.44,2604.0
2025-09-17 18:00:00+00:00,80.595,80.735,80.035,80.295,2461.0
2025-09-17 19:00:00+00:00,80.29,80.45,80.135,80.235,7357.0
2025-09-18 14:00:00+00:00,80.515,80.665,80.415,80.425,1348.0
2025-09-18 15:00:00+00:00,80.475,80.615,80.38,80.545,1557.0
2025-09-18 16:00:00+00:00,80.54,80.6,80.36,80.52,2252.0
2025-09-18 17:00:00+00:00,80.52,80.665,80.485,80.6,4197.0
2025-09-18 18:00:00+00:00,80.595,80.7,80.49,80.585,2620.0
2025-09-18 19:00:00+00:00,80.58,80.635,80.375,80.44,6535.0
2025-09-19 14:00:00+00:00,80.875,81.27,80.775,81.1,8705.0
2025-09-19 15:00:00+00:00,81.1,81.29,80.96,81.23,7752.0
2025-09-19 16:00:00+00:00,81.23,81.425,81.225,81.36,2598.0
2025-09-19 17:00:00+00:00,81.36,81.53,81.35,81.48,4258.0
2025-09-19 18:00:00+00:00,81.48,81.605,81.415,81.415,7596.0
2025-09-19 19:00:00+00:00,81.415,81.66,81.31,81.585,9882.0
2025-09-22 14:00:00+00:00,81.6,81.695,81.465,81.535,6404.0
2025-09-22 15:00:00+00:00,81.53,81.7,81.41,81.485,3598.0
2025-09-22 16:00:00+00:00,81.485,81.57,81.385,81.4,4367.0
2025-09-22 17:00:00+00:00,81.405,81.405,81.215,81.335,4086.0
2025-09-22 18:00:00+00:00,81.335,81.45,81.25,81.285,10551.0
2025-09-22 19:00:00+00:00,81.285,81.335,81.08,81.275,18843.0
2025-09-23 14:00:00+00:00,81.55,82.105,81.54,81.985,7288.0
2025-09-23 15:00:00+00:00,81.99,82.095,81.74,81.885,7187.0
2025-09-23 16:00:00+00:00,81.885,81.95,81.745,81.82,5535.0
2025-09-23 17:00:00+00:00,81.82,81.92,81.64,81.685,5893.0
2025-09-23 18:00:00+00:00,81.69,81.805,81.65,81.71,6132.0
2025-09-23 19:00:00+00:00,81.71,81.79,81.565,81.71,22178.0
2025-09-24 14:00:00+00:00,81.28,81.31,80.895,81.155,6166.0
2025-09-24 15:00:00+00:00,81.155,81.46,81.085,81.17,5677.0
2025-09-24 16:00:00+00:00,81.165,81.185,80.84,80.91,10315.0
2025-09-24 17:00:00+00:00,80.905,81.09,80.75,80.76,7075.0
2025-09-24 18:00:00+00:00,80.76,80.93,80.65,80.85,4347.0
2025-09-24 19:00:00+00:00,80.855,80.95,80.68,80.7,20174.0
2025-09-25 14:00:00+00:00,80.345,80.65,80.345,80.56,3690.0
2025-09-25 15:00:00+00:00,80.555,80.56,80.25,80.395,2827.0
2025-09-25 16:00:00+00:00,80.4,80.415,80.23,80.37,5020.0
2025-09-25 17:00:00+00:00,80.37,80.59,80.34,80.43,4991.0
2025-09-25 18:00:00+00:00,80.43,80.565,80.315,80.385,3697.0
2025-09-25 19:00:00+00:00,80.38,80.435,80.3,80.335,11692.0
2025-09-26 14:00:00+00:00,80.595,80.645,80.385,80.445,1648.0
2025-09-26 15:00:00+00:00,80.445,80.505,80.32,80.345,2135.0
2025-09-26 16:00:00+00:00,80.35,80.625,80.325,80.61,1307.0
2025-09-26 17:00:00+00:00,80.615,80.82,80.58,80.795,4094.0
2025-09-26 18:00:00+00:00,80.795,80.87,80.715,80.825,3823.0
2025-09-26 19:00:00+00:00,80.82,80.905,80.72,80.755,11684.0
2025-09-29 14:00:00+00:00,79.83,79.895,79.635,79.84,7013.0
2025-09-29 15:00:00+00:00,79.845,80.01,79.65,79.995,5058.0
2025-09-29 16:00:00+00:00,79.99,80.0,79.59,79.72,9034.0
2025-09-29 17:00:00+00:00,79.72,79.745,79.5,79.595,7453.0
2025-09-29 18:00:00+00:00,79.595,79.71,79.575,79.68,5143.0
2025-09-29 19:00:00+00:00,79.67,79.695,79.49,79.57,18356.0
2025-09-30 14:00:00+00:00,79.485,79.52,79.13,79.155,3112.0
2025-09-30 15:00:00+00:00,79.155,79.24,78.765,78.895,5092.0
2025-09-30 16:00:00+00:00,78.9,79.04,78.81,78.965,4093.0
2025-09-30 17:00:00+00:00,78.965,79.1,78.92,79.01,3359.0
2025-09-30 18:00:00+00:00,79.01,79.32,78.98,79.315,3562.0
2025-09-30 19:00:00+00:00,79.31,79.915,79.3,79.88,18890.0
2025-10-01 14:00:00+00:00,80.285,80.53,79.99,80.41,3845.0
2025-10-01 15:00:00+00:00,80.41,80.59,80.32,80.44,4801.0
2025-10-01 16:00:00+00:00,80.44,80.545,80.155,80.255,3637.0
2025-10-01 17:00:00+00:00,80.25,80.48,80.18,80.455,4368.0
2025-10-01 18:00:00+00:00,80.46,80.735,80.435,80.695,5666.0
2025-10-01 19:00:00+00:00,80.695,80.77,80.435,80.445,12295.0
2025-10-02 14:00:00+00:00,79.8,79.965,79.67,79.76,11631.0
2025-10-02 15:00:00+00:00,79.76,80.16,79.735,80.16,4663.0
2025-10-02 16:00:00+00:00,80.155,80.25,80.1,80.235,3507.0
2025-10-02 17:00:00+00:00,80.235,80.345,80.15,80.225,6236.0
2025-10-02 18:00:00+00:00,80.225,80.695,80.205,80.68,6306.0
2025-10-02 19:00:00+00:00,80.675,80.79,80.585,80.72,13332.0
2025-10-03 14:00:00+00:00,81.035,81.25,80.96,81.19,7240.0
2025-10-03 15:00:00+00:00,81.19,81.78,81.145,81.71,10853.0
2025-10-03 16:00:00+00:00,81.71,81.715,81.48,81.53,4282.0
2025-10-03 17:00:00+00:00,81.53,81.705,81.425,81.44,7107.0
2025-10-03 18:00:00+00:00,81.44,81.69,81.385,81.52,7837.0
2025-10-03 19:00:00+00:00,81.52,81.63,81.41,81.435,16037.0
2025-10-06 14:00:00+00:00,81.03,81.345,80.755,81.31,4329.0
2025-10-06 15:00:00+00:00,81.31,81.52,81.26,81.39,5160.0
2025-10-06 16:00:00+00:00,81.39,81.57,81.325,81.57,3614.0
2025-10-06 17:00:00+00:00,81.565,81.72,81.555,81.7,3193.0
2025-10-06 18:00:00+00:00,81.705,81.73,81.615,81.66,3489.0
2025-10-06 19:00:00+00:00,81.66,81.68,81.525,81.64,12988.0
2025-10-07 14:00:00+00:00,82.05,82.2,81.92,82.06,5409.0
2025-10-07 15:00:00+00:00,82.06,82.24,81.94,81.95,6301.0
2025-10-07 16:00:00+00:00,81.95,81.97,81.52,81.66,8056.0
2025-10-07 17:00:00+00:00,81.66,81.715,81.49,81.565,7917.0
2025-10-07 18:00:00+00:00,81.575,81.59,81.465,81.51,7030.0
2025-10-07 19:00:00+00:00,81.515,81.68,81.405,81.605,22938.0
2025-10-08 14:00:00+00:00,80.69,81.045,80.67,80.87,6300.0
2025-10-08 15:00:00+00:00,80.87,80.93,80.58,80.59,5106.0
2025-10-08 16:00:00+00:00,80.59,80.735,80.525,80.67,6705.0
2025-10-08 17:00:00+00:00,80.675,80.695,80.415,80.435,6842.0
2025-10-08 18:00:00+00:00,80.445,80.64,80.32,80.52,8550.0
2025-10-08 19:00:00+00:00,80.52,80.58,80.285,80.42,25864.0
2025-10-09 14:00:00+00:00,80.665,80.8,80.18,80.28,4719.0
2025-10-09 15:00:00+00:00,80.28,80.41,80.12,80.205,6207.0
2025-10-09 16:00:00+00:00,80.205,80.28,79.865,79.89,5298.0
2025-10-09 17:00:00+00:00,79.895,80.0,79.835,79.965,2467.0
2025-10-09 18:00:00+00:00,79.97,80.015,79.89,79.94,2008.0
2025-10-09 19:00:00+00:00,79.94,80.075,79.93,79.97,11830.0
2025-10-10 14:00:00+00:00,80.6,80.815,80.3,80.32,4551.0
2025-10-10 15:00:00+00:00,80.3,80.66,80.11,80.44,2200.0
2025-10-10 16:00:00+00:00,80.38,80.53,80.17,80.2,3142.0
2025-10-10 17:00:00+00:00,80.175,80.425,80.065,80.315,3833.0
2025-10-10 18:00:00+00:00,80.345,80.54,80.18,80.18,4000.0
2025-10-10 19:00:00+00:00,80.18,80.22,79.775,79.84,10411.0
2025-10-13 14:00:00+00:00,79.84,79.84,79.84,79.84,0.0
2025-10-13 15:00:00+00:00,79.84,79.84,79.84,79.84,0.0
2025-10-13 16:00:00+00:00,79.84,79.84,79.84,79.84,0.0
2025-10-13 17:00:00+00:00,79.84,80.415,79.84,80.405,1139.0
2025-10-13 18:00:00+00:00,80.41,80.59,80.305,80.33,2943.0
2025-10-13 19:00:00+00:00,80.33,80.47,80.25,80.435,12942.0
2025-10-14 14:00:00+00:00,79.785,79.945,79.635,79.86,2492.0
2025-10-14 15:00:00+00:00,79.86,80.24,79.795,80.235,1603.0
2025-10-14 16:00:00+00:00,80.24,80.525,79.97,80.45,1641.0
2025-10-14 17:00:00+00:00,80.415,80.63,80.325,80.55,1273.0
2025-10-14 18:00:00+00:00,80.57,80.605,80.32,80.53,1289.0
2025-10-14 19:00:00+00:00,80.535,80.66,80.325,80.47,6214.0
2025-10-15 14:00:00+00:00,81.225,81.38,81.17,81.26,5228.0
2025-10-15 15:00:00+00:00,81.265,81.475,81.2,81.35,5316.0
2025-10-15 16:00:00+00:00,81.355,81.58,81.25,81.56,2936.0
2025-10-15 17:00:00+00:00,81.56,81.56,81.075,81.275,4690.0
2025-10-15 18:00:00+00:00,81.275,81.4,81.195,81.365,3362.0
2025-10-15 19:00:00+00:00,81.365,81.855,81.29,81.855,14955.0
2025-10-16 14:00:00+00:00,81.26,81.34,81.055,81.235,2777.0
2025-10-16 15:00:00+00:00,81.245,81.49,81.15,81.18,2501.0
2025-10-16 16:00:00+00:00,81.185,81.19,80.62,80.75,2955.0
2025-10-16 17:00:00+00:00,80.745,80.785,80.485,80.63,4622.0
2025-10-16 18:00:00+00:00,80.635,80.635,80.195,80.3,4848.0
2025-10-16 19:00:00+00:00,80.3,80.385,79.905,80.255,23215.0
2025-10-17 14:00:00+00:00,79.945,80.095,79.755,79.79,3239.0
2025-10-17 15:00:00+00:00,79.79,80.055,79.65,80.0,2513.0
2025-10-17 16:00:00+00:00,80.0,80.155,79.89,79.92,4793.0
2025-10-17 17:00:00+00:00,79.915,80.11,79.86,80.05,2787.0
2025-10-17 18:00:00+00:00,80.045,80.335,80.03,80.3,6646.0
2025-10-17 19:00:00+00:00,80.3,80.4,80.255,80.27,13219.0
