date,Close,High,Low,Open,Volume
2022-01-03 00:00:00+00:00,47.3302056844,47.5321435873,47.0878802009,47.0878802009,517314
2022-01-04 00:00:00+00:00,47.5240660712,47.9319806351,47.3544382327,47.5563761356,953676
2022-01-05 00:00:00+00:00,47.9360193931,48.1621898444,47.5967637162,47.5967637162,1041824
2022-01-06 00:00:00+00:00,49.1193755042,49.1193755042,47.8794767803,48.1500735702,1125680
2022-01-07 00:00:00+00:00,50.1007937123,50.1209875026,49.0466778591,49.0931235768,1171246
2022-01-10 00:00:00+00:00,49.9634759383,50.2058014218,49.5434451003,50.1815688735,975216
2022-01-11 00:00:00+00:00,51.3124211298,51.328576162,50.0361735834,50.149258809,933246
2022-01-12 00:00:00+00:00,52.01920379,52.0353588222,51.4901264844,51.4901264844,759212
2022-01-13 00:00:00+00:00,52.8188778855,52.9642731756,52.1403665317,52.370575741,1059408
2022-01-14 00:00:00+00:00,53.1460172882,53.2106374172,52.366536983,52.503854757,811378
2022-01-18 00:00:00+00:00,53.2994900944,53.5054667554,52.8188778855,53.2106374172,1004292
2022-01-19 00:00:00+00:00,52.7542577566,53.3418970541,52.4909307312,53.2389087236,1257650
2022-01-20 00:00:00+00:00,52.2130641768,53.1500560463,52.1686782257,52.5927074343,998770
2022-01-21 00:00:00+00:00,51.3406924362,51.8660136968,51.1104832269,51.6557155647,1035416
2022-01-24 00:00:00+00:00,50.5490958568,50.7187236952,49.5999877131,50.5591927519,1370516
2022-01-25 00:00:00+00:00,51.0781731624,51.3608862265,49.7696155516,50.3390804378,1084916
2022-01-26 00:00:00+00:00,51.3406924362,52.1524828059,51.045863098,51.5628241294,973770
2022-01-27 00:00:00+00:00,50.496592002,51.8011108548,50.3350416797,51.744568242,970644
2022-01-28 00:00:00+00:00,50.2704215508,50.4602431795,49.6322977776,50.427933115,1095794
2022-01-31 00:00:00+00:00,50.6944911469,50.8641189853,49.9675146964,50.0604061317,971128
2022-02-01 00:00:00+00:00,51.3568474684,51.4739714521,50.6379485341,50.8843127756,1110066
2022-02-02 00:00:00+00:00,52.1444052898,52.3099943702,51.3810800168,51.7243744517,1255692
2022-02-03 00:00:00+00:00,51.8940022902,52.1545021849,51.7001419034,52.0393975803,900900
2022-02-04 00:00:00+00:00,51.8576534677,52.1080564673,51.5789791616,51.7162969356,620706
2022-02-07 00:00:00+00:00,52.5603973698,52.5967461923,51.9626611772,52.0151650319,686050
2022-02-08 00:00:00+00:00,52.9077305628,53.2227536913,52.5967461923,52.6048237084,837352
2022-02-09 00:00:00+00:00,52.576552402,53.0813971593,52.4432733861,53.0410095787,938414
2022-02-10 00:00:00+00:00,51.8213046451,52.713870176,51.7041806614,52.2696067896,587538
2022-02-11 00:00:00+00:00,51.6920643873,52.4109633216,51.3851187748,51.7688007904,615902
2022-02-14 00:00:00+00:00,51.2276072106,51.7324519678,50.9408553884,51.7324519678,665568
2022-02-15 00:00:00+00:00,51.671870597,51.6920643873,51.118560743,51.5305140649,852948
2022-02-16 00:00:00+00:00,51.8899635321,52.1807541123,51.5507078552,51.5507078552,572136
2022-02-17 00:00:00+00:00,51.1145219849,51.8576534677,51.0781731624,51.7162969356,851700
2022-02-18 00:00:00+00:00,50.839886437,51.2154909364,50.7793050661,51.1104832269,763400
2022-02-22 00:00:00+00:00,51.0781731624,51.1427932913,50.4642819376,50.5894834374,1006198
2022-02-23 00:00:00+00:00,50.7873825822,51.6920643873,50.6581423244,51.3366536781,1193478
2022-02-24 00:00:00+00:00,48.8043523756,49.3253521651,48.0713177881,49.1395692945,1786270
2022-02-25 00:00:00+00:00,52.0111262739,52.0838239189,50.0624255108,50.3633129861,2053904
2022-02-28 00:00:00+00:00,51.0539406141,51.4497389038,50.5066888972,51.1306770172,1118074
2022-03-01 00:00:00+00:00,49.8463519547,51.118560743,49.6928791484,50.8762352595,1371134
2022-03-02 00:00:00+00:00,51.2801110653,51.4416613877,50.3148478894,50.35523547,1209288
2022-03-03 00:00:00+00:00,50.9448941465,51.60321171,50.633909776,51.3003048556,819666
2022-03-04 00:00:00+00:00,50.6581423244,50.7106461791,49.8059643741,50.1250262607,1501722
2022-03-07 00:00:00+00:00,49.2809258265,50.4562044214,49.2405382459,50.0321348253,1087348
2022-03-08 00:00:00+00:00,48.8689725046,49.93924339,48.4489416665,49.5999877131,1475374
2022-03-09 00:00:00+00:00,50.2259952121,50.496592002,49.6423946727,49.7857705838,862604
2022-03-10 00:00:00+00:00,50.3835067764,50.5127470343,49.7534605193,49.9998247609,793106
2022-03-11 00:00:00+00:00,50.3511967119,51.1468320494,50.3188866475,50.6217935018,787404
2022-03-14 00:00:00+00:00,50.1532975671,50.9045065659,49.9150108416,50.7106461791,828382
2022-03-15 00:00:00+00:00,50.3471579539,50.3875455345,49.6322977776,50.149258809,842796
2022-03-16 00:00:00+00:00,51.4053125651,51.4335838715,50.4319718731,50.7469950016,1196114
2022-03-17 00:00:00+00:00,51.9141960805,51.9141960805,51.1710645978,51.1710645978,831652
2022-03-18 00:00:00+00:00,52.4069245636,52.503854757,51.6395605325,51.671870597,1576164
2022-03-21 00:00:00+00:00,52.5846299181,52.7017539018,52.2696067896,52.5927074343,701720
2022-03-22 00:00:00+00:00,52.7300252082,53.1540948043,52.4755834506,53.0692808851,1987622
2022-03-23 00:00:00+00:00,51.1225995011,52.4311571119,51.0862506785,52.370575741,1411192
2022-03-24 00:00:00+00:00,51.191258388,51.675909355,51.0660568882,51.4578164199,2975994
2022-03-25 00:00:00+00:00,51.6702550938,51.7844885831,51.1194864844,51.3234748582,2768834
2022-03-28 00:00:00+00:00,50.9562957853,51.5478620694,50.7074299692,51.5478620694,1072998
2022-03-29 00:00:00+00:00,51.01341253,51.5778891581,50.7849455513,51.4009904403,777724
2022-03-30 00:00:00+00:00,50.7155895042,51.3887511379,50.57687741,51.1643639266,821512
2022-03-31 00:00:00+00:00,49.6466904253,50.748227644,49.5867994387,50.748227644,1054032
2022-04-01 00:00:00+00:00,49.3407078645,50.1077041501,49.0836825135,49.9567527535,617932
2022-04-04 00:00:00+00:00,49.6058927505,49.7527643797,49.1815969329,49.3611067019,784960
2022-04-05 00:00:00+00:00,49.1000015834,49.8914764739,49.0347253037,49.6589297277,747094
2022-04-06 00:00:00+00:00,47.9780655272,49.0306455363,47.8209944794,49.0020871639,1500526
2022-04-07 00:00:00+00:00,47.3946587781,47.9495071549,47.0469809937,47.9495071549,1723388
2022-04-08 00:00:00+00:00,47.6149662218,48.0963787841,47.3824194756,47.3824194756,1833034
2022-04-11 00:00:00+00:00,47.2151490091,47.9576666899,47.1498727295,47.6312852917,1490574
2022-04-12 00:00:00+00:00,46.8438901687,47.5292911048,46.5827850502,47.2926645911,1021172
2022-04-13 00:00:00+00:00,46.9418045881,46.9580828604,46.1340106277,46.6847792371,838172
2022-04-14 00:00:00+00:00,46.7704543541,47.1743513343,46.6766197021,46.9377248207,713750
2022-04-18 00:00:00+00:00,46.8479699362,47.0111606352,46.6399017949,46.7378162143,537496
2022-04-19 00:00:00+00:00,47.1988299392,47.2110692416,46.8357306337,47.060117845,549068
2022-04-20 00:00:00+00:00,48.1371764588,48.5227144854,47.6884020364,47.7944759908,831862
2022-04-21 00:00:00+00:00,47.7373592461,48.7899392551,47.5700887796,48.4921162293,943560
2022-04-22 00:00:00+00:00,46.2482441171,47.4313766854,46.1992869074,47.325302731,893334
2022-04-25 00:00:00+00:00,46.1176915578,46.2951614431,45.0977496886,45.8239482995,902542
2022-04-26 00:00:00+00:00,45.6158801582,46.3665573739,45.4894073664,45.7382731825,1027184
2022-04-27 00:00:00+00:00,44.9182399196,45.6852362053,44.7142515458,45.4241310868,984912
2022-04-28 00:00:00+00:00,45.6811564378,45.8851448116,45.024313874,45.0773508512,919088
2022-04-29 00:00:00+00:00,45.1018294561,46.1829678374,45.024313874,45.7709113223,735200
2022-05-02 00:00:00+00:00,44.9549578269,45.0638876186,44.2777164258,45.0610317813,759414
2022-05-03 00:00:00+00:00,45.2405415503,45.6607576004,45.0610317813,45.1997438755,839736
2022-05-04 00:00:00+00:00,45.9218627189,45.9789794636,44.8978410823,45.1915843406,717212
2022-05-05 00:00:00+00:00,44.5469810792,45.7097148101,44.2613973559,45.6648373679,860070
2022-05-06 00:00:00+00:00,44.2817961933,44.502103637,43.8207824684,44.3960296826,754704
2022-05-09 00:00:00+00:00,43.6820703742,43.9064575854,43.1272219973,43.7759050261,1073982
2022-05-10 00:00:00+00:00,43.1598601371,44.1308447966,42.9232336235,43.8289420033,1047014
2022-05-11 00:00:00+00:00,42.7926810642,43.7555061887,42.6090915278,43.1353815323,1022514
2022-05-12 00:00:00+00:00,42.303108967,42.560134318,41.7278617528,42.4418210612,913428
2022-05-13 00:00:00+00:00,43.3148913013,43.363848511,42.5886926904,42.6906868773,679870
2022-05-16 00:00:00+00:00,44.0370101446,44.2165199136,43.1802589745,43.5392785125,759471
2022-05-17 00:00:00+00:00,44.9019208497,45.032473409,43.9880529349,44.5347417768,1236936
2022-05-18 00:00:00+00:00,43.7024692116,44.6571348011,43.629033397,44.6571348011,890576
2022-05-19 00:00:00+00:00,43.6371929319,44.1920413088,43.3189710687,43.3189710687,510618
2022-05-20 00:00:00+00:00,43.6127143271,44.0614887495,42.9354729259,43.7759050261,876404
2022-05-23 00:00:00+00:00,44.4286678224,44.9916757342,44.2083603787,44.3960296826,749494
2022-05-24 00:00:00+00:00,44.3552320078,44.5510608467,43.6616715368,44.4449868923,939076
2022-05-25 00:00:00+00:00,44.681613406,45.0610317813,44.2409985185,44.3144343331,955578
2022-05-26 00:00:00+00:00,43.8493408407,45.0406329439,43.6616715368,45.0406329439,845595
2022-05-27 00:00:00+00:00,44.4123487525,44.681613406,44.0043720048,44.0043720048,1163356
2022-05-31 00:00:00+00:00,44.8937613148,45.3588548071,44.6652943361,44.8774422449,981975
2022-06-01 00:00:00+00:00,45.0977496886,45.4290268077,44.5592203817,45.3343762023,584676
2022-06-02 00:00:00+00:00,46.0279366733,46.085053418,44.861123175,45.0161543391,489915
2022-06-03 00:00:00+00:00,45.5791622509,46.1176915578,45.3914929469,45.9708199287,718079
2022-06-06 00:00:00+00:00,45.6362789956,46.2482441171,45.5954813208,45.9789794636,654982
2022-06-07 00:00:00+00:00,45.8810650442,45.913703184,45.2609403877,45.3343762023,468527
2022-06-08 00:00:00+00:00,45.5465241111,45.8484269044,45.3098975974,45.7505124849,433698
2022-06-09 00:00:00+00:00,44.0288506097,45.4241310868,44.0206910747,45.2772594576,761397
2022-06-10 00:00:00+00:00,43.0170682754,43.3597687435,42.6131712952,43.1557803697,857303
2022-06-13 00:00:00+00:00,41.515713844,42.1766361752,41.2301301206,42.0787217558,1484094
2022-06-14 00:00:00+00:00,40.9363868623,41.6544259382,40.5692077894,41.4504375644,955418
2022-06-15 00:00:00+00:00,41.5809901236,42.0542431509,40.7160794185,41.2382896556,1020234
2022-06-16 00:00:00+00:00,40.1857096465,41.0016631419,39.924604528,40.9445463972,1162974
2022-06-17 00:00:00+00:00,40.1204333669,40.5610482544,39.8022115037,40.0061998776,1381566
2022-06-21 00:00:00+00:00,41.2790873303,41.5973091935,41.0995775613,41.3933208197,896743
2022-06-22 00:00:00+00:00,40.5039315097,40.8547915127,40.4549743,40.8466319778,1962569
2022-06-23 00:00:00+00:00,39.1494487074,40.6100054641,39.0107366132,40.5120910447,1476951
2022-06-24 00:00:00+00:00,39.9980403426,40.0388380174,39.2783693597,39.3371180114,3560997
2022-06-27 00:00:00+00:00,40.4097908752,40.5999351449,39.8558923505,40.2279137477,1498052
2022-06-28 00:00:00+00:00,40.3767223066,41.2861079441,40.191703665,40.7322094194,861105
2022-06-29 00:00:00+00:00,40.1287080418,40.5668665762,40.0212351937,40.4428594438,653224
2022-06-30 00:00:00+00:00,40.1287080418,40.1700437526,39.2275895464,39.6492137965,991427
2022-07-01 00:00:00+00:00,40.5834008606,40.65780514,39.7153509338,39.9964337672,357981
2022-07-05 00:00:00+00:00,39.5500080906,39.6161452279,38.7480953012,39.516939522,951691
2022-07-06 00:00:00+00:00,39.5252066641,39.674015223,38.8721024336,39.359863821,658878
2022-07-07 00:00:00+00:00,40.4759280125,40.6371372846,39.7649537868,39.7732209289,712281
2022-07-08 00:00:00+00:00,40.5337980076,40.8231479832,40.1948451791,40.5172637233,833578
2022-07-11 00:00:00+00:00,40.2692494585,40.3188523115,39.8724266348,40.0956394731,507894
2022-07-12 00:00:00+00:00,40.0543037624,40.5503322919,39.9054952035,39.9054952035,658293
2022-07-13 00:00:00+00:00,39.516939522,39.9137623456,39.2854595415,39.8393580662,698819
2022-07-14 00:00:00+00:00,37.4088182713,38.533149605,37.2765439968,38.4918138942,1321887
2022-07-15 00:00:00+00:00,37.8221753793,38.0453882176,37.3592154184,37.7891068107,1132969
2022-07-18 00:00:00+00:00,38.4918138942,38.9175717154,38.3512724775,38.533149605,934145
2022-07-19 00:00:00+00:00,39.9137623456,39.93029663,38.9630409973,38.9795752816,930591
2022-07-20 00:00:00+00:00,40.0625709045,40.0997730442,39.6574809387,39.7980223554,529791
2022-07-21 00:00:00+00:00,40.2609823163,40.2816501717,39.5830766593,39.9220294878,503965
2022-07-22 00:00:00+00:00,40.3188523115,40.814880841,40.0088344805,40.3932565909,825472
2022-07-25 00:00:00+00:00,40.7818122724,41.0546279636,40.4428594438,40.7239422773,638676
2022-07-26 00:00:00+00:00,40.4428594438,40.8810179783,40.3353865958,40.6826065665,502596
2022-07-27 00:00:00+00:00,41.071162248,41.2695736598,40.5420651498,40.5420651498,693906
2022-07-28 00:00:00+00:00,41.38531365,41.4514507873,40.7570108459,41.071162248,626419
2022-07-29 00:00:00+00:00,41.8234721845,42.1541578708,41.4018479343,41.4597179295,616807
2022-08-01 00:00:00+00:00,41.641595057,41.8152050423,41.3770465079,41.6746636256,356832
2022-08-02 00:00:00+00:00,41.3357107971,41.6333279148,41.021559395,41.5506564932,843869
2022-08-03 00:00:00+00:00,41.7904036158,42.0632193071,41.4266493608,41.542389351,642057
2022-08-04 00:00:00+00:00,41.6911979099,41.8813421796,41.4679850716,41.8730750374,397837
2022-08-05 00:00:00+00:00,41.7159993364,41.7159993364,41.3109093706,41.4018479343,476460
2022-08-08 00:00:00+00:00,41.7325336207,42.1045550179,41.6002593462,41.955746459,507926
2022-08-09 00:00:00+00:00,41.4679850716,41.8978764639,41.2199708068,41.8978764639,481887
2022-08-10 00:00:00+00:00,42.6336521161,42.7659263906,41.6994650521,41.8234721845,812402
2022-08-11 00:00:00+00:00,43.1296806457,43.3776949104,42.9064678073,42.9064678073,548323
2022-08-12 00:00:00+00:00,43.4272977634,43.4769006163,43.0387420819,43.2454206359,602616
2022-08-15 00:00:00+00:00,43.0718106505,43.0800777927,42.5592478367,42.9891392289,475980
2022-08-16 00:00:00+00:00,43.9563948616,44.1134705626,42.9808720868,43.0304749397,718898
2022-08-17 00:00:00+00:00,43.824120587,44.0721348518,43.352893484,43.4851677585,729893
2022-08-18 00:00:00+00:00,43.7910520184,43.9894634302,43.6257091752,43.9894634302,475584
2022-08-19 00:00:00+00:00,43.1544820721,43.5513048958,42.9850056579,43.4355649056,576635
2022-08-22 00:00:00+00:00,42.3443021405,42.683254969,42.2202950081,42.4600421307,550337
2022-08-23 00:00:00+00:00,42.5096449837,42.7741935328,42.0136164541,42.2037607238,599200
2022-08-24 00:00:00+00:00,41.7408007629,42.2087210091,41.6497795277,42.162425013,1000025
2022-08-25 00:00:00+00:00,41.798670758,42.3360349983,41.641595057,42.0466850228,818809
2022-08-26 00:00:00+00:00,41.1372993852,42.1872264395,41.1372993852,42.0549521649,766222
2022-08-29 00:00:00+00:00,40.7487437037,41.0628951058,40.5585994341,41.0628951058,729426
2022-08-30 00:00:00+00:00,40.0047009094,41.021559395,39.8889609192,40.9140865469,734132
2022-08-31 00:00:00+00:00,39.1118495562,39.9385637721,39.0994488429,39.8062894976,886280
2022-09-01 00:00:00+00:00,38.5992867423,38.9299724287,38.0825903573,38.9051710022,1109504
2022-09-02 00:00:00+00:00,38.8555681492,39.5954773725,38.6819581639,39.0870481297,1167161
2022-09-06 00:00:00+00:00,38.582752458,39.1862538356,38.3471389064,39.1862538356,761765
2022-09-07 00:00:00+00:00,38.9878424238,39.0539795611,38.0040525068,38.1776624922,684375
2022-09-08 00:00:00+00:00,39.7318852181,39.8145566397,38.5992867423,38.8224995806,870466
2022-09-09 00:00:00+00:00,40.5172637233,40.5792672895,40.1865780369,40.2527151742,960574
2022-09-12 00:00:00+00:00,41.0876965323,41.2943750863,40.8314151253,40.9058194048,836280
2022-09-13 00:00:00+00:00,39.8062894976,40.4831204262,39.6409466544,40.0791051888,1089491
2022-09-14 00:00:00+00:00,39.8476252084,40.1948451791,39.674015223,39.8641594927,663951
2022-09-15 00:00:00+00:00,40.087372331,40.4428594438,39.6492137965,39.7980223554,771943
2022-09-16 00:00:00+00:00,39.4508023847,39.6822823652,39.2027881199,39.5996109436,794745
2022-09-19 00:00:00+00:00,39.9881666251,40.0047009094,38.9547738552,38.9878424238,783787
2022-09-20 00:00:00+00:00,38.9878424238,39.6492137965,38.6736910217,39.6492137965,909462
2022-09-21 00:00:00+00:00,38.3678067618,39.2358566886,38.3678067618,39.0953152719,855412
2022-09-22 00:00:00+00:00,38.0867239284,38.5951531712,37.9131139431,38.4752796099,1952191
2022-09-23 00:00:00+00:00,37.0367968742,37.7725725264,36.6027719108,37.598962541,1124062
2022-09-26 00:00:00+00:00,36.8631868888,37.2517425703,36.4911654916,36.6565083348,3985088
2022-09-27 00:00:00+00:00,36.5688766279,37.1974958686,36.1833234937,36.971192942,2502815
2022-09-28 00:00:00+00:00,37.5411410535,37.6835442655,36.4263896001,36.5353502684,1412525
2022-09-29 00:00:00+00:00,37.0047193015,37.373509256,36.5856398077,37.1555879192,1776544
2022-09-30 00:00:00+00:00,36.6778372963,37.3148381269,36.5018239089,37.1220615597,2189099
2022-10-03 00:00:00+00:00,37.8596414688,38.0021284967,37.0424364559,37.2561669978,1099722
2022-10-04 00:00:00+00:00,38.6391293273,39.058208821,38.1027075752,38.1529971145,1462306
2022-10-05 00:00:00+00:00,37.8344966992,38.1781418841,37.4657067447,37.9518389574,1368634
2022-10-06 00:00:00+00:00,36.3928632406,37.6081937725,36.1162707747,37.4657067447,2324083
2022-10-07 00:00:00+00:00,35.6720465112,36.3761000608,35.4708883542,36.1330339544,1707460
2022-10-10 00:00:00+00:00,35.4122172251,35.8983494379,35.3786908656,35.8061519492,484278
2022-10-11 00:00:00+00:00,34.0292548956,35.286493377,33.9244850221,35.2026774782,1315336
2022-10-12 00:00:00+00:00,34.3058473615,34.5237686983,33.7945703791,33.9705837665,1050749
2022-10-13 00:00:00+00:00,35.3116381466,35.5463226631,33.2916749865,33.7358992499,1690137
2022-10-14 00:00:00+00:00,34.942848192,35.6469017416,34.7584532148,35.5127963036,1031999
2022-10-17 00:00:00+00:00,36.225231443,36.4012448304,35.6301385619,35.6301385619,733882
2022-10-18 00:00:00+00:00,36.5018239089,37.0466272509,36.2419946228,36.9460481724,1048432
2022-10-19 00:00:00+00:00,35.9989285164,36.4012448304,35.6594741264,36.2503762127,582990
2022-10-20 00:00:00+00:00,35.5630858429,36.4599159596,35.4080264302,36.1414155443,735417
2022-10-21 00:00:00+00:00,36.5269686786,36.5940213976,35.3703092757,35.5379410732,713163
2022-10-24 00:00:00+00:00,36.4515343697,36.6024029874,36.091126005,36.6024029874,781893
2022-10-25 00:00:00+00:00,37.0047193015,37.1388247395,36.3425737013,36.3677184709,844751
2022-10-26 00:00:00+00:00,37.5495226434,38.0105100866,36.9963377116,37.0466272509,1144511
2022-10-27 00:00:00+00:00,37.6920096713,38.0356548562,37.4824699244,37.708772851,806749
2022-10-28 00:00:00+00:00,37.9602205473,38.0147008815,37.4740883345,37.7255360308,900892
2022-10-31 00:00:00+00:00,38.0607996258,38.2200498335,37.7339176207,37.7590623903,976413
2022-11-01 00:00:00+00:00,38.0272732663,38.6978004564,37.7842071599,38.5553134285,656091
2022-11-02 00:00:00+00:00,37.5662858232,38.5553134285,37.5159962839,37.9350757777,684333
2022-11-03 00:00:00+00:00,37.1974958686,37.4824699244,36.8203243242,37.1136799699,690874
2022-11-04 00:00:00+00:00,38.8235243045,38.9324849729,37.9602205473,37.9602205473,681775
2022-11-07 00:00:00+00:00,38.7816163551,39.1420247198,38.4463527601,39.0330640514,1031216
2022-11-08 00:00:00+00:00,38.9492481527,39.2928933376,38.7145636361,38.8067611248,590028
2022-11-09 00:00:00+00:00,38.2032866537,38.9324849729,38.1320431398,38.7816163551,800230
2022-11-10 00:00:00+00:00,40.2400129935,40.2400129935,39.3348012869,39.3934724161,1038253
2022-11-11 00:00:00+00:00,40.9273033633,40.9398757482,40.277730148,40.6507108974,857211
2022-11-14 00:00:00+00:00,40.4327895607,40.9189217735,40.4327895607,40.8351058747,891938
2022-11-15 00:00:00+00:00,39.8460782694,40.7931979253,39.603012163,40.7512899759,837132
2022-11-16 00:00:00+00:00,39.7874071402,39.9550389378,39.5233870591,39.80417032,505231
2022-11-17 00:00:00+00:00,39.6616832921,39.6784464719,39.2342222084,39.2509853882,625035
2022-11-18 00:00:00+00:00,39.7874071402,40.1729602745,39.7287360111,39.9047493985,1061114
2022-11-21 00:00:00+00:00,39.871223039,39.8963678086,39.531768649,39.6616832921,504421
2022-11-22 00:00:00+00:00,40.2903025328,40.4160263809,39.9969468871,40.0639996061,453929
2022-11-23 00:00:00+00:00,40.6339477177,40.6339477177,40.1142891454,40.2232498138,598443
2022-11-25 00:00:00+00:00,40.8267242848,40.9021585937,40.5166054594,40.5836581784,265373
2022-11-28 00:00:00+00:00,39.938275758,40.5752765886,39.8460782694,40.5166054594,535188
2022-11-29 00:00:00+00:00,39.603012163,39.9718021175,39.2258406186,39.9718021175,842608
2022-11-30 00:00:00+00:00,40.3741184315,40.4537435354,39.2928933376,39.6784464719,839952
2022-12-01 00:00:00+00:00,37.3232197168,39.7119728314,37.0717720205,39.7119728314,2043361
2022-12-02 00:00:00+00:00,36.9879561217,37.2896933573,36.5604950381,36.8119427343,1397545
2022-12-05 00:00:00+00:00,36.2755209823,37.1472063294,36.0073101063,36.8789954533,1374422
2022-12-06 00:00:00+00:00,36.1414155443,36.4180080102,35.7516716151,36.2084682633,1052874
2022-12-07 00:00:00+00:00,36.2084682633,36.4263896001,35.889967848,35.889967848,674844
2022-12-08 00:00:00+00:00,35.9151126176,36.5269686786,35.7223360505,36.3844816507,801240
2022-12-09 00:00:00+00:00,35.9486389771,36.0701720303,35.5714674327,35.5882306125,639795
2022-12-12 00:00:00+00:00,35.4541251745,35.75586241,34.942848192,35.6804281011,1560041
2022-12-13 00:00:00+00:00,34.9009402427,36.1497971342,34.6872097008,36.0575996455,2267226
2022-12-14 00:00:00+00:00,34.6914004958,35.2597561052,34.6327293666,34.9177034224,976154
2022-12-15 00:00:00+00:00,34.138215564,34.5489134679,33.9622021766,34.4148080299,1131447
2022-12-16 00:00:00+00:00,33.9454389968,34.2304130526,33.6856097107,33.8700046879,1209027
2022-12-19 00:00:00+00:00,33.3671092954,34.339373721,33.191095908,34.0292548956,1049770
2022-12-20 00:00:00+00:00,34.004110126,34.1591695387,33.4676883739,33.5682674524,1156083
2022-12-21 00:00:00+00:00,34.40642644,34.5321502881,34.2807025919,34.3645184906,1228275
2022-12-22 00:00:00+00:00,33.9873469462,34.2555578222,33.4257804245,34.2555578222,809902
2022-12-23 00:00:00+00:00,34.8699283601,34.8784373714,34.4586878434,34.5976399981,4205324
2022-12-27 00:00:00+00:00,34.8758736063,34.9622855826,34.5993552824,34.7116908515,521356
2022-12-28 00:00:00+00:00,34.1327306108,35.0486975588,34.0463186345,34.9277207921,1229487
2022-12-29 00:00:00+00:00,35.065979954,35.1264683374,34.3228369585,34.3228369585,1494075
2022-12-30 00:00:00+00:00,34.9536443849,35.1523919303,34.7555017234,34.9450031873,698399
2023-01-03 00:00:00+00:00,35.0141327683,35.2560863017,34.7548968396,35.0486975588,798585
2023-01-04 00:00:00+00:00,35.8782525306,36.0165116926,35.3079334875,35.3857042661,947405
2023-01-05 00:00:00+00:00,35.5326046257,35.7183903746,35.1437507326,35.6881461829,631492
2023-01-06 00:00:00+00:00,36.3535183999,36.3924037892,35.5671694162,35.6881461829,643605
2023-01-09 00:00:00+00:00,36.6646015143,36.8806314549,36.4140067832,36.4831363642,1126565
2023-01-10 00:00:00+00:00,36.6300367238,36.8028606763,36.5263423523,36.7164487,686406
2023-01-11 00:00:00+00:00,36.8460666644,37.0534554073,36.6213955262,36.8028606763,746632
2023-01-12 00:00:00+00:00,37.4163857075,37.5632860671,36.9411198382,37.1485085812,778482
2023-01-13 00:00:00+00:00,37.7361100195,37.7879572053,36.9367992394,37.0707378026,825133
2023-01-17 00:00:00+00:00,37.9867047506,38.0644755292,37.6929040314,37.7361100195,721450
2023-01-18 00:00:00+00:00,37.3731797194,38.3582762484,37.2954089408,38.0817579245,1048710
2023-01-19 00:00:00+00:00,37.1830733717,37.4595916956,36.923837443,37.2349205574,676666
2023-01-20 00:00:00+00:00,37.6237744504,37.6237744504,37.0016082216,37.381820917,968980
2023-01-23 00:00:00+00:00,37.9175751696,38.0039871458,37.3386149289,37.7188276243,1098636
2023-01-24 00:00:00+00:00,37.7101864267,38.0212695411,37.6237744504,37.9348575649,542686
2023-01-25 00:00:00+00:00,37.6929040314,37.908933972,37.381820917,37.6064920552,1062839
2023-01-26 00:00:00+00:00,38.1163227149,38.1552081043,37.77067481,37.9434987625,1080922
2023-01-27 00:00:00+00:00,38.5656649913,38.6347945723,38.0817579245,38.0817579245,834299
2023-01-30 00:00:00+00:00,38.505176608,38.6434357699,38.3755586436,38.4187646318,690436
2023-01-31 00:00:00+00:00,39.421143556,39.4686701429,38.4965354104,38.4965354104,935433
2023-02-01 00:00:00+00:00,39.7235854728,39.9223330181,39.2137548131,39.4038611608,1150359
2023-02-02 00:00:00+00:00,39.9050506229,40.086515773,39.6026087061,39.8359210419,794676
2023-02-03 00:00:00+00:00,39.8272798443,40.0951569706,39.6198911013,39.7063030776,849735
2023-02-06 00:00:00+00:00,39.490273137,39.7538296645,39.2915255917,39.6371734966,595731
2023-02-07 00:00:00+00:00,40.0778745754,40.2506985278,39.2742431964,39.421143556,755688
2023-02-08 00:00:00+00:00,39.8099974491,40.2939045159,39.7106236764,39.8445622395,615424
2023-02-09 00:00:00+00:00,39.4989143346,40.2939045159,39.3779375679,40.1729277492,724141
2023-02-10 00:00:00+00:00,39.9309742158,39.9655390063,39.490273137,39.6890206823,506576
2023-02-13 00:00:00+00:00,40.2939045159,40.3327899052,39.6458146942,39.8099974491,712503
2023-02-14 00:00:00+00:00,40.4580872708,40.5488198458,39.8964094253,40.2852633183,796836
2023-02-15 00:00:00+00:00,40.3025457136,40.3111869112,39.9741802039,40.1383629587,781546
2023-02-16 00:00:00+00:00,39.9568978086,40.2679809231,39.7667914609,39.9568978086,570542
2023-02-17 00:00:00+00:00,40.0778745754,40.2161337373,39.6587764906,39.8618446348,1512379
2023-02-21 00:00:00+00:00,39.2223960107,39.8099974491,39.0945062859,39.8013562514,967289
2023-02-22 00:00:00+00:00,39.0495720582,39.2051136154,38.755771339,39.2051136154,1450990
2023-02-23 00:00:00+00:00,39.0841368487,39.3952199631,38.9113128963,39.3692963703,1597436
2023-02-24 00:00:00+00:00,39.9223330181,40.0519509825,38.505176608,38.6909623569,2718155
2023-02-27 00:00:00+00:00,39.9396154134,40.4658643486,39.8445622395,40.1729277492,745179
2023-02-28 00:00:00+00:00,39.5161967299,39.9223330181,39.4600289453,39.9136918205,1198298
2023-03-01 00:00:00+00:00,39.6717382871,39.7322266704,39.0063660701,39.4729907418,649789
2023-03-02 00:00:00+00:00,39.4297847536,39.4816319394,38.9847630761,39.4816319394,708526
2023-03-03 00:00:00+00:00,40.086515773,40.1210805635,39.4384259513,39.4557083465,742710
2023-03-06 00:00:00+00:00,40.0087449944,40.3716752945,39.87912703,40.086515773,707254
2023-03-07 00:00:00+00:00,38.8076185248,39.9396154134,38.7212065486,39.9050506229,868021
2023-03-08 00:00:00+00:00,38.436047027,38.8119391236,38.2027346912,38.8076185248,673862
2023-03-09 00:00:00+00:00,36.7596546881,38.3928410389,36.6041131309,38.2891466674,1592904
2023-03-10 00:00:00+00:00,36.0597176807,36.8633490596,35.9041761235,36.4744951666,2297433
2023-03-13 00:00:00+00:00,35.7572757639,36.1374884593,34.538866899,35.3597806732,2795970
2023-03-14 00:00:00+00:00,36.2843888189,36.854707862,35.869611333,36.8115018739,2229817
2023-03-15 00:00:00+00:00,35.5326046257,35.5412458233,34.9017971992,35.3165746851,1752686
2023-03-16 00:00:00+00:00,36.0683588783,36.4053655856,34.9968503731,35.1610331279,1613202
2023-03-17 00:00:00+00:00,35.8782525306,36.1288472617,35.66222259,35.9041761235,1657347
2023-03-20 00:00:00+00:00,35.938740914,36.5522659452,35.6751843865,36.2671064236,1635575
2023-03-21 00:00:00+00:00,36.3448772022,36.7423722929,36.258465226,36.6991663048,928628
2023-03-22 00:00:00+00:00,36.1288472617,36.923837443,36.1115648664,36.4140067832,1043047
2023-03-23 00:00:00+00:00,35.7659169615,36.6646015143,35.6362989972,36.4140067832,6006721
2023-03-24 00:00:00+00:00,35.7054285781,35.7227109734,35.0221690821,35.3597806732,5237220
2023-03-27 00:00:00+00:00,36.1357602198,36.407655503,35.8770211599,36.3988846874,2135654
2023-03-28 00:00:00+00:00,36.1620726665,36.3418743861,35.8638649366,36.2059267445,889955
2023-03-29 00:00:00+00:00,36.6444675238,36.7848005732,36.4427387653,36.4427387653,1306303
2023-03-30 00:00:00+00:00,36.8549670979,37.10932075,36.7409464953,36.8900503603,1005244
2023-03-31 00:00:00+00:00,37.2057997214,37.2935078773,36.9777585161,37.0391542253,868807
2023-04-03 00:00:00+00:00,37.7232778411,37.767131919,37.3812160332,37.4250701111,872731
2023-04-04 00:00:00+00:00,37.2584246149,38.0565688334,37.1619456435,37.9776314931,887599
2023-04-05 00:00:00+00:00,37.0479250408,37.2759662461,36.9075919914,37.0917791188,919933
2023-04-06 00:00:00+00:00,37.1005499344,37.1531748279,36.6751653784,37.0040709629,601577
2023-04-10 00:00:00+00:00,37.2057997214,37.2233413526,36.7935713888,36.8461962823,625968
2023-04-11 00:00:00+00:00,37.5741739761,37.6969653943,37.3110495085,37.4075284799,623419
2023-04-12 00:00:00+00:00,37.6531113164,38.021485571,37.5566323449,37.767131919,1011481
2023-04-13 00:00:00+00:00,37.9513190463,38.0083293477,37.7057362099,37.8197568125,771107
2023-04-14 00:00:00+00:00,38.0390272022,38.5389636907,37.9513190463,38.2846100387,730760
2023-04-17 00:00:00+00:00,37.9776314931,37.9864023087,37.4645387812,37.8811525216,1268823
2023-04-18 00:00:00+00:00,38.065339649,38.2758392231,38.0258709788,38.0916520957,733937
2023-04-19 00:00:00+00:00,38.1355061737,38.1355061737,37.8023028895,37.9864023087,892558
2023-04-20 00:00:00+00:00,37.8636108905,38.1442769893,37.7408194722,37.8285276281,650651
2023-04-21 00:00:00+00:00,37.4162992955,37.7934443658,37.1268623811,37.7145070255,1386761
2023-04-24 00:00:00+00:00,37.1707164591,37.3461327708,36.9996855551,37.3022786929,645157
2023-04-25 00:00:00+00:00,35.7147610716,36.8681233213,35.7016048482,36.7760297576,1267970
2023-04-26 00:00:00+00:00,36.004197986,36.363801425,35.6577507703,35.7235318872,1249101
2023-04-27 00:00:00+00:00,36.5743009991,36.5962280381,36.236624599,36.2848640847,933081
2023-04-28 00:00:00+00:00,36.7935713888,36.8023422044,36.1796142977,36.3199473471,870382
2023-05-01 00:00:00+00:00,36.6356967082,37.0830083032,36.5830718147,36.8023422044,1143622
2023-05-02 00:00:00+00:00,35.4779490507,36.4690512121,35.0394082713,36.4690512121,1883878
2023-05-03 00:00:00+00:00,35.5218031286,35.9866563548,35.3902408948,35.4867198663,1140239
2023-05-04 00:00:00+00:00,34.9867833778,35.4867198663,34.7587421726,35.2411370299,2291504
2023-05-05 00:00:00+00:00,36.3988846874,36.4734366199,35.6358237313,35.7147610716,1540821
2023-05-08 00:00:00+00:00,36.4953636588,36.8812795447,36.3813430562,36.81111302,824290
2023-05-09 00:00:00+00:00,36.1620726665,36.2497808224,35.7849275963,36.0305104327,940193
2023-05-10 00:00:00+00:00,36.4778220277,36.6269258927,36.109447773,36.6181550771,850016
2023-05-11 00:00:00+00:00,36.5392177368,36.5830718147,35.9318387574,36.0919061418,714120
2023-05-12 00:00:00+00:00,36.5304469212,36.8286546512,36.2980203081,36.6444675238,738722
2023-05-15 00:00:00+00:00,37.1882580902,37.1882580902,36.5392177368,36.5392177368,766387
2023-05-16 00:00:00+00:00,36.4865928433,37.2935078773,36.3901138718,37.1882580902,829144
2023-05-17 00:00:00+00:00,37.0303834097,37.0303834097,36.4953636588,36.8023422044,1252634
2023-05-18 00:00:00+00:00,36.7935713888,36.8900503603,36.4865928433,36.8900503603,711271
2023-05-19 00:00:00+00:00,36.4602803965,37.0128417785,36.2848640847,36.9865293317,742797
2023-05-22 00:00:00+00:00,36.7584881265,36.8198838356,36.3725722406,36.6006134459,504971
2023-05-23 00:00:00+00:00,36.4865928433,36.9699524903,36.4251971341,36.556759368,843411
2023-05-24 00:00:00+00:00,35.9077190145,36.1006769574,35.8200108586,36.0655936951,1083864
2023-05-25 00:00:00+00:00,36.5392177368,36.7760297576,36.0831353262,36.1269894042,2121011
2023-05-26 00:00:00+00:00,37.0830083032,37.1005499344,36.51290529,36.5918426303,677326
2023-05-30 00:00:00+00:00,36.8023422044,37.2671954305,36.7102486407,37.2584246149,795761
2023-05-31 00:00:00+00:00,36.1445310353,36.662009155,36.0831353262,36.51290529,1096554
2023-06-01 00:00:00+00:00,36.1357602198,36.5611447757,35.7586151495,36.1620726665,1460750
2023-06-02 00:00:00+00:00,37.4776950046,37.5390907137,36.4953636588,36.4953636588,1235896
2023-06-05 00:00:00+00:00,36.7848005732,37.5303198981,36.7058632329,37.468924189,1503000
2023-06-06 00:00:00+00:00,37.5654031605,37.5654031605,36.7848005732,36.8637379135,936511
2023-06-07 00:00:00+00:00,37.6443405008,37.8899233372,37.4601533734,37.5390907137,657846
2023-06-08 00:00:00+00:00,37.661882132,37.8022151814,37.4068268147,37.6267988696,580284
2023-06-09 00:00:00+00:00,37.512778267,37.8460692593,37.4031430721,37.7759027346,518459
2023-06-12 00:00:00+00:00,37.4162992955,37.5917156073,37.1707164591,37.3899868487,553093
2023-06-13 00:00:00+00:00,37.7320486567,37.8372984437,37.4952366358,37.6531113164,628578
2023-06-14 00:00:00+00:00,37.9250065996,38.1530478048,37.6355696852,37.9337774152,2283881
2023-06-15 00:00:00+00:00,38.4951096128,38.5389636907,37.8811525216,38.0302563866,1565079
2023-06-16 00:00:00+00:00,38.723150818,38.9731190623,38.4775679816,38.6003593998,2956385
2023-06-20 00:00:00+00:00,37.8548400749,38.6617551089,37.8197568125,38.4424847192,1720707
2023-06-21 00:00:00+00:00,37.6969653943,38.0039439399,37.6092572384,37.8548400749,780203
2023-06-22 00:00:00+00:00,37.2321121682,37.6092572384,37.1619456435,37.5303198981,898447
2023-06-23 00:00:00+00:00,36.7234048641,37.0216125941,36.6576237472,36.916362807,7205858
2023-06-26 00:00:00+00:00,37.5566323449,37.6969653943,36.81111302,36.8286546512,1380808
2023-06-27 00:00:00+00:00,37.7338028198,37.8050659035,37.4442965422,37.5289214541,1466137
2023-06-28 00:00:00+00:00,37.6536318506,37.7516185907,37.2616848903,37.5111056832,1046785
2023-06-29 00:00:00+00:00,37.8585132162,38.0188551546,37.6714476215,37.7694343616,837144
2023-06-30 00:00:00+00:00,38.0188551546,38.1702892074,37.9297762999,38.0990261237,828603
2023-07-03 00:00:00+00:00,38.2860917185,38.5355125114,38.0010393837,38.0010393837,252588
2023-07-05 00:00:00+00:00,37.8406974453,38.02776304,37.6625397361,37.9832236127,1351160
2023-07-06 00:00:00+00:00,37.2705927757,37.5111056832,37.0389877537,37.4665662559,1585355
2023-07-07 00:00:00+00:00,37.430934714,37.9832236127,37.2616848903,37.315132203,1254721
2023-07-10 00:00:00+00:00,37.315132203,37.635637922,37.2349612339,37.3863952867,719787
2023-07-11 00:00:00+00:00,37.4398425995,37.5289214541,37.2260533484,37.4042110577,540272
2023-07-12 00:00:00+00:00,37.6536318506,37.8317895599,37.5111056832,37.6892633925,1456172
2023-07-13 00:00:00+00:00,38.5800519387,38.6156834806,37.8050659035,37.8406974453,1170568
2023-07-14 00:00:00+00:00,38.161381322,38.8294727317,38.1079340092,38.7314859916,1695586
2023-07-17 00:00:00+00:00,38.5266046259,38.5889598242,38.0812103528,38.1702892074,2379459
2023-07-18 00:00:00+00:00,39.0788935246,39.0922553528,38.508788855,38.508788855,1725053
2023-07-19 00:00:00+00:00,39.1590644938,39.3283143176,38.98981467,39.1946960356,919380
2023-07-20 00:00:00+00:00,39.1679723793,39.4263010577,38.9456315581,39.2748670048,723720
2023-07-21 00:00:00+00:00,39.0254462119,39.1857881502,38.8829200445,39.1679723793,587301
2023-07-24 00:00:00+00:00,39.2748670048,39.5510114542,38.9541831282,39.0343540973,859411
2023-07-25 00:00:00+00:00,38.8294727317,39.3104985467,38.7092162779,39.3104985467,1361017
2023-07-26 00:00:00+00:00,38.874012159,39.0699856392,38.5711440533,38.7671175334,713644
2023-07-27 00:00:00+00:00,38.7225781061,39.3728537449,38.6067755951,39.0165383264,817863
2023-07-28 00:00:00+00:00,38.9809067845,39.1857881502,38.7760254189,39.0076304409,522226
2023-07-31 00:00:00+00:00,39.2570512339,39.4886562559,39.0655316964,39.1946960356,547691
2023-08-01 00:00:00+00:00,38.392986344,38.9809067845,38.210374692,38.9809067845,1497955
2023-08-02 00:00:00+00:00,37.911960529,38.0188551546,37.4754741414,38.0188551546,1155659
2023-08-03 00:00:00+00:00,37.6981712779,37.796158018,37.3863952867,37.680355507,548870
2023-08-04 00:00:00+00:00,37.9030526436,38.3210997083,37.6180003088,37.680355507,1113486
2023-08-07 00:00:00+00:00,38.1257497801,38.2693448938,37.9030526436,37.9030526436,364065
2023-08-08 00:00:00+00:00,37.4576583704,37.5823687669,37.1280666083,37.4131189431,1175663
2023-08-09 00:00:00+00:00,37.0389877537,37.4576583704,36.9499088991,37.3596716303,894839
2023-08-10 00:00:00+00:00,37.1280666083,37.5111056832,36.96772467,37.3062243176,1264333
2023-08-11 00:00:00+00:00,37.1191587228,37.2973164321,36.9053694717,36.9320931281,499195
2023-08-14 00:00:00+00:00,36.8251985026,37.0122640973,36.6381329079,36.9142773572,821484
2023-08-15 00:00:00+00:00,35.7473443616,36.5935934806,35.5602787669,36.5045146259,1604623
2023-08-16 00:00:00+00:00,35.6849891634,35.8096995598,35.5068314541,35.6315418506,1081526
2023-08-17 00:00:00+00:00,35.4266604849,36.0591203528,35.4266604849,35.9522257272,1470751
2023-08-18 00:00:00+00:00,35.3553974012,35.4801077977,35.1059766083,35.2306870048,1603503
2023-08-21 00:00:00+00:00,35.1327002647,35.6493576215,34.9804645021,35.4533841413,963056
2023-08-22 00:00:00+00:00,34.94563467,35.2841343175,34.8387400444,35.1237923792,1058296
2023-08-23 00:00:00+00:00,35.2663185466,35.3464895158,34.8476479299,35.0347135246,1200547
2023-08-24 00:00:00+00:00,35.3821210576,35.6137260797,35.1638778638,35.2752264321,1358427
2023-08-25 00:00:00+00:00,35.3464895158,35.6938970488,34.8921873572,35.4801077977,1681835
2023-08-28 00:00:00+00:00,35.7295285907,35.8007025955,35.4266604849,35.4890156832,899613
2023-08-29 00:00:00+00:00,36.3085411457,36.3798042294,35.6048181942,35.6671733924,762736
2023-08-30 00:00:00+00:00,36.4154357713,36.7628433043,36.3619884585,36.5312382823,795241
2023-08-31 00:00:00+00:00,35.2841343175,35.6760812779,35.0124438109,35.5068314541,3192629
2023-09-01 00:00:00+00:00,35.4711999123,35.5558248242,35.3019500885,35.4979235686,2055760
2023-09-05 00:00:00+00:00,35.3643052867,35.6137260797,35.2663185466,35.4355683704,1813669
2023-09-06 00:00:00+00:00,35.1237923792,35.3732131722,34.878201977,35.1861475775,734603
2023-09-07 00:00:00+00:00,34.8298321589,35.2841343175,34.812016388,35.1237923792,984539
2023-09-08 00:00:00+00:00,34.7140296479,34.9634504409,34.6338586788,34.7852927316,972818
2023-09-11 00:00:00+00:00,35.3375816303,35.3910289431,34.7808387889,34.94563467,818148
2023-09-12 00:00:00+00:00,35.5513708814,35.707258877,35.3197658594,35.4266604849,1017785
2023-09-13 00:00:00+00:00,35.8720547581,36.1036597801,35.6671733924,35.6938970488,1082672
2023-09-14 00:00:00+00:00,36.2729096039,36.3084520669,36.0145809255,36.237278062,978014
2023-09-15 00:00:00+00:00,36.5134225114,36.5668698242,36.139291322,36.1838307493,2098612
2023-09-18 00:00:00+00:00,36.4599751986,36.6737644497,36.1704689211,36.6292250224,755666
2023-09-19 00:00:00+00:00,36.4421594277,36.6559486788,36.3530805731,36.5935934806,795490
2023-09-20 00:00:00+00:00,36.486698855,36.8697379299,36.4421594277,36.6203171369,675385
2023-09-21 00:00:00+00:00,35.9700414982,36.3352648021,35.9700414982,36.1571070929,1463813
2023-09-22 00:00:00+00:00,35.7028049343,36.2283701766,35.6894431061,36.1259294938,5423940
2023-09-25 00:00:00+00:00,35.774068018,35.9344099563,35.5068314541,35.6315418506,1302453
2023-09-26 00:00:00+00:00,35.4622920268,35.8186074453,35.4533841413,35.4979235686,4826969
2023-09-27 00:00:00+00:00,35.061437181,35.7992850406,34.8337063601,35.7901758078,1664476
2023-09-28 00:00:00+00:00,35.5988819182,35.7081927122,35.0978741123,35.0978741123,1265653
2023-09-29 00:00:00+00:00,35.170747975,35.9359235331,35.1343110437,35.9359235331,1679432
2023-10-02 00:00:00+00:00,34.28715239,35.1525295093,34.2051692945,34.9794540855,3489119
2023-10-03 00:00:00+00:00,33.4399937364,34.1687323632,33.3633850883,34.0867492677,1747633
2023-10-04 00:00:00+00:00,33.7588168856,33.7952538169,33.075624423,33.4946491334,1301460
2023-10-05 00:00:00+00:00,33.9774384736,34.0503123363,33.5310860647,33.7041614886,1758604
2023-10-06 00:00:00+00:00,34.0412031035,34.1505138975,33.2578090797,33.849909214,1843488
2023-10-09 00:00:00+00:00,34.0958585005,34.1596231303,33.6950522558,33.7770353513,692978
2023-10-10 00:00:00+00:00,34.6788494019,34.756277881,34.2233877602,34.2507154587,1168249
2023-10-11 00:00:00+00:00,34.7699417303,34.9247986885,34.3782447184,34.7061771004,979336
2023-10-12 00:00:00+00:00,34.28715239,34.8154878944,34.0275392542,34.8154878944,1301988
2023-10-13 00:00:00+00:00,34.0320938706,34.6606309362,33.9410015423,34.4875555124,1281806
2023-10-16 00:00:00+00:00,34.7152863333,34.7426140318,34.1414046647,34.3782447184,1535953
2023-10-17 00:00:00+00:00,34.8245971273,35.006781784,34.3600262527,34.3600262527,1104604
2023-10-18 00:00:00+00:00,33.8225815155,34.6697401691,33.7770353513,34.5513201422,1199423
2023-10-19 00:00:00+00:00,33.4126660379,33.9956569393,33.4081114215,33.7314891871,2004986
2023-10-20 00:00:00+00:00,32.3195580977,33.4399937364,32.2876757828,33.294246011,1934291
2023-10-23 00:00:00+00:00,32.4470873574,32.6930366439,32.0553903455,32.2284657694,2260294
2023-10-24 00:00:00+00:00,31.9916257157,32.3924319604,31.722903347,32.3286673306,1530119
2023-10-25 00:00:00+00:00,31.8276595246,31.8458779903,31.2902147874,31.700130265,1843130
2023-10-26 00:00:00+00:00,31.9005333873,32.137373441,31.6454748679,31.809441059,1213494
2023-10-27 00:00:00+00:00,31.6363656351,32.0644995783,31.3813071157,31.9005333873,1573168
2023-10-30 00:00:00+00:00,32.1738103724,32.301339632,31.8458779903,32.0553903455,1310257
2023-10-31 00:00:00+00:00,32.1282642082,32.1829196052,31.7411218127,32.1647011395,1074405
2023-11-01 00:00:00+00:00,32.3377765634,32.3834138199,31.9642980172,32.2011380709,1747646
2023-11-02 00:00:00+00:00,34.0503123363,34.0958585005,32.7568012738,32.8296751365,2416458
2023-11-03 00:00:00+00:00,34.5331016766,34.8154878944,34.396463184,34.6059755392,1631534
2023-11-06 00:00:00+00:00,34.5239924437,34.8245971273,34.341807787,34.6697401691,1043291
2023-11-07 00:00:00+00:00,34.2142785273,34.4101270333,34.0594215692,34.2780431572,756412
2023-11-08 00:00:00+00:00,34.1049677333,34.3235893214,33.9318923095,34.1505138975,739340
2023-11-09 00:00:00+00:00,34.177841596,34.6059755392,34.1322954318,34.396463184,1163779
2023-11-10 00:00:00+00:00,34.3235893214,34.4237908825,33.9676005022,34.3053708557,663253
2023-11-13 00:00:00+00:00,34.4146816497,34.5966841217,34.123186199,34.2507154587,867711
2023-11-14 00:00:00+00:00,35.4531341929,35.5806634526,35.0887648795,35.0978741123,1751380
2023-11-15 00:00:00+00:00,35.6171003839,35.8630496704,35.3256049332,35.5715542197,1913033
2023-11-16 00:00:00+00:00,35.4804618914,35.6171003839,35.3711510974,35.4349157272,913196
2023-11-17 00:00:00+00:00,36.0087973958,36.0270158615,35.7264111779,35.8630496704,1249641
2023-11-20 00:00:00+00:00,36.0361250943,36.0907804913,35.7446296436,36.0179066286,880141
2023-11-21 00:00:00+00:00,35.498680357,36.2000912853,35.44402496,35.8721589033,2161223
2023-11-22 00:00:00+00:00,35.7081927122,35.803839657,35.2527310705,35.389369563,1282572
2023-11-24 00:00:00+00:00,35.9177050674,36.0270158615,35.7081927122,35.8175035063,532560
2023-11-27 00:00:00+00:00,35.3711510974,35.8539404376,35.2572856869,35.5715542197,1573025
2023-11-28 00:00:00+00:00,35.170747975,35.3529326317,34.5877570736,35.006781784,1544813
2023-11-29 00:00:00+00:00,35.7628481093,35.8812681361,35.1798572078,35.280058769,1332145
2023-11-30 00:00:00+00:00,37.6211316075,37.7213331687,36.3458390107,36.3458390107,2830142
2023-12-01 00:00:00+00:00,38.1676855776,38.3043240702,37.429837718,37.593803909,2139865
2023-12-04 00:00:00+00:00,38.3043240702,38.3817525492,37.7486608672,37.7850977986,1190421
2023-12-05 00:00:00+00:00,38.532054891,38.5457187403,38.0492655508,38.0765932493,1236309
2023-12-06 00:00:00+00:00,38.6778026164,38.9966257656,38.5411641239,38.8235503417,1655942
2023-12-07 00:00:00+00:00,38.8508780402,38.9237519029,38.5138364253,38.7506764791,1172410
2023-12-08 00:00:00+00:00,39.1879196551,39.360995079,38.8053318761,38.8053318761,1153264
2023-12-11 00:00:00+00:00,39.0694996283,39.2562389014,38.9146426701,39.1788104223,1171186
2023-12-12 00:00:00+00:00,39.2790119835,39.2926758327,38.7962226432,38.9510796014,824601
2023-12-13 00:00:00+00:00,40.5269768818,40.5816322788,39.1423734909,39.3245581476,1989482
2023-12-14 00:00:00+00:00,41.401463234,41.674740219,40.9915477564,40.9915477564,2384257
2023-12-15 00:00:00+00:00,41.4379001653,41.83870641,41.346807837,41.5745386578,1282059
2023-12-18 00:00:00+00:00,41.4287909325,41.7476140817,41.3285893713,41.4652278638,838335
2023-12-19 00:00:00+00:00,42.4399157771,42.4945711741,41.6929586847,41.7658325474,1221288
2023-12-20 00:00:00+00:00,42.5856635025,43.246082883,42.5218988726,42.5856635025,3114225
2023-12-21 00:00:00+00:00,43.441931389,43.5785698815,42.9135958845,42.9682512815,1759651
2023-12-22 00:00:00+00:00,44.0795776874,44.2572077277,43.5785698815,43.5785698815,1352193
2023-12-26 00:00:00+00:00,44.4621654664,44.5578124112,44.0340315232,44.2071069471,8801188
2023-12-27 00:00:00+00:00,44.5277519429,44.7356097061,44.3522276095,44.4630850832,1313181
2023-12-28 00:00:00+00:00,44.3522276095,44.7587050131,44.1443698463,44.4907994516,1531536
2023-12-29 00:00:00+00:00,44.472323206,44.6755619078,44.1674651533,44.1859413989,972091
2024-01-02 00:00:00+00:00,44.1951795217,44.3984182235,43.9087977146,44.0011789427,1153544
2024-01-03 00:00:00+00:00,43.6593683987,43.9734645743,43.5669871706,43.7517496268,1459509
2024-01-04 00:00:00+00:00,43.8256546093,44.130512662,43.5669871706,43.6778446444,934251
2024-01-05 00:00:00+00:00,44.0473695568,44.4446088376,43.6870827672,43.8810833462,1051839
2024-01-08 00:00:00+00:00,44.3152751182,44.3337513639,43.9596073901,44.0381314339,1038412
2024-01-09 00:00:00+00:00,43.936512083,44.1027982936,43.6501302759,43.9734645743,1072144
2024-01-10 00:00:00+00:00,43.5669871706,44.0750839252,43.4561296969,43.936512083,1125766
2024-01-11 00:00:00+00:00,42.7817467318,43.502320311,42.4491743107,43.3914628373,3306809
2024-01-12 00:00:00+00:00,42.5138411703,43.3267959776,42.4260790036,43.0773666617,1941692
2024-01-16 00:00:00+00:00,42.4399361879,42.4815077405,41.7840294684,42.0611731527,1745522
2024-01-17 00:00:00+00:00,42.1812687492,42.3567930826,41.7470769771,41.9226013105,1979376
2024-01-18 00:00:00+00:00,41.7563150999,42.4491743107,41.6362195034,42.4029836966,1358852
2024-01-19 00:00:00+00:00,42.4214599422,42.5092221089,41.7563150999,41.9041250649,2194470
2024-01-22 00:00:00+00:00,42.0334587842,42.6339367669,41.7840294684,42.5877461528,1163086
2024-01-23 00:00:00+00:00,41.7932675912,42.2459356089,41.5438382753,42.1720306264,1349034
2024-01-24 00:00:00+00:00,41.9872681702,42.3567930826,41.8394582052,42.1535543808,1406827
2024-01-25 00:00:00+00:00,42.4214599422,42.4399361879,41.9410775561,42.2274593632,955628
2024-01-26 00:00:00+00:00,42.2828881001,42.5415555388,42.1535543808,42.3567930826,667302
2024-01-29 00:00:00+00:00,42.726317995,42.7447942406,41.9780300474,42.1997449948,714451
2024-01-30 00:00:00+00:00,42.4491743107,42.7817467318,42.2967452843,42.7355561178,1291726
2024-01-31 00:00:00+00:00,41.7378388543,42.5692699072,41.6916482403,42.2459356089,1973582
2024-02-01 00:00:00+00:00,42.1258400123,42.1812687492,41.3405995735,41.7193626087,2609469
2024-02-02 00:00:00+00:00,41.9410775561,42.0611731527,41.608505135,41.9318394333,2079129
2024-02-05 00:00:00+00:00,41.4422189244,41.6870291789,41.1373608717,41.654695749,1049004
2024-02-06 00:00:00+00:00,41.4422189244,41.654695749,41.220503977,41.414504556,1314241
2024-02-07 00:00:00+00:00,41.3590758191,41.5623145209,41.1558371173,41.4052664332,2776400
2024-02-08 00:00:00+00:00,41.2574564682,41.2944089595,40.832502819,41.1465989945,2289935
2024-02-09 00:00:00+00:00,41.6639338718,41.6962673017,41.1743133629,41.3775520647,1666168
2024-02-12 00:00:00+00:00,42.0888875211,42.1766496878,41.608505135,41.6639338718,1435793
2024-02-13 00:00:00+00:00,40.9156459243,41.4884095385,40.5184066434,41.4884095385,1935724
2024-02-14 00:00:00+00:00,41.4976476613,41.5900288894,41.2574564682,41.2944089595,1294935
2024-02-15 00:00:00+00:00,42.2274593632,42.3937455738,41.6916482403,41.6916482403,1640958
2024-02-16 00:00:00+00:00,42.384507451,42.4861268019,42.0242206614,42.1258400123,1887897
2024-02-20 00:00:00+00:00,42.9018423283,43.0958429073,42.3475549598,42.4768886791,2183537
2024-02-21 00:00:00+00:00,42.7909848546,42.884289895,42.5138411703,42.6524130125,2588273
2024-02-22 00:00:00+00:00,43.2067003811,43.3637484688,42.9480329424,43.0496522933,2995602
2024-02-23 00:00:00+00:00,43.3729865916,43.5115584338,43.0773666617,43.2898434864,5861089
2024-02-26 00:00:00+00:00,42.966509188,43.5207965566,42.7817467318,43.1974622583,1075479
2024-02-27 00:00:00+00:00,42.9295566968,43.1882241354,42.7170798722,43.0588904161,2158172
2024-02-28 00:00:00+00:00,42.7632704862,42.9110804512,42.5969842756,42.8094611002,1243247
2024-02-29 00:00:00+00:00,43.7147971356,44.084322048,43.0311760477,43.6501302759,2516660
2024-03-01 00:00:00+00:00,44.81413375,44.9942771447,44.1212745392,44.1859413989,4219637
2024-03-04 00:00:00+00:00,44.7771812587,45.248325522,44.5000375744,44.6755619078,4539484
2024-03-05 00:00:00+00:00,45.054324943,45.2390873992,44.7771812587,44.81413375,3597609
2024-03-06 00:00:00+00:00,45.3222305045,45.63632668,45.1005155571,45.2668017676,4440284
2024-03-07 00:00:00+00:00,45.6732791713,45.8395653818,45.2113730308,45.5069929607,2096256
2024-03-08 00:00:00+00:00,45.8210891362,45.9873753468,45.5439454519,45.8765178731,1852515
2024-03-11 00:00:00+00:00,45.8118510134,45.9966134696,45.4238498554,45.6270885572,1056533
2024-03-12 00:00:00+00:00,45.8210891362,45.9042322415,45.6178504344,45.8395653818,1041092
2024-03-13 00:00:00+00:00,46.0889946977,46.2460427855,45.8395653818,45.8488035046,1549894
2024-03-14 00:00:00+00:00,45.4608023466,46.1259471889,45.1651824167,46.0612803293,1193766
2024-03-15 00:00:00+00:00,45.4885167151,45.7887557064,45.2945161361,45.3776592414,1501941
2024-03-18 00:00:00+00:00,45.8210891362,45.9042322415,45.1836586623,45.5808979432,1156740
2024-03-19 00:00:00+00:00,45.9411847327,46.0751375135,45.6178504344,45.6640410485,3253601
2024-03-20 00:00:00+00:00,46.4954721013,46.5786152066,45.5531835747,45.7656603994,1351366
2024-03-21 00:00:00+00:00,46.7818539084,47.0405213471,46.4954721013,46.6155676979,1506130
2024-03-22 00:00:00+00:00,46.3384240136,46.8372826453,46.2737571539,46.707948926,1181354
2024-03-25 00:00:00+00:00,46.4862339785,46.7587586014,46.3291858908,46.3291858908,5134483
2024-03-26 00:00:00+00:00,46.4677577329,47.2437600489,46.4677577329,46.6432820663,1464933
2024-03-27 00:00:00+00:00,46.8677684506,46.8677684506,46.2874206087,46.6618385712,1453484
2024-03-28 00:00:00+00:00,47.4761976396,47.5885230283,46.783524409,46.8771288996,1337841
2024-04-01 00:00:00+00:00,47.1579423715,47.4574767414,46.7180012656,47.2983491074,1764750
2024-04-02 00:00:00+00:00,46.633757224,47.0736983299,46.5401527334,46.8209662053,1231510
2024-04-03 00:00:00+00:00,46.6899199184,47.1485819224,46.5120713862,46.6056758768,1003373
2024-04-04 00:00:00+00:00,46.2874206087,47.2234655149,46.2312579144,47.1579423715,1054012
2024-04-05 00:00:00+00:00,46.5120713862,46.6946001429,46.0627698313,46.1002116275,1047177
2024-04-08 00:00:00+00:00,46.9707333902,46.9894542884,46.5495131825,46.6056758768,721089
2024-04-09 00:00:00+00:00,46.9988147374,47.3170700055,46.559341654,47.2234655149,889338
2024-04-10 00:00:00+00:00,45.9317235444,46.3997459975,45.6696309707,46.3810250994,2518571
2024-04-11 00:00:00+00:00,45.5479451329,45.9317235444,45.1641667214,45.9317235444,1286251
2024-04-12 00:00:00+00:00,44.958236842,45.3420152535,44.7055047174,45.0424808836,1126918
2024-04-15 00:00:00+00:00,44.6587024721,45.5479451329,44.4434121436,45.4449801932,1138318
2024-04-16 00:00:00+00:00,43.9941105887,44.3030054077,43.732018015,44.3030054077,1760961
2024-04-17 00:00:00+00:00,44.040912834,44.5931793286,43.7600993622,44.2936449587,1101113
2024-04-18 00:00:00+00:00,44.2000404681,44.499574838,43.9406624246,44.2749240605,1122061
2024-04-19 00:00:00+00:00,44.5276561852,44.7335860646,44.0877150793,44.0877150793,3535321
2024-04-22 00:00:00+00:00,44.6399815739,44.799109208,44.3872494493,44.7616674117,1654641
2024-04-23 00:00:00+00:00,44.948876393,45.0003588628,44.490214389,44.7523069627,948370
2024-04-24 00:00:00+00:00,44.499574838,44.9301554948,44.349807653,44.7148651664,849996
2024-04-25 00:00:00+00:00,44.3685285512,44.5463770833,43.8443434037,44.2936449587,1051556
2024-04-26 00:00:00+00:00,44.7616674117,44.8178301061,44.340447204,44.5370166343,843860
2024-04-29 00:00:00+00:00,44.3685285512,44.8178301061,44.2094009171,44.7429465136,699319
2024-04-30 00:00:00+00:00,43.7039366678,44.2094009171,43.7039366678,44.1813195699,982592
2024-05-01 00:00:00+00:00,43.8817852,44.3310867549,43.5260881356,43.7226575659,1531510
2024-05-02 00:00:00+00:00,44.2842845096,44.4246912455,43.8349829547,44.2374822643,753409
2024-05-03 00:00:00+00:00,44.8178301061,44.9863181892,44.5089352871,44.808469657,834741
2024-05-06 00:00:00+00:00,45.2858525592,45.3326548045,44.7710278608,45.257771212,893196
2024-05-07 00:00:00+00:00,44.9207950458,45.5385846838,44.9114345967,45.4730615404,693508
2024-05-08 00:00:00+00:00,45.4824219895,45.5151835612,44.6025397777,44.6119002268,887188
2024-05-09 00:00:00+00:00,45.9691653407,46.0066071369,45.5479451329,45.5479451329,684745
2024-05-10 00:00:00+00:00,46.2406183634,46.4605889164,46.1048918521,46.2780601597,658917
2024-05-13 00:00:00+00:00,46.1470138728,46.5963154278,46.0861709539,46.5963154278,559302
2024-05-14 00:00:00+00:00,45.866200401,46.4933504881,45.8427992783,46.2967810578,845061
2024-05-15 00:00:00+00:00,46.0721302803,46.2593392616,45.9878862388,45.9878862388,865350
2024-05-16 00:00:00+00:00,45.8100377066,46.1189325256,45.7538750122,45.9785257897,772898
2024-05-17 00:00:00+00:00,46.2406183634,46.2967810578,45.8006772576,45.9972466878,930616
2024-05-20 00:00:00+00:00,45.8100377066,46.3155019559,45.8006772576,46.1282929747,493246
2024-05-21 00:00:00+00:00,45.9317235444,46.1844556691,45.6415496235,45.8287586047,752254
2024-05-22 00:00:00+00:00,45.2952130082,45.7445145632,44.9863181892,45.6696309707,1062466
2024-05-23 00:00:00+00:00,45.0892831289,45.7351541141,44.8271905552,45.4262592951,1742429
2024-05-24 00:00:00+00:00,45.4356197442,45.5619858065,45.2764921101,45.2764921101,1101859
2024-05-28 00:00:00+00:00,45.4262592951,45.6789914198,45.2016085176,45.5105033367,1052906
2024-05-29 00:00:00+00:00,44.0596337321,44.8271905552,44.0175117114,44.7523069627,1597399
2024-05-30 00:00:00+00:00,47.3638722508,47.5932032528,45.0986435779,45.5385846838,2333434
2024-05-31 00:00:00+00:00,46.3716646503,47.6072439264,45.4356197442,47.6072439264,2596405
2024-06-03 00:00:00+00:00,46.7273617146,46.9613729412,46.2593392616,46.942652043,1228976
2024-06-04 00:00:00+00:00,46.3155019559,46.4465482428,46.0066071369,46.2967810578,661987
2024-06-05 00:00:00+00:00,46.1376534238,46.6992803675,45.7632354613,46.4652691409,862942
2024-06-06 00:00:00+00:00,46.0814907294,46.324862405,45.8568399519,46.0908511785,588352
2024-06-07 00:00:00+00:00,45.8568399519,46.0674500558,45.6228287254,45.7725959104,825792
2024-06-10 00:00:00+00:00,45.6509100726,45.8474795029,45.4637010913,45.5947473782,2408314
2024-06-11 00:00:00+00:00,44.948876393,45.3981779479,44.8552719024,45.3888174989,2114778
2024-06-12 00:00:00+00:00,45.566666031,46.1563743219,45.3888174989,45.5947473782,2661661
2024-06-13 00:00:00+00:00,44.958236842,45.4637010913,44.7616674117,45.4637010913,1448830
2024-06-14 00:00:00+00:00,44.490214389,44.5650979814,43.9850309531,44.5463770833,995648
2024-06-17 00:00:00+00:00,44.4527725927,44.4808539399,44.0596337321,44.4434121436,802808
2024-06-18 00:00:00+00:00,44.7897487589,44.958236842,44.3778890002,44.4621330418,779709
2024-06-20 00:00:00+00:00,44.3685285512,44.8412312288,44.3123658568,44.6867838192,849108
2024-06-21 00:00:00+00:00,44.4246912455,44.7897487589,44.1438777737,44.1719591209,945573
2024-06-24 00:00:00+00:00,45.3513757026,45.3794570498,44.6399815739,44.7523069627,3057096
2024-06-25 00:00:00+00:00,45.3700966007,45.5198637857,45.008783267,45.4262592951,1061905
2024-06-26 00:00:00+00:00,45.0518413326,45.1548062723,44.8552719024,45.0892831289,722903
2024-06-27 00:00:00+00:00,45.416898846,45.4449801932,44.9114345967,45.1173644761,675189
2024-06-28 00:00:00+00:00,45.1145563414,45.6649653165,44.9911888124,45.5415977876,719877
2024-07-01 00:00:00+00:00,44.8678212835,45.6649653165,44.8678212835,45.3612913992,512790
2024-07-02 00:00:00+00:00,45.5700672173,45.6270060768,44.706494515,44.7919028042,3027915
2024-07-03 00:00:00+00:00,45.9876188536,46.2390988164,45.6459856967,45.6649653165,444163
2024-07-05 00:00:00+00:00,45.8073124652,46.2438437214,45.7598634157,46.0825169528,603720
2024-07-08 00:00:00+00:00,45.7978226553,46.0160882834,45.5890468372,45.8073124652,446392
2024-07-09 00:00:00+00:00,46.0445577131,46.2058844817,45.5985366471,45.5985366471,708786
2024-07-10 00:00:00+00:00,46.4905787792,46.5190482089,46.0920067627,46.1584354321,2228940
2024-07-11 00:00:00+00:00,46.8227221263,46.851191556,46.4621093494,46.8322119362,2358703
2024-07-12 00:00:00+00:00,45.9591494239,47.1833349031,45.9591494239,46.9745590849,3104804
2024-07-15 00:00:00+00:00,47.3351718617,47.3446616716,46.4526195395,46.5000685891,2531144
2024-07-16 00:00:00+00:00,47.6673152088,47.7764480228,47.2260390477,47.3351718617,1225802
2024-07-17 00:00:00+00:00,47.4395597708,47.7337438782,47.3446616716,47.3921107212,663130
2024-07-18 00:00:00+00:00,47.4775190105,47.7811929278,47.2023145229,47.420580151,807649
2024-07-19 00:00:00+00:00,47.4395597708,47.6673152088,47.1169062337,47.3636412915,835348
2024-07-22 00:00:00+00:00,48.0753770352,48.1702751344,47.3826209113,47.5724171096,955780
2024-07-23 00:00:00+00:00,48.0658872253,48.3410917128,47.7534826828,47.9330298864,818596
2024-07-24 00:00:00+00:00,47.5629272997,48.3004753264,47.5154782501,47.7906827377,869366
2024-07-25 00:00:00+00:00,47.9520095063,48.208234374,47.4110903411,47.4680292006,1087810
2024-07-26 00:00:00+00:00,48.5973165806,48.7254290144,48.0658872253,48.1133362749,1134458
2024-07-29 00:00:00+00:00,48.3031324732,48.7111942996,48.1085913699,48.6257860103,699619
2024-07-30 00:00:00+00:00,48.66374525,49.005378407,48.2651732335,48.3980305723,801170
2024-07-31 00:00:00+00:00,49.0528274566,49.3754809937,48.6732350599,48.9674191673,765510
2024-08-01 00:00:00+00:00,47.9425196964,49.0827203578,47.8049174526,48.9104803078,1299796
2024-08-02 00:00:00+00:00,47.2307839527,47.4016005311,46.6708851676,47.3256820518,1650880
2024-08-05 00:00:00+00:00,45.9591494239,46.3007825809,45.1240461513,45.2853729198,1065109
2024-08-06 00:00:00+00:00,47.2782330022,47.3921107212,45.8832309446,46.0065984735,983368
2024-08-07 00:00:00+00:00,47.078946994,47.9235400765,46.9176202254,47.9235400765,980490
2024-08-08 00:00:00+00:00,48.0563974154,48.2367038038,47.2972126221,47.4490495807,709186
2024-08-09 00:00:00+00:00,48.3316019029,48.4644592418,47.9994585559,48.1228260848,614471
2024-08-12 00:00:00+00:00,48.1133362749,48.4833439635,47.9140502666,48.3980305723,715450
2024-08-13 00:00:00+00:00,48.5403777211,48.5783369607,48.2367038038,48.435989812,744076
2024-08-14 00:00:00+00:00,48.8345618285,48.9389497376,48.5783369607,48.6542554401,653407
2024-08-15 00:00:00+00:00,48.8820108781,49.4181851383,48.8155822086,49.1951746053,1288713
2024-08-16 00:00:00+00:00,49.8974205391,49.9543593986,48.9199701177,48.9484395475,929277
2024-08-19 00:00:00+00:00,50.4857887539,50.6376257125,49.7266039606,49.9923186383,663441
2024-08-20 00:00:00+00:00,50.6755849522,50.7420136216,50.2580333159,50.3529314151,1054015
2024-08-21 00:00:00+00:00,50.7420136216,50.9792588695,50.5759419481,50.7704830514,852691
2024-08-22 00:00:00+00:00,50.9507894398,50.9697690596,50.5047683737,50.6376257125,684688
2024-08-23 00:00:00+00:00,51.6435455637,51.8143621422,51.1310958282,51.150075448,1075035
2024-08-26 00:00:00+00:00,51.7953825223,51.8807908116,51.6245659438,51.7858927124,3867372
2024-08-27 00:00:00+00:00,52.2983424479,52.3742609272,51.6150761339,51.6815048033,936505
2024-08-28 00:00:00+00:00,51.7479334727,52.7918125635,51.7004844232,52.2508933983,1316346
2024-08-29 00:00:00+00:00,54.5758968277,55.0598771335,53.0575272412,53.1524253403,2145853
2024-08-30 00:00:00+00:00,55.45844915,56.0895215094,54.7846726459,55.0314077037,1664396
2024-09-03 00:00:00+00:00,54.9649790343,55.0883465632,54.4904885385,55.0883465632,1480155
2024-09-04 00:00:00+00:00,55.9139600259,56.0088581251,54.7277337864,55.0503873236,945131
2024-09-05 00:00:00+00:00,56.6826346291,56.7917674432,55.9708988854,56.3315116622,2545175
2024-09-06 00:00:00+00:00,56.2935524226,57.3943703728,55.8095721168,56.5687569101,1479916
2024-09-09 00:00:00+00:00,57.4323296125,57.4750337571,56.5972263399,56.7300836787,782706
2024-09-10 00:00:00+00:00,57.2235537944,57.7549831497,56.7319816407,57.4797786621,978970
2024-09-11 00:00:00+00:00,58.1155959265,58.1250857364,57.0432474059,57.0432474059,2319181
2024-09-12 00:00:00+00:00,57.8119220092,58.0776366868,57.4987582819,57.944779348,2613166
2024-09-13 00:00:00+00:00,58.3148819347,58.4097800339,57.830901629,57.9542691579,2065797
2024-09-16 00:00:00+00:00,58.390800414,58.7419233809,58.0776366868,58.7419233809,1097265
2024-09-17 00:00:00+00:00,58.4382494636,58.6944743314,58.172534786,58.4382494636,1323737
2024-09-18 00:00:00+00:00,57.7929423893,58.4572290835,57.7075341001,58.4572290835,949672
2024-09-19 00:00:00+00:00,58.5141679429,58.7229437611,57.8973302984,58.4477392735,832885
2024-09-20 00:00:00+00:00,58.5331475628,58.84631129,58.0966163066,58.6375354719,1304697
2024-09-23 00:00:00+00:00,58.3718207942,58.6375354719,58.0301876372,58.6375354719,784893
2024-09-24 00:00:00+00:00,58.504678133,58.7229437611,58.3338615545,58.4856985132,673452
2024-09-25 00:00:00+00:00,58.8368214801,58.9222297693,58.390800414,58.4951883231,923584
2024-09-26 00:00:00+00:00,59.0645769181,59.4726387445,58.7988622404,58.9317195793,3910842
2024-09-27 00:00:00+00:00,58.7210457991,59.2678681501,58.6922656754,59.0760006586,1024391
2024-09-30 00:00:00+00:00,58.8457596687,58.9800669128,58.3852776889,58.519584933,729306
2024-10-01 00:00:00+00:00,57.9823559565,58.9033199161,57.7760984031,58.7210457991,1844369
2024-10-02 00:00:00+00:00,58.4236511872,58.5387716821,57.8864222107,57.9535758328,1196814
2024-10-03 00:00:00+00:00,57.5506541005,58.5387716821,57.4259402309,58.5387716821,1287267
2024-10-04 00:00:00+00:00,57.7904884649,58.1646300735,57.7233348429,57.8864222107,589777
2024-10-07 00:00:00+00:00,57.3875667326,57.9199990218,57.0901721207,57.7808950904,690315
2024-10-08 00:00:00+00:00,57.6274010971,57.6945547192,57.3012263614,57.3875667326,738683
2024-10-09 00:00:00+00:00,57.8288619633,57.8480487124,57.3012263614,57.4643137293,497908
2024-10-10 00:00:00+00:00,57.1573257427,57.5890275988,56.7448106358,57.5890275988,1961818
2024-10-11 00:00:00+00:00,58.4812114346,58.6155186788,57.2532594885,57.2532594885,2508177
2024-10-14 00:00:00+00:00,58.0591029532,58.8361662941,57.6561812208,58.4908048092,1483030
2024-10-15 00:00:00+00:00,58.9608801636,59.066407284,58.1742234481,58.2701571939,3636139
2024-10-16 00:00:00+00:00,59.9298109961,60.0161513673,59.1239675314,59.2678681501,1196809
2024-10-17 00:00:00+00:00,60.0928983639,60.457446598,59.7859103774,59.7859103774,984340
2024-10-18 00:00:00+00:00,60.1120851131,60.4286664742,59.8530639995,59.8530639995,551827
2024-10-21 00:00:00+00:00,59.8434706249,60.1024917385,59.5197901666,60.0065579927,959094
2024-10-22 00:00:00+00:00,59.9681844944,60.1312718623,59.6036362604,59.6036362604,643814
2024-10-23 00:00:00+00:00,60.2080188589,60.3039526047,59.6516031333,59.8338772503,696996
2024-10-24 00:00:00+00:00,60.4862267217,60.5821604675,60.0593215529,60.2080188589,796839
2024-10-25 00:00:00+00:00,60.2559857318,60.7836213336,60.0976950512,60.6876875879,1084593
2024-10-28 00:00:00+00:00,60.7260610862,60.9467087015,60.2080188589,60.4190730996,696203
2024-10-29 00:00:00+00:00,60.6013472166,60.8795550794,60.3711062267,60.7644345845,760372
2024-10-30 00:00:00+00:00,60.7164677116,60.889148454,60.2367989826,60.457446598,515740
2024-10-31 00:00:00+00:00,60.0161513673,60.8507749557,59.8914374978,60.8507749557,838298
2024-11-01 00:00:00+00:00,60.3902929759,60.7116710243,60.1216784877,60.342326103,593944
2024-11-04 00:00:00+00:00,60.6301273404,61.1577629422,60.3806996013,60.6493140895,633670
2024-11-05 00:00:00+00:00,61.1769496914,61.2584933753,60.7260610862,60.8315882065,498305
2024-11-06 00:00:00+00:00,60.9179285778,61.4167840559,60.1792387352,61.4167840559,1072652
2024-11-07 00:00:00+00:00,62.0115732798,62.1554738985,61.1961364405,61.1961364405,832325
2024-11-08 00:00:00+00:00,61.7141786678,61.8580792865,61.2556153629,61.5894647983,633513
2024-11-11 00:00:00+00:00,61.8868594102,62.4432751358,61.5606846746,62.1362871493,783675
2024-11-12 00:00:00+00:00,61.8292991628,62.1075070256,61.3112569355,62.1075070256,628947
2024-11-13 00:00:00+00:00,61.4071906813,62.0307600289,61.3304436847,61.800519039,464517
2024-11-14 00:00:00+00:00,61.3016635609,61.6374316712,60.8315882065,61.4647509288,512256
2024-11-15 00:00:00+00:00,60.9946755744,61.4071906813,60.2751724809,61.2824768118,925699
2024-11-18 00:00:00+00:00,61.4071906813,61.5031244271,60.6493140895,61.0426424473,676085
2024-11-19 00:00:00+00:00,61.7141786678,61.8532825992,60.8315882065,61.1385761931,481695
2024-11-20 00:00:00+00:00,62.2514076443,62.2705943934,61.7429587916,61.8964527848,781787
2024-11-21 00:00:00+00:00,62.5583956308,62.8222134317,61.982793156,62.2418142697,809252
2024-11-22 00:00:00+00:00,62.759856497,62.8701803046,62.2993745172,62.4720552596,531239
2024-11-25 00:00:00+00:00,62.7502631224,63.2107451022,62.5008353833,62.8749769919,1030847
2024-11-26 00:00:00+00:00,62.097913651,62.3185612663,61.0618291964,61.8676726611,804567
2024-11-27 00:00:00+00:00,62.0499467781,62.5104287579,61.949216345,62.165067273,839403
2024-11-29 00:00:00+00:00,62.1266937747,62.165067273,61.7045852932,61.7525521661,263765
2024-12-02 00:00:00+00:00,61.4647509288,62.3377480155,61.4551575542,62.3377480155,917434
2024-12-03 00:00:00+00:00,60.889148454,62.1266937747,60.7356544607,61.8292991628,1119605
2024-12-04 00:00:00+00:00,61.0330490727,61.4647509288,60.8411815811,60.9179285778,1149416
2024-12-05 00:00:00+00:00,63.8726879481,64.3907301754,62.0595401527,62.0595401527,2132087
2024-12-06 00:00:00+00:00,63.9494349448,64.4051202373,63.3162722225,63.7096005803,1114515
2024-12-09 00:00:00+00:00,63.488952965,64.0885388762,63.2443219132,64.0645554397,1110327
2024-12-10 00:00:00+00:00,63.7767542023,63.9782150685,63.4217993429,63.6232602091,1258040
2024-12-11 00:00:00+00:00,64.5730042924,64.7073115365,63.9014680719,63.9878084431,1748121
2024-12-12 00:00:00+00:00,63.6136668345,64.5154440449,63.6051287311,64.4578837975,1376986
2024-12-13 00:00:00+00:00,63.4601728412,63.9302481956,63.0668444835,63.9302481956,1333319
2024-12-16 00:00:00+00:00,63.4697662158,63.6040734599,63.1339981055,63.4026125938,906273
2024-12-17 00:00:00+00:00,63.0860312326,63.2107451022,62.7982299953,63.0860312326,637520
2024-12-18 00:00:00+00:00,61.4839376779,62.9805041123,61.2153231897,62.9325372394,1446191
2024-12-19 00:00:00+00:00,61.186543066,62.2130341459,61.1577629422,62.2130341459,766439
2024-12-20 00:00:00+00:00,61.7525521661,61.9636064069,60.639720715,60.8699617049,845314
2024-12-23 00:00:00+00:00,61.6662117949,61.6949919187,60.9467087015,61.5031244271,542594
2024-12-24 00:00:00+00:00,61.7525521661,61.8484859119,61.503891897,61.5606846746,3326451
2024-12-26 00:00:00+00:00,61.8292991628,61.8484859119,61.4647509288,61.5223111762,380956
2024-12-27 00:00:00+00:00,60.9783668376,61.5310408573,60.69718181,61.3371201486,770897
2024-12-30 00:00:00+00:00,61.4631686092,61.6958734596,60.6777897392,60.7747500935,621013
2024-12-31 00:00:00+00:00,61.3080320423,61.6375033263,61.14319944,61.4728646447,313830
2025-01-02 00:00:00+00:00,60.852318377,61.3662082549,60.7941421644,61.2498558297,607096
2025-01-03 00:00:00+00:00,60.7941421644,61.3565122195,60.4450848888,61.3274241132,521772
2025-01-06 00:00:00+00:00,61.2595518652,61.6570893179,61.0656311565,61.6086091407,688835
2025-01-07 00:00:00+00:00,60.6002214557,61.7734417431,60.338428499,61.7152655305,1066233
2025-01-08 00:00:00+00:00,61.1335034045,61.4534725738,60.5323492077,60.6002214557,2480535
2025-01-10 00:00:00+00:00,60.1638998612,61.2013756526,60.0863315778,61.0171509793,974594
2025-01-13 00:00:00+00:00,59.9505870817,60.0766355423,59.4463932392,59.91180294,3118870
2025-01-14 00:00:00+00:00,59.843930692,60.1735958967,59.5045694518,60.0572434715,929633
2025-01-15 00:00:00+00:00,60.5129571368,60.6099174912,60.1638998612,60.2414681447,1186894
2025-01-16 00:00:00+00:00,60.8135342352,61.0171509793,60.2899483219,60.3481245345,825279
2025-01-17 00:00:00+00:00,60.7553580226,61.1916796171,60.3772126408,60.6680937037,1632832
2025-01-21 00:00:00+00:00,61.4243844675,61.6086091407,61.0268470148,61.0850232274,1530213
2025-01-22 00:00:00+00:00,61.6958734596,61.8122258848,61.278943936,61.278943936,778987
2025-01-23 00:00:00+00:00,61.7055694951,62.6460849321,61.569824999,61.8413139911,828914
2025-01-24 00:00:00+00:00,61.6667853533,61.92857831,61.5504329281,61.8316179557,979004
2025-01-27 00:00:00+00:00,61.7152655305,61.7927368536,61.2013756526,61.3662082549,658551
2025-01-28 00:00:00+00:00,62.5588206132,62.9078778888,61.7152655305,61.7152655305,736508
2025-01-29 00:00:00+00:00,62.2776355856,62.5054924183,61.9091862392,62.5006444006,615530
2025-01-30 00:00:00+00:00,61.860706062,62.7818294281,61.5989131053,62.6654770029,868632
2025-01-31 00:00:00+00:00,61.1044152982,61.9188822746,60.988062873,61.8994902037,837243
2025-02-03 00:00:00+00:00,58.1277324203,59.0294637156,56.2273094755,58.8355430069,2686237
2025-02-04 00:00:00+00:00,59.7663624085,60.1154196841,59.2039923534,59.5821377353,1238520
2025-02-05 00:00:00+00:00,59.7954505148,60.0572434715,59.3591289203,59.9990672589,637834
2025-02-06 00:00:00+00:00,60.0184593297,60.1542038258,59.7857544794,60.1251157195,832477
2025-02-07 00:00:00+00:00,60.3869086762,60.5032611014,59.5142654872,59.9602831171,784716
2025-02-10 00:00:00+00:00,59.5239615227,60.3966047116,59.0779438928,60.2317721093,723332
2025-02-11 00:00:00+00:00,59.5918337707,59.7145855793,59.0682478573,59.4270011683,642764
2025-02-12 00:00:00+00:00,59.8148425857,59.9021069045,59.0100716447,59.2718646014,734065
2025-02-13 00:00:00+00:00,60.1251157195,60.2075320207,59.5336575581,59.9021069045,630623
2025-02-14 00:00:00+00:00,60.1832919321,60.5323492077,60.047547436,60.493565066,546590
2025-02-18 00:00:00+00:00,60.3578205699,60.5032611014,59.8148425857,60.0378514006,430631
2025-02-19 00:00:00+00:00,59.9699791526,60.270556251,59.4948734164,59.979675188,877024
2025-02-20 00:00:00+00:00,59.7469703376,60.0669395069,59.2815606368,60.0669395069,663084
2025-02-21 00:00:00+00:00,58.9906795739,59.8924108691,58.8840231841,59.8924108691,691528
2025-02-24 00:00:00+00:00,59.1749042471,59.6645540364,58.9421993967,59.039159751,627340
2025-02-25 00:00:00+00:00,58.4186134833,60.4644769597,58.1180363849,59.979675188,934777
2025-02-26 00:00:00+00:00,58.6222302274,58.9809835384,58.2634769164,58.5155738376,888209
2025-02-27 00:00:00+00:00,58.0792522432,60.3578205699,57.8562434282,59.5918337707,961693
2025-02-28 00:00:00+00:00,58.7385826526,58.748278688,57.3520495857,57.3520495857,679904
2025-03-03 00:00:00+00:00,57.9241156762,59.1458161408,57.1775209479,59.0682478573,880499
2025-03-04 00:00:00+00:00,55.6552433849,57.3229614794,55.0395451349,57.2260011251,1420592
2025-03-05 00:00:00+00:00,56.4018381133,56.8090716014,55.6455473495,55.9558204834,1328259
2025-03-06 00:00:00+00:00,55.073481259,56.2757896526,54.782600196,56.149741192,1059902
2025-03-07 00:00:00+00:00,54.9862169401,55.2964900739,53.9487411487,54.6856398416,820403
2025-03-10 00:00:00+00:00,53.9390451133,54.2396222117,53.5415076606,54.2299261763,630574
2025-03-11 00:00:00+00:00,53.6481640503,54.2396222117,52.8046089677,53.7645164755,1253235
2025-03-12 00:00:00+00:00,54.2396222117,54.6177675936,53.5415076606,54.0360054676,581077
2025-03-13 00:00:00+00:00,53.3766750582,54.2784063535,53.2700186684,54.2784063535,2655734
2025-03-14 00:00:00+00:00,54.4626310267,54.7535120897,53.4542433417,53.7160362983,702586
2025-03-17 00:00:00+00:00,55.4419306054,55.5776751015,54.559591381,54.559591381,694458
2025-03-18 00:00:00+00:00,55.0346971172,55.6746354558,54.850472444,55.6746354558,669426
2025-03-19 00:00:00+00:00,55.073481259,55.3934504282,54.8892565857,55.277098003,902341
2025-03-20 00:00:00+00:00,54.918344692,55.1898336842,54.5111112038,54.6371596645,850804
2025-03-21 00:00:00+00:00,55.0056090109,55.0540891881,54.4723270621,54.6953358771,1050814
2025-03-24 00:00:00+00:00,55.8297720227,55.8976442708,55.4031464637,55.5388909597,724743
2025-03-25 00:00:00+00:00,56.2370055109,56.5763667511,56.1206530857,56.149741192,575038
2025-03-26 00:00:00+00:00,56.3145737944,56.7493440232,55.9849085897,56.4503182904,7277425
2025-03-27 00:00:00+00:00,55.5485869952,56.1691332629,55.2528579145,56.1691332629,1367135
2025-03-28 00:00:00+00:00,55.1103261936,55.9149997598,54.8061203332,55.5519153458,1310798
2025-03-31 00:00:00+00:00,55.2477094854,55.5273826151,54.3252788119,54.4626621037,950740
2025-04-01 00:00:00+00:00,55.8463081139,56.1799532511,54.5019144728,54.9042512559,968649
2025-04-02 00:00:00+00:00,56.8079911565,56.8766828024,55.1888309318,55.4439713308,887855
2025-04-03 00:00:00+00:00,57.8383658449,58.8687405334,56.2093925279,56.7098602338,2183080
2025-04-04 00:00:00+00:00,55.6009808071,56.7589256951,54.7864941487,56.2977103584,2226177
2025-04-07 00:00:00+00:00,53.9523813056,55.414532054,53.2213059314,53.638362353,2158410
2025-04-08 00:00:00+00:00,53.5794837993,55.6500462685,53.1967732008,54.9533167173,1431568
2025-04-09 00:00:00+00:00,56.1407008821,56.6509816801,52.6178007568,53.1771470162,1419577
2025-04-10 00:00:00+00:00,55.3556535004,56.0720092362,54.5706061187,56.0720092362,1881700
2025-04-11 00:00:00+00:00,56.0327568671,56.5332245729,55.198644024,55.3556535004,1105749
2025-04-14 00:00:00+00:00,57.0925708323,57.1121970169,56.248644897,56.680420957,1032625
2025-04-15 00:00:00+00:00,57.2692064932,57.7893003836,56.9846268174,57.1023839246,585307
2025-04-16 00:00:00+00:00,57.6715432763,58.0640669672,57.2005148473,57.3967766927,860016
2025-04-17 00:00:00+00:00,57.8579920295,58.1818240744,57.5243468923,57.8972443985,588465
2025-04-21 00:00:00+00:00,57.3477112314,57.8972443985,56.9159351715,57.5243468923,672629
2025-04-22 00:00:00+00:00,58.6822917802,58.7509834261,57.6715432763,57.8383658449,3793732
2025-04-23 00:00:00+00:00,59.0650023788,59.6047224537,58.8294881643,59.2121987629,814193
2025-04-24 00:00:00+00:00,59.2416380397,59.2808904088,58.7902357952,59.0551892865,450708
2025-04-25 00:00:00+00:00,59.9481806832,60.0266854213,59.1925725783,59.2023856706,756592
2025-04-28 00:00:00+00:00,60.7528542494,60.9883684639,60.085563975,60.085563975,792149
2025-04-29 00:00:00+00:00,61.3416397856,61.3857987009,60.5369662194,60.5369662194,598494
2025-04-30 00:00:00+00:00,61.7734158456,61.9893038755,60.5173400349,61.0570601098,843155
2025-05-01 00:00:00+00:00,61.8911729528,62.1610329903,61.4996305712,61.5771540002,555407
2025-05-02 00:00:00+00:00,62.5290239504,62.695846519,62.3229490127,62.5093977659,510259
2025-05-05 00:00:00+00:00,62.5879025041,63.0294916563,62.2150049978,62.4897715813,495956
2025-05-06 00:00:00+00:00,62.4799584891,62.911734549,62.4014537509,62.4210799355,388678
2025-05-07 00:00:00+00:00,62.695846519,63.0294916563,62.406360297,62.548650135,755566
2025-05-08 00:00:00+00:00,62.5682763195,62.7841643495,62.4505192123,62.6271548731,630133
2025-05-09 00:00:00+00:00,62.2935097359,62.9411738258,62.259163913,62.8822952722,453570
2025-05-12 00:00:00+00:00,62.4897715813,63.0981833021,62.3425751973,62.6762203345,599121
2025-05-13 00:00:00+00:00,63.598651008,63.6575295616,62.6173417809,62.65659415,965453
2025-05-14 00:00:00+00:00,64.2659412824,64.3640722051,63.7213146614,63.7850997611,1025484
2025-05-15 00:00:00+00:00,64.540707866,64.6780911578,64.1383710829,64.6780911578,925587
2025-05-16 00:00:00+00:00,65.0902410331,65.1491195868,64.4131376665,64.4131376665,2099875
2025-05-19 00:00:00+00:00,65.8752884148,65.9341669684,64.6388387887,64.6388387887,808455
2025-05-20 00:00:00+00:00,65.5220170931,66.1500549984,65.3453814322,65.6495872926,1168224
2025-05-21 00:00:00+00:00,65.5514563699,65.9439800607,65.1981850481,65.5220170931,1369001
2025-05-22 00:00:00+00:00,65.6986527539,65.9832324298,65.2423439633,65.5416432776,931540
2025-05-23 00:00:00+00:00,66.8860369187,67.0724856719,65.4925778163,65.4925778163,1177978
2025-05-27 00:00:00+00:00,67.1313642255,67.5631402854,66.7290274424,66.7290274424,1046926
2025-05-28 00:00:00+00:00,66.640709612,67.356770955,66.6308965197,67.1215511332,1557967
2025-05-29 00:00:00+00:00,66.5916441506,68.5738887893,66.169681183,68.1960847369,1418925
2025-05-30 00:00:00+00:00,66.6701488888,66.7977190883,66.0224847989,66.3070644747,898099
2025-06-02 00:00:00+00:00,66.4837001356,66.8664107342,66.169681183,66.5622048738,1354212
2025-06-03 00:00:00+00:00,66.424821582,66.787905996,66.0421109834,66.2481859211,931382
2025-06-04 00:00:00+00:00,66.5916441506,66.8467845496,66.1206157216,66.7290274424,984789
2025-06-05 00:00:00+00:00,67.4257569936,67.4650093627,66.5818310583,66.8860369187,820606
2025-06-06 00:00:00+00:00,67.5435141009,67.8084675922,67.2393082405,67.2393082405,718288
2025-06-09 00:00:00+00:00,67.4257569936,67.6808973927,67.2736540634,67.4355700859,610100
2025-06-10 00:00:00+00:00,67.2196820559,67.6220188391,67.0724856719,67.4846355473,765285
2025-06-11 00:00:00+00:00,66.6897750733,67.3276260709,66.5622048738,67.2294951482,1069783
2025-06-12 00:00:00+00:00,67.0332333028,67.1608035023,66.7780929037,67.1411773178,531394
2025-06-13 00:00:00+00:00,66.8565976419,67.111738041,66.1991204598,66.5916441506,978791
2025-06-16 00:00:00+00:00,67.4257569936,67.8575330536,67.1706165946,67.2196820559,1053452
2025-06-17 00:00:00+00:00,67.3178129787,67.9360377917,67.0430463951,67.1313642255,869134
2025-06-18 00:00:00+00:00,67.1804296869,67.6220188391,67.1313642255,67.2393082405,958708
2025-06-20 00:00:00+00:00,67.6023926545,68.1224865449,67.2736540634,67.9262246994,1339634
2025-06-23 00:00:00+00:00,68.3580007594,68.4855709589,67.2491213328,67.2981867941,1348768
2025-06-24 00:00:00+00:00,68.9369732034,69.5355718319,68.6916458966,68.6916458966,1242641
2025-06-25 00:00:00+00:00,68.8780946497,69.0939826797,68.632767343,68.8192160961,7084551
2025-06-26 00:00:00+00:00,69.2411790638,69.6337027546,68.8977208343,69.1234219565,3222942
2025-06-27 00:00:00+00:00,69.0753378044,69.8287427517,68.8275072296,68.9861187975,1602661
2025-06-30 00:00:00+00:00,70.2153584484,70.3244039013,69.0356849124,69.2835154872,1887713
2025-07-01 00:00:00+00:00,70.4929286922,70.631713814,70.0666601035,70.0666601035,1231469
2025-07-02 00:00:00+00:00,71.0877220716,71.0877220716,70.1657923334,70.3838832392,1502138
2025-07-03 00:00:00+00:00,71.5239038833,71.5437303292,71.0183295107,71.2165939705,694837
2025-07-07 00:00:00+00:00,71.4743377683,72.0195650328,71.2165939705,71.2760733085,1192999
2025-07-08 00:00:00+00:00,71.0480691797,71.7023418971,70.4830154692,71.7023418971,1121092
2025-07-09 00:00:00+00:00,72.1087840398,72.1286104857,71.0976352946,71.0976352946,1139247
2025-07-10 00:00:00+00:00,72.8027096492,72.8820154331,72.0691311478,72.7234038652,1437764
2025-07-11 00:00:00+00:00,72.4359203985,72.6242716353,72.0493047018,72.3268749456,1165448
2025-07-14 00:00:00+00:00,71.6825154511,72.460703456,71.5437303292,72.1583501547,888189
2025-07-15 00:00:00+00:00,71.4148584304,71.801474127,71.201724136,71.3652923154,657975
2025-07-16 00:00:00+00:00,71.9600856949,71.9947819754,71.2066807475,71.5437303292,783563
2025-07-17 00:00:00+00:00,72.3863542835,72.5350526284,71.0976352946,71.4346848763,800237
2025-07-18 00:00:00+00:00,72.6738377503,72.6787943618,72.2971352766,72.6639245273,742666
2025-07-21 00:00:00+00:00,72.7927964262,73.0901931159,72.4260071755,72.8721022101,3870370
2025-07-22 00:00:00+00:00,73.7742055023,73.8485546748,72.7432303112,72.931581548,2042744
2025-07-23 00:00:00+00:00,73.6354203804,73.9823831851,73.5362881505,73.8535112863,892678
2025-07-24 00:00:00+00:00,73.1199327849,73.7444658333,73.1199327849,73.7444658333,711283
2025-07-25 00:00:00+00:00,73.3281104677,73.3578501367,72.6440980813,73.0901931159,931016
2025-07-28 00:00:00+00:00,73.2587179068,73.3281104677,72.8324493181,73.020800555,1088735
2025-07-29 00:00:00+00:00,71.860953465,73.4371559206,71.5685133867,73.4074162516,2316463
2025-07-30 00:00:00+00:00,71.1273749636,72.2822654421,71.0926786831,71.6329493362,2560524
2025-07-31 00:00:00+00:00,70.8200650509,71.3553790924,70.6961497635,71.1372881866,1538274
2025-08-01 00:00:00+00:00,71.1571146326,71.3454658694,70.3838832392,70.65154026,989853
2025-08-04 00:00:00+00:00,71.880779911,71.9303460259,71.3454658694,71.4743377683,443464
2025-08-05 00:00:00+00:00,71.781647681,71.9501724719,71.3256394234,71.7519080121,725668
2025-08-06 00:00:00+00:00,71.5437303292,72.3665278375,71.3851187614,72.0294782558,1639553
2025-08-07 00:00:00+00:00,71.3355526464,72.0988708168,71.1521580211,71.6924286741,2102561
2025-08-08 00:00:00+00:00,72.0195650328,72.2475691616,71.4396414878,71.7122551201,1121051
2025-08-11 00:00:00+00:00,72.1186972627,72.3219183341,71.9402592489,72.0988708168,800875
2025-08-12 00:00:00+00:00,72.4260071755,72.7184472537,72.2178294927,72.4953997364,858824
2025-08-13 00:00:00+00:00,72.7134906422,72.9662778285,72.4458336215,72.7432303112,990006
2025-08-14 00:00:00+00:00,73.1893253458,73.2785443527,72.2971352766,72.6738377503,1013699
2025-08-15 00:00:00+00:00,73.1694988998,73.511505093,73.1546290654,73.1893253458,943480
2025-08-18 00:00:00+00:00,73.1595856769,73.3578501367,72.8076662607,73.1397592309,842288
2025-08-19 00:00:00+00:00,72.4755732904,73.1397592309,72.430963787,73.1100195619,758884
2025-08-20 00:00:00+00:00,72.4854865134,72.8225360951,72.2673956076,72.7531435342,1032286
2025-08-21 00:00:00+00:00,72.4359203985,72.5994885778,72.1137406513,72.3268749456,788549
2025-08-22 00:00:00+00:00,72.5449658514,73.1645422883,72.1583501547,72.6440980813,1508258
2025-08-25 00:00:00+00:00,71.9699989179,72.6341848583,71.9452158604,72.5152261824,1360539
2025-08-26 00:00:00+00:00,73.1694988998,73.2141084033,71.9799121409,71.9799121409,2855400
2025-08-27 00:00:00+00:00,74.6267426796,75.0728377142,72.8621889871,73.3578501367,2387925
2025-08-28 00:00:00+00:00,76.3516434801,77.0554823125,74.3491724358,76.7184327308,2730344
2025-08-29 00:00:00+00:00,76.6193005009,76.7779120687,75.9055484455,75.9055484455,1618645
2025-09-02 00:00:00+00:00,76.5796476089,76.6490401698,75.4346703534,75.8361558845,1236863
2025-09-03 00:00:00+00:00,77.7593211449,77.7593211449,76.5797467411,76.5895608319,1131937
2025-09-04 00:00:00+00:00,78.4532467543,78.4631599773,77.7097550299,77.9774120507,1007611
2025-09-05 00:00:00+00:00,77.640362469,78.9786475728,77.3231393333,78.4334203083,1228883
2025-09-08 00:00:00+00:00,77.4321847862,78.1955029565,76.9860897515,77.7989740368,855718
2025-09-09 00:00:00+00:00,77.4024451172,77.7989740368,77.2735732183,77.3627922252,746785
2025-09-10 00:00:00+00:00,78.1558500645,78.3541145244,77.4817509011,77.590796354,766430
2025-09-11 00:00:00+00:00,78.8596888969,78.9092550119,78.1955029565,78.4036806393,841694
2025-09-12 00:00:00+00:00,78.4730732003,78.9389946809,78.3342880784,78.800209559,617567
2025-09-15 00:00:00+00:00,78.9489079039,78.9637777383,78.2847219634,78.4730732003,813202
2025-09-16 00:00:00+00:00,79.5337880603,79.6923996282,78.8745587314,79.0579533568,908601
2025-09-17 00:00:00+00:00,79.5437012833,80.0294492099,79.3553500465,79.6626599592,874566
2025-09-18 00:00:00+00:00,79.7419657432,79.9947529295,79.1769120327,79.1769120327,671478
2025-09-19 00:00:00+00:00,80.8819863872,80.9513789481,79.6527467362,80.3268458997,1144456
2025-09-22 00:00:00+00:00,80.5350235825,80.9910318401,80.3863252376,80.6837219274,1452259
2025-09-23 00:00:00+00:00,80.9712053941,81.3776475368,80.6044161434,80.6044161434,1040912
2025-09-24 00:00:00+00:00,79.989796318,81.080250847,79.960056649,80.6539822584,3688205
2025-09-25 00:00:00+00:00,79.6428335133,79.940230203,79.5437012833,79.6329202903,680112
2025-09-26 00:00:00+00:00,80.0591888789,80.1979740008,79.6329202903,79.960056649,843760
2025-09-29 00:00:00+00:00,79.59,80.35,79.5,80.18,679080
2025-09-30 00:00:00+00:00,79.89,79.91,78.785,79.73,1115185
2025-10-01 00:00:00+00:00,80.44,80.765,79.85,79.9,885656
2025-10-02 00:00:00+00:00,80.73,80.79,79.68,80.53,1183671
2025-10-03 00:00:00+00:00,81.47,81.78,80.6,80.6,1052255
2025-10-06 00:00:00+00:00,81.67,81.735,80.76,81.43,973067
2025-10-07 00:00:00+00:00,81.58,82.23,81.41,81.76,951031
2025-10-08 00:00:00+00:00,80.37,81.91,80.285,81.9,1215370
2025-10-09 00:00:00+00:00,79.95,80.79,79.84,80.28,613200
2025-10-10 00:00:00+00:00,79.81,80.83,79.78,80.2,785472
2025-10-13 00:00:00+00:00,80.44,80.57,79.94,80.3,531718
2025-10-14 00:00:00+00:00,80.43,80.655,79.32,79.66,1123402
2025-10-15 00:00:00+00:00,81.79,82.1,80.38,80.38,1086251
