date,Close,High,Low,Open,Volume
2022-01-03 00:00:00+00:00,23.3432318801,23.3527364533,23.0105718166,23.1911587082,1384636
2022-01-04 00:00:00+00:00,23.6188645041,24.0085520069,23.2481861477,23.4667913322,1645643
2022-01-05 00:00:00+00:00,23.2862044406,24.0085520069,23.2766998674,23.7424239562,1039341
2022-01-06 00:00:00+00:00,22.9535443772,23.3717455998,22.868003218,23.1531404152,944795
2022-01-07 00:00:00+00:00,22.6969208997,22.9915626701,22.5828660208,22.9915626701,753022
2022-01-10 00:00:00+00:00,22.7444437659,22.7729574856,22.041105346,22.5163340081,1199588
2022-01-11 00:00:00+00:00,23.0675992561,23.0675992561,22.6874163264,22.6969208997,784232
2022-01-12 00:00:00+00:00,23.2862044406,23.4667913322,22.9725535237,23.2862044406,544544
2022-01-13 00:00:00+00:00,23.381250173,23.7614331027,23.3052135871,23.4002593195,729465
2022-01-14 00:00:00+00:00,23.4762959054,23.4905527653,22.9440398039,23.2862044406,745222
2022-01-18 00:00:00+00:00,23.0105718166,23.3432318801,22.8489940715,23.0961129758,845989
2022-01-19 00:00:00+00:00,22.7254346194,23.3242227336,22.7016731863,23.0961129758,676944
2022-01-20 00:00:00+00:00,22.1931785179,23.0390855364,22.1504079383,22.7539483391,831958
2022-01-21 00:00:00+00:00,21.7939864418,22.3357471165,21.7464635756,21.9365550404,1080179
2022-01-24 00:00:00+00:00,21.7464635756,21.8225001615,20.8720428374,21.4423172319,1722708
2022-01-25 00:00:00+00:00,21.1191617417,21.565876684,20.8245199712,21.3662806459,1726791
2022-01-26 00:00:00+00:00,21.052629729,21.6561701298,20.7960062515,21.4993446713,1458770
2022-01-27 00:00:00+00:00,20.5108690542,21.4185557988,20.2447410035,21.3187577797,1276240
2022-01-28 00:00:00+00:00,20.7960062515,20.8150153979,19.8170352076,20.5108690542,1484135
2022-01-31 00:00:00+00:00,21.328262353,21.3377669262,20.539382774,20.6819513726,865842
2022-02-01 00:00:00+00:00,21.7844818685,21.8129955883,21.29024406,21.4328126586,1209103
2022-02-02 00:00:00+00:00,22.2597105306,22.4783157151,21.8937844608,21.9555641869,1545996
2022-02-03 00:00:00+00:00,21.9650687601,22.2311968109,21.8510138812,21.8605184545,922317
2022-02-04 00:00:00+00:00,21.8320047347,22.1266465052,21.7084452826,21.8605184545,955067
2022-02-07 00:00:00+00:00,21.7559681488,22.0173439129,21.6466655565,21.8700230277,1073410
2022-02-08 00:00:00+00:00,22.2787196771,22.3024811102,21.7892341552,21.803491015,1006980
2022-02-09 00:00:00+00:00,23.0580946828,23.0675992561,22.530590868,22.5638568743,742894
2022-02-10 00:00:00+00:00,22.7159300462,23.4287730392,22.5163340081,22.7254346194,845162
2022-02-11 00:00:00+00:00,22.1456556517,22.7254346194,21.9270504671,22.7159300462,819444
2022-02-14 00:00:00+00:00,22.1076373587,22.3262425433,21.8605184545,22.1931785179,1523198
2022-02-15 00:00:00+00:00,23.0961129758,23.1246266955,22.2787196771,22.31673797,946092
2022-02-16 00:00:00+00:00,23.419268466,23.5333233449,22.7824620588,23.0010672434,1168927
2022-02-17 00:00:00+00:00,22.829984925,23.3052135871,22.6779117532,23.0675992561,1324524
2022-02-18 00:00:00+00:00,22.5258385813,23.0580946828,22.4307928489,22.8775077913,1049621
2022-02-22 00:00:00+00:00,22.2787196771,22.7349391926,22.1456556517,22.3357471165,1599768
2022-02-23 00:00:00+00:00,22.2216922376,23.281452154,22.1076373587,22.6398934602,2456814
2022-02-24 00:00:00+00:00,22.5448477278,22.6493980335,21.2527960414,21.5943904037,1967032
2022-02-25 00:00:00+00:00,23.5238187716,23.6141122174,22.6113797405,22.6208843137,1797589
2022-02-28 00:00:00+00:00,23.4382776125,23.6099167488,22.913824696,23.0949993399,1792085
2022-03-01 00:00:00+00:00,21.9507384312,23.3524580443,21.7457250184,23.2666384762,1978354
2022-03-02 00:00:00+00:00,22.5610109158,22.7231145446,21.9395818874,22.0937710448,877020
2022-03-03 00:00:00+00:00,21.8935253858,22.8947536809,21.6789764654,22.8280051279,1558943
2022-03-04 00:00:00+00:00,20.9781166588,21.6837442192,20.8827615831,21.597924651,2188978
2022-03-07 00:00:00+00:00,19.0042665914,20.9113681058,18.8230919475,20.8827615831,4338100
2022-03-08 00:00:00+00:00,18.880304993,19.5573260306,18.3939941068,19.1186926823,2610953
2022-03-09 00:00:00+00:00,20.6253028787,20.863690568,19.3713836329,19.5096484927,2761067
2022-03-10 00:00:00+00:00,20.6062318635,20.7158902006,20.0541259751,20.1675985152,1648841
2022-03-11 00:00:00+00:00,20.4250572197,20.9590456437,20.4059862045,20.7778709998,1249248
2022-03-14 00:00:00+00:00,20.2438825758,20.6920514317,20.0865467008,20.5680898332,1520121
2022-03-15 00:00:00+00:00,20.46319925,20.5776253408,20.1163928395,20.3106311288,2016258
2022-03-16 00:00:00+00:00,21.0162586891,21.597924651,20.6348383863,20.7587999847,1720867
2022-03-17 00:00:00+00:00,21.597924651,21.6360666813,20.8255485377,20.9399746286,1295237
2022-03-18 00:00:00+00:00,21.2546463784,21.6456021889,21.1211492724,21.3786079769,1467795
2022-03-21 00:00:00+00:00,21.2069688406,21.5502471132,21.1020782573,21.3404659466,1285333
2022-03-22 00:00:00+00:00,21.3786079769,21.6932797268,21.2451108709,21.3881434845,1058443
2022-03-23 00:00:00+00:00,21.0925427497,21.3118594239,20.9495101361,21.3118594239,879432
2022-03-24 00:00:00+00:00,21.2069688406,21.3213949314,21.0353297043,21.1211492724,985728
2022-03-25 00:00:00+00:00,21.3023239163,21.4358210223,21.0448652119,21.2069688406,792538
2022-03-28 00:00:00+00:00,21.1116137649,21.330930439,20.7254257082,21.330930439,912743
2022-03-29 00:00:00+00:00,21.8553833555,22.0842355372,21.397678992,21.397678992,1308425
2022-03-30 00:00:00+00:00,21.4072144996,21.8839898782,21.2546463784,21.7314217571,1325144
2022-03-31 00:00:00+00:00,20.8827615831,21.4453565299,20.863690568,21.330930439,1056725
2022-04-01 00:00:00+00:00,21.1402202876,21.3261626852,20.9399746286,21.1116137649,955714
2022-04-04 00:00:00+00:00,20.7492644771,21.2546463784,20.5823930946,21.2546463784,2227113
2022-04-05 00:00:00+00:00,20.4059862045,20.8064775225,20.3678441742,20.6253028787,2822131
2022-04-06 00:00:00+00:00,20.1389919925,20.3487731591,19.6860553828,20.1485275001,1670483
2022-04-07 00:00:00+00:00,20.0054948865,20.1771340228,19.4619709549,20.1485275001,1305321
2022-04-08 00:00:00+00:00,19.5954680609,20.2152760531,19.5096484927,19.9959593789,1166470
2022-04-11 00:00:00+00:00,19.2235832656,19.6431455987,19.214047758,19.4047579094,1038647
2022-04-12 00:00:00+00:00,19.1568347126,19.5191840003,18.9089115157,19.3761513867,1280448
2022-04-13 00:00:00+00:00,19.3952224019,19.4238289246,19.0519441293,19.0519441293,656960
2022-04-14 00:00:00+00:00,19.48104197,19.614539076,19.3856868943,19.4619709549,897652
2022-04-18 00:00:00+00:00,19.347544864,19.5287195079,19.1186926823,19.4524354473,806859
2022-04-19 00:00:00+00:00,19.9673528562,20.1866695304,19.2617252959,19.2617252959,785580
2022-04-20 00:00:00+00:00,20.3297021439,20.4536637424,20.1294564849,20.1294564849,716882
2022-04-21 00:00:00+00:00,20.0436369168,20.7111224468,19.905372057,20.6539094014,1158648
2022-04-22 00:00:00+00:00,19.2712608034,19.8672300267,19.2426542807,19.8243202426,745817
2022-04-25 00:00:00+00:00,19.5668615382,19.5859325533,18.8230919475,19.0996216671,993381
2022-04-26 00:00:00+00:00,19.2712608034,19.7575716896,19.1091571747,19.48104197,974628
2022-04-27 00:00:00+00:00,19.080550652,19.5954680609,18.9756600687,19.3761513867,1848935
2022-04-28 00:00:00+00:00,20.3106311288,20.3678441742,19.2664930496,19.3952224019,2440067
2022-04-29 00:00:00+00:00,19.6622166139,20.6348383863,19.5811647995,20.2057405455,1728477
2022-05-02 00:00:00+00:00,19.6431455987,19.6717521215,18.9184470233,19.5001129852,1576779
2022-05-03 00:00:00+00:00,20.1675985152,20.2724890985,19.7098941517,19.7098941517,1173210
2022-05-04 00:00:00+00:00,20.7778709998,20.8694118725,19.9387463335,20.3583086667,932751
2022-05-05 00:00:00+00:00,20.1675985152,20.5871608484,19.9768883638,20.4155217121,817994
2022-05-06 00:00:00+00:00,19.8243202426,20.2534180834,19.5287195079,19.9482818411,814987
2022-05-09 00:00:00+00:00,19.3570803716,19.8576945191,19.2521897883,19.4524354473,887908
2022-05-10 00:00:00+00:00,19.2045122504,19.7098941517,18.4988846901,19.7098941517,1205650
2022-05-11 00:00:00+00:00,18.7182013642,19.8243202426,18.6800593339,19.1663702201,1251109
2022-05-12 00:00:00+00:00,18.880304993,19.1186926823,18.4416716446,18.5656332431,1269063
2022-05-13 00:00:00+00:00,19.3666158791,19.6908231366,19.0042665914,19.0614796368,1063087
2022-05-16 00:00:00+00:00,19.2521897883,19.4905774776,19.0042665914,19.1949767428,1050245
2022-05-17 00:00:00+00:00,19.8338557502,19.9673528562,19.5668615382,19.7003586442,1102421
2022-05-18 00:00:00+00:00,19.0519441293,19.8119240828,18.9089115157,19.5763970457,1131947
2022-05-19 00:00:00+00:00,19.0042665914,19.3189383413,18.7849499172,18.8898405005,1189574
2022-05-20 00:00:00+00:00,19.2331187731,19.2903318186,18.3939941068,19.2903318186,1991392
2022-05-23 00:00:00+00:00,19.5573260306,19.7098941517,19.147299205,19.5573260306,853306
2022-05-24 00:00:00+00:00,19.3666158791,19.4667387087,18.9661245611,19.4238289246,1173211
2022-05-25 00:00:00+00:00,19.5573260306,19.7818872339,19.2712608034,19.3666158791,805469
2022-05-26 00:00:00+00:00,19.9578173486,20.1151532236,19.5763970457,19.6431455987,791013
2022-05-27 00:00:00+00:00,20.3010956212,20.3106311288,20.0913144546,20.1008499622,732420
2022-05-31 00:00:00+00:00,20.3773796818,20.5688064519,19.9370981105,20.2050955887,1225819
2022-06-01 00:00:00+00:00,20.3486656663,20.607091806,19.8605274024,20.5113784209,1220997
2022-06-02 00:00:00+00:00,21.1430867624,21.1909434549,20.33095869,20.4348077128,1187278
2022-06-03 00:00:00+00:00,20.7889472376,21.0856587313,20.6501628293,21.0856587313,806913
2022-06-06 00:00:00+00:00,20.7889472376,21.1526581009,20.7267335373,21.0282307003,599488
2022-06-07 00:00:00+00:00,21.0473733773,21.0617303851,20.4060936973,20.4826644054,723683
2022-06-08 00:00:00+00:00,20.5209497594,21.094272936,20.4730930669,20.9133746382,496229
2022-06-09 00:00:00+00:00,20.0806681881,20.4730930669,20.0710968496,20.4060936973,1317938
2022-06-10 00:00:00+00:00,19.4202458311,19.927526772,19.3915318156,19.6499579553,730932
2022-06-13 00:00:00+00:00,18.702395443,19.0852489833,18.4631119804,18.8842508747,1234583
2022-06-14 00:00:00+00:00,18.4726833189,18.8555368592,18.1568291481,18.7119667816,1157502
2022-06-15 00:00:00+00:00,18.606682058,18.9033935517,18.3195419028,18.7693948126,1367546
2022-06-16 00:00:00+00:00,17.2954086825,18.1041867863,17.1231245894,18.0132590705,2523780
2022-06-17 00:00:00+00:00,17.2379806514,17.4868354526,16.8503414419,17.1518386049,2497675
2022-06-21 00:00:00+00:00,17.4868354526,17.6304055302,17.2954086825,17.5825488377,1320508
2022-06-22 00:00:00+00:00,17.266694667,17.5729774992,17.0465538813,17.1135532508,1011425
2022-06-23 00:00:00+00:00,16.9699831732,17.4868354526,16.8072704186,17.2092666359,1093455
2022-06-24 00:00:00+00:00,17.8792603314,18.0324017475,17.1805526204,17.2188379744,2425064
2022-06-27 00:00:00+00:00,17.8505463159,18.0324017475,17.6112628532,18.0324017475,1569031
2022-06-28 00:00:00+00:00,17.5059781296,18.1352936365,17.4006934061,17.984545055,1207455
2022-06-29 00:00:00+00:00,17.2284093129,17.4964067911,16.8742697882,17.4964067911,1758549
2022-06-30 00:00:00+00:00,17.0369825428,17.2954086825,16.60627231,16.9795545117,1772063
2022-07-01 00:00:00+00:00,16.2138474312,16.9221264807,16.0080636533,16.8838411267,3355599
2022-07-05 00:00:00+00:00,16.5105589249,16.5488442789,15.5534250742,15.6874238133,3190364
2022-07-06 00:00:00+00:00,16.6158436485,16.8264130956,16.1755620771,16.6349863255,3105783
2022-07-07 00:00:00+00:00,16.7785564031,17.0561252198,16.7402710491,16.7594137261,1098467
2022-07-08 00:00:00+00:00,16.587129633,16.8359844341,16.5009875864,16.6541290025,1220356
2022-07-11 00:00:00+00:00,16.7689850646,16.8551271112,16.4244168783,16.6541290025,1272625
2022-07-12 00:00:00+00:00,17.0178398658,17.1374815971,16.6541290025,16.6541290025,1411575
2022-07-13 00:00:00+00:00,16.9699831732,17.0944105738,16.587129633,16.6349863255,1263252
2022-07-14 00:00:00+00:00,16.7689850646,16.7976990801,16.3478461703,16.701985695,961945
2022-07-15 00:00:00+00:00,17.0752678968,17.2762660055,16.7402710491,17.0848392353,764894
2022-07-18 00:00:00+00:00,17.3145513595,17.4964067911,17.2188379744,17.3528367135,1993299
2022-07-19 00:00:00+00:00,17.8218323004,17.8984030084,17.5538348222,17.6208341917,1130220
2022-07-20 00:00:00+00:00,18.0324017475,18.0706871016,17.7644042693,17.8314036389,998909
2022-07-21 00:00:00+00:00,18.1855431637,18.1951145022,17.7835469464,17.8984030084,743740
2022-07-22 00:00:00+00:00,18.2142571792,18.4535406419,18.1472578096,18.2716852102,566719
2022-07-25 00:00:00+00:00,18.2812565487,18.3961126108,18.0994011171,18.3482559183,1068080
2022-07-26 00:00:00+00:00,18.3195419028,18.4439693033,18.1664004866,18.1759718251,860635
2022-07-27 00:00:00+00:00,18.7885374896,18.8938222132,18.2429711947,18.3865412723,1148692
2022-07-28 00:00:00+00:00,18.7502521356,19.1426770144,18.3865412723,18.683252766,887745
2022-07-29 00:00:00+00:00,18.9129648902,19.1618196914,18.8651081977,18.9129648902,1519854
2022-08-01 00:00:00+00:00,19.2192477224,19.3532464615,18.5109686729,18.8459655207,1304917
2022-08-02 00:00:00+00:00,18.9991069368,19.324532446,18.946464575,19.0469636293,824660
2022-08-03 00:00:00+00:00,18.8363941821,19.0565349678,18.7693948126,19.0565349678,878690
2022-08-04 00:00:00+00:00,18.7885374896,18.9608215827,18.7358951278,18.8172515051,738070
2022-08-05 00:00:00+00:00,18.5109686729,18.8172515051,18.4248266263,18.5013973344,1307561
2022-08-08 00:00:00+00:00,18.4439693033,18.8555368592,18.4056839493,18.587539381,1034898
2022-08-09 00:00:00+00:00,17.9079743469,18.3673985953,17.8620319221,18.3578272568,1932548
2022-08-10 00:00:00+00:00,18.8459655207,18.8938222132,18.3386845798,18.3386845798,881153
2022-08-11 00:00:00+00:00,18.8363941821,19.2001050454,18.8172515051,18.9416789057,730196
2022-08-12 00:00:00+00:00,19.3341037845,19.3532464615,18.8172515051,18.8746795362,714518
2022-08-15 00:00:00+00:00,19.305389769,19.3341037845,19.04217796,19.2001050454,794750
2022-08-16 00:00:00+00:00,19.7456713403,19.7552426788,19.0948203218,19.1809623684,921612
2022-08-17 00:00:00+00:00,19.4585311851,19.5829585857,19.2575330765,19.5351018932,793668
2022-08-18 00:00:00+00:00,19.6691006323,19.7695996866,19.3819604771,19.4585311851,647293
2022-08-19 00:00:00+00:00,19.2001050454,19.5446732317,19.0948203218,19.5446732317,1473585
2022-08-22 00:00:00+00:00,18.5301113499,18.9703929212,18.5205400114,18.9321075672,672229
2022-08-23 00:00:00+00:00,18.7693948126,18.9321075672,18.5301113499,18.5301113499,1077986
2022-08-24 00:00:00+00:00,18.644967412,18.8507511899,18.587539381,18.7311094586,774063
2022-08-25 00:00:00+00:00,19.1618196914,19.1761766991,18.7885374896,18.7885374896,688501
2022-08-26 00:00:00+00:00,18.6162533965,19.2288190609,18.5540396962,19.1426770144,1060225
2022-08-29 00:00:00+00:00,18.4631119804,18.6784670968,18.2812565487,18.4152552878,1009968
2022-08-30 00:00:00+00:00,18.0898297786,18.7215381201,18.0659014323,18.625824735,668703
2022-08-31 00:00:00+00:00,17.946259701,18.1673437787,17.8501361889,18.0904449691,1053295
2022-09-01 00:00:00+00:00,17.4848668431,17.8789732425,17.1772716045,17.8501361889,1258978
2022-09-02 00:00:00+00:00,17.5425409503,17.9270349986,17.4187338668,17.6963385696,1151658
2022-09-06 00:00:00+00:00,17.3214568726,17.7924620817,17.244558063,17.7251756232,848395
2022-09-07 00:00:00+00:00,18.0327708618,18.0712202666,17.2637827654,17.3214568726,1027735
2022-09-08 00:00:00+00:00,18.3403661004,18.3643969784,17.7540126769,17.8501361889,983055
2022-09-09 00:00:00+00:00,18.5806748805,18.7729219047,18.3884278564,18.3884278564,668937
2022-09-12 00:00:00+00:00,18.8113713095,18.9459442264,18.6383489878,18.744084851,673067
2022-09-13 00:00:00+00:00,18.0135461594,18.4701328417,17.9510658766,18.2154055347,1355205
2022-09-14 00:00:00+00:00,17.8020744329,18.0231585106,17.571378004,18.0231585106,1228659
2022-09-15 00:00:00+00:00,17.8020744329,18.1337005495,17.6482768136,17.7540126769,1012569
2022-09-16 00:00:00+00:00,17.2541704142,17.5906027064,16.989830756,17.5137038967,1940125
2022-09-19 00:00:00+00:00,17.8405238377,17.8405238377,17.0907604437,17.0907604437,920272
2022-09-20 00:00:00+00:00,17.2157210093,17.6867262184,17.0907604437,17.6867262184,1278862
2022-09-21 00:00:00+00:00,16.9465751756,17.61943976,16.941769,17.3983556823,1284280
2022-09-22 00:00:00+00:00,16.6197552346,17.0234739852,16.6101428834,17.0234739852,1353908
2022-09-23 00:00:00+00:00,16.1679747279,16.3794464545,15.7161942213,16.3313846984,1536104
2022-09-26 00:00:00+00:00,16.1103006207,16.3890588057,16.0045647574,16.0045647574,1758889
2022-09-27 00:00:00+00:00,15.8796041918,16.3986711569,15.8219300845,16.3409970496,1315108
2022-09-28 00:00:00+00:00,16.2737105912,16.4082835081,15.6777448164,15.8507671381,1412928
2022-09-29 00:00:00+00:00,15.7258065725,16.1103006207,15.4470483875,15.985340055,1785847
2022-09-30 00:00:00+00:00,15.6392954116,16.009370933,15.6008460068,15.6777448164,2264014
2022-10-03 00:00:00+00:00,16.2929352936,16.4082835081,15.8507671381,15.9565030014,897102
2022-10-04 00:00:00+00:00,17.0811480925,17.1724654289,16.6197552346,16.6197552346,1179822
2022-10-05 00:00:00+00:00,17.0426986876,17.2061086581,16.7351034491,16.8216146099,994103
2022-10-06 00:00:00+00:00,16.4563452641,16.7735528539,16.3217723472,16.4371205617,2168235
2022-10-07 00:00:00+00:00,15.6777448164,16.4178958593,15.6296830604,16.2929352936,2297752
2022-10-10 00:00:00+00:00,15.6200707092,15.7738683285,15.4903039679,15.7738683285,1007165
2022-10-11 00:00:00+00:00,15.5720089532,15.7546436261,15.1298407977,15.4085989827,1678531
2022-10-12 00:00:00+00:00,15.4566607387,15.6873571676,15.4278236851,15.6392954116,828789
2022-10-13 00:00:00+00:00,15.6681324652,15.7258065725,14.7165096959,15.004880232,1784807
2022-10-14 00:00:00+00:00,15.4278236851,15.9757277038,15.2932507682,15.8699918406,1455477
2022-10-17 00:00:00+00:00,15.937278299,16.0382079867,15.8027053821,15.8027053821,1183320
2022-10-18 00:00:00+00:00,16.312159996,16.6053367078,16.1775870791,16.3409970496,1202449
2022-10-19 00:00:00+00:00,15.9084412454,16.2929352936,15.8363486113,16.1871994303,980418
2022-10-20 00:00:00+00:00,15.8796041918,16.4034773325,15.7834806797,15.9468906502,1034322
2022-10-21 00:00:00+00:00,16.6293675858,16.663010815,15.9180535966,15.985340055,947264
2022-10-24 00:00:00+00:00,16.5813058298,16.8023899075,16.4659576153,16.7735528539,1243068
2022-10-25 00:00:00+00:00,16.9946369316,16.9994431072,16.4851823177,16.590918181,1061572
2022-10-26 00:00:00+00:00,17.1388221997,17.3310692238,16.9465751756,17.0907604437,1476814
2022-10-27 00:00:00+00:00,16.7831652051,17.5377347747,16.4851823177,17.3214568726,1965741
2022-10-28 00:00:00+00:00,17.1003727949,17.3214568726,16.7158787467,16.8023899075,1263640
2022-10-31 00:00:00+00:00,16.5332440737,17.0811480925,16.5236317225,16.8985134196,1847624
2022-11-01 00:00:00+00:00,16.6582046394,16.8696763659,16.5428564249,16.7831652051,1405306
2022-11-02 00:00:00+00:00,16.0718512159,16.8120022587,16.0237894598,16.6582046394,2627325
2022-11-03 00:00:00+00:00,15.8507671381,16.1006882695,15.7258065725,15.8603794893,1555161
2022-11-04 00:00:00+00:00,16.8120022587,16.8312269611,16.2448735376,16.2448735376,1609595
2022-11-07 00:00:00+00:00,16.9273504732,17.013861634,16.6011072733,17.013861634,777190
2022-11-08 00:00:00+00:00,16.9369628244,17.2061086581,16.7447158003,16.9946369316,1073034
2022-11-09 00:00:00+00:00,16.5524687762,16.9754122292,16.5524687762,16.8120022587,831514
2022-11-10 00:00:00+00:00,17.8597485401,17.8981979449,17.3022321702,17.4175803847,1533696
2022-11-11 00:00:00+00:00,18.3019166956,18.3980402076,17.8020744329,18.0327708618,4023415
2022-11-14 00:00:00+00:00,18.1961808323,18.599899583,18.0904449691,18.1673437787,3004801
2022-11-15 00:00:00+00:00,18.3595908028,18.5230007733,18.1577314275,18.5037760709,2236605
2022-11-16 00:00:00+00:00,18.3019166956,18.7536972023,18.1961808323,18.6383489878,1796096
2022-11-17 00:00:00+00:00,18.3019166956,18.321141398,17.667501516,17.7636250281,1024151
2022-11-18 00:00:00+00:00,18.3980402076,18.599899583,18.1673437787,18.5902872318,1607884
2022-11-21 00:00:00+00:00,18.0808326179,18.4076525588,18.042383213,18.2346302371,916211
2022-11-22 00:00:00+00:00,18.369203154,18.369203154,18.1769561299,18.2057931835,660608
2022-11-23 00:00:00+00:00,18.7536972023,18.8305960119,18.4941637197,18.5710625293,752067
2022-11-25 00:00:00+00:00,18.696023095,18.7536972023,18.5614501781,18.6575736902,412411
2022-11-28 00:00:00+00:00,18.0712202666,18.5220395382,18.0231585106,18.4172649101,1189684
2022-11-29 00:00:00+00:00,18.1865684811,18.3009554605,18.0135461594,18.0712202666,816457
2022-11-30 00:00:00+00:00,18.8786577679,18.8786577679,17.9424462119,18.1258278569,978434
2022-12-01 00:00:00+00:00,18.9751744232,19.1875110647,18.8883094335,19.0716910784,994951
2022-12-02 00:00:00+00:00,18.9655227577,19.018606918,18.6759727919,18.6759727919,934551
2022-12-05 00:00:00+00:00,18.6084111332,18.9269160956,18.5987594677,18.7049277885,884016
2022-12-06 00:00:00+00:00,18.4925911469,18.7821411127,18.2512995088,18.6277144643,804366
2022-12-07 00:00:00+00:00,18.2706028398,18.5408494745,18.1885636828,18.3864228261,770183
2022-12-08 00:00:00+00:00,18.2416478432,18.4742529824,18.164434519,18.4057261572,725234
2022-12-09 00:00:00+00:00,18.1740861846,18.3671194951,18.1740861846,18.2126928467,542126
2022-12-12 00:00:00+00:00,18.164434519,18.2030411811,17.9424462119,18.145131188,697569
2022-12-13 00:00:00+00:00,18.3671194951,18.91726443,18.2319961777,18.7917927782,1119652
2022-12-14 00:00:00+00:00,18.3188611674,18.531197809,18.1258278569,18.3767711606,1199323
2022-12-15 00:00:00+00:00,17.7687162325,18.0196595362,17.7397612359,18.0196595362,1236332
2022-12-16 00:00:00+00:00,17.7301095704,17.7976712291,17.4984695978,17.5274245944,1781402
2022-12-19 00:00:00+00:00,17.4695146012,17.7445870687,17.3343912838,17.7204579049,1535626
2022-12-20 00:00:00+00:00,17.4502112701,17.5660312565,17.3826496115,17.411604608,822491
2022-12-21 00:00:00+00:00,17.6915029083,17.8507553895,17.575682922,17.5853345875,1791509
2022-12-22 00:00:00+00:00,17.4405596046,17.4695146012,17.107577144,17.4695146012,947523
2022-12-23 00:00:00+00:00,17.7011545738,17.7397612359,17.3729979459,17.3826496115,711403
2022-12-27 00:00:00+00:00,17.778367898,17.8620478381,17.6046379186,17.7108062393,542347
2022-12-28 00:00:00+00:00,17.2282229631,17.8459295567,17.2137454648,17.7880195635,704881
2022-12-29 00:00:00+00:00,17.594986253,17.759064567,17.3247396183,17.3247396183,595926
2022-12-30 00:00:00+00:00,17.5563795909,17.6142895841,17.3247396183,17.4019529425,638769
2023-01-03 00:00:00+00:00,17.4791662667,17.7687162325,17.1510096389,17.6915029083,1340178
2023-01-04 00:00:00+00:00,17.5563795909,17.7880195635,17.4646887684,17.759064567,1422668
2023-01-05 00:00:00+00:00,17.2668296252,17.5129470961,17.1413579733,17.3440429494,1180709
2023-01-06 00:00:00+00:00,17.8748845533,17.8845362188,17.4502112701,17.4695146012,965338
2023-01-09 00:00:00+00:00,18.4829394814,18.8207477748,17.9714012085,18.0486145327,1598491
2023-01-10 00:00:00+00:00,18.3671194951,18.5601528056,18.164434519,18.4346811538,2203718
2023-01-11 00:00:00+00:00,18.7531861161,18.8062702765,18.5891078022,18.5987594677,749278
2023-01-12 00:00:00+00:00,18.8207477748,18.897961099,18.6373661298,18.8110961092,701578
2023-01-13 00:00:00+00:00,18.8497027713,18.9076127645,18.5601528056,18.5601528056,586040
2023-01-17 00:00:00+00:00,18.7242311195,18.8690061024,18.6952761229,18.8497027713,742480
2023-01-18 00:00:00+00:00,18.7531861161,19.0668652457,18.6663211264,18.8110961092,1009387
2023-01-19 00:00:00+00:00,18.6277144643,18.6952761229,18.4346811538,18.531197809,823823
2023-01-20 00:00:00+00:00,19.0523877474,19.0523877474,18.6277144643,18.7242311195,722166
2023-01-23 00:00:00+00:00,19.4963643616,19.5832293513,19.100646075,19.1778593992,931889
2023-01-24 00:00:00+00:00,19.4963643616,19.5397968564,19.3322860476,19.5253193581,720264
2023-01-25 00:00:00+00:00,19.0137810853,19.4094993718,19.0041294198,19.1585560682,1230002
2023-01-26 00:00:00+00:00,19.4191510374,19.4770610305,18.9365677611,19.0523877474,903250
2023-01-27 00:00:00+00:00,19.4963643616,19.5880551841,19.2550727234,19.3129827166,644826
2023-01-30 00:00:00+00:00,19.2454210579,19.5108418598,19.2454210579,19.3515893787,767557
2023-01-31 00:00:00+00:00,19.7666109963,19.8148693239,19.3226343821,19.3322860476,892110
2023-02-01 00:00:00+00:00,20.2684976036,20.403620921,19.7473076652,19.7955659928,1681209
2023-02-02 00:00:00+00:00,21.0213275146,21.1371475009,20.4422275831,20.4615309141,1978330
2023-02-03 00:00:00+00:00,20.8958558628,21.0551083439,20.5944343484,20.6352608936,1686429
2023-02-06 00:00:00+00:00,20.3650142589,20.6835192212,20.0754642931,20.6835192212,1097125
2023-02-07 00:00:00+00:00,20.2588459381,20.3360592623,19.8824309826,20.220239276,1783475
2023-02-08 00:00:00+00:00,19.8824309826,20.239542607,19.8727793171,20.0754642931,920517
2023-02-09 00:00:00+00:00,19.4770610305,20.2250651087,19.4094993718,20.1526776173,1107802
2023-02-10 00:00:00+00:00,19.1875110647,19.3805443753,19.018606918,19.3226343821,3581076
2023-02-13 00:00:00+00:00,19.4770610305,19.5349710237,19.0427360819,19.1585560682,2714378
2023-02-14 00:00:00+00:00,19.5928810168,19.7666109963,19.3708927097,19.4191510374,1962842
2023-02-15 00:00:00+00:00,19.8631276515,19.9403409757,19.3515893787,19.5060160271,1238546
2023-02-16 00:00:00+00:00,19.5542743547,19.853475986,19.4288027029,19.5639260202,1413121
2023-02-17 00:00:00+00:00,19.4288027029,19.5832293513,19.2550727234,19.5253193581,1826157
2023-02-21 00:00:00+00:00,18.8110961092,19.2647243889,18.7869669454,19.2261177268,1559284
2023-02-22 00:00:00+00:00,19.65079101,19.7810884946,18.3381644985,18.91726443,2470053
2023-02-23 00:00:00+00:00,19.8920826481,20.2781492691,19.4094993718,19.9113859792,2276245
2023-02-24 00:00:00+00:00,19.8245209894,19.9258634774,19.4963643616,19.6025326823,1530948
2023-02-27 00:00:00+00:00,19.7955659928,20.1526776173,19.7569593307,20.0947676241,1075343
2023-02-28 00:00:00+00:00,19.9017343136,20.1391211153,19.8435987704,19.9308020853,1584193
2023-03-01 00:00:00+00:00,20.056762429,20.3232170024,19.5916780828,19.7951524843,1528953
2023-03-02 00:00:00+00:00,20.2893046021,20.3425955168,19.6788813978,19.8339095131,1045241
2023-03-03 00:00:00+00:00,20.4830897464,20.5412252896,20.2602368305,20.4734004891,774964
2023-03-06 00:00:00+00:00,19.9211128281,20.4734004891,19.9114235708,20.4540219747,1075521
2023-03-07 00:00:00+00:00,19.6788813978,20.0470731718,19.6498136261,19.9404913425,943444
2023-03-08 00:00:00+00:00,19.8823557992,19.9840929999,19.6110565973,19.6691921405,1211388
2023-03-09 00:00:00+00:00,19.233175566,20.0955194579,19.1944185371,19.9889376285,899015
2023-03-10 00:00:00+00:00,18.6905771621,19.1653507655,18.5113259037,19.1653507655,801846
2023-03-13 00:00:00+00:00,18.4192779602,18.6518201333,18.089843215,18.3805209313,1155468
2023-03-14 00:00:00+00:00,18.7680912198,19.0393904218,18.4871027607,18.8068482487,851147
2023-03-15 00:00:00+00:00,17.9929506428,18.1794688442,17.7604084698,18.1576680155,1159974
2023-03-16 00:00:00+00:00,18.3320746453,18.433811846,17.770097727,17.8282332702,1118600
2023-03-17 00:00:00+00:00,17.8088547558,18.3369192739,17.7604084698,18.1770465299,1132772
2023-03-20 00:00:00+00:00,17.9735721284,18.2061143015,17.9154365852,18.0123291573,1118986
2023-03-21 00:00:00+00:00,18.3320746453,18.4871027607,18.2158035587,18.2836283592,681107
2023-03-22 00:00:00+00:00,17.8088547558,18.409588703,17.8088547558,18.3514531597,1066878
2023-03-23 00:00:00+00:00,17.7894762414,18.2933176164,17.6441373832,17.8476117847,893933
2023-03-24 00:00:00+00:00,17.8669902991,17.8960580707,17.2953241236,17.5569340683,804706
2023-03-27 00:00:00+00:00,18.0220184145,18.2254928159,17.9202812138,18.1189109866,753915
2023-03-28 00:00:00+00:00,18.0801539578,18.1915804157,17.929970471,17.9832613856,1039412
2023-03-29 00:00:00+00:00,18.2545605876,18.3514531597,18.089843215,18.3514531597,1107363
2023-03-30 00:00:00+00:00,18.2254928159,18.458034989,18.1479787582,18.4289672174,838707
2023-03-31 00:00:00+00:00,18.7099556765,18.7196449338,18.273939102,18.3611424169,1127186
2023-04-03 00:00:00+00:00,18.2545605876,18.7874697342,18.0510861861,18.6518201333,1295164
2023-04-04 00:00:00+00:00,17.6053803544,18.273939102,17.4842646392,18.2158035587,1434424
2023-04-05 00:00:00+00:00,17.6538266404,17.7119621837,17.3534596669,17.4406629818,2142700
2023-04-06 00:00:00+00:00,17.6925836693,17.7071175551,17.3437704096,17.5666233255,1207292
2023-04-10 00:00:00+00:00,17.5860018399,17.6925836693,17.3776828099,17.498798525,865683
2023-04-11 00:00:00+00:00,17.9445043568,18.0317076717,17.7313406981,17.7313406981,666558
2023-04-12 00:00:00+00:00,17.6828944121,18.2061143015,17.658671269,18.1770465299,940134
2023-04-13 00:00:00+00:00,18.0510861861,18.0801539578,17.6247588688,17.6925836693,615221
2023-04-14 00:00:00+00:00,17.8379225275,18.2158035587,17.6199142402,17.9638828712,1462886
2023-04-17 00:00:00+00:00,17.9154365852,17.9638828712,17.7313406981,17.7894762414,728116
2023-04-18 00:00:00+00:00,17.8863688135,18.0995324722,17.818544013,18.0510861861,631008
2023-04-19 00:00:00+00:00,17.9057473279,17.9154365852,17.6710735183,17.7797869842,838717
2023-04-20 00:00:00+00:00,17.7991654986,17.8815241849,17.6150696116,17.8088547558,757963
2023-04-21 00:00:00+00:00,17.6732051548,17.7894762414,17.4455076104,17.7410299553,650020
2023-04-24 00:00:00+00:00,17.7022729265,17.8088547558,17.5472448111,17.7507192125,827879
2023-04-25 00:00:00+00:00,17.0724712077,17.5520894397,17.0240249216,17.4697307534,1144664
2023-04-26 00:00:00+00:00,17.0530926933,17.1596745226,16.9465108639,17.0046464072,1233395
2023-04-27 00:00:00+00:00,17.3631489241,17.3728381813,16.5492513182,16.8011720058,1472847
2023-04-28 00:00:00+00:00,17.5860018399,17.7894762414,17.3825274385,17.4309737245,1139818
2023-05-01 00:00:00+00:00,17.8379225275,17.8863688135,17.6392927546,17.7022729265,1262920
2023-05-02 00:00:00+00:00,17.4212844673,17.7410299553,17.0821604649,17.5956910972,1537222
2023-05-03 00:00:00+00:00,17.5860018399,17.8960580707,17.4551968676,17.5569340683,1757017
2023-05-04 00:00:00+00:00,17.0821604649,17.5956910972,17.0676265791,17.498798525,989295
2023-05-05 00:00:00+00:00,17.5666233255,17.6441373832,17.4115952101,17.4309737245,769583
2023-05-08 00:00:00+00:00,17.5763125827,17.7119621837,17.4794200106,17.6441373832,637272
2023-05-09 00:00:00+00:00,17.2371885803,17.4406629818,17.2032761801,17.4406629818,928723
2023-05-10 00:00:00+00:00,17.1693637798,17.5327109253,17.0143356644,17.4794200106,793304
2023-05-11 00:00:00+00:00,17.2274993231,17.290479495,16.9852678928,17.0143356644,1301497
2023-05-12 00:00:00+00:00,17.0918497221,17.314702638,17.0385588075,17.2565670947,1260901
2023-05-15 00:00:00+00:00,17.2178100659,17.3050133808,17.0821604649,17.1887422942,1173663
2023-05-16 00:00:00+00:00,17.179053037,17.2517224661,16.9852678928,17.1402960082,924647
2023-05-17 00:00:00+00:00,17.5181770395,17.5908464685,17.1887422942,17.2274993231,1504086
2023-05-18 00:00:00+00:00,18.0026399001,18.0171737859,17.3873720671,17.4697307534,1399736
2023-05-19 00:00:00+00:00,17.8476117847,18.2933176164,17.7361853267,18.2158035587,1010133
2023-05-22 00:00:00+00:00,17.9735721284,18.0995324722,17.8669902991,17.8960580707,997414
2023-05-23 00:00:00+00:00,17.6925836693,18.1431341296,17.6828944121,17.9638828712,826084
2023-05-24 00:00:00+00:00,17.314702638,17.5956910972,17.2565670947,17.5763125827,1268997
2023-05-25 00:00:00+00:00,17.7313406981,17.7991654986,17.314702638,17.3534596669,2170191
2023-05-26 00:00:00+00:00,18.089843215,18.2933176164,17.8040101272,17.818544013,2077342
2023-05-30 00:00:00+00:00,17.7991654986,18.2545605876,17.7458745839,18.138289501,1789547
2023-05-31 00:00:00+00:00,17.450352239,17.8007218322,17.2265049989,17.6352695243,2149948
2023-06-01 00:00:00+00:00,17.6547345017,17.8980467192,17.3043649085,17.4114222842,3059639
2023-06-02 00:00:00+00:00,18.5598559508,18.5695884395,17.8883142305,17.8883142305,2077871
2023-06-05 00:00:00+00:00,18.2678812898,18.6474483491,17.9953716062,18.5501234621,1487600
2023-06-06 00:00:00+00:00,18.5014610186,18.5793209282,18.0732315158,18.1024289819,1205653
2023-06-07 00:00:00+00:00,18.7058432813,18.7253082587,18.4430660864,18.5598559508,1248039
2023-06-08 00:00:00+00:00,18.2581488011,18.6912445482,18.131626448,18.6279833717,1303413
2023-06-09 00:00:00+00:00,18.0051040949,18.2386838237,17.8883142305,18.228951335,1704323
2023-06-12 00:00:00+00:00,18.2776137785,18.3214099776,17.9467091627,18.1024289819,1271943
2023-06-13 00:00:00+00:00,18.5695884395,18.618250883,18.3165437333,18.423601109,1470095
2023-06-14 00:00:00+00:00,18.423601109,18.6571808378,18.2824800228,18.6571808378,1279606
2023-06-15 00:00:00+00:00,18.6279833717,18.6620470821,18.1900213802,18.3068112446,1425986
2023-06-16 00:00:00+00:00,18.4527985751,18.7642382135,18.3652061768,18.71557577,1430483
2023-06-20 00:00:00+00:00,18.3749386655,18.4917285299,18.1802888915,18.4917285299,1363918
2023-06-21 00:00:00+00:00,18.1608239141,18.3700724211,18.1413589367,18.3457411994,1452580
2023-06-22 00:00:00+00:00,17.8688492531,18.0051040949,17.7228619226,18.0051040949,966949
2023-06-23 00:00:00+00:00,17.6839319678,17.8104543209,17.5282121486,17.6352695243,1686247
2023-06-26 00:00:00+00:00,17.9856391175,18.1121614706,17.6060720582,17.6060720582,1072610
2023-06-27 00:00:00+00:00,18.3846711542,18.4819960412,17.8493842757,17.9759066288,1671481
2023-06-28 00:00:00+00:00,18.2873462672,18.4722635525,18.1900213802,18.3749386655,1288466
2023-06-29 00:00:00+00:00,18.4917285299,18.6474483491,18.2749860065,18.3457411994,1041106
2023-06-30 00:00:00+00:00,18.6863783039,18.7885694352,18.4917285299,18.6279833717,1006986
2023-07-03 00:00:00+00:00,18.7739707022,18.8615631005,18.5695884395,18.6085183943,586374
2023-07-05 00:00:00+00:00,18.2678812898,18.5841871725,18.2678812898,18.5598559508,1437745
2023-07-06 00:00:00+00:00,17.9661741401,18.1705564028,17.7666581217,18.0732315158,1255755
2023-07-07 00:00:00+00:00,18.3846711542,18.6133846386,17.9710403844,17.9759066288,1379669
2023-07-10 00:00:00+00:00,18.3652061768,18.6085183943,18.228951335,18.228951335,1300534
2023-07-11 00:00:00+00:00,18.5890534169,18.5987859056,18.4041361316,18.4041361316,1076134
2023-07-12 00:00:00+00:00,18.8615631005,18.9442892544,18.6425821047,18.8712955892,967518
2023-07-13 00:00:00+00:00,19.1924677163,19.2119326937,18.8712955892,18.9296905214,1681349
2023-07-14 00:00:00+00:00,18.9783529649,19.1438052728,18.7496394804,19.1438052728,1460617
2023-07-17 00:00:00+00:00,19.1924677163,19.3189900694,18.7739707022,18.9880854536,2047717
2023-07-18 00:00:00+00:00,19.7374870835,19.8250794818,19.2508626485,19.2800601146,1845219
2023-07-19 00:00:00+00:00,19.7277545948,19.8056145044,19.591499753,19.7472195722,1422737
2023-07-20 00:00:00+00:00,19.5233723321,19.8348119705,19.3822512459,19.7180221061,1473536
2023-07-21 00:00:00+00:00,19.4649773999,19.5817672643,19.2781136168,19.5817672643,998928
2023-07-24 00:00:00+00:00,19.2605951372,19.6596271739,19.2411301598,19.4455124225,1053426
2023-07-25 00:00:00+00:00,19.3481875355,19.5817672643,19.2605951372,19.3287225581,925343
2023-07-26 00:00:00+00:00,19.3287225581,19.606098486,19.2411301598,19.4065824677,1784745
2023-07-27 00:00:00+00:00,20.0391942332,20.4187612924,19.4747098886,19.5623022869,2829721
2023-07-28 00:00:00+00:00,20.370098849,20.4284937811,20.0975891654,20.2143790298,2000849
2023-07-31 00:00:00+00:00,20.3992963151,20.4625574916,20.2289777628,20.3798313377,1886768
2023-08-01 00:00:00+00:00,20.3214364055,20.4674237359,20.2338440072,20.2922389394,1307762
2023-08-02 00:00:00+00:00,20.0489267219,20.2533089846,19.9272706131,19.9905317897,1480872
2023-08-03 00:00:00+00:00,20.175449075,20.4382262698,19.8306270003,19.9710668123,1335814
2023-08-04 00:00:00+00:00,19.9418693462,20.3798313377,19.9224043688,20.2922389394,977793
2023-08-07 00:00:00+00:00,20.1267866315,20.2046465411,19.9370031018,20.0099967671,1007137
2023-08-08 00:00:00+00:00,20.3019714281,20.3457676272,19.5963659973,19.8056145044,1379290
2023-08-09 00:00:00+00:00,20.3117039168,20.5550161342,20.2046465411,20.2533089846,1380764
2023-08-10 00:00:00+00:00,19.8542769479,20.3992963151,19.8056145044,20.3506338716,1002971
2023-08-11 00:00:00+00:00,19.7277545948,19.995398034,19.7228883504,19.8348119705,775973
2023-08-14 00:00:00+00:00,19.5331048208,19.7082896174,19.4406461781,19.5720347756,983651
2023-08-15 00:00:00+00:00,19.2216651824,19.4503786668,19.1730027389,19.3189900694,1348541
2023-08-16 00:00:00+00:00,18.8323656344,19.202200205,18.7837031909,19.1827352276,1320221
2023-08-17 00:00:00+00:00,18.7058432813,19.0854103406,18.6912445482,18.8420981231,623299
2023-08-18 00:00:00+00:00,18.7837031909,18.9491554988,18.4935777027,18.5306584847,1304279
2023-08-21 00:00:00+00:00,18.423601109,18.8615631005,18.3992698872,18.8615631005,1271665
2023-08-22 00:00:00+00:00,18.3846711542,18.5793209282,18.3652061768,18.5793209282,1142026
2023-08-23 00:00:00+00:00,18.812900657,18.8323656344,18.3360087107,18.4333335977,1196456
2023-08-24 00:00:00+00:00,19.2216651824,19.4211812007,18.6669133265,18.7253082587,2554849
2023-08-25 00:00:00+00:00,19.6498946852,19.8153469931,19.2703276259,19.2897926033,3942141
2023-08-28 00:00:00+00:00,19.6012322417,19.8494107035,19.5136398434,19.8153469931,1672942
2023-08-29 00:00:00+00:00,20.0586592106,20.0683916993,19.4747098886,19.5525697982,1730137
2023-08-30 00:00:00+00:00,20.1073216541,20.2776402063,19.9224043688,20.0391942332,1518839
2023-08-31 00:00:00+00:00,20.1462516089,20.3416565711,20.0094681353,20.1853326013,852036
2023-09-01 00:00:00+00:00,20.4002780598,20.4588995485,20.24395409,20.331886323,877054
2023-09-05 00:00:00+00:00,20.2048730975,20.4491293004,20.0045830112,20.2830350824,2341480
2023-09-06 00:00:00+00:00,20.2732648343,20.4247036801,19.8238334211,20.2244135938,2362976
2023-09-07 00:00:00+00:00,20.0680896239,20.2634945862,19.8824549098,20.0485491277,2946598
2023-09-08 00:00:00+00:00,19.6870499475,20.1169408645,19.6675094513,20.0485491277,1542459
2023-09-11 00:00:00+00:00,19.2473887825,19.9801573909,19.1936524178,19.9801573909,1464024
2023-09-12 00:00:00+00:00,19.0422135721,19.4232532485,19.0226730759,19.1399160532,862044
2023-09-13 00:00:00+00:00,18.8956598504,19.0861796886,18.8077276174,19.0226730759,1231571
2023-09-14 00:00:00+00:00,19.3450912636,19.4281383726,18.949396215,19.0519838202,1085794
2023-09-15 00:00:00+00:00,19.0812945645,19.2718144027,18.9982474556,19.2571590306,1402048
2023-09-18 00:00:00+00:00,19.1594565494,19.2278482862,18.9161773714,19.0812945645,1085179
2023-09-19 00:00:00+00:00,19.120375557,19.3108953952,18.9982474556,19.20830779,1149217
2023-09-20 00:00:00+00:00,18.7686466249,19.2473887825,18.7295656325,19.1692267976,818120
2023-09-21 00:00:00+00:00,18.4657689334,18.6611738957,18.3973771966,18.6611738957,732077
2023-09-22 00:00:00+00:00,18.6123226551,18.778416873,18.4071474448,18.514620174,733535
2023-09-25 00:00:00+00:00,19.0519838202,19.20830779,18.4071474448,18.514620174,1121362
2023-09-26 00:00:00+00:00,18.6123226551,19.0422135721,18.6123226551,18.8663491061,932760
2023-09-27 00:00:00+00:00,18.8077276174,18.9005449745,18.6367482754,18.7979573693,935633
2023-09-28 00:00:00+00:00,19.1106053089,19.1741119216,18.773531749,18.8468086098,785658
2023-09-29 00:00:00+00:00,19.1594565494,19.3548615117,19.0812945645,19.2766995268,817577
2023-10-02 00:00:00+00:00,18.8956598504,19.1887672938,18.7344507565,19.1106053089,793488
2023-10-03 00:00:00+00:00,18.6709441438,18.9689367112,18.5634714146,18.7686466249,1049314
2023-10-04 00:00:00+00:00,18.69048464,18.8028424933,18.3827218245,18.6807143919,708580
2023-10-05 00:00:00+00:00,18.514620174,18.8126127414,18.5048499259,18.7002548881,893743
2023-10-06 00:00:00+00:00,19.0226730759,19.032443324,18.3289854598,18.4462284372,1694920
2023-10-09 00:00:00+00:00,18.8174978655,18.9738218353,18.5390457943,18.8174978655,981627
2023-10-10 00:00:00+00:00,18.9249705947,19.1643416735,18.8761193542,18.944511091,834325
2023-10-11 00:00:00+00:00,18.944511091,19.1594565494,18.778416873,19.032443324,741553
2023-10-12 00:00:00+00:00,18.7491061287,19.0519838202,18.5488160424,19.0422135721,508774
2023-10-13 00:00:00+00:00,18.5634714146,18.8077276174,18.4853094297,18.7686466249,723102
2023-10-16 00:00:00+00:00,18.7100251363,18.9835920834,18.6807143919,18.7588763768,788067
2023-10-17 00:00:00+00:00,18.7686466249,18.949396215,18.5048499259,18.514620174,1208076
2023-10-18 00:00:00+00:00,18.1042697533,18.5537011664,18.0163375202,18.4559986853,708377
2023-10-19 00:00:00+00:00,18.0358780165,18.338755708,17.9528309075,18.084729257,1199135
2023-10-20 00:00:00+00:00,17.9479457834,18.1628912419,17.8990945429,18.0749590089,916939
2023-10-23 00:00:00+00:00,17.7623110693,18.0749590089,17.7623110693,17.8404730542,1564769
2023-10-24 00:00:00+00:00,17.9284052872,18.0407631405,17.7867366896,17.8990945429,875944
2023-10-25 00:00:00+00:00,17.215177175,17.8355879301,17.1663259344,17.8111623099,2164407
2023-10-26 00:00:00+00:00,17.8795540467,19.0519838202,17.4301226335,18.7100251363,2930209
2023-10-27 00:00:00+00:00,17.5864466033,18.0163375202,17.5473656108,17.8600135504,1487325
2023-10-30 00:00:00+00:00,17.7818515655,17.8990945429,17.4985143702,17.7134598287,1162319
2023-10-31 00:00:00+00:00,17.8111623099,17.8795540467,17.5864466033,17.6157573476,1151649
2023-11-01 00:00:00+00:00,17.6939193325,17.7623110693,17.3519606486,17.7427705731,1215520
2023-11-02 00:00:00+00:00,18.1531209938,18.2019722344,17.7720813174,17.8307028061,1271330
2023-11-03 00:00:00+00:00,18.9542813391,19.037328448,18.4218028169,18.514620174,1205464
2023-11-06 00:00:00+00:00,18.8858896023,19.0422135721,18.7979573693,18.9054300985,1250555
2023-11-07 00:00:00+00:00,18.5341606702,18.7588763768,18.514620174,18.7588763768,835307
2023-11-08 00:00:00+00:00,18.6709441438,18.7344507565,18.3876069485,18.5634714146,1269718
2023-11-09 00:00:00+00:00,18.5243904221,18.8272681136,18.4657689334,18.8272681136,714114
2023-11-10 00:00:00+00:00,18.8272681136,18.8272681136,18.4218028169,18.5634714146,494992
2023-11-13 00:00:00+00:00,18.8468086098,18.9396259669,18.6709441438,18.7100251363,724311
2023-11-14 00:00:00+00:00,19.9801573909,19.9801573909,19.20830779,19.20830779,1054746
2023-11-15 00:00:00+00:00,19.9215359023,20.1755623532,19.7212458159,19.9606168947,1126225
2023-11-16 00:00:00+00:00,19.8922251579,19.9410763985,19.7017053197,19.814063173,949281
2023-11-17 00:00:00+00:00,19.9801573909,20.0876301202,19.8824549098,20.0290086315,749750
2023-11-20 00:00:00+00:00,20.1267111126,20.1951028494,19.8824549098,19.9801573909,807841
2023-11-21 00:00:00+00:00,19.9410763985,20.1754646507,19.9410763985,20.0876301202,723579
2023-11-22 00:00:00+00:00,20.0387788796,20.1413664848,19.8922251579,20.0094681353,610272
2023-11-24 00:00:00+00:00,20.1364813607,20.24395409,20.0290086315,20.0290086315,338278
2023-11-27 00:00:00+00:00,20.0974003683,20.2244135938,19.989927639,19.9996978872,624826
2023-11-28 00:00:00+00:00,20.2732648343,20.331886323,19.9410763985,20.0876301202,1596421
2023-11-29 00:00:00+00:00,20.4491293004,20.6543045107,20.3074607027,20.4784400447,1488274
2023-11-30 00:00:00+00:00,20.5566020296,20.586024647,20.3114135512,20.4683341774,1508893
2023-12-01 00:00:00+00:00,20.8410206645,20.8508282037,20.4192964817,20.4879492556,905569
2023-12-04 00:00:00+00:00,20.5566020296,20.870443282,20.5026605643,20.733137734,1563228
2023-12-05 00:00:00+00:00,20.0662250728,20.4340077904,20.0564175336,20.3800663251,1069663
2023-12-06 00:00:00+00:00,19.9485346031,20.5075643339,19.9191119857,20.1839155424,1341268
2023-12-07 00:00:00+00:00,20.2623758555,20.3212210903,19.9779572206,20.0368024554,1089575
2023-12-08 00:00:00+00:00,20.4192964817,20.5075643339,20.2354051229,20.2525683164,897564
2023-12-11 00:00:00+00:00,20.7429452732,20.9194809776,20.3408361686,20.3408361686,1429786
2023-12-12 00:00:00+00:00,20.7135226558,20.8410206645,20.6154472644,20.7723678906,1085350
2023-12-13 00:00:00+00:00,21.3412051605,21.4392805519,20.5811208774,20.6350623427,1281460
2023-12-14 00:00:00+00:00,21.9786952044,22.312151535,21.5177408649,21.5765860998,1530619
2023-12-15 00:00:00+00:00,21.9296575087,22.062059287,21.7727368825,21.9394650478,1488334
2023-12-18 00:00:00+00:00,21.7825444216,22.0669630566,21.7531218042,21.9688876652,1016056
2023-12-19 00:00:00+00:00,21.7727368825,22.0571555174,21.7482180346,22.0277329,1593749
2023-12-20 00:00:00+00:00,22.2336912219,22.4543608525,21.6746614911,21.8511971956,3348148
2023-12-21 00:00:00+00:00,22.8711812658,22.9349302701,22.4396495438,22.4788797003,2443914
2023-12-22 00:00:00+00:00,23.0084868137,23.0967546659,22.890796344,22.9790641963,1012223
2023-12-26 00:00:00+00:00,23.1359848224,23.288001679,22.9888717354,23.1261772833,706705
2023-12-27 00:00:00+00:00,23.0575245093,23.2337659876,22.993775505,23.1457923616,649720
2023-12-28 00:00:00+00:00,23.0182943528,23.1163697442,22.8515661875,23.0869471267,779238
2023-12-29 00:00:00+00:00,22.6946455613,22.9496415788,22.6652229439,22.8809888049,685421
2024-01-02 00:00:00+00:00,22.3709967698,22.6161852482,22.1895572958,22.4788797003,968780
2024-01-03 00:00:00+00:00,21.9002348913,22.0767705957,21.7874481912,22.0669630566,1272351
2024-01-04 00:00:00+00:00,21.7825444216,21.9983102826,21.6746614911,21.9296575087,1288417
2024-01-05 00:00:00+00:00,21.9198499695,22.1348312274,21.7629293434,21.7825444216,1099573
2024-01-08 00:00:00+00:00,22.1454233697,22.1650384479,21.8511971956,21.8708122739,1080892
2024-01-09 00:00:00+00:00,22.2238836828,22.2336912219,21.8217745782,21.8708122739,1339899
2024-01-10 00:00:00+00:00,22.2336912219,22.3415741524,22.0081178218,22.2533063002,1252653
2024-01-11 00:00:00+00:00,22.1944610653,22.312151535,22.0375404392,22.2827289176,1343000
2024-01-12 00:00:00+00:00,21.811967039,22.4004193872,21.7923519608,22.3808043089,2367598
2024-01-16 00:00:00+00:00,21.6256237954,21.664853952,21.3461089301,21.6158162563,1086185
2024-01-17 00:00:00+00:00,21.3510126996,21.4687031693,21.2823599257,21.2823599257,867201
2024-01-18 00:00:00+00:00,21.9394650478,21.9639838956,21.4539918606,21.4883182475,1034227
2024-01-19 00:00:00+00:00,22.5377249351,22.7240681787,21.7138916477,21.8708122739,3236408
2024-01-22 00:00:00+00:00,22.6946455613,22.8613737266,22.5769550917,22.6161852482,1445096
2024-01-23 00:00:00+00:00,22.5475324743,22.9398340397,22.2974402263,22.8711812658,1570122
2024-01-24 00:00:00+00:00,21.9885027435,22.6161852482,21.9688876652,22.6161852482,1368072
2024-01-25 00:00:00+00:00,22.0571555174,22.3170553046,21.8610047347,22.1552309088,1350079
2024-01-26 00:00:00+00:00,22.0865781349,22.3170553046,22.0424442087,22.2827289176,857875
2024-01-29 00:00:00+00:00,22.3906118481,22.4445533133,21.9002348913,22.0081178218,850509
2024-01-30 00:00:00+00:00,22.2827289176,22.4886872394,22.2042686045,22.3317666133,777645
2024-01-31 00:00:00+00:00,21.8021594999,22.3317666133,21.8021594999,22.2631138393,1383788
2024-02-01 00:00:00+00:00,22.0081178218,22.0571555174,21.596201178,21.9198499695,826989
2024-02-02 00:00:00+00:00,21.8315821173,21.9051386608,21.5128370954,21.7727368825,1416380
2024-02-05 00:00:00+00:00,21.380435317,21.5814898693,21.164669456,21.5765860998,1682036
2024-02-06 00:00:00+00:00,21.8217745782,21.8413896564,21.4785107084,21.4785107084,1179149
2024-02-07 00:00:00+00:00,22.1258082914,22.1993648349,21.7874481912,21.9394650478,1103333
2024-02-08 00:00:00+00:00,22.2925364567,22.3562854611,21.9885027435,22.0865781349,862822
2024-02-09 00:00:00+00:00,22.5377249351,22.5867626308,22.1944610653,22.3219590741,1115563
2024-02-12 00:00:00+00:00,22.7534907961,23.0133905832,22.5377249351,22.5475324743,993658
2024-02-13 00:00:00+00:00,22.243498761,22.4788797003,22.0228291305,22.2042686045,1259164
2024-02-14 00:00:00+00:00,22.7534907961,22.856469957,22.3268628437,22.4886872394,1418834
2024-02-15 00:00:00+00:00,23.3811733008,23.4007883791,22.9006038832,22.9006038832,1197876
2024-02-16 00:00:00+00:00,23.4007883791,23.6753994749,23.2046375964,23.2046375964,1840939
2024-02-20 00:00:00+00:00,23.0281018919,23.3027129877,22.9202189614,23.0477169702,1999188
2024-02-21 00:00:00+00:00,22.5573400134,22.743683257,21.0077488299,21.5373559432,3472754
2024-02-22 00:00:00+00:00,23.0869471267,23.39098084,22.8515661875,22.8515661875,1667191
2024-02-23 00:00:00+00:00,22.9398340397,23.1506961311,22.6456078656,23.0869471267,1584807
2024-02-26 00:00:00+00:00,22.9202189614,23.0868490514,22.7878171831,22.9104114223,1298877
2024-02-27 00:00:00+00:00,22.9496415788,23.209541366,22.9006038832,23.0967546659,927613
2024-02-28 00:00:00+00:00,22.9006038832,23.0575245093,22.7829134135,22.8319511092,777264
2024-02-29 00:00:00+00:00,23.1261772833,23.1704614526,22.8998359737,23.0376089448,1670839
2024-03-01 00:00:00+00:00,23.2541093278,23.4115641519,23.0179270918,23.0179270918,1131576
2024-03-04 00:00:00+00:00,23.1852228423,23.4189448468,23.1458591363,23.1950637688,892917
2024-03-05 00:00:00+00:00,22.8407904147,23.1753819158,22.7226992966,23.0080861653,1449862
2024-03-06 00:00:00+00:00,23.3229958134,23.3328367399,23.0376089448,23.1261772833,1587452
2024-03-07 00:00:00+00:00,23.765837506,23.9429741831,23.5591780494,23.5591780494,1168532
2024-03-08 00:00:00+00:00,23.569018976,24.0413834481,23.5296552699,23.8740876976,998641
2024-03-11 00:00:00+00:00,23.5985417555,23.7559965795,23.3722004459,23.5394961964,881752
2024-03-12 00:00:00+00:00,23.7264738,23.746155653,23.4952120272,23.628064535,668681
2024-03-13 00:00:00+00:00,24.0217015951,24.2431224414,23.687110094,23.687110094,1684571
2024-03-14 00:00:00+00:00,23.7363147265,24.0709062276,23.569018976,23.9331332566,836051
2024-03-15 00:00:00+00:00,23.7264738,23.9282127933,23.5099734169,23.5099734169,1189356
2024-03-18 00:00:00+00:00,23.687110094,24.0167811319,23.667428241,23.824883065,1416499
2024-03-19 00:00:00+00:00,23.5985417555,23.8740876976,23.588700829,23.687110094,1203018
2024-03-20 00:00:00+00:00,24.1988382722,24.2382019782,23.5985417555,23.6772691675,1005809
2024-03-21 00:00:00+00:00,24.2283610517,24.5531116263,24.2185201252,24.3070884637,1556302
2024-03-22 00:00:00+00:00,24.3661340227,24.6515208913,24.2480429047,24.2775656842,1708723
2024-03-25 00:00:00+00:00,24.3661340227,24.5727934793,24.2874066107,24.3661340227,921442
2024-03-26 00:00:00+00:00,24.2775656842,24.5137479203,24.2775656842,24.4645432878,1582605
2024-03-27 00:00:00+00:00,24.4940660673,24.5629525528,24.2874066107,24.4645432878,1299818
2024-03-28 00:00:00+00:00,24.5826344058,24.7400892299,24.4547023613,24.6219981118,1309116
2024-04-01 00:00:00+00:00,24.5924753323,24.7400892299,24.452734176,24.7204073769,958777
2024-04-02 00:00:00+00:00,24.2775656842,24.4940660673,24.1693154927,24.4547023613,1073601
2024-04-03 00:00:00+00:00,24.6416799648,24.8384984949,24.2185201252,24.2775656842,1872534
2024-04-04 00:00:00+00:00,24.5727934793,25.0845216575,24.4399409715,24.7991347889,1876487
2024-04-05 00:00:00+00:00,24.3169293902,24.6170776486,24.2431224414,24.5727934793,1184099
2024-04-08 00:00:00+00:00,24.9467486864,24.956589613,24.3169293902,24.5531116263,1326670
2024-04-09 00:00:00+00:00,25.3010220406,25.3108629671,24.9123054437,25.0845216575,1312334
2024-04-10 00:00:00+00:00,24.8877031274,25.3994313056,24.7991347889,24.8877031274,1723166
2024-04-11 00:00:00+00:00,24.7892938624,24.9369077599,24.4743842143,24.9270668334,954960
2024-04-12 00:00:00+00:00,24.2185201252,24.6859641341,24.0709062276,24.5629525528,718477
2024-04-15 00:00:00+00:00,24.0610653011,24.5924753323,23.8937695506,24.4448614348,1077746
2024-04-16 00:00:00+00:00,23.6969510205,23.9823378891,23.5788599025,23.9036104771,1430729
2024-04-17 00:00:00+00:00,23.3918822989,23.9577355728,23.3918822989,23.9134514036,1197150
2024-04-18 00:00:00+00:00,23.2541093278,23.5247348067,23.1163363568,23.5099734169,1083692
2024-04-19 00:00:00+00:00,23.3918822989,23.4263255417,23.0769726508,23.2737911808,1030915
2024-04-22 00:00:00+00:00,23.3229958134,23.4755301742,23.0572907978,23.3229958134,1385263
2024-04-23 00:00:00+00:00,23.5985417555,23.706791947,23.12125682,23.2049046953,915382
2024-04-24 00:00:00+00:00,23.4410869314,23.6821896307,23.1803023791,23.5788599025,1572995
2024-04-25 00:00:00+00:00,23.3033139604,23.4115641519,23.0720521875,23.2836321074,1899791
2024-04-26 00:00:00+00:00,23.4706097109,23.5985417555,23.3426776664,23.4804506374,1579320
2024-04-29 00:00:00+00:00,23.765837506,23.8199626018,23.5788599025,23.6379054615,2457737
2024-04-30 00:00:00+00:00,22.7620630027,23.687110094,22.7325402232,23.4607687844,1951384
2024-05-01 00:00:00+00:00,22.9490406062,23.5591780494,22.9391996797,23.0080861653,1204596
2024-05-02 00:00:00+00:00,23.2245865483,23.4066436886,22.9785633857,23.2442684013,804935
2024-05-03 00:00:00+00:00,23.4410869314,23.6575873145,23.3722004459,23.588700829,1279326
2024-05-06 00:00:00+00:00,23.4804506374,23.647746388,23.3279162766,23.6182236085,1266639
2024-05-07 00:00:00+00:00,23.6182236085,23.8445649181,23.5296552699,23.5296552699,1274428
2024-05-08 00:00:00+00:00,23.4115641519,23.647746388,23.3771209091,23.4214050784,2146537
2024-05-09 00:00:00+00:00,23.6182236085,23.7117124103,23.3771209091,23.4902915639,999380
2024-05-10 00:00:00+00:00,23.5493371229,23.7559965795,23.4804506374,23.706791947,753961
2024-05-13 00:00:00+00:00,23.3918822989,23.706791947,23.3869618356,23.6772691675,926089
2024-05-14 00:00:00+00:00,23.3131548869,23.5394961964,23.2098251586,23.5198143434,1043335
2024-05-15 00:00:00+00:00,23.4017232254,23.6231440717,23.2983934971,23.5394961964,2042500
2024-05-16 00:00:00+00:00,23.3426776664,23.5099734169,23.3229958134,23.4115641519,747472
2024-05-17 00:00:00+00:00,23.4214050784,23.588700829,23.3643277047,23.3918822989,1270220
2024-05-20 00:00:00+00:00,23.4706097109,23.6428259247,23.3771209091,23.4214050784,1218182
2024-05-21 00:00:00+00:00,23.7363147265,23.746155653,23.3918822989,23.4312460049,1483781
2024-05-22 00:00:00+00:00,23.4509278579,23.7264738,23.3328367399,23.569018976,1089190
2024-05-23 00:00:00+00:00,23.5001324904,23.785519359,23.4115641519,23.6379054615,1478258
2024-05-24 00:00:00+00:00,23.9626560361,23.9823378891,23.6133031452,23.687110094,1518281
2024-05-28 00:00:00+00:00,23.687110094,24.2775656842,23.6526668512,24.1004290071,1335774
2024-05-29 00:00:00+00:00,23.3722004459,23.5394961964,23.2934730339,23.4312460049,993477
2024-05-30 00:00:00+00:00,23.5394961964,23.6723487042,23.4164846151,23.4509278579,1049362
2024-05-31 00:00:00+00:00,23.7264738,23.7363474886,23.3759578533,23.5783684704,1793809
2024-06-03 00:00:00+00:00,23.4401368295,24.0029370819,23.3808946976,23.864705441,1246113
2024-06-04 00:00:00+00:00,22.8674628884,23.3265894101,22.8378418225,23.2130419908,1885959
2024-06-05 00:00:00+00:00,23.6079895363,23.6573579795,22.8872102657,22.9464523975,1375581
2024-06-06 00:00:00+00:00,23.3611473204,23.6869790455,23.3068420328,23.6079895363,1672469
2024-06-07 00:00:00+00:00,23.2229156794,23.3957052306,23.0748103498,23.0945577271,987875
2024-06-10 00:00:00+00:00,23.3413999431,23.479631584,23.0056945293,23.0254419066,983091
2024-06-11 00:00:00+00:00,23.4302631408,23.4500105181,23.1636735476,23.262410434,789851
2024-06-12 00:00:00+00:00,26.6095908827,26.6688330145,25.2568955391,25.6320957074,5407344
2024-06-13 00:00:00+00:00,26.4121171099,26.7359740972,25.9233695222,26.7280751463,2731380
2024-06-14 00:00:00+00:00,26.1257801393,26.1948959598,25.6715904619,25.9678011211,1695835
2024-06-17 00:00:00+00:00,26.7478225236,26.8366857214,25.888811612,26.1948959598,1697321
2024-06-18 00:00:00+00:00,27.4982228602,27.5080965488,26.599717194,26.8366857214,2291653
2024-06-20 00:00:00+00:00,26.9650436737,27.4587281056,26.8959278532,27.4093596624,2127663
2024-06-21 00:00:00+00:00,26.8761804759,27.0144121169,26.6244014156,26.8860541646,2074215
2024-06-24 00:00:00+00:00,26.5306013735,27.202012201,26.5108539963,27.0835279373,2443511
2024-06-25 00:00:00+00:00,26.3726223553,26.6095908827,26.3232539121,26.5108539963,1608296
2024-06-26 00:00:00+00:00,26.6885803918,26.7823804338,26.3431000263,26.3726223553,1715266
2024-06-27 00:00:00+00:00,26.5009803076,26.6935172361,26.4219907985,26.6392119486,1227415
2024-06-28 00:00:00+00:00,26.7774435895,27.0242858055,26.4713592417,26.599717194,2241944
2024-07-01 00:00:00+00:00,26.5009803076,26.9946647396,26.3035065348,26.8663067873,1116805
2024-07-02 00:00:00+00:00,26.737948835,26.7873172782,26.3923697326,26.4614855531,906898
2024-07-03 00:00:00+00:00,26.5799698167,26.955169985,26.5108539963,26.8366857214,505620
2024-07-05 00:00:00+00:00,26.737948835,26.8120014998,26.3430012894,26.4516118644,2008262
2024-07-08 00:00:00+00:00,27.0341594941,27.1970753567,26.7478225236,26.8169383441,1091373
2024-07-09 00:00:00+00:00,26.8366857214,27.1328963805,26.7280751463,27.0341594941,1015381
2024-07-10 00:00:00+00:00,27.1526437578,27.2316332669,26.8366857214,26.8761804759,1362677
2024-07-11 00:00:00+00:00,27.448854417,27.7253176989,27.4291070397,27.5673386807,1605797
2024-07-12 00:00:00+00:00,27.7549387648,27.9573493819,27.518365185,27.6068334352,1059529
2024-07-15 00:00:00+00:00,27.340243842,27.8339282739,27.3303701533,27.7450650762,1517200
2024-07-16 00:00:00+00:00,28.2190021308,28.3226758616,27.3797385965,27.448854417,1571505
2024-07-17 00:00:00+00:00,26.9749173623,28.0707980644,26.9452962964,27.9622862262,1681576
2024-07-18 00:00:00+00:00,26.3726223553,27.3896122852,26.2541380916,27.0144121169,1639956
2024-07-19 00:00:00+00:00,26.6095908827,26.723138302,26.2640117803,26.352874978,1320246
2024-07-22 00:00:00+00:00,27.2513806442,27.2810017101,26.6589593259,26.7182014577,1079911
2024-07-23 00:00:00+00:00,27.310622776,27.4587281056,27.0539068714,27.2513806442,990077
2024-07-24 00:00:00+00:00,26.382496044,27.2711280215,26.3627486667,27.1822648237,766402
2024-07-25 00:00:00+00:00,26.1652748939,26.7576962122,26.0665380075,26.4121171099,1492653
2024-07-26 00:00:00+00:00,26.5898435054,26.8663067873,26.4022434212,26.491106619,1368006
2024-07-29 00:00:00+00:00,26.5799698167,26.8169383441,26.4417381758,26.708327769,1663233
2024-07-30 00:00:00+00:00,25.7703273483,26.8564330986,25.4839903778,25.780201037,1938540
2024-07-31 00:00:00+00:00,26.6095908827,27.0440331828,26.3627486667,26.5404750622,2708706
2024-08-01 00:00:00+00:00,25.8196957915,26.7853425404,25.5531061983,26.4713592417,1342285
2024-08-02 00:00:00+00:00,24.8323269276,25.0495480777,24.2991477411,25.0495480777,1720569
2024-08-05 00:00:00+00:00,24.0918002797,24.3830740945,23.3907683863,23.7659685546,1408284
2024-08-06 00:00:00+00:00,24.2300319206,24.7533374185,24.081926591,24.1411687229,1306738
2024-08-07 00:00:00+00:00,23.9338212614,24.5953584003,23.7758422432,24.575611023,1806409
2024-08-08 00:00:00+00:00,24.6546005321,24.684221598,24.1312950342,24.437379382,1172997
2024-08-09 00:00:00+00:00,24.9211901254,24.9508111913,24.5163688911,24.6447268435,957417
2024-08-12 00:00:00+00:00,24.7829584844,25.0298007004,24.6348531548,24.8718216822,948768
2024-08-13 00:00:00+00:00,25.2470218504,25.3358850482,24.9409375026,25.0495480777,1395658
2024-08-14 00:00:00+00:00,25.2272744732,25.4148745573,25.0051164788,25.2963902936,869591
2024-08-15 00:00:00+00:00,25.5827272642,25.7900747256,25.4444956232,25.6913378392,1298604
2024-08-16 00:00:00+00:00,25.2272744732,25.5728535755,25.1285375868,25.533358821,1657442
2024-08-19 00:00:00+00:00,25.3161376709,25.4444956232,25.1877797186,25.3062639823,904967
2024-08-20 00:00:00+00:00,25.039674389,25.5629798869,25.0199270117,25.3062639823,803062
2024-08-21 00:00:00+00:00,25.5136114437,25.533358821,25.1285375868,25.2667692277,983895
2024-08-22 00:00:00+00:00,25.1087902095,25.5629798869,25.0989165209,25.4839903778,1024312
2024-08-23 00:00:00+00:00,25.8986853006,25.8986853006,25.2272744732,25.3161376709,1458034
2024-08-26 00:00:00+00:00,25.6715904619,26.2343907144,25.6518430847,26.0961590734,700928
2024-08-27 00:00:00+00:00,25.7900747256,25.8345063245,25.3753798028,25.6024746415,1018957
2024-08-28 00:00:00+00:00,25.8986853006,25.9480537438,25.641969396,25.641969396,625069
2024-08-29 00:00:00+00:00,26.1751485825,26.4417381758,25.8986853006,26.1159064507,811120
2024-08-30 00:00:00+00:00,26.4812329303,26.5852168293,26.1049102485,26.3227812748,1021932
2024-09-03 00:00:00+00:00,25.4314907125,26.2831683609,25.3126519708,26.0752005631,1425817
2024-09-04 00:00:00+00:00,25.2928455139,25.6642165815,25.2829422854,25.3225551993,936836
2024-09-05 00:00:00+00:00,25.6196520534,25.6889746527,25.2730390569,25.2829422854,1010076
2024-09-06 00:00:00+00:00,24.7382647195,25.6642165815,24.5996195209,25.5206197687,1339340
2024-09-09 00:00:00+00:00,24.7283614911,25.0254583452,24.5946679067,24.7778776334,1044798
2024-09-10 00:00:00+00:00,24.6590388918,24.7976840903,24.3569904234,24.7382647195,855928
2024-09-11 00:00:00+00:00,25.0353615736,25.084877716,24.2728129814,24.7580711765,1023713
2024-09-12 00:00:00+00:00,25.0551680306,25.2482809858,24.8868131466,25.0155551167,1200639
2024-09-13 00:00:00+00:00,25.3720713416,25.4612003979,25.2235229146,25.2928455139,648375
2024-09-16 00:00:00+00:00,25.6394585103,25.7186843381,25.2928455139,25.4314907125,1342910
2024-09-17 00:00:00+00:00,25.4413939409,26.0355876492,25.2383777573,25.8177166228,1419273
2024-09-18 00:00:00+00:00,24.9957486598,25.589942368,24.8174905473,25.589942368,1637597
2024-09-19 00:00:00+00:00,25.5800391395,25.7979101659,25.3720713416,25.6097488249,1204000
2024-09-20 00:00:00+00:00,25.3621681132,25.4958616975,25.0155551167,25.4413939409,1339040
2024-09-23 00:00:00+00:00,25.4612003979,25.6493617388,25.2730390569,25.5305229972,1178455
2024-09-24 00:00:00+00:00,25.8771359936,26.0652973346,25.6493617388,25.6889746527,958564
2024-09-25 00:00:00+00:00,25.7384907951,26.0454908776,25.7087811096,25.8969424506,762563
2024-09-26 00:00:00+00:00,26.7585233275,26.8823136834,25.8276198513,25.8375230798,1368102
2024-09-27 00:00:00+00:00,26.7486200991,27.0605717959,26.5505555296,26.8971685261,894631
2024-09-30 00:00:00+00:00,26.8971685261,26.9268782115,26.4812329303,26.6099749005,1129784
2024-10-01 00:00:00+00:00,26.5109426158,26.8278459268,26.1643296193,26.8278459268,1740969
2024-10-02 00:00:00+00:00,26.4614264734,26.7288136421,26.2494973841,26.4218135595,958877
2024-10-03 00:00:00+00:00,26.0157811922,26.3623941887,26.0058779638,26.2435554471,1153203
2024-10-04 00:00:00+00:00,26.1742328478,26.4911361588,26.0405392634,26.4911361588,801294
2024-10-07 00:00:00+00:00,25.3621681132,26.1148134769,25.2829422854,25.8474263082,2271661
2024-10-08 00:00:00+00:00,25.4314907125,25.5750875253,24.8571034612,25.2235229146,1097578
2024-10-09 00:00:00+00:00,25.5404262256,25.6592649673,25.2037164576,25.5008133118,959498
2024-10-10 00:00:00+00:00,25.3720713416,25.5552810683,25.2037164576,25.2928455139,789263
2024-10-11 00:00:00+00:00,25.7285875666,25.7682004805,25.3621681132,25.3621681132,527633
2024-10-14 00:00:00+00:00,25.926652136,26.2039425332,25.7418578927,25.926652136,1043984
2024-10-15 00:00:00+00:00,25.421587484,26.0157811922,25.2334261431,25.8078133943,1331051
2024-10-16 00:00:00+00:00,25.2433293715,25.8474263082,25.2433293715,25.6196520534,1109154
2024-10-17 00:00:00+00:00,25.2730390569,25.6691681958,25.2235229146,25.6691681958,827669
2024-10-18 00:00:00+00:00,24.9957486598,25.3324584278,24.9016679893,25.3324584278,648621
2024-10-21 00:00:00+00:00,24.579813064,24.9462325174,24.495635622,24.9066196035,952728
2024-10-22 00:00:00+00:00,24.4015549515,24.6491356633,24.3223291238,24.5203936932,1418732
2024-10-23 00:00:00+00:00,26.6495878143,27.6597171183,24.2827162099,24.2827162099,7626243
2024-10-24 00:00:00+00:00,26.7189104136,27.1546524663,26.2584102898,26.8377491553,3783188
2024-10-25 00:00:00+00:00,26.7090071852,27.2190234514,26.5406523012,27.0358137247,2286265
2024-10-28 00:00:00+00:00,26.4119103311,26.8882556205,26.3326845033,26.8872652976,2098844
2024-10-29 00:00:00+00:00,27.4220396351,27.862733302,26.3128780463,27.0556201816,2215802
2024-10-30 00:00:00+00:00,27.3428138073,27.8033139312,27.3131041219,27.6894268038,1420960
2024-10-31 00:00:00+00:00,26.8377491553,27.2833944365,26.8278459268,27.2338782941,1200718
2024-11-01 00:00:00+00:00,26.93678144,27.3428138073,26.8223991512,26.8476523838,1329851
2024-11-04 00:00:00+00:00,27.1447492379,27.3032008934,26.93678144,26.9466846685,1100384
2024-11-05 00:00:00+00:00,27.5804912906,27.5903945191,26.9862975823,26.9862975823,785853
2024-11-06 00:00:00+00:00,28.62033028,28.7589754786,27.946910744,28.3826527967,1271091
2024-11-07 00:00:00+00:00,28.5510076807,28.8778142202,28.5113947668,28.7787819355,1068242
2024-11-08 00:00:00+00:00,28.2935237405,28.6005238231,28.0459430287,28.3034269689,1015678
2024-11-11 00:00:00+00:00,28.4618786245,28.5460560665,28.1944914558,28.3529431113,872535
2024-11-12 00:00:00+00:00,28.115265628,28.3529431113,27.8478784593,28.2539108266,1056694
2024-11-13 00:00:00+00:00,28.2341043696,28.4915883099,28.0360398002,28.1449753134,948169
2024-11-14 00:00:00+00:00,27.9667172009,28.3975076394,27.8775881447,28.2341043696,952624
2024-11-15 00:00:00+00:00,27.7983623169,28.0954591711,27.7537977888,27.8577816878,910159
2024-11-18 00:00:00+00:00,27.7587494031,28.1449753134,27.6993300322,27.7488461746,776024
2024-11-19 00:00:00+00:00,27.441846092,27.6201042045,27.1447492379,27.5210719198,2354591
2024-11-20 00:00:00+00:00,27.441846092,27.6300074329,27.1249427809,27.4814590059,1895145
2024-11-21 00:00:00+00:00,28.283620512,28.2935237405,27.4319428635,27.4319428635,1094464
2024-11-22 00:00:00+00:00,28.7589754786,28.788685164,28.2093462985,28.2440075981,957498
2024-11-25 00:00:00+00:00,29.0461691042,29.4918143854,28.9273303626,28.9966529619,2453327
2024-11-26 00:00:00+00:00,28.3727495682,29.1551046174,28.3479914971,28.9273303626,1483565
2024-11-27 00:00:00+00:00,28.1944914558,28.62033028,27.946910744,28.3529431113,1245026
2024-11-29 00:00:00+00:00,28.4024592536,28.5014915383,28.2440075981,28.283620512,800922
2024-12-02 00:00:00+00:00,28.2737172835,28.422683128,28.1148203827,28.3630967902,849819
2024-12-03 00:00:00+00:00,27.6778539056,28.3730278465,27.6430952085,28.2935793961,994805
2024-12-04 00:00:00+00:00,27.6182675678,27.7771644686,27.5487501737,27.6877849619,1189132
2024-12-05 00:00:00+00:00,27.459370667,27.657991793,27.3203358788,27.4494396107,999694
2024-12-06 00:00:00+00:00,27.6281986241,27.7076470745,27.3302669351,27.5487501737,783250
2024-12-09 00:00:00+00:00,27.5785433426,28.0750961575,27.5437846455,27.7970265812,894918
2024-12-10 00:00:00+00:00,27.1813010906,27.4494396107,27.1217147528,27.4494396107,901660
2024-12-11 00:00:00+00:00,27.3104048225,27.5090259485,27.1117836965,27.3104048225,854972
2024-12-12 00:00:00+00:00,27.6281986241,27.8367508064,27.1961976751,27.2706805973,2061740
2024-12-13 00:00:00+00:00,27.1018526402,27.6877849619,26.9975765491,27.5984054552,880623
2024-12-16 00:00:00+00:00,26.6450240505,27.2110942595,26.4861271497,26.962817852,1274853
2024-12-17 00:00:00+00:00,26.5258513749,26.6897138038,26.2199748409,26.5258513749,1277096
2024-12-18 00:00:00+00:00,25.5029525761,26.8237830639,25.4830904635,26.6052998253,1162879
2024-12-19 00:00:00+00:00,25.1454345493,25.7115047584,25.0163308174,25.5923320828,1803718
2024-12-20 00:00:00+00:00,25.1156413804,25.4532972946,24.8971581418,24.936882367,2255617
2024-12-23 00:00:00+00:00,25.3639177879,25.4830904635,24.9766065922,24.9964687048,1280680
2024-12-24 00:00:00+00:00,25.5625389139,25.6717805332,25.2844693375,25.4731594072,524706
2024-12-26 00:00:00+00:00,25.6618494769,25.7412979273,25.3560722534,25.4532972946,686429
2024-12-27 00:00:00+00:00,25.4235041257,25.7710910962,25.2248829997,25.4235041257,785678
2024-12-30 00:00:00+00:00,25.334124619,25.433435182,24.8971581418,25.1156413804,919184
2024-12-31 00:00:00+00:00,25.2546761686,25.4532972946,25.0659860989,25.3738488442,789974
2025-01-02 00:00:00+00:00,24.9964687048,25.5228146887,24.9865376485,25.334124619,1090861
2025-01-03 00:00:00+00:00,25.1454345493,25.2546761686,24.9269513107,25.1057103241,1368019
2025-01-06 00:00:00+00:00,25.3241935627,25.532745745,25.1950898308,25.3241935627,1484959
2025-01-07 00:00:00+00:00,25.6121941954,25.7214358147,25.2844693375,25.4036420131,1443524
2025-01-08 00:00:00+00:00,25.3043314501,25.5228146887,24.9815721204,25.4433662383,1993396
2025-01-10 00:00:00+00:00,25.2050208871,25.3837799005,24.7084680721,24.8177096914,1330618
2025-01-13 00:00:00+00:00,24.8276407477,24.9865376485,24.668743847,24.9766065922,1518390
2025-01-14 00:00:00+00:00,24.7084680721,24.7779854662,24.370812158,24.4899848336,2588587
2025-01-15 00:00:00+00:00,25.334124619,25.532745745,25.1057103241,25.2050208871,1236022
2025-01-16 00:00:00+00:00,25.5724699702,25.6171597235,25.3043314501,25.3440556753,835303
2025-01-17 00:00:00+00:00,25.7710910962,25.9697122221,25.7561945117,25.8207463776,788038
2025-01-21 00:00:00+00:00,26.1186780666,26.2279196859,25.9101258843,25.9101258843,1066225
2025-01-22 00:00:00+00:00,25.9597811658,26.4066786993,25.9399190532,26.0888848977,1202574
2025-01-23 00:00:00+00:00,26.0094364473,26.098815954,25.7015737021,25.9101258843,1091863
2025-01-24 00:00:00+00:00,25.900194828,26.16336782,25.8406084902,26.0193675036,1023992
2025-01-27 00:00:00+00:00,25.3639177879,25.6618494769,24.7481922973,25.5128836324,1356954
2025-01-28 00:00:00+00:00,25.234814056,25.3937109568,25.1057103241,25.2050208871,1232313
2025-01-29 00:00:00+00:00,25.1454345493,25.532745745,25.0163308174,25.2248829997,1552268
2025-01-30 00:00:00+00:00,25.6221252517,25.6916426458,25.135503493,25.3639177879,991718
2025-01-31 00:00:00+00:00,25.632056308,25.8704016591,25.4433662383,25.6618494769,970214
2025-02-03 00:00:00+00:00,24.8475028603,25.3241935627,24.6240540936,25.0063997611,1084740
2025-02-04 00:00:00+00:00,25.1752277182,25.4433662383,24.7432267692,24.8673649729,1391145
2025-02-05 00:00:00+00:00,25.1454345493,25.2546761686,24.9219857826,25.1652966619,2375691
2025-02-06 00:00:00+00:00,25.4632283509,25.7401062005,25.2646072249,25.334124619,1323164
2025-02-07 00:00:00+00:00,25.2050208871,25.5228146887,25.001434233,25.4731594072,1139427
2025-02-10 00:00:00+00:00,25.1752277182,25.3539867316,24.9915031767,25.3539867316,1381972
2025-02-11 00:00:00+00:00,25.632056308,25.731366871,25.234814056,25.2546761686,1228801
2025-02-12 00:00:00+00:00,25.8207463776,26.0094364473,25.2149519434,25.334124619,1737701
2025-02-13 00:00:00+00:00,25.9101258843,26.0590917288,25.5228146887,25.999505391,1166246
2025-02-14 00:00:00+00:00,25.9498501095,26.1881954607,25.7810221525,25.9399190532,1300372
2025-02-18 00:00:00+00:00,26.2080575733,26.3570234178,25.9895743347,26.0690227851,2180326
2025-02-19 00:00:00+00:00,27.360060104,27.5040604203,26.0144019755,26.0491606725,2226629
2025-02-20 00:00:00+00:00,26.9032315142,27.3501290477,26.8039209513,27.2110942595,2012836
2025-02-21 00:00:00+00:00,26.3172991926,27.0224041898,25.900194828,27.0224041898,1690305
2025-02-24 00:00:00+00:00,26.0888848977,26.5357824312,25.7810221525,26.3172991926,1527668
2025-02-25 00:00:00+00:00,26.1087470103,26.4017131711,25.900194828,25.9101258843,1507709
2025-02-26 00:00:00+00:00,25.9299879969,26.3868165867,25.8604706028,26.1385401792,1611800
2025-02-27 00:00:00+00:00,25.7512289836,26.198126517,25.6519184206,25.9101258843,1722855
2025-02-28 00:00:00+00:00,25.9299879969,25.9697122221,25.468193879,25.7710910962,1701692
2025-03-03 00:00:00+00:00,25.3043314501,26.22086629,25.1598775895,26.1312052731,1305879
2025-03-04 00:00:00+00:00,24.5073446328,25.1748210923,24.3579096045,24.9656120527,2008053
2025-03-05 00:00:00+00:00,25.1847834275,25.2694632768,24.6468173258,24.6667419962,1760425
2025-03-06 00:00:00+00:00,24.5870433145,25.4537664783,24.5471939736,24.9954990584,2647332
2025-03-07 00:00:00+00:00,24.7564030132,24.7763276836,24.1088512241,24.4774576271,4850477
2025-03-10 00:00:00+00:00,25.1050847458,25.8124105461,24.5671186441,25.6530131827,7327448
2025-03-11 00:00:00+00:00,25.3840301318,25.7576177024,24.6717231638,25.2146704331,4586503
2025-03-12 00:00:00+00:00,25.025386064,25.7526365348,24.8809322034,25.5533898305,3529756
2025-03-13 00:00:00+00:00,25.1250094162,25.5235028249,24.7265160075,25.0453107345,2907421
2025-03-14 00:00:00+00:00,26.0016949153,26.1411676083,25.3043314501,25.5235028249,2635894
2025-03-17 00:00:00+00:00,26.4699246704,26.6343032015,25.8821468927,25.8821468927,2575472
2025-03-18 00:00:00+00:00,26.22086629,26.6691713748,26.0913559322,26.4699246704,3241520
2025-03-19 00:00:00+00:00,26.081393597,26.4201129944,25.9020715631,26.2507532957,5061969
2025-03-20 00:00:00+00:00,26.1312052731,26.4101506591,25.8024482109,25.9020715631,3512738
2025-03-21 00:00:00+00:00,25.1349717514,25.9020715631,24.7663653484,25.7924858757,43421920
2025-03-24 00:00:00+00:00,25.5135404896,25.6530131827,25.115047081,25.2744444444,2861653
2025-03-25 00:00:00+00:00,24.8161770245,25.5135404896,24.6517984934,25.4936158192,2146355
2025-03-26 00:00:00+00:00,24.6169303202,24.9755743879,24.4176836158,24.885913371,1772211
2025-03-27 00:00:00+00:00,23.5111111111,24.5372316384,22.8436346516,24.427645951,6807222
2025-03-28 00:00:00+00:00,22.8336723164,23.6705084746,22.6244632768,23.5708851224,2691845
2025-03-31 00:00:00+00:00,22.5248399247,22.6692937853,22.2757815443,22.4750282486,3223459
2025-04-01 00:00:00+00:00,22.4849905838,22.6543502825,22.0486403013,22.4650659134,3589852
2025-04-02 00:00:00+00:00,22.6045386064,22.7788794727,22.1562335217,22.1562335217,1926373
2025-04-03 00:00:00+00:00,20.054180791,21.8623446328,19.9968973635,21.7776647834,3988506
2025-04-04 00:00:00+00:00,18.2310734463,19.4016478343,17.6532580038,19.0977966102,4671370
2025-04-07 00:00:00+00:00,18.3207344633,18.8686629002,16.7367231638,17.5635969868,6117240
2025-04-08 00:00:00+00:00,17.434086629,19.0977966102,16.9359698682,18.8686629002,5785738
2025-04-09 00:00:00+00:00,19.2970433145,19.4962900188,16.7068361582,17.2348399247,7658207
2025-04-10 00:00:00+00:00,17.942165725,18.7740207156,17.5685781544,18.490094162,3297813
2025-04-11 00:00:00+00:00,18.1812617702,18.3008097928,17.1651035782,17.9122787194,2986764
2025-04-14 00:00:00+00:00,18.7989265537,19.2671563089,18.4901937853,18.8985499058,3524214
2025-04-15 00:00:00+00:00,18.6793785311,19.087834275,18.3605838041,18.8387758945,2761187
2025-04-16 00:00:00+00:00,18.5299435028,18.8088888889,18.3257156309,18.4801318267,3349941
2025-04-17 00:00:00+00:00,18.858700565,19.137645951,18.6146233522,18.6993032015,2563352
2025-04-21 00:00:00+00:00,17.9322033898,18.8088888889,17.7030696798,18.6395291902,4998811
2025-04-22 00:00:00+00:00,18.7989265537,18.8437570621,17.9720527307,18.171299435,11040716
2025-04-23 00:00:00+00:00,19.1476082863,20.2085969868,19.0479849341,19.6058757062,4909290
2025-04-24 00:00:00+00:00,20.4526741996,20.587165725,19.6008945386,20.1139548023,4803484
2025-04-25 00:00:00+00:00,20.1239171375,20.5224105461,19.9944067797,20.0342561205,2366600
2025-04-28 00:00:00+00:00,19.964519774,20.70173258,19.7951600753,20.2833145009,1714044
2025-04-29 00:00:00+00:00,20.1637664783,20.3580320151,19.8798399247,19.9246704331,2179234
2025-04-30 00:00:00+00:00,20.333126177,20.422787194,19.6606685499,19.825047081,2355166
2025-05-01 00:00:00+00:00,20.562259887,20.8511676083,20.3530508475,20.4028625235,2229050
2025-05-02 00:00:00+00:00,20.9906403013,21.3492843691,20.7963747646,21.1799246704,1764905
2025-05-05 00:00:00+00:00,20.8113182674,20.93086629,20.6120715631,20.7714689266,2073817
2025-05-06 00:00:00+00:00,20.6419585687,20.8113182674,20.422787194,20.5323728814,1887986
2025-05-07 00:00:00+00:00,20.8511676083,20.93086629,20.5323728814,20.6618832392,2753290
2025-05-08 00:00:00+00:00,21.2496610169,21.3841525424,20.8611299435,21.1002259887,1716425
2025-05-09 00:00:00+00:00,21.1002259887,21.3592467043,20.8860357815,21.2496610169,1457107
2025-05-12 00:00:00+00:00,22.7539736347,22.863559322,22.1612146893,22.355480226,2735584
2025-05-13 00:00:00+00:00,22.7041619586,23.0428813559,22.6145009416,22.7639359699,1884311
2025-05-14 00:00:00+00:00,22.2060451977,22.6941996234,22.0964595104,22.5746516008,1615498
2025-05-15 00:00:00+00:00,22.0366854991,22.0964595104,21.7278531073,21.9968361582,1032426
2025-05-16 00:00:00+00:00,22.2558568738,22.2909242938,21.6381920904,21.6381920904,1157794
2025-05-19 00:00:00+00:00,22.355480226,22.380386064,21.6880037665,21.7477777778,1626477
2025-05-20 00:00:00+00:00,22.0964595104,22.3953295669,21.9470244821,22.265819209,1420387
2025-05-21 00:00:00+00:00,21.2895103578,21.9270998117,21.2197740113,21.8673258004,2479980
2025-05-22 00:00:00+00:00,21.5086817326,21.668079096,21.1201506591,21.1500376648,1341089
2025-05-23 00:00:00+00:00,21.3193973635,21.4688323917,20.905960452,20.93086629,974086
2025-05-27 00:00:00+00:00,22.0067984934,22.0466478343,21.5584934087,21.7378154426,1156101
2025-05-28 00:00:00+00:00,21.3791713748,21.9669491525,21.3243785311,21.9669491525,1121959
2025-05-29 00:00:00+00:00,21.757740113,21.8274764595,21.4787947269,21.7178907721,1501077
2025-05-30 00:00:00+00:00,21.299472693,21.6929849341,21.0803013183,21.5784180791,1440266
2025-06-02 00:00:00+00:00,21.16,21.27,20.8,21.27,1505774
2025-06-03 00:00:00+00:00,21.41,21.59,21.01,21.16,1336124
2025-06-04 00:00:00+00:00,21.58,21.725,21.36,21.4,1408432
2025-06-05 00:00:00+00:00,21.26,21.7199,21.14,21.66,1265349
2025-06-06 00:00:00+00:00,21.67,21.72,21.44,21.59,1560450
2025-06-09 00:00:00+00:00,21.96,22.27,21.76,21.94,2307123
2025-06-10 00:00:00+00:00,22.05,22.29,21.9,22.29,1232748
2025-06-11 00:00:00+00:00,21.74,22.1858,21.65,22.09,1838628
2025-06-12 00:00:00+00:00,21.64,21.67,21.28,21.44,1244057
2025-06-13 00:00:00+00:00,21.01,21.48,20.95,21.19,1509765
2025-06-16 00:00:00+00:00,21.57,21.65,21.145,21.4,2021156
2025-06-17 00:00:00+00:00,21.43,21.57,21.3,21.39,2034060
2025-06-18 00:00:00+00:00,21.37,21.8,21.325,21.48,2227862
2025-06-20 00:00:00+00:00,21.48,21.66,21.32,21.49,4312704
2025-06-23 00:00:00+00:00,21.96,22.035,21.28,21.33,2754326
2025-06-24 00:00:00+00:00,22.3,22.66,22.08,22.25,2172123
2025-06-25 00:00:00+00:00,22.64,22.7,22.285,22.37,2828934
2025-06-26 00:00:00+00:00,22.96,23.12,22.83,22.84,2368093
2025-06-27 00:00:00+00:00,22.79,23.22,22.78,23.08,4522823
2025-06-30 00:00:00+00:00,22.65,22.97,22.52,22.87,2440858
2025-07-01 00:00:00+00:00,23.13,23.515,22.44,22.44,2136538
2025-07-02 00:00:00+00:00,24.05,24.07,23.11,23.36,3038038
2025-07-03 00:00:00+00:00,24.0,24.49,23.86,24.42,1335804
2025-07-07 00:00:00+00:00,24.66,25.05,24.15,24.44,6497433
2025-07-08 00:00:00+00:00,24.39,24.81,24.295,24.7,2863913
2025-07-09 00:00:00+00:00,24.76,24.79,24.31,24.68,1866921
2025-07-10 00:00:00+00:00,25.1,25.35,24.82,25.0,2002033
2025-07-11 00:00:00+00:00,24.68,24.84,24.46,24.65,2254052
2025-07-14 00:00:00+00:00,24.47,24.85,24.295,24.545,1432753
2025-07-15 00:00:00+00:00,24.2,24.76,24.17,24.75,1484048
2025-07-16 00:00:00+00:00,24.23,24.46,23.72,24.23,1631359
2025-07-17 00:00:00+00:00,24.69,24.775,24.06,24.06,1729662
2025-07-18 00:00:00+00:00,24.72,24.825,24.48,24.78,1834073
2025-07-21 00:00:00+00:00,24.47,24.99,24.43,24.96,1713670
2025-07-22 00:00:00+00:00,24.53,24.675,24.29,24.5,1840435
2025-07-23 00:00:00+00:00,24.21,24.81,24.09,24.68,3526441
2025-07-24 00:00:00+00:00,23.69,24.02,23.39,23.85,2996404
2025-07-25 00:00:00+00:00,23.82,23.885,23.51,23.81,1373890
