date,Open,High,Low,Close,Volume
2024-12-16 15:00:00+00:00,35.88,36.19,35.35,35.55,23709.0
2024-12-16 16:00:00+00:00,35.58,35.58,34.97,35.285,13478.0
2024-12-16 17:00:00+00:00,35.27,35.305,35.1,35.26,8857.0
2024-12-16 18:00:00+00:00,35.26,35.28,34.8,34.85,9571.0
2024-12-16 19:00:00+00:00,34.85,35.32,34.85,35.32,5837.0
2024-12-16 20:00:00+00:00,35.32,35.68,35.27,35.615,22128.0
2024-12-17 15:00:00+00:00,35.07,35.24,34.695,34.96,13366.0
2024-12-17 16:00:00+00:00,34.96,35.19,34.69,35.015,6861.0
2024-12-17 17:00:00+00:00,35.025,35.18,34.83,35.17,4447.0
2024-12-17 18:00:00+00:00,35.17,35.26,34.95,35.04,5289.0
2024-12-17 19:00:00+00:00,35.04,35.05,34.93,34.96,3384.0
2024-12-17 20:00:00+00:00,34.96,34.98,34.54,34.825,14548.0
2024-12-18 15:00:00+00:00,34.755,34.78,34.41,34.65,8414.0
2024-12-18 16:00:00+00:00,34.65,34.65,34.3,34.46,5672.0
2024-12-18 17:00:00+00:00,34.48,34.75,34.42,34.64,3085.0
2024-12-18 18:00:00+00:00,34.57,34.68,34.39,34.46,3228.0
2024-12-18 19:00:00+00:00,34.34,34.41,33.265,33.265,16736.0
2024-12-18 20:00:00+00:00,33.285,33.385,32.13,32.345,32000.0
2024-12-19 15:00:00+00:00,31.74,32.175,31.53,31.86,12955.0
2024-12-19 16:00:00+00:00,31.78,31.78,31.36,31.375,6254.0
2024-12-19 17:00:00+00:00,31.365,31.37,30.94,31.02,10708.0
2024-12-19 18:00:00+00:00,31.0,31.59,30.85,31.57,6662.0
2024-12-19 19:00:00+00:00,31.54,31.65,31.46,31.48,6461.0
2024-12-19 20:00:00+00:00,31.5,31.7,31.07,31.125,28765.0
2024-12-20 15:00:00+00:00,32.04,32.17,31.77,31.935,14744.0
2024-12-20 16:00:00+00:00,31.9,32.03,31.875,31.92,7382.0
2024-12-20 17:00:00+00:00,31.86,31.96,31.66,31.77,6653.0
2024-12-20 18:00:00+00:00,31.77,31.81,31.39,31.56,10938.0
2024-12-20 19:00:00+00:00,31.56,32.08,31.405,31.95,21034.0
2024-12-20 20:00:00+00:00,31.95,31.99,31.52,31.675,25490.0
2024-12-23 15:00:00+00:00,31.42,31.59,31.11,31.115,3521.0
2024-12-23 16:00:00+00:00,31.115,31.115,31.115,31.115,0.0
2024-12-23 17:00:00+00:00,31.115,31.115,31.115,31.115,0.0
2024-12-23 18:00:00+00:00,31.115,31.115,31.115,31.115,0.0
2024-12-23 19:00:00+00:00,31.115,31.115,31.115,31.115,0.0
2024-12-23 20:00:00+00:00,31.115,31.115,31.115,31.115,0.0
2024-12-24 15:00:00+00:00,31.13,31.735,31.11,31.61,4149.0
2024-12-24 16:00:00+00:00,31.61,31.715,31.53,31.705,5173.0
2024-12-24 17:00:00+00:00,31.705,31.84,31.55,31.58,12523.0
2024-12-24 18:00:00+00:00,31.58,31.58,31.58,31.58,0.0
2024-12-24 19:00:00+00:00,31.58,31.58,31.58,31.58,0.0
2024-12-24 20:00:00+00:00,31.58,31.58,31.58,31.58,0.0
2024-12-25 15:00:00+00:00,31.58,31.58,31.58,31.58,0.0
2024-12-25 16:00:00+00:00,31.58,31.58,31.58,31.58,0.0
2024-12-25 17:00:00+00:00,31.58,31.58,31.58,31.58,0.0
2024-12-25 18:00:00+00:00,31.58,31.58,31.58,31.58,0.0
2024-12-25 19:00:00+00:00,31.58,31.58,31.58,31.58,0.0
2024-12-25 20:00:00+00:00,31.58,31.58,31.58,31.58,0.0
2024-12-26 15:00:00+00:00,31.3,31.35,31.085,31.23,20026.0
2024-12-26 16:00:00+00:00,31.22,31.31,30.975,31.13,18250.0
2024-12-26 17:00:00+00:00,31.11,31.11,30.74,30.805,4828.0
2024-12-26 18:00:00+00:00,30.84,31.54,30.835,31.23,9988.0
2024-12-26 19:00:00+00:00,31.23,31.34,31.2,31.29,13538.0
2024-12-26 20:00:00+00:00,31.29,31.45,31.23,31.36,25211.0
2024-12-27 15:00:00+00:00,30.96,30.96,30.41,30.79,5569.0
2024-12-27 16:00:00+00:00,30.805,30.85,30.25,30.32,4702.0
2024-12-27 17:00:00+00:00,30.37,30.37,30.14,30.3,9110.0
2024-12-27 18:00:00+00:00,30.295,30.555,30.175,30.555,6355.0
2024-12-27 19:00:00+00:00,30.555,30.655,30.44,30.5,8058.0
2024-12-27 20:00:00+00:00,30.5,30.53,30.175,30.43,23052.0
2024-12-30 15:00:00+00:00,30.115,30.415,30.06,30.35,6572.0
2024-12-30 16:00:00+00:00,30.35,30.84,30.325,30.68,9953.0
2024-12-30 17:00:00+00:00,30.645,30.93,30.58,30.64,11429.0
2024-12-30 18:00:00+00:00,30.64,31.17,30.62,31.17,8089.0
2024-12-30 19:00:00+00:00,31.2,31.24,30.92,30.985,11332.0
2024-12-30 20:00:00+00:00,30.99,31.025,30.54,30.58,29661.0
2024-12-31 15:00:00+00:00,30.72,30.75,30.21,30.425,13071.0
2024-12-31 16:00:00+00:00,30.36,30.78,30.345,30.61,10219.0
2024-12-31 17:00:00+00:00,30.61,30.67,30.39,30.61,6080.0
2024-12-31 18:00:00+00:00,30.61,30.64,30.37,30.385,1930.0
2024-12-31 19:00:00+00:00,30.37,30.62,30.23,30.48,5549.0
2024-12-31 20:00:00+00:00,30.47,30.88,30.39,30.58,20774.0
2025-01-01 15:00:00+00:00,30.58,30.58,30.58,30.58,0.0
2025-01-01 16:00:00+00:00,30.58,30.58,30.58,30.58,0.0
2025-01-01 17:00:00+00:00,30.58,30.58,30.58,30.58,0.0
2025-01-01 18:00:00+00:00,30.58,30.58,30.58,30.58,0.0
2025-01-01 19:00:00+00:00,30.58,30.58,30.58,30.58,0.0
2025-01-01 20:00:00+00:00,30.58,30.58,30.58,30.58,0.0
2025-01-02 15:00:00+00:00,32.34,32.66,32.08,32.26,16481.0
2025-01-02 16:00:00+00:00,32.315,32.48,31.96,32.47,6213.0
2025-01-02 17:00:00+00:00,32.49,32.6,31.67,31.75,22170.0
2025-01-02 18:00:00+00:00,31.75,31.75,31.375,31.5,8656.0
2025-01-02 19:00:00+00:00,31.54,31.77,31.49,31.61,9553.0
2025-01-02 20:00:00+00:00,31.62,31.905,31.58,31.775,21070.0
2025-01-03 15:00:00+00:00,32.45,32.75,31.72,32.195,8695.0
2025-01-03 16:00:00+00:00,32.17,32.68,32.1,32.63,9343.0
2025-01-03 17:00:00+00:00,32.63,32.79,32.54,32.7,7105.0
2025-01-03 18:00:00+00:00,32.71,33.7,32.695,33.53,27131.0
2025-01-03 19:00:00+00:00,33.53,33.55,33.31,33.4,12870.0
2025-01-03 20:00:00+00:00,33.36,33.82,33.23,33.72,25544.0
2025-01-06 15:00:00+00:00,36.16,36.68,35.535,36.32,35620.0
2025-01-06 16:00:00+00:00,36.3,37.045,36.16,36.65,33728.0
2025-01-06 17:00:00+00:00,36.68,36.75,36.19,36.34,53907.0
2025-01-06 18:00:00+00:00,36.33,36.33,35.88,35.89,35346.0
2025-01-06 19:00:00+00:00,35.89,35.935,35.68,35.765,31566.0
2025-01-06 20:00:00+00:00,35.745,35.9,35.59,35.825,49112.0
2025-01-07 15:00:00+00:00,35.885,36.08,34.59,35.14,11027.0
2025-01-07 16:00:00+00:00,35.145,35.525,35.08,35.31,9367.0
2025-01-07 17:00:00+00:00,35.35,35.57,35.195,35.33,5134.0
2025-01-07 18:00:00+00:00,35.325,35.68,35.325,35.575,8360.0
2025-01-07 19:00:00+00:00,35.575,35.8,35.515,35.535,10043.0
2025-01-07 20:00:00+00:00,35.535,36.135,35.51,36.11,40647.0
2025-01-08 15:00:00+00:00,36.69,36.98,36.235,36.835,11719.0
2025-01-08 16:00:00+00:00,36.835,37.455,36.52,37.405,15686.0
2025-01-08 17:00:00+00:00,37.45,37.45,36.68,36.81,13265.0
2025-01-08 18:00:00+00:00,36.775,37.01,36.66,36.66,22096.0
2025-01-08 19:00:00+00:00,36.66,37.175,36.58,36.61,7082.0
2025-01-08 20:00:00+00:00,36.63,37.04,36.57,36.615,23759.0
2025-01-09 15:00:00+00:00,36.615,36.615,36.615,36.615,0.0
2025-01-09 16:00:00+00:00,36.615,36.615,36.615,36.615,0.0
2025-01-09 17:00:00+00:00,36.615,36.615,36.615,36.615,0.0
2025-01-09 18:00:00+00:00,36.615,36.615,36.615,36.615,0.0
2025-01-09 19:00:00+00:00,36.615,36.615,36.615,36.615,0.0
2025-01-09 20:00:00+00:00,36.615,36.615,36.615,36.615,0.0
2025-01-10 15:00:00+00:00,35.5,36.375,35.235,36.08,19284.0
2025-01-10 16:00:00+00:00,36.08,36.43,35.91,36.15,19141.0
2025-01-10 17:00:00+00:00,36.15,36.58,36.15,36.395,20796.0
2025-01-10 18:00:00+00:00,36.385,36.55,36.05,36.55,17591.0
2025-01-10 19:00:00+00:00,36.545,36.92,36.3,36.88,11057.0
2025-01-10 20:00:00+00:00,36.88,37.05,36.655,36.7,19975.0
2025-01-13 15:00:00+00:00,36.7,36.7,36.7,36.7,0.0
2025-01-13 16:00:00+00:00,36.7,37.5,36.7,36.91,12796.0
2025-01-13 17:00:00+00:00,36.9,37.62,36.895,37.25,13603.0
2025-01-13 18:00:00+00:00,37.23,37.34,36.535,37.27,13959.0
2025-01-13 19:00:00+00:00,37.29,37.89,37.12,37.755,32066.0
2025-01-13 20:00:00+00:00,37.73,38.33,37.58,38.105,28732.0
2025-01-14 15:00:00+00:00,37.93,38.295,37.395,37.415,14108.0
2025-01-14 16:00:00+00:00,37.42,37.49,37.03,37.03,11981.0
2025-01-14 17:00:00+00:00,37.02,37.02,35.82,36.91,13120.0
2025-01-14 18:00:00+00:00,36.91,37.03,36.445,36.99,16499.0
2025-01-14 19:00:00+00:00,36.99,37.59,36.93,37.15,31402.0
2025-01-14 20:00:00+00:00,37.14,37.67,37.135,37.46,54785.0
2025-01-15 15:00:00+00:00,38.31,38.38,37.82,37.98,6176.0
2025-01-15 16:00:00+00:00,38.055,38.055,37.18,37.285,8549.0
2025-01-15 17:00:00+00:00,37.285,37.81,37.285,37.55,13427.0
2025-01-15 18:00:00+00:00,37.48,37.48,36.95,37.19,4462.0
2025-01-15 19:00:00+00:00,37.19,37.4,36.99,37.22,6099.0
2025-01-15 20:00:00+00:00,37.26,37.79,37.26,37.495,19348.0
2025-01-16 15:00:00+00:00,37.06,37.315,36.87,37.31,6796.0
2025-01-16 16:00:00+00:00,37.31,37.63,37.19,37.46,6430.0
2025-01-16 17:00:00+00:00,37.435,37.61,37.27,37.27,9071.0
2025-01-16 18:00:00+00:00,37.27,37.43,37.19,37.27,2636.0
2025-01-16 19:00:00+00:00,37.27,37.68,37.27,37.68,4972.0
2025-01-16 20:00:00+00:00,37.66,37.865,37.285,37.325,23919.0
2025-01-17 15:00:00+00:00,37.38,37.94,37.375,37.865,4569.0
2025-01-17 16:00:00+00:00,37.83,37.83,37.49,37.49,1850.0
2025-01-17 17:00:00+00:00,37.49,37.8,37.41,37.485,2203.0
2025-01-17 18:00:00+00:00,37.485,37.66,36.51,36.525,6296.0
2025-01-17 19:00:00+00:00,36.545,37.205,36.51,36.805,9498.0
2025-01-17 20:00:00+00:00,36.805,37.0,36.56,36.6,13617.0
2025-01-20 15:00:00+00:00,36.6,36.6,36.6,36.6,0.0
2025-01-20 16:00:00+00:00,36.6,36.6,36.6,36.6,0.0
2025-01-20 17:00:00+00:00,36.6,36.6,36.6,36.6,0.0
2025-01-20 18:00:00+00:00,36.6,36.6,36.6,36.6,0.0
2025-01-20 19:00:00+00:00,36.6,36.6,36.6,36.6,0.0
2025-01-20 20:00:00+00:00,36.6,36.6,36.6,36.6,0.0
2025-01-21 15:00:00+00:00,42.315,42.82,41.8,42.215,75461.0
2025-01-21 16:00:00+00:00,42.22,42.955,41.82,42.94,43452.0
2025-01-21 17:00:00+00:00,42.92,44.22,42.92,43.47,35312.0
2025-01-21 18:00:00+00:00,43.5,44.13,43.23,43.96,38263.0
2025-01-21 19:00:00+00:00,43.95,45.66,43.95,44.61,46783.0
2025-01-21 20:00:00+00:00,44.61,45.42,44.38,45.135,67997.0
2025-01-22 15:00:00+00:00,45.785,48.35,45.68,47.38,81232.0
2025-01-22 16:00:00+00:00,47.34,48.91,46.95,48.66,34106.0
2025-01-22 17:00:00+00:00,48.66,49.815,48.49,48.705,49337.0
2025-01-22 18:00:00+00:00,48.69,48.69,47.24,47.515,26376.0
2025-01-22 19:00:00+00:00,47.4,47.79,46.96,47.155,45937.0
2025-01-22 20:00:00+00:00,47.075,47.5,46.85,47.24,54313.0
2025-01-23 15:00:00+00:00,46.11,47.33,46.11,47.33,15250.0
2025-01-23 16:00:00+00:00,47.42,47.825,47.26,47.305,10115.0
2025-01-23 17:00:00+00:00,47.305,47.64,46.995,46.995,8688.0
2025-01-23 18:00:00+00:00,46.98,47.58,46.88,47.47,7275.0
2025-01-23 19:00:00+00:00,47.505,47.91,47.46,47.84,11247.0
2025-01-23 20:00:00+00:00,47.79,48.8,47.79,48.56,37573.0
2025-01-24 15:00:00+00:00,47.93,48.58,47.62,48.17,9395.0
2025-01-24 16:00:00+00:00,48.17,48.2,47.44,47.44,8755.0
2025-01-24 17:00:00+00:00,47.37,47.62,47.16,47.16,5404.0
2025-01-24 18:00:00+00:00,47.18,47.18,46.54,46.595,7722.0
2025-01-24 19:00:00+00:00,46.595,46.79,46.51,46.675,5774.0
2025-01-24 20:00:00+00:00,46.62,47.21,46.45,47.2,13300.0
2025-01-27 15:00:00+00:00,47.01,47.4,46.905,47.17,25936.0
2025-01-27 16:00:00+00:00,47.125,47.425,46.88,47.42,22187.0
2025-01-27 17:00:00+00:00,47.46,47.66,47.29,47.34,19441.0
2025-01-27 18:00:00+00:00,47.34,47.755,47.23,47.23,16929.0
2025-01-27 19:00:00+00:00,47.25,47.39,46.76,46.76,28882.0
2025-01-27 20:00:00+00:00,46.84,47.13,46.76,46.97,23057.0
2025-01-28 15:00:00+00:00,47.44,48.07,47.28,47.72,10930.0
2025-01-28 16:00:00+00:00,47.76,48.035,47.24,47.39,14484.0
2025-01-28 17:00:00+00:00,47.455,47.68,47.03,47.125,8516.0
2025-01-28 18:00:00+00:00,47.19,47.4,46.925,46.95,9109.0
2025-01-28 19:00:00+00:00,46.95,47.7,46.92,47.66,12133.0
2025-01-28 20:00:00+00:00,47.625,48.25,47.38,48.21,49394.0
2025-01-29 15:00:00+00:00,47.88,48.9,47.88,48.43,10310.0
2025-01-29 16:00:00+00:00,48.44,48.79,48.425,48.62,8454.0
2025-01-29 17:00:00+00:00,48.68,48.8,48.39,48.5,10659.0
2025-01-29 18:00:00+00:00,48.52,48.74,48.4,48.545,12428.0
2025-01-29 19:00:00+00:00,48.49,48.51,47.53,47.905,8425.0
2025-01-29 20:00:00+00:00,47.845,48.01,47.555,47.645,10343.0
2025-01-30 15:00:00+00:00,49.94,50.105,49.015,49.02,20946.0
2025-01-30 16:00:00+00:00,49.05,50.075,49.05,50.035,12821.0
2025-01-30 17:00:00+00:00,50.035,50.86,49.91,50.24,35800.0
2025-01-30 18:00:00+00:00,50.275,50.275,49.565,49.675,13710.0
2025-01-30 19:00:00+00:00,49.615,49.72,49.13,49.32,12667.0
2025-01-30 20:00:00+00:00,49.28,50.04,48.89,49.97,31193.0
2025-01-31 15:00:00+00:00,49.18,49.72,48.91,48.93,25983.0
2025-01-31 16:00:00+00:00,48.92,49.0,47.81,48.37,23511.0
2025-01-31 17:00:00+00:00,48.305,48.465,48.11,48.25,9601.0
2025-01-31 18:00:00+00:00,48.23,48.45,47.49,47.5,17426.0
2025-01-31 19:00:00+00:00,47.5,47.74,46.96,47.235,12415.0
2025-01-31 20:00:00+00:00,47.14,47.47,46.74,47.02,25220.0
2025-02-03 15:00:00+00:00,46.55,47.26,46.03,47.21,8105.0
2025-02-03 16:00:00+00:00,47.14,47.47,46.85,47.05,11560.0
2025-02-03 17:00:00+00:00,47.04,47.42,46.965,47.215,13389.0
2025-02-03 18:00:00+00:00,47.2,47.51,46.885,47.39,11957.0
2025-02-03 19:00:00+00:00,47.37,47.57,47.335,47.47,5319.0
2025-02-03 20:00:00+00:00,47.41,47.62,47.08,47.615,9091.0
2025-02-04 15:00:00+00:00,47.51,47.78,46.94,47.125,8886.0
2025-02-04 16:00:00+00:00,47.125,47.495,47.04,47.325,6740.0
2025-02-04 17:00:00+00:00,47.325,47.63,46.91,47.54,6728.0
2025-02-04 18:00:00+00:00,47.54,47.57,47.345,47.4,4114.0
2025-02-04 19:00:00+00:00,47.44,47.61,46.875,46.875,6892.0
2025-02-04 20:00:00+00:00,46.925,47.445,46.84,47.17,17846.0
2025-02-05 15:00:00+00:00,47.94,48.57,47.94,48.2,8429.0
2025-02-05 16:00:00+00:00,48.2,48.21,47.69,47.695,7488.0
2025-02-05 17:00:00+00:00,47.7,48.29,47.63,48.13,6598.0
2025-02-05 18:00:00+00:00,48.13,48.21,47.85,48.01,5197.0
2025-02-05 19:00:00+00:00,47.99,48.07,47.47,47.6,4544.0
2025-02-05 20:00:00+00:00,47.6,47.61,47.34,47.51,12404.0
2025-02-06 15:00:00+00:00,47.56,48.05,47.51,47.72,11029.0
2025-02-06 16:00:00+00:00,47.66,48.03,47.08,47.11,5554.0
2025-02-06 17:00:00+00:00,47.11,47.69,47.11,47.545,4680.0
2025-02-06 18:00:00+00:00,47.545,47.59,46.78,46.905,5101.0
2025-02-06 19:00:00+00:00,46.905,47.04,46.065,46.11,10204.0
2025-02-06 20:00:00+00:00,46.095,46.445,46.05,46.18,22837.0
2025-02-07 15:00:00+00:00,44.795,45.02,44.27,44.73,48411.0
2025-02-07 16:00:00+00:00,44.72,44.955,44.36,44.9,29235.0
2025-02-07 17:00:00+00:00,44.88,45.5,44.71,45.115,21098.0
2025-02-07 18:00:00+00:00,45.13,45.5,45.0,45.13,19879.0
2025-02-07 19:00:00+00:00,45.2,45.215,44.455,44.93,20129.0
2025-02-07 20:00:00+00:00,44.84,45.15,44.4,44.45,53766.0
2025-02-10 15:00:00+00:00,42.72,43.03,41.8,42.8,50157.0
2025-02-10 16:00:00+00:00,42.84,43.22,42.69,43.14,21129.0
2025-02-10 17:00:00+00:00,43.175,43.825,43.0,43.19,17788.0
2025-02-10 18:00:00+00:00,43.19,44.47,43.155,44.47,11603.0
2025-02-10 19:00:00+00:00,44.425,44.61,44.03,44.235,12396.0
2025-02-10 20:00:00+00:00,44.21,44.545,44.16,44.385,27449.0
2025-02-11 15:00:00+00:00,43.83,43.91,43.3,43.35,7802.0
2025-02-11 16:00:00+00:00,43.35,43.54,42.945,43.045,8207.0
2025-02-11 17:00:00+00:00,43.03,43.56,42.77,43.36,9927.0
2025-02-11 18:00:00+00:00,43.44,43.6,43.25,43.35,9305.0
2025-02-11 19:00:00+00:00,43.35,43.43,43.15,43.24,11549.0
2025-02-11 20:00:00+00:00,43.275,43.97,43.27,43.6,71466.0
2025-02-12 15:00:00+00:00,43.92,45.0,43.75,44.95,61104.0
2025-02-12 16:00:00+00:00,44.9,45.025,44.325,44.67,3866.0
2025-02-12 17:00:00+00:00,44.735,45.17,44.735,44.99,11866.0
2025-02-12 18:00:00+00:00,45.035,45.7,44.975,45.64,5662.0
2025-02-12 19:00:00+00:00,45.65,45.65,45.06,45.365,6628.0
2025-02-12 20:00:00+00:00,45.37,45.59,45.265,45.36,15815.0
2025-02-13 15:00:00+00:00,46.34,47.51,46.29,46.75,23829.0
2025-02-13 16:00:00+00:00,46.765,46.765,46.06,46.14,20525.0
2025-02-13 17:00:00+00:00,46.075,46.5,45.93,46.29,8871.0
2025-02-13 18:00:00+00:00,46.28,46.46,45.91,46.46,38890.0
2025-02-13 19:00:00+00:00,46.54,46.79,46.46,46.655,17664.0
2025-02-13 20:00:00+00:00,46.655,47.16,46.62,46.925,205902.0
2025-02-14 15:00:00+00:00,48.62,49.46,48.58,48.58,68070.0
2025-02-14 16:00:00+00:00,48.58,48.92,48.11,48.16,60237.0
2025-02-14 17:00:00+00:00,48.16,48.48,47.99,48.38,38597.0
2025-02-14 18:00:00+00:00,48.395,48.575,48.29,48.29,14366.0
2025-02-14 19:00:00+00:00,48.29,48.635,48.13,48.615,18143.0
2025-02-14 20:00:00+00:00,48.61,48.61,48.0,48.095,133874.0
2025-02-17 15:00:00+00:00,48.095,48.095,48.095,48.095,0.0
2025-02-17 16:00:00+00:00,48.095,48.095,48.095,48.095,0.0
2025-02-17 17:00:00+00:00,48.095,48.095,48.095,48.095,0.0
2025-02-17 18:00:00+00:00,48.095,48.095,48.095,48.095,0.0
2025-02-17 19:00:00+00:00,48.095,48.095,48.095,48.095,0.0
2025-02-17 20:00:00+00:00,48.095,48.095,48.095,48.095,0.0
2025-02-18 15:00:00+00:00,48.82,48.93,48.44,48.72,33444.0
2025-02-18 16:00:00+00:00,48.74,49.02,47.79,47.795,19490.0
2025-02-18 17:00:00+00:00,47.75,47.91,47.54,47.79,15624.0
2025-02-18 18:00:00+00:00,47.79,47.79,47.38,47.44,4835.0
2025-02-18 19:00:00+00:00,47.49,47.72,47.05,47.6,9184.0
2025-02-18 20:00:00+00:00,47.58,48.46,47.525,48.25,27052.0
2025-02-19 15:00:00+00:00,48.875,48.93,47.725,48.595,13035.0
2025-02-19 16:00:00+00:00,48.59,49.465,48.59,49.0,15645.0
2025-02-19 17:00:00+00:00,49.01,49.39,48.9,49.15,15957.0
2025-02-19 18:00:00+00:00,49.13,49.34,48.71,48.81,15359.0
2025-02-19 19:00:00+00:00,48.81,49.05,48.39,48.45,17169.0
2025-02-19 20:00:00+00:00,48.39,49.085,48.39,48.95,35606.0
2025-02-20 15:00:00+00:00,47.88,48.885,47.74,48.34,15822.0
2025-02-20 16:00:00+00:00,48.48,48.615,48.15,48.28,9142.0
2025-02-20 17:00:00+00:00,48.17,48.27,47.72,47.72,4734.0
2025-02-20 18:00:00+00:00,47.62,48.345,47.62,47.97,28752.0
2025-02-20 19:00:00+00:00,47.9,48.135,47.6,47.66,30107.0
2025-02-20 20:00:00+00:00,47.67,47.72,46.84,47.455,87987.0
2025-02-21 15:00:00+00:00,45.51,46.84,43.99,44.51,81129.0
2025-02-21 16:00:00+00:00,44.63,44.63,43.045,43.99,43926.0
2025-02-21 17:00:00+00:00,44.0,44.015,42.31,42.55,42860.0
2025-02-21 18:00:00+00:00,42.535,42.83,42.21,42.51,43650.0
2025-02-21 19:00:00+00:00,42.54,44.29,42.54,43.83,54083.0
2025-02-21 20:00:00+00:00,43.82,44.02,42.61,42.88,93763.0
2025-02-24 15:00:00+00:00,44.785,44.84,42.54,42.74,18122.0
2025-02-24 16:00:00+00:00,42.67,43.83,42.54,43.76,13633.0
2025-02-24 17:00:00+00:00,43.725,44.13,43.68,43.79,16317.0
2025-02-24 18:00:00+00:00,43.77,44.02,43.74,43.9,7296.0
2025-02-24 19:00:00+00:00,43.91,44.21,42.98,43.01,15667.0
2025-02-24 20:00:00+00:00,43.0,43.325,42.265,42.43,40435.0
2025-02-25 15:00:00+00:00,42.145,42.21,40.94,41.015,13558.0
2025-02-25 16:00:00+00:00,41.03,41.09,40.62,41.03,9716.0
2025-02-25 17:00:00+00:00,40.885,40.91,40.54,40.86,10227.0
2025-02-25 18:00:00+00:00,40.86,41.07,40.63,40.905,23484.0
2025-02-25 19:00:00+00:00,40.94,40.95,40.39,40.6,6728.0
2025-02-25 20:00:00+00:00,40.61,40.9,40.36,40.41,23130.0
2025-02-26 15:00:00+00:00,43.6,43.765,42.82,43.075,29052.0
2025-02-26 16:00:00+00:00,43.075,43.83,43.07,43.46,24212.0
2025-02-26 17:00:00+00:00,43.46,43.64,42.98,43.08,17407.0
2025-02-26 18:00:00+00:00,43.08,43.365,42.66,42.69,20935.0
2025-02-26 19:00:00+00:00,42.69,43.32,42.505,43.0,17683.0
2025-02-26 20:00:00+00:00,43.0,43.21,42.76,43.195,49169.0
2025-02-27 15:00:00+00:00,41.67,43.195,41.51,42.63,14153.0
2025-02-27 16:00:00+00:00,42.65,42.965,42.63,42.74,5017.0
2025-02-27 17:00:00+00:00,42.77,42.855,42.43,42.5,6432.0
2025-02-27 18:00:00+00:00,42.53,42.895,42.53,42.69,9118.0
2025-02-27 19:00:00+00:00,42.71,42.73,41.965,42.23,10731.0
2025-02-27 20:00:00+00:00,42.235,42.45,41.89,42.02,30419.0
2025-02-28 15:00:00+00:00,41.935,42.47,41.84,42.035,13050.0
2025-02-28 16:00:00+00:00,42.01,42.01,41.49,41.8,6708.0
2025-02-28 17:00:00+00:00,41.76,41.83,41.31,41.49,6838.0
2025-02-28 18:00:00+00:00,41.48,42.19,41.375,41.85,9165.0
2025-02-28 19:00:00+00:00,41.96,42.54,41.92,42.54,12325.0
2025-02-28 20:00:00+00:00,42.54,42.63,42.04,42.55,26637.0
2025-03-03 15:00:00+00:00,42.355,42.98,42.13,42.67,15853.0
2025-03-03 16:00:00+00:00,42.74,43.42,42.74,43.17,11999.0
2025-03-03 17:00:00+00:00,43.17,43.62,43.14,43.375,5417.0
2025-03-03 18:00:00+00:00,43.41,43.43,42.51,42.54,20656.0
2025-03-03 19:00:00+00:00,42.59,42.72,41.52,41.57,7700.0
2025-03-03 20:00:00+00:00,41.48,41.58,40.47,40.74,32106.0
2025-03-04 15:00:00+00:00,39.965,40.27,39.52,40.04,16825.0
2025-03-04 16:00:00+00:00,39.98,40.515,39.78,40.365,49173.0
2025-03-04 17:00:00+00:00,40.37,41.13,40.27,41.01,142724.0
2025-03-04 18:00:00+00:00,41.01,41.385,40.985,41.235,62789.0
2025-03-04 19:00:00+00:00,41.235,42.05,41.23,42.02,249936.0
2025-03-04 20:00:00+00:00,42.08,42.58,41.345,41.45,46371.0
2025-03-05 15:00:00+00:00,41.17,42.16,41.17,42.025,11741.0
2025-03-05 16:00:00+00:00,42.025,42.025,40.99,41.21,9929.0
2025-03-05 17:00:00+00:00,41.21,41.47,40.965,41.38,11066.0
2025-03-05 18:00:00+00:00,41.38,41.455,40.86,41.455,8942.0
2025-03-05 19:00:00+00:00,41.465,42.56,41.465,42.35,14086.0
2025-03-05 20:00:00+00:00,42.35,42.935,42.27,42.7,25052.0
2025-03-06 15:00:00+00:00,41.32,42.1,41.17,41.84,13786.0
2025-03-06 16:00:00+00:00,41.97,42.315,41.86,41.89,13163.0
2025-03-06 17:00:00+00:00,41.89,41.93,40.745,40.835,41891.0
2025-03-06 18:00:00+00:00,40.84,41.03,40.5,40.56,24275.0
2025-03-06 19:00:00+00:00,40.6,41.01,39.905,40.12,30108.0
2025-03-06 20:00:00+00:00,40.06,40.36,39.915,40.17,36428.0
2025-03-07 15:00:00+00:00,39.945,40.43,38.76,39.12,14109.0
2025-03-07 16:00:00+00:00,39.1,39.275,37.875,38.02,11064.0
2025-03-07 17:00:00+00:00,38.07,38.96,37.99,38.725,12620.0
2025-03-07 18:00:00+00:00,38.72,39.65,38.72,39.63,7795.0
2025-03-07 19:00:00+00:00,39.68,40.22,39.6,39.65,12840.0
2025-03-07 20:00:00+00:00,39.74,40.06,39.28,39.32,27963.0
2025-03-10 14:00:00+00:00,36.56,36.695,36.07,36.26,30355.0
2025-03-10 15:00:00+00:00,36.26,36.37,36.26,36.26,818.0
2025-03-10 16:00:00+00:00,36.26,36.26,36.26,36.26,0.0
2025-03-10 17:00:00+00:00,36.26,36.26,35.05,35.325,21814.0
2025-03-10 18:00:00+00:00,35.33,35.45,34.93,35.225,22245.0
2025-03-10 19:00:00+00:00,35.225,36.73,35.055,35.795,96618.0
2025-03-11 14:00:00+00:00,39.66,40.65,39.35,40.02,26170.0
2025-03-11 15:00:00+00:00,39.86,40.97,39.86,40.505,9352.0
2025-03-11 16:00:00+00:00,40.56,41.26,40.56,40.78,17788.0
2025-03-11 17:00:00+00:00,40.78,41.51,40.765,41.34,11591.0
2025-03-11 18:00:00+00:00,41.41,43.47,41.41,43.11,21059.0
2025-03-11 19:00:00+00:00,43.075,43.12,42.315,42.61,48997.0
2025-03-12 14:00:00+00:00,43.98,44.63,43.64,43.8,23444.0
2025-03-12 15:00:00+00:00,43.83,44.71,43.75,44.6,62177.0
2025-03-12 16:00:00+00:00,44.58,44.98,44.07,44.07,14745.0
2025-03-12 17:00:00+00:00,44.07,44.4,43.46,43.46,18410.0
2025-03-12 18:00:00+00:00,43.635,43.9,43.43,43.605,21882.0
2025-03-12 19:00:00+00:00,43.61,43.645,42.77,43.105,40846.0
2025-03-13 14:00:00+00:00,40.69,40.905,39.83,39.985,16856.0
2025-03-13 15:00:00+00:00,40.1,40.41,39.73,39.855,9513.0
2025-03-13 16:00:00+00:00,39.85,40.89,39.85,40.78,8568.0
2025-03-13 17:00:00+00:00,40.76,40.88,40.26,40.545,10089.0
2025-03-13 18:00:00+00:00,40.52,41.72,40.52,41.67,13278.0
2025-03-13 19:00:00+00:00,41.665,41.89,40.64,40.665,35560.0
2025-03-14 14:00:00+00:00,41.455,42.21,41.18,42.21,8293.0
2025-03-14 15:00:00+00:00,42.12,43.04,42.11,42.69,8469.0
2025-03-14 16:00:00+00:00,42.74,42.78,42.31,42.74,11753.0
2025-03-14 17:00:00+00:00,42.72,42.77,42.13,42.22,11560.0
2025-03-14 18:00:00+00:00,42.25,42.88,42.25,42.69,10036.0
2025-03-14 19:00:00+00:00,42.69,42.95,42.65,42.91,24316.0
2025-03-17 14:00:00+00:00,42.985,43.08,42.32,42.48,9293.0
2025-03-17 15:00:00+00:00,42.48,43.8,42.48,43.61,13200.0
2025-03-17 16:00:00+00:00,43.635,43.915,43.225,43.35,8054.0
2025-03-17 17:00:00+00:00,43.225,43.66,43.0,43.49,6802.0
2025-03-17 18:00:00+00:00,43.53,43.91,43.515,43.69,9144.0
2025-03-17 19:00:00+00:00,43.71,44.03,42.905,42.955,17928.0
2025-03-18 14:00:00+00:00,41.85,42.49,41.845,42.12,5461.0
2025-03-18 15:00:00+00:00,42.18,42.61,42.12,42.19,4966.0
2025-03-18 16:00:00+00:00,42.2,42.73,42.2,42.71,4205.0
2025-03-18 17:00:00+00:00,42.66,42.705,42.41,42.53,4088.0
2025-03-18 18:00:00+00:00,42.54,43.215,42.54,43.13,7563.0
2025-03-18 19:00:00+00:00,43.09,44.025,43.08,43.79,31400.0
2025-03-19 14:00:00+00:00,43.46,45.04,43.46,44.94,10364.0
2025-03-19 15:00:00+00:00,44.87,45.205,44.775,45.055,6967.0
2025-03-19 16:00:00+00:00,45.1,45.35,45.01,45.29,5948.0
2025-03-19 17:00:00+00:00,45.29,45.66,45.225,45.325,12883.0
2025-03-19 18:00:00+00:00,45.18,46.53,45.18,46.5,11902.0
2025-03-19 19:00:00+00:00,46.5,46.915,45.84,46.22,40715.0
2025-03-20 14:00:00+00:00,46.1,46.5,45.7,46.31,20320.0
2025-03-20 15:00:00+00:00,46.29,46.61,46.23,46.325,41323.0
2025-03-20 16:00:00+00:00,46.35,46.4,45.725,45.745,25924.0
2025-03-20 17:00:00+00:00,45.78,45.945,44.715,44.74,9055.0
2025-03-20 18:00:00+00:00,44.745,45.315,44.745,44.99,8382.0
2025-03-20 19:00:00+00:00,44.99,45.535,44.7,44.77,20712.0
2025-03-21 14:00:00+00:00,45.01,45.51,44.58,45.23,11493.0
2025-03-21 15:00:00+00:00,45.235,45.38,44.78,44.79,4294.0
2025-03-21 16:00:00+00:00,44.75,45.52,44.75,45.48,8031.0
2025-03-21 17:00:00+00:00,45.48,46.03,45.38,45.92,4618.0
2025-03-21 18:00:00+00:00,45.92,46.36,45.92,46.07,7059.0
2025-03-21 19:00:00+00:00,46.07,46.34,45.92,46.05,17448.0
2025-03-24 14:00:00+00:00,46.46,47.71,46.45,47.31,11221.0
2025-03-24 15:00:00+00:00,47.255,47.56,47.24,47.56,6318.0
2025-03-24 16:00:00+00:00,47.62,47.715,47.07,47.075,7260.0
2025-03-24 17:00:00+00:00,46.98,47.1,46.41,46.47,6311.0
2025-03-24 18:00:00+00:00,46.485,46.57,46.17,46.41,6952.0
2025-03-24 19:00:00+00:00,46.43,46.75,46.25,46.73,10752.0
2025-03-25 14:00:00+00:00,46.635,47.405,46.635,47.05,8422.0
2025-03-25 15:00:00+00:00,47.11,47.23,46.385,46.44,6272.0
2025-03-25 16:00:00+00:00,46.45,46.595,46.06,46.55,10180.0
2025-03-25 17:00:00+00:00,46.51,46.735,46.23,46.23,3091.0
2025-03-25 18:00:00+00:00,46.23,46.47,46.06,46.12,4535.0
2025-03-25 19:00:00+00:00,46.13,46.63,45.98,46.495,16274.0
2025-03-26 14:00:00+00:00,47.23,47.63,46.32,46.59,16632.0
2025-03-26 15:00:00+00:00,46.59,46.745,46.065,46.24,6711.0
2025-03-26 16:00:00+00:00,46.21,46.5,46.07,46.07,9007.0
2025-03-26 17:00:00+00:00,46.07,46.3,45.9,45.93,5639.0
2025-03-26 18:00:00+00:00,45.98,46.25,45.5,45.53,8634.0
2025-03-26 19:00:00+00:00,45.57,46.18,45.55,45.86,18047.0
2025-03-27 14:00:00+00:00,46.14,46.685,46.02,46.59,7579.0
2025-03-27 15:00:00+00:00,46.59,46.88,46.16,46.24,11397.0
2025-03-27 16:00:00+00:00,46.27,46.56,45.89,45.89,8987.0
2025-03-27 17:00:00+00:00,45.95,46.35,45.89,46.0,5052.0
2025-03-27 18:00:00+00:00,46.01,46.21,45.565,45.565,5318.0
2025-03-27 19:00:00+00:00,45.55,45.77,45.065,45.17,17192.0
2025-03-28 14:00:00+00:00,44.38,44.99,43.625,43.705,12436.0
2025-03-28 15:00:00+00:00,43.69,43.71,43.09,43.115,3145.0
2025-03-28 16:00:00+00:00,43.115,43.27,43.015,43.085,4860.0
2025-03-28 17:00:00+00:00,43.09,43.13,42.895,42.98,3512.0
2025-03-28 18:00:00+00:00,43.0,43.38,42.91,43.04,5773.0
2025-03-28 19:00:00+00:00,43.05,43.18,42.715,43.14,21935.0
2025-03-31 14:00:00+00:00,42.11,42.95,41.83,41.885,6295.0
2025-03-31 15:00:00+00:00,41.99,42.23,41.985,42.145,7395.0
2025-03-31 16:00:00+00:00,42.2,42.64,42.1,42.41,9916.0
2025-03-31 17:00:00+00:00,42.39,42.79,42.36,42.55,3063.0
2025-03-31 18:00:00+00:00,42.55,43.1,42.55,42.82,8062.0
2025-03-31 19:00:00+00:00,42.74,43.24,42.56,42.6,24066.0
2025-04-01 14:00:00+00:00,42.125,42.27,41.42,41.86,8021.0
2025-04-01 15:00:00+00:00,41.84,43.09,41.84,42.94,7333.0
2025-04-01 16:00:00+00:00,42.94,43.035,42.085,42.51,7381.0
2025-04-01 17:00:00+00:00,42.535,42.64,42.19,42.42,8396.0
2025-04-01 18:00:00+00:00,42.39,42.39,41.595,41.76,6632.0
2025-04-01 19:00:00+00:00,41.74,42.57,41.74,42.46,12124.0
2025-04-02 14:00:00+00:00,42.605,43.215,42.605,43.17,5280.0
2025-04-02 15:00:00+00:00,43.16,43.55,42.96,42.96,16711.0
2025-04-02 16:00:00+00:00,42.97,43.805,42.87,43.72,7408.0
2025-04-02 17:00:00+00:00,43.75,44.09,43.11,43.16,9294.0
2025-04-02 18:00:00+00:00,43.16,43.16,42.68,43.0,11563.0
2025-04-02 19:00:00+00:00,42.98,43.56,42.97,43.54,20873.0
2025-04-03 14:00:00+00:00,41.8,41.94,41.085,41.085,8961.0
2025-04-03 15:00:00+00:00,41.13,41.72,41.13,41.5,4499.0
2025-04-03 16:00:00+00:00,41.53,41.98,41.53,41.6,2606.0
2025-04-03 17:00:00+00:00,41.65,41.91,41.36,41.805,3655.0
2025-04-03 18:00:00+00:00,41.8,42.215,41.79,42.215,5433.0
2025-04-03 19:00:00+00:00,42.355,42.43,41.74,41.99,12532.0
2025-04-04 14:00:00+00:00,40.625,40.625,39.14,40.3,8131.0
2025-04-04 15:00:00+00:00,40.18,42.16,40.18,40.68,8503.0
2025-04-04 16:00:00+00:00,40.73,41.265,40.37,40.43,5974.0
2025-04-04 17:00:00+00:00,40.43,40.88,39.8,40.845,3941.0
2025-04-04 18:00:00+00:00,41.01,41.19,39.82,40.355,5239.0
2025-04-04 19:00:00+00:00,40.34,41.23,40.13,40.59,15300.0
2025-04-07 14:00:00+00:00,40.0,43.285,39.535,41.025,9639.0
2025-04-07 15:00:00+00:00,41.025,41.51,39.89,40.78,4154.0
2025-04-07 16:00:00+00:00,40.78,40.83,40.165,40.39,3787.0
2025-04-07 17:00:00+00:00,40.605,42.65,40.605,42.22,7530.0
2025-04-07 18:00:00+00:00,42.31,42.31,41.32,41.36,71492.0
2025-04-07 19:00:00+00:00,41.43,42.28,41.41,41.765,42927.0
2025-04-08 14:00:00+00:00,44.365,44.44,41.995,42.09,15501.0
2025-04-08 15:00:00+00:00,42.17,42.33,41.45,41.79,7874.0
2025-04-08 16:00:00+00:00,41.62,41.74,40.41,40.52,13106.0
2025-04-08 17:00:00+00:00,40.52,41.0,40.06,41.0,5642.0
2025-04-08 18:00:00+00:00,41.055,41.34,40.005,40.005,8541.0
2025-04-08 19:00:00+00:00,40.04,40.105,39.07,39.86,24336.0
2025-04-09 14:00:00+00:00,40.84,41.11,39.835,39.835,11336.0
2025-04-09 15:00:00+00:00,39.85,40.245,39.065,39.245,14953.0
2025-04-09 16:00:00+00:00,39.245,40.34,39.245,40.0,7758.0
2025-04-09 17:00:00+00:00,39.96,44.55,39.96,44.3,11707.0
2025-04-09 18:00:00+00:00,44.4,45.1,42.865,42.88,18745.0
2025-04-09 19:00:00+00:00,42.78,44.68,42.64,43.91,34170.0
2025-04-10 14:00:00+00:00,40.75,41.46,40.34,40.94,10064.0
2025-04-10 15:00:00+00:00,40.95,41.22,40.16,40.5,9363.0
2025-04-10 16:00:00+00:00,40.67,40.97,39.75,40.85,7561.0
2025-04-10 17:00:00+00:00,40.98,41.69,40.41,41.56,6070.0
2025-04-10 18:00:00+00:00,41.52,42.0,41.09,41.74,9991.0
2025-04-10 19:00:00+00:00,41.55,41.96,40.68,41.11,12255.0
2025-04-11 14:00:00+00:00,41.91,42.065,40.955,41.905,12923.0
2025-04-11 15:00:00+00:00,42.14,42.35,41.5,41.76,16186.0
2025-04-11 16:00:00+00:00,41.76,42.5,41.725,42.335,10278.0
2025-04-11 17:00:00+00:00,42.355,43.57,42.24,43.42,8446.0
2025-04-11 18:00:00+00:00,43.45,43.48,42.985,43.14,15756.0
2025-04-11 19:00:00+00:00,43.14,43.935,42.99,43.72,32076.0
2025-04-14 14:00:00+00:00,45.135,45.59,45.06,45.57,10125.0
2025-04-14 15:00:00+00:00,45.62,45.73,44.56,44.68,7618.0
2025-04-14 16:00:00+00:00,44.68,44.97,44.5,44.69,3780.0
2025-04-14 17:00:00+00:00,44.71,45.24,44.7,45.18,3510.0
2025-04-14 18:00:00+00:00,45.24,45.61,45.16,45.5,4653.0
2025-04-14 19:00:00+00:00,45.51,45.82,45.15,45.155,18685.0
2025-04-15 14:00:00+00:00,46.1,46.78,45.96,46.67,12555.0
2025-04-15 15:00:00+00:00,46.67,46.72,45.33,45.33,7105.0
2025-04-15 16:00:00+00:00,45.46,45.59,45.09,45.09,5531.0
2025-04-15 17:00:00+00:00,45.05,45.505,44.94,45.27,13518.0
2025-04-15 18:00:00+00:00,45.27,45.525,45.08,45.415,13910.0
2025-04-15 19:00:00+00:00,45.43,45.71,44.675,44.85,46050.0
2025-04-16 14:00:00+00:00,44.485,45.03,44.21,44.54,3375.0
2025-04-16 15:00:00+00:00,44.56,44.905,44.48,44.86,4442.0
2025-04-16 16:00:00+00:00,44.95,45.4,44.895,44.96,5332.0
2025-04-16 17:00:00+00:00,44.96,45.21,44.44,44.46,4696.0
2025-04-16 18:00:00+00:00,44.53,45.16,44.53,44.545,10219.0
2025-04-16 19:00:00+00:00,44.545,45.3,44.29,45.165,12765.0
2025-04-17 14:00:00+00:00,44.59,44.74,44.045,44.045,8142.0
2025-04-17 15:00:00+00:00,44.045,44.47,44.045,44.09,5332.0
2025-04-17 16:00:00+00:00,44.09,44.71,43.99,44.39,7357.0
2025-04-17 17:00:00+00:00,44.39,44.96,44.19,44.93,4671.0
2025-04-17 18:00:00+00:00,44.93,45.085,44.59,44.59,18428.0
2025-04-17 19:00:00+00:00,44.6,45.08,44.32,44.97,31186.0
2025-04-18 14:00:00+00:00,44.97,44.97,44.97,44.97,0.0
2025-04-18 15:00:00+00:00,44.97,44.97,44.97,44.97,0.0
2025-04-18 16:00:00+00:00,44.97,44.97,44.97,44.97,0.0
2025-04-18 17:00:00+00:00,44.97,44.97,44.97,44.97,0.0
2025-04-18 18:00:00+00:00,44.97,44.97,44.97,44.97,0.0
2025-04-18 19:00:00+00:00,44.97,44.97,44.97,44.97,0.0
2025-04-21 14:00:00+00:00,43.305,43.51,42.635,42.895,19639.0
2025-04-21 15:00:00+00:00,42.94,43.09,42.075,42.39,8450.0
2025-04-21 16:00:00+00:00,42.39,43.02,41.95,41.95,13242.0
2025-04-21 17:00:00+00:00,41.93,42.16,41.875,42.16,4964.0
2025-04-21 18:00:00+00:00,42.2,42.38,42.13,42.23,6907.0
2025-04-21 19:00:00+00:00,42.27,42.66,42.05,42.62,21443.0
2025-04-22 14:00:00+00:00,44.785,44.785,44.255,44.35,12741.0
2025-04-22 15:00:00+00:00,44.33,44.94,44.33,44.67,11163.0
2025-04-22 16:00:00+00:00,44.7,45.12,44.66,44.7,6111.0
2025-04-22 17:00:00+00:00,44.7,44.705,43.7,43.725,9348.0
2025-04-22 18:00:00+00:00,43.76,44.2,43.73,44.13,9112.0
2025-04-22 19:00:00+00:00,44.13,44.23,43.565,43.835,29171.0
2025-04-23 14:00:00+00:00,46.59,47.68,46.415,47.29,11071.0
2025-04-23 15:00:00+00:00,47.24,47.355,45.98,46.21,17894.0
2025-04-23 16:00:00+00:00,46.215,46.85,46.08,46.695,13415.0
2025-04-23 17:00:00+00:00,46.58,47.02,46.52,46.82,10696.0
2025-04-23 18:00:00+00:00,46.775,46.775,46.19,46.34,4912.0
2025-04-23 19:00:00+00:00,46.34,46.395,45.41,45.73,14585.0
2025-04-24 14:00:00+00:00,46.42,47.56,46.15,47.02,17588.0
2025-04-24 15:00:00+00:00,47.005,47.2,46.595,47.17,11402.0
2025-04-24 16:00:00+00:00,47.17,47.475,47.05,47.29,3641.0
2025-04-24 17:00:00+00:00,47.31,47.325,46.77,46.81,4036.0
2025-04-24 18:00:00+00:00,46.81,46.81,46.565,46.64,5337.0
2025-04-24 19:00:00+00:00,46.635,47.47,46.47,47.4,16142.0
2025-04-25 14:00:00+00:00,46.96,48.06,46.96,47.25,16817.0
2025-04-25 15:00:00+00:00,47.29,47.54,47.19,47.19,12626.0
2025-04-25 16:00:00+00:00,47.21,47.78,47.21,47.64,5600.0
2025-04-25 17:00:00+00:00,47.65,47.91,47.45,47.595,4679.0
2025-04-25 18:00:00+00:00,47.6,47.995,47.57,47.87,6875.0
2025-04-25 19:00:00+00:00,47.87,48.33,47.76,48.26,34400.0
2025-04-28 14:00:00+00:00,48.445,49.08,48.41,48.675,8043.0
2025-04-28 15:00:00+00:00,48.675,48.77,47.655,47.825,7655.0
2025-04-28 16:00:00+00:00,47.78,47.92,47.525,47.695,6360.0
2025-04-28 17:00:00+00:00,47.73,47.91,47.54,47.7,5313.0
2025-04-28 18:00:00+00:00,47.67,47.67,47.38,47.57,4907.0
2025-04-28 19:00:00+00:00,47.585,48.015,47.5,47.95,17856.0
2025-04-29 14:00:00+00:00,47.815,48.185,47.66,48.01,18078.0
2025-04-29 15:00:00+00:00,48.01,48.275,47.635,48.275,11796.0
2025-04-29 16:00:00+00:00,48.275,48.96,48.165,48.655,5897.0
2025-04-29 17:00:00+00:00,48.66,49.415,48.555,49.345,5132.0
2025-04-29 18:00:00+00:00,49.335,50.2,49.23,49.95,16359.0
2025-04-29 19:00:00+00:00,49.93,49.94,49.24,49.58,40520.0
2025-04-30 14:00:00+00:00,47.54,48.27,47.175,47.78,20810.0
2025-04-30 15:00:00+00:00,47.79,48.05,47.05,47.71,28173.0
2025-04-30 16:00:00+00:00,47.7,47.91,47.34,47.505,11046.0
2025-04-30 17:00:00+00:00,47.51,47.86,47.48,47.495,13448.0
2025-04-30 18:00:00+00:00,47.45,47.71,47.07,47.2,14854.0
2025-04-30 19:00:00+00:00,47.2,47.42,46.76,47.24,30967.0
2025-05-01 14:00:00+00:00,48.63,49.84,48.335,49.84,47419.0
2025-05-01 15:00:00+00:00,49.81,49.99,48.66,48.84,22003.0
2025-05-01 16:00:00+00:00,48.945,49.0,47.735,48.13,11940.0
2025-05-01 17:00:00+00:00,48.145,48.82,47.68,48.53,7729.0
2025-05-01 18:00:00+00:00,48.55,49.89,48.55,49.77,12313.0
2025-05-01 19:00:00+00:00,49.68,49.78,48.8,48.895,40821.0
2025-05-02 14:00:00+00:00,48.295,48.62,45.63,45.745,61031.0
2025-05-02 15:00:00+00:00,45.745,47.34,45.53,47.29,35924.0
2025-05-02 16:00:00+00:00,47.23,47.75,46.86,47.66,24404.0
2025-05-02 17:00:00+00:00,47.66,47.81,47.1,47.21,21339.0
2025-05-02 18:00:00+00:00,47.2,47.505,46.77,47.14,24703.0
2025-05-02 19:00:00+00:00,47.1,47.58,46.82,46.905,115532.0
2025-05-05 14:00:00+00:00,43.905,44.695,43.26,44.675,40493.0
2025-05-05 15:00:00+00:00,44.71,45.01,44.63,44.77,18428.0
2025-05-05 16:00:00+00:00,44.81,45.125,44.74,44.87,6856.0
2025-05-05 17:00:00+00:00,44.84,44.93,44.505,44.66,6190.0
2025-05-05 18:00:00+00:00,44.62,44.91,44.05,44.09,26274.0
2025-05-05 19:00:00+00:00,44.145,44.28,43.745,44.05,30465.0
2025-05-06 14:00:00+00:00,43.2,44.06,43.165,43.63,24193.0
2025-05-06 15:00:00+00:00,43.67,43.92,43.42,43.42,9988.0
2025-05-06 16:00:00+00:00,43.455,44.015,43.37,43.465,14650.0
2025-05-06 17:00:00+00:00,43.49,43.55,42.7,42.72,31898.0
2025-05-06 18:00:00+00:00,42.72,42.875,42.235,42.36,30755.0
2025-05-06 19:00:00+00:00,42.34,42.47,41.895,41.975,56689.0
2025-05-07 14:00:00+00:00,41.325,41.445,40.105,40.26,20505.0
2025-05-07 15:00:00+00:00,40.225,40.31,39.64,40.21,17599.0
2025-05-07 16:00:00+00:00,40.2,40.25,39.38,40.04,17871.0
2025-05-07 17:00:00+00:00,39.99,40.045,39.37,39.435,18002.0
2025-05-07 18:00:00+00:00,39.49,39.6,38.89,39.295,19364.0
2025-05-07 19:00:00+00:00,39.28,39.985,39.13,39.79,47701.0
2025-05-08 14:00:00+00:00,40.03,40.5,39.99,40.06,19169.0
2025-05-08 15:00:00+00:00,40.05,41.13,39.92,41.13,55110.0
2025-05-08 16:00:00+00:00,41.1,41.63,41.01,41.6,20420.0
2025-05-08 17:00:00+00:00,41.6,41.6,40.805,41.3,29540.0
2025-05-08 18:00:00+00:00,41.27,42.185,41.16,42.085,13595.0
2025-05-08 19:00:00+00:00,42.08,42.43,41.645,41.645,41584.0
2025-05-09 14:00:00+00:00,42.24,42.525,41.24,41.77,30836.0
2025-05-09 15:00:00+00:00,41.69,41.93,41.125,41.84,13737.0
2025-05-09 16:00:00+00:00,41.78,41.94,41.5,41.61,11899.0
2025-05-09 17:00:00+00:00,41.61,42.01,41.61,41.995,5958.0
2025-05-09 18:00:00+00:00,41.995,42.035,41.51,41.66,21714.0
2025-05-09 19:00:00+00:00,41.66,41.88,41.43,41.71,32832.0
2025-05-12 14:00:00+00:00,42.785,42.785,41.16,41.91,23553.0
2025-05-12 15:00:00+00:00,41.93,42.235,41.825,41.84,9199.0
2025-05-12 16:00:00+00:00,41.835,41.99,41.39,41.39,11900.0
2025-05-12 17:00:00+00:00,41.395,41.605,41.24,41.34,20886.0
2025-05-12 18:00:00+00:00,41.32,41.48,41.05,41.185,13219.0
2025-05-12 19:00:00+00:00,41.2,41.82,41.19,41.645,35143.0
2025-05-13 14:00:00+00:00,40.89,41.31,40.56,41.045,14276.0
2025-05-13 15:00:00+00:00,41.02,41.4,40.85,41.24,12283.0
2025-05-13 16:00:00+00:00,41.21,41.895,41.07,41.655,9796.0
2025-05-13 17:00:00+00:00,41.69,42.02,41.65,41.65,8438.0
2025-05-13 18:00:00+00:00,41.685,41.71,41.43,41.515,6064.0
2025-05-13 19:00:00+00:00,41.52,41.74,41.205,41.37,23715.0
2025-05-14 14:00:00+00:00,41.41,41.7,41.05,41.12,8127.0
2025-05-14 15:00:00+00:00,41.13,41.45,40.97,41.28,4185.0
2025-05-14 16:00:00+00:00,41.24,41.42,40.67,40.705,5846.0
2025-05-14 17:00:00+00:00,40.67,40.99,40.39,40.84,4686.0
2025-05-14 18:00:00+00:00,40.84,40.84,40.53,40.53,5234.0
2025-05-14 19:00:00+00:00,40.54,40.87,40.45,40.745,18079.0
2025-05-15 14:00:00+00:00,39.74,39.925,39.29,39.44,6447.0
2025-05-15 15:00:00+00:00,39.41,40.175,39.41,40.13,15052.0
2025-05-15 16:00:00+00:00,40.2,40.34,39.98,40.31,6582.0
2025-05-15 17:00:00+00:00,40.33,40.48,40.18,40.18,5083.0
2025-05-15 18:00:00+00:00,40.25,40.43,40.13,40.22,8480.0
2025-05-15 19:00:00+00:00,40.2,40.425,40.16,40.425,23338.0
2025-05-16 14:00:00+00:00,40.695,40.82,40.28,40.615,12084.0
2025-05-16 15:00:00+00:00,40.665,40.98,40.59,40.86,7492.0
2025-05-16 16:00:00+00:00,40.855,41.035,40.755,40.755,7261.0
2025-05-16 17:00:00+00:00,40.745,41.065,40.68,40.71,6537.0
2025-05-16 18:00:00+00:00,40.7,40.82,40.63,40.7,6954.0
2025-05-16 19:00:00+00:00,40.705,40.93,40.56,40.675,24404.0
2025-05-19 14:00:00+00:00,40.225,40.535,40.05,40.09,9667.0
2025-05-19 15:00:00+00:00,40.1,40.19,39.98,40.01,10295.0
2025-05-19 16:00:00+00:00,40.01,40.14,39.99,40.11,5653.0
2025-05-19 17:00:00+00:00,40.11,40.225,40.02,40.1,4383.0
2025-05-19 18:00:00+00:00,40.105,40.23,39.98,40.085,5480.0
2025-05-19 19:00:00+00:00,40.085,40.21,40.0,40.16,12910.0
2025-05-20 14:00:00+00:00,39.58,39.84,39.43,39.595,9867.0
2025-05-20 15:00:00+00:00,39.595,39.75,39.41,39.45,6059.0
2025-05-20 16:00:00+00:00,39.45,39.9,39.425,39.9,4953.0
2025-05-20 17:00:00+00:00,39.885,40.3,39.855,40.075,5702.0
2025-05-20 18:00:00+00:00,40.07,40.32,39.7,39.88,17576.0
2025-05-20 19:00:00+00:00,39.875,40.04,39.64,39.96,34370.0
2025-05-21 14:00:00+00:00,38.705,38.8,37.98,38.57,18761.0
2025-05-21 15:00:00+00:00,38.595,38.91,38.4,38.49,15054.0
2025-05-21 16:00:00+00:00,38.5,38.53,38.135,38.15,8017.0
2025-05-21 17:00:00+00:00,38.16,38.215,37.435,37.665,5642.0
2025-05-21 18:00:00+00:00,37.66,37.68,37.26,37.3,7613.0
2025-05-21 19:00:00+00:00,37.29,37.48,37.03,37.12,17461.0
2025-05-22 14:00:00+00:00,37.3,37.51,37.04,37.185,7188.0
2025-05-22 15:00:00+00:00,37.185,37.58,37.185,37.53,12815.0
2025-05-22 16:00:00+00:00,37.53,37.535,37.25,37.31,6542.0
2025-05-22 17:00:00+00:00,37.355,37.68,37.27,37.6,5349.0
2025-05-22 18:00:00+00:00,37.605,37.64,37.35,37.4,10122.0
2025-05-22 19:00:00+00:00,37.42,37.46,37.04,37.07,23292.0
2025-05-23 14:00:00+00:00,37.2,37.77,37.2,37.63,7449.0
2025-05-23 15:00:00+00:00,37.63,38.0,37.58,37.96,7487.0
2025-05-23 16:00:00+00:00,37.975,38.15,37.73,37.76,7725.0
2025-05-23 17:00:00+00:00,37.76,38.08,37.76,38.025,4064.0
2025-05-23 18:00:00+00:00,38.035,38.11,37.835,37.99,8179.0
2025-05-23 19:00:00+00:00,37.99,38.2,37.955,38.08,30888.0
2025-05-26 14:00:00+00:00,38.08,38.08,38.08,38.08,0.0
2025-05-26 15:00:00+00:00,38.08,38.08,38.08,38.08,0.0
2025-05-26 16:00:00+00:00,38.08,38.08,38.08,38.08,0.0
2025-05-26 17:00:00+00:00,38.08,38.08,38.08,38.08,0.0
2025-05-26 18:00:00+00:00,38.08,38.08,38.08,38.08,0.0
2025-05-26 19:00:00+00:00,38.08,38.08,38.08,38.08,0.0
2025-05-27 14:00:00+00:00,39.205,39.62,39.02,39.05,13257.0
2025-05-27 15:00:00+00:00,39.045,39.06,38.5,38.7,12815.0
2025-05-27 16:00:00+00:00,38.7,38.75,38.515,38.71,5729.0
2025-05-27 17:00:00+00:00,38.71,38.81,38.595,38.775,8474.0
2025-05-27 18:00:00+00:00,38.775,38.775,38.44,38.605,16955.0
2025-05-27 19:00:00+00:00,38.6,39.18,38.56,39.16,37735.0
2025-05-28 14:00:00+00:00,38.24,38.415,38.185,38.25,19082.0
2025-05-28 15:00:00+00:00,38.27,38.495,38.17,38.17,9083.0
2025-05-28 16:00:00+00:00,38.17,38.235,37.745,37.8,6489.0
2025-05-28 17:00:00+00:00,37.8,38.33,37.8,38.33,11592.0
2025-05-28 18:00:00+00:00,38.37,38.4,37.775,37.975,12344.0
2025-05-28 19:00:00+00:00,37.99,38.31,37.975,38.175,34580.0
2025-05-29 14:00:00+00:00,38.68,38.875,38.05,38.48,9113.0
2025-05-29 15:00:00+00:00,38.48,38.58,38.07,38.07,5539.0
2025-05-29 16:00:00+00:00,38.05,38.35,38.05,38.25,5876.0
2025-05-29 17:00:00+00:00,38.24,38.42,38.225,38.235,5519.0
2025-05-29 18:00:00+00:00,38.22,38.41,38.19,38.27,5709.0
2025-05-29 19:00:00+00:00,38.29,38.65,38.15,38.535,25597.0
2025-05-30 14:00:00+00:00,39.22,40.41,39.21,40.34,9882.0
2025-05-30 15:00:00+00:00,40.36,41.035,40.21,40.76,8563.0
2025-05-30 16:00:00+00:00,40.735,40.735,39.99,40.39,23959.0
2025-05-30 17:00:00+00:00,40.4,40.705,40.31,40.365,8978.0
2025-05-30 18:00:00+00:00,40.39,40.84,40.39,40.7,16271.0
2025-05-30 19:00:00+00:00,40.67,41.14,40.59,40.66,27988.0
2025-06-02 14:00:00+00:00,39.815,41.43,39.72,41.39,29912.0
2025-06-02 15:00:00+00:00,41.42,41.98,41.37,41.805,17075.0
2025-06-02 16:00:00+00:00,41.8,42.1,41.605,41.96,13362.0
2025-06-02 17:00:00+00:00,41.97,42.09,41.83,42.03,7761.0
2025-06-02 18:00:00+00:00,42.01,42.31,42.01,42.21,17402.0
2025-06-02 19:00:00+00:00,42.215,42.505,41.91,42.11,46210.0
2025-06-03 14:00:00+00:00,43.895,45.965,43.895,45.835,44498.0
2025-06-03 15:00:00+00:00,45.81,45.99,44.39,45.75,27668.0
2025-06-03 16:00:00+00:00,45.77,46.5,45.455,46.16,23787.0
2025-06-03 17:00:00+00:00,46.16,46.75,46.1,46.71,23930.0
2025-06-03 18:00:00+00:00,46.705,46.71,45.84,45.84,41145.0
2025-06-03 19:00:00+00:00,45.83,45.94,45.3,45.765,78251.0
2025-06-04 14:00:00+00:00,47.32,47.56,46.925,47.25,26255.0
2025-06-04 15:00:00+00:00,47.26,47.47,46.53,46.53,18922.0
2025-06-04 16:00:00+00:00,46.535,47.035,46.24,46.9,21990.0
2025-06-04 17:00:00+00:00,46.915,47.53,46.915,47.42,14551.0
2025-06-04 18:00:00+00:00,47.42,47.68,47.05,47.65,13237.0
2025-06-04 19:00:00+00:00,47.69,47.92,47.53,47.75,32426.0
2025-06-05 14:00:00+00:00,47.315,50.04,47.23,49.875,27165.0
2025-06-05 15:00:00+00:00,49.865,49.96,49.42,49.64,23845.0
2025-06-05 16:00:00+00:00,49.64,50.0,48.97,49.035,25749.0
2025-06-05 17:00:00+00:00,48.94,49.13,48.49,48.53,13296.0
2025-06-05 18:00:00+00:00,48.53,48.76,48.21,48.64,15631.0
2025-06-05 19:00:00+00:00,48.63,48.75,47.535,48.43,44921.0
2025-06-06 14:00:00+00:00,49.095,49.13,47.995,48.6,10795.0
2025-06-06 15:00:00+00:00,48.575,48.6,47.525,48.01,11652.0
2025-06-06 16:00:00+00:00,48.0,48.145,47.72,47.85,6815.0
2025-06-06 17:00:00+00:00,47.82,48.13,47.72,48.005,5292.0
2025-06-06 18:00:00+00:00,48.0,48.0,47.46,47.65,9033.0
2025-06-06 19:00:00+00:00,47.62,48.075,47.62,48.07,29823.0
2025-06-09 14:00:00+00:00,47.57,48.82,47.4,48.64,8021.0
2025-06-09 15:00:00+00:00,48.7,50.1,48.7,49.885,14121.0
2025-06-09 16:00:00+00:00,49.885,50.065,49.52,49.98,17934.0
2025-06-09 17:00:00+00:00,49.98,50.41,49.825,50.035,19889.0
2025-06-09 18:00:00+00:00,50.05,50.54,49.83,49.92,18413.0
2025-06-09 19:00:00+00:00,49.92,50.02,49.08,49.55,47804.0
2025-06-10 14:00:00+00:00,49.04,49.55,48.845,49.2,15228.0
2025-06-10 15:00:00+00:00,49.23,50.06,49.195,49.83,15006.0
2025-06-10 16:00:00+00:00,49.83,50.33,49.65,50.305,8985.0
2025-06-10 17:00:00+00:00,50.305,50.47,50.195,50.195,8995.0
2025-06-10 18:00:00+00:00,50.18,50.4,50.05,50.365,11299.0
2025-06-10 19:00:00+00:00,50.365,50.51,49.85,50.09,13594.0
2025-06-11 14:00:00+00:00,49.14,49.64,49.06,49.31,17281.0
2025-06-11 15:00:00+00:00,49.32,49.36,48.77,48.88,18731.0
2025-06-11 16:00:00+00:00,48.88,49.16,48.7,49.07,13616.0
2025-06-11 17:00:00+00:00,49.06,49.26,48.945,48.96,17225.0
2025-06-11 18:00:00+00:00,48.94,48.99,48.145,48.395,15147.0
2025-06-11 19:00:00+00:00,48.4,49.08,48.31,49.0,37695.0
2025-06-12 14:00:00+00:00,48.445,49.19,48.16,48.94,18073.0
2025-06-12 15:00:00+00:00,48.98,49.145,48.625,48.865,11593.0
2025-06-12 16:00:00+00:00,48.865,49.02,48.79,48.83,10255.0
2025-06-12 17:00:00+00:00,48.8,49.01,48.75,48.78,6399.0
2025-06-12 18:00:00+00:00,48.76,48.91,48.585,48.69,7988.0
2025-06-12 19:00:00+00:00,48.68,49.07,48.645,49.005,27749.0
2025-06-13 14:00:00+00:00,48.41,49.57,48.41,49.46,21767.0
2025-06-13 15:00:00+00:00,49.515,50.13,49.25,50.04,17558.0
2025-06-13 16:00:00+00:00,50.07,50.38,50.07,50.21,11185.0
2025-06-13 17:00:00+00:00,50.19,50.19,49.38,49.635,7888.0
2025-06-13 18:00:00+00:00,49.59,49.66,48.98,49.2,6580.0
2025-06-13 19:00:00+00:00,49.28,49.425,48.83,49.275,27006.0
2025-06-16 14:00:00+00:00,49.27,49.865,49.035,49.56,21786.0
2025-06-16 15:00:00+00:00,49.53,49.57,48.91,49.08,12417.0
2025-06-16 16:00:00+00:00,49.055,49.395,49.03,49.12,9507.0
2025-06-16 17:00:00+00:00,49.16,49.46,49.055,49.4,13968.0
2025-06-16 18:00:00+00:00,49.43,49.52,49.14,49.18,11044.0
2025-06-16 19:00:00+00:00,49.18,49.31,49.01,49.31,33550.0
2025-06-17 14:00:00+00:00,48.73,48.915,48.05,48.77,18872.0
2025-06-17 15:00:00+00:00,48.75,49.53,48.705,49.47,10624.0
2025-06-17 16:00:00+00:00,49.52,50.05,49.25,49.27,14922.0
2025-06-17 17:00:00+00:00,49.29,49.775,49.09,49.6,10715.0
2025-06-17 18:00:00+00:00,49.595,49.73,49.065,49.3,8336.0
2025-06-17 19:00:00+00:00,49.28,49.855,49.055,49.55,35016.0
2025-06-18 14:00:00+00:00,49.29,51.53,48.74,51.16,30698.0
2025-06-18 15:00:00+00:00,51.1,51.69,50.85,50.97,28160.0
2025-06-18 16:00:00+00:00,51.08,51.555,50.57,50.765,7779.0
2025-06-18 17:00:00+00:00,50.76,50.82,49.98,50.205,29867.0
2025-06-18 18:00:00+00:00,50.32,50.88,49.98,50.0,32588.0
2025-06-18 19:00:00+00:00,50.025,50.79,50.02,50.59,35301.0
2025-06-19 14:00:00+00:00,50.59,50.59,50.59,50.59,0.0
2025-06-19 15:00:00+00:00,50.59,50.59,50.59,50.59,0.0
2025-06-19 16:00:00+00:00,50.59,50.59,50.59,50.59,0.0
2025-06-19 17:00:00+00:00,50.59,50.59,50.59,50.59,0.0
2025-06-19 18:00:00+00:00,50.59,50.59,50.59,50.59,0.0
2025-06-19 19:00:00+00:00,50.59,50.59,50.59,50.59,0.0
2025-06-20 14:00:00+00:00,50.53,50.82,49.66,49.785,12589.0
2025-06-20 15:00:00+00:00,49.725,49.96,49.36,49.4,10060.0
2025-06-20 16:00:00+00:00,49.42,49.685,49.26,49.57,7853.0
2025-06-20 17:00:00+00:00,49.58,49.64,48.87,49.095,8765.0
2025-06-20 18:00:00+00:00,49.095,49.17,48.75,48.79,9447.0
2025-06-20 19:00:00+00:00,48.84,49.22,48.715,49.11,21770.0
2025-06-23 14:00:00+00:00,48.03,48.855,47.9,48.2,14365.0
2025-06-23 15:00:00+00:00,48.14,48.57,48.14,48.46,9874.0
2025-06-23 16:00:00+00:00,48.435,49.02,48.19,48.81,28327.0
2025-06-23 17:00:00+00:00,48.81,49.515,48.8,49.47,11028.0
2025-06-23 18:00:00+00:00,49.44,49.76,49.13,49.17,19072.0
2025-06-23 19:00:00+00:00,49.165,49.275,48.44,48.475,34632.0
2025-06-24 14:00:00+00:00,49.98,50.19,49.46,50.005,7431.0
2025-06-24 15:00:00+00:00,50.005,50.78,50.005,50.73,9723.0
2025-06-24 16:00:00+00:00,50.68,50.86,50.44,50.775,10860.0
2025-06-24 17:00:00+00:00,50.775,51.04,50.38,50.49,7005.0
2025-06-24 18:00:00+00:00,50.505,50.545,49.98,50.17,11474.0
2025-06-24 19:00:00+00:00,50.2,50.25,49.725,49.99,12297.0
2025-06-25 14:00:00+00:00,50.0,50.125,49.295,49.295,19855.0
2025-06-25 15:00:00+00:00,49.295,49.41,48.7,48.865,12247.0
2025-06-25 16:00:00+00:00,48.865,49.48,48.865,49.47,10593.0
2025-06-25 17:00:00+00:00,49.45,49.63,49.03,49.39,13480.0
2025-06-25 18:00:00+00:00,49.355,49.93,49.355,49.93,7918.0
2025-06-25 19:00:00+00:00,50.005,50.12,49.455,49.92,37996.0
2025-06-26 14:00:00+00:00,49.88,50.29,49.715,50.13,16229.0
2025-06-26 15:00:00+00:00,50.125,50.33,49.06,49.42,23573.0
2025-06-26 16:00:00+00:00,49.415,49.43,49.14,49.22,11641.0
2025-06-26 17:00:00+00:00,49.2,49.5,48.695,48.9,13970.0
2025-06-26 18:00:00+00:00,48.9,48.9,48.435,48.875,12159.0
2025-06-26 19:00:00+00:00,48.875,50.12,48.86,50.105,30989.0
2025-06-27 14:00:00+00:00,50.165,53.25,49.88,50.745,38097.0
2025-06-27 15:00:00+00:00,50.77,51.53,50.385,51.395,26462.0
2025-06-27 16:00:00+00:00,51.39,52.02,51.31,51.46,24659.0
2025-06-27 17:00:00+00:00,51.46,51.58,51.09,51.17,16373.0
2025-06-27 18:00:00+00:00,51.22,51.255,50.72,50.835,14168.0
2025-06-27 19:00:00+00:00,50.78,51.235,50.78,50.955,32459.0
2025-06-30 14:00:00+00:00,51.34,52.25,51.33,52.095,15470.0
2025-06-30 15:00:00+00:00,52.07,52.43,51.66,52.065,16146.0
2025-06-30 16:00:00+00:00,52.06,52.17,51.665,51.67,7239.0
2025-06-30 17:00:00+00:00,51.68,52.07,51.64,51.81,6420.0
2025-06-30 18:00:00+00:00,51.81,52.05,51.57,51.78,5816.0
2025-06-30 19:00:00+00:00,51.805,52.275,51.695,52.07,13340.0
2025-07-01 14:00:00+00:00,51.41,51.94,50.67,50.67,18455.0
2025-07-01 15:00:00+00:00,50.65,51.09,50.605,50.62,9396.0
2025-07-01 16:00:00+00:00,50.64,51.08,50.535,50.74,12006.0
2025-07-01 17:00:00+00:00,50.74,51.215,50.64,51.16,5889.0
2025-07-01 18:00:00+00:00,51.16,51.16,50.53,50.53,7190.0
2025-07-01 19:00:00+00:00,50.39,50.75,50.055,50.71,17933.0
2025-07-02 14:00:00+00:00,50.65,51.475,50.595,51.115,13856.0
2025-07-02 15:00:00+00:00,51.15,51.26,50.925,51.015,15550.0
2025-07-02 16:00:00+00:00,51.02,51.345,50.83,51.16,6829.0
2025-07-02 17:00:00+00:00,51.16,51.585,51.065,51.24,6628.0
2025-07-02 18:00:00+00:00,51.23,51.395,50.93,51.065,23953.0
2025-07-02 19:00:00+00:00,51.065,51.12,50.165,50.21,33003.0
2025-07-03 14:00:00+00:00,49.67,50.01,49.28,49.77,11184.0
2025-07-03 15:00:00+00:00,49.775,50.31,49.775,50.255,9024.0
2025-07-03 16:00:00+00:00,50.265,50.565,50.235,50.425,21778.0
2025-07-03 17:00:00+00:00,50.425,50.425,50.425,50.425,0.0
2025-07-03 18:00:00+00:00,50.425,50.425,50.425,50.425,0.0
2025-07-03 19:00:00+00:00,50.425,50.425,50.425,50.425,0.0
2025-07-04 14:00:00+00:00,50.425,50.425,50.425,50.425,0.0
2025-07-04 15:00:00+00:00,50.425,50.425,50.425,50.425,0.0
2025-07-04 16:00:00+00:00,50.425,50.425,50.425,50.425,0.0
2025-07-04 17:00:00+00:00,50.425,50.425,50.425,50.425,0.0
2025-07-04 18:00:00+00:00,50.425,50.425,50.425,50.425,0.0
2025-07-04 19:00:00+00:00,50.425,50.425,50.425,50.425,0.0
2025-07-07 14:00:00+00:00,49.72,50.485,49.7,49.76,20260.0
2025-07-07 15:00:00+00:00,49.76,49.95,49.5,49.935,13343.0
2025-07-07 16:00:00+00:00,49.96,50.095,49.5,49.63,11513.0
2025-07-07 17:00:00+00:00,49.61,50.02,49.53,49.885,9861.0
2025-07-07 18:00:00+00:00,49.885,49.885,49.18,49.46,17133.0
2025-07-07 19:00:00+00:00,49.46,49.615,49.125,49.54,42647.0
2025-07-08 14:00:00+00:00,50.12,50.325,49.57,49.69,7936.0
2025-07-08 15:00:00+00:00,49.795,49.98,49.375,49.375,13974.0
2025-07-08 16:00:00+00:00,49.39,49.585,48.945,49.395,6954.0
2025-07-08 17:00:00+00:00,49.395,51.08,49.335,51.025,8175.0
2025-07-08 18:00:00+00:00,51.025,51.3,50.71,51.3,6539.0
2025-07-08 19:00:00+00:00,51.26,51.405,50.805,50.825,22514.0
2025-07-09 14:00:00+00:00,51.09,51.14,50.19,50.92,7899.0
2025-07-09 15:00:00+00:00,50.95,51.21,50.58,51.03,7771.0
2025-07-09 16:00:00+00:00,51.03,51.395,50.95,50.965,6632.0
2025-07-09 17:00:00+00:00,50.93,50.93,50.32,50.455,7405.0
2025-07-09 18:00:00+00:00,50.49,50.76,50.255,50.61,7502.0
2025-07-09 19:00:00+00:00,50.62,51.14,50.62,51.01,28106.0
2025-07-10 14:00:00+00:00,50.99,52.235,50.98,52.11,9020.0
2025-07-10 15:00:00+00:00,52.2,52.43,51.08,51.44,20890.0
2025-07-10 16:00:00+00:00,51.44,51.89,51.33,51.73,11237.0
2025-07-10 17:00:00+00:00,51.705,52.005,51.55,51.55,15130.0
