date,Open,High,Low,Close,Volume
2024-12-16 15:00:00+00:00,2.89,2.89,2.89,2.89,0.0
2024-12-16 16:00:00+00:00,2.89,2.89,2.89,2.89,0.0
2024-12-16 17:00:00+00:00,2.89,2.89,2.89,2.89,0.0
2024-12-16 18:00:00+00:00,2.89,2.89,2.89,2.89,0.0
2024-12-16 19:00:00+00:00,2.89,2.89,2.89,2.89,0.0
2024-12-16 20:00:00+00:00,2.89,2.89,2.89,2.89,0.0
2024-12-17 15:00:00+00:00,2.89,2.89,2.89,2.89,0.0
2024-12-17 16:00:00+00:00,2.89,2.89,2.89,2.89,0.0
2024-12-17 17:00:00+00:00,2.89,2.89,2.89,2.89,0.0
2024-12-17 18:00:00+00:00,2.89,2.89,2.89,2.89,0.0
2024-12-17 19:00:00+00:00,2.89,2.89,2.89,2.89,0.0
2024-12-17 20:00:00+00:00,2.89,2.89,2.56,2.56,1600.0
2024-12-18 15:00:00+00:00,2.56,2.56,2.51,2.55,200.0
2024-12-18 16:00:00+00:00,2.55,2.55,2.52,2.52,1.0
2024-12-18 17:00:00+00:00,2.52,2.52,2.52,2.52,0.0
2024-12-18 18:00:00+00:00,2.52,2.52,2.52,2.52,0.0
2024-12-18 19:00:00+00:00,2.52,2.52,2.52,2.52,0.0
2024-12-18 20:00:00+00:00,2.52,2.52,2.52,2.52,0.0
2024-12-19 15:00:00+00:00,2.52,2.52,2.52,2.52,0.0
2024-12-19 16:00:00+00:00,2.52,2.52,2.52,2.52,0.0
2024-12-19 17:00:00+00:00,2.52,2.52,2.52,2.52,0.0
2024-12-19 18:00:00+00:00,2.52,2.52,2.52,2.52,0.0
2024-12-19 19:00:00+00:00,2.52,2.52,2.52,2.52,0.0
2024-12-19 20:00:00+00:00,2.52,2.52,2.52,2.52,0.0
2024-12-20 15:00:00+00:00,2.52,2.8,2.52,2.8,400.0
2024-12-20 16:00:00+00:00,2.8,2.8,2.8,2.8,0.0
2024-12-20 17:00:00+00:00,2.8,2.8,2.8,2.8,0.0
2024-12-20 18:00:00+00:00,2.8,2.8,2.8,2.8,0.0
2024-12-20 19:00:00+00:00,2.8,2.8,2.8,2.8,0.0
2024-12-20 20:00:00+00:00,2.8,2.8,2.8,2.8,0.0
2024-12-23 15:00:00+00:00,2.8,2.8,2.8,2.8,0.0
2024-12-23 16:00:00+00:00,2.8,2.8,2.8,2.8,0.0
2024-12-23 17:00:00+00:00,2.8,2.8,2.8,2.8,0.0
2024-12-23 18:00:00+00:00,2.8,2.8,2.8,2.8,0.0
2024-12-23 19:00:00+00:00,2.8,2.8,2.8,2.8,0.0
2024-12-23 20:00:00+00:00,2.8,2.8,2.8,2.8,0.0
2024-12-24 15:00:00+00:00,2.8,2.8,2.62,2.68,21.0
2024-12-24 16:00:00+00:00,2.68,2.68,2.68,2.68,6.0
2024-12-24 17:00:00+00:00,2.68,2.68,2.68,2.68,0.0
2024-12-24 18:00:00+00:00,2.68,2.68,2.68,2.68,0.0
2024-12-24 19:00:00+00:00,2.68,2.68,2.68,2.68,0.0
2024-12-24 20:00:00+00:00,2.68,2.68,2.68,2.68,0.0
2024-12-25 15:00:00+00:00,2.68,2.68,2.68,2.68,0.0
2024-12-25 16:00:00+00:00,2.68,2.68,2.68,2.68,0.0
2024-12-25 17:00:00+00:00,2.68,2.68,2.68,2.68,0.0
2024-12-25 18:00:00+00:00,2.68,2.68,2.68,2.68,0.0
2024-12-25 19:00:00+00:00,2.68,2.68,2.68,2.68,0.0
2024-12-25 20:00:00+00:00,2.68,2.68,2.68,2.68,0.0
2024-12-26 15:00:00+00:00,2.68,2.68,2.68,2.68,0.0
2024-12-26 16:00:00+00:00,2.68,2.68,2.68,2.68,0.0
2024-12-26 17:00:00+00:00,2.68,2.68,2.68,2.68,0.0
2024-12-26 18:00:00+00:00,2.68,2.68,2.68,2.68,0.0
2024-12-26 19:00:00+00:00,2.68,2.68,2.68,2.68,0.0
2024-12-26 20:00:00+00:00,2.68,2.68,2.68,2.68,0.0
2024-12-27 15:00:00+00:00,2.68,2.68,2.68,2.68,0.0
2024-12-27 16:00:00+00:00,2.68,2.68,2.68,2.68,0.0
2024-12-27 17:00:00+00:00,2.68,2.68,2.68,2.68,0.0
2024-12-27 18:00:00+00:00,2.68,2.68,2.68,2.68,0.0
2024-12-27 19:00:00+00:00,2.68,2.68,2.68,2.68,0.0
2024-12-27 20:00:00+00:00,2.68,2.68,2.68,2.68,0.0
2024-12-30 15:00:00+00:00,2.68,2.68,2.68,2.68,0.0
2024-12-30 16:00:00+00:00,2.68,2.68,2.68,2.68,0.0
2024-12-30 17:00:00+00:00,2.68,2.68,2.68,2.68,0.0
2024-12-30 18:00:00+00:00,2.68,2.68,2.68,2.68,0.0
2024-12-30 19:00:00+00:00,2.68,2.68,2.68,2.68,0.0
2024-12-30 20:00:00+00:00,2.68,2.68,2.68,2.68,0.0
2024-12-31 15:00:00+00:00,2.68,2.68,2.68,2.68,0.0
2024-12-31 16:00:00+00:00,2.68,2.94,2.68,2.94,113.0
2024-12-31 17:00:00+00:00,2.94,2.94,2.94,2.94,0.0
2024-12-31 18:00:00+00:00,2.94,2.94,2.94,2.94,0.0
2024-12-31 19:00:00+00:00,2.94,2.94,2.94,2.94,100.0
2024-12-31 20:00:00+00:00,2.94,2.94,2.94,2.94,0.0
2025-01-01 15:00:00+00:00,2.94,2.94,2.94,2.94,0.0
2025-01-01 16:00:00+00:00,2.94,2.94,2.94,2.94,0.0
2025-01-01 17:00:00+00:00,2.94,2.94,2.94,2.94,0.0
2025-01-01 18:00:00+00:00,2.94,2.94,2.94,2.94,0.0
2025-01-01 19:00:00+00:00,2.94,2.94,2.94,2.94,0.0
2025-01-01 20:00:00+00:00,2.94,2.94,2.94,2.94,0.0
2025-01-02 15:00:00+00:00,2.94,2.94,2.94,2.94,0.0
2025-01-02 16:00:00+00:00,2.94,2.94,2.94,2.94,0.0
2025-01-02 17:00:00+00:00,2.94,2.94,2.94,2.94,0.0
2025-01-02 18:00:00+00:00,2.94,2.94,2.94,2.94,0.0
2025-01-02 19:00:00+00:00,2.94,2.94,2.94,2.94,0.0
2025-01-02 20:00:00+00:00,2.94,2.94,2.94,2.94,0.0
2025-01-03 15:00:00+00:00,2.94,2.94,2.94,2.94,0.0
2025-01-03 16:00:00+00:00,2.94,2.94,2.94,2.94,0.0
2025-01-03 17:00:00+00:00,2.94,2.94,2.94,2.94,0.0
2025-01-03 18:00:00+00:00,2.94,2.94,2.94,2.94,0.0
2025-01-03 19:00:00+00:00,2.94,2.94,2.94,2.94,0.0
2025-01-03 20:00:00+00:00,2.94,2.94,2.94,2.94,0.0
2025-01-06 15:00:00+00:00,2.94,2.94,2.94,2.94,0.0
2025-01-06 16:00:00+00:00,2.94,2.94,2.94,2.94,0.0
2025-01-06 17:00:00+00:00,2.94,3.11,2.94,3.11,20.0
2025-01-06 18:00:00+00:00,3.11,3.11,3.11,3.11,0.0
2025-01-06 19:00:00+00:00,3.11,3.11,3.11,3.11,0.0
2025-01-06 20:00:00+00:00,3.11,3.11,3.11,3.11,0.0
2025-01-07 15:00:00+00:00,3.11,3.16,3.11,3.16,295.0
2025-01-07 16:00:00+00:00,3.16,3.16,3.13,3.13,100.0
2025-01-07 17:00:00+00:00,3.13,3.13,3.13,3.13,0.0
2025-01-07 18:00:00+00:00,3.13,3.14,3.075,3.14,200.0
2025-01-07 19:00:00+00:00,3.14,3.14,3.14,3.14,0.0
2025-01-07 20:00:00+00:00,3.14,3.14,3.14,3.14,0.0
2025-01-08 15:00:00+00:00,3.14,3.19,3.14,3.19,3.0
2025-01-08 16:00:00+00:00,3.19,3.19,3.19,3.19,0.0
2025-01-08 17:00:00+00:00,3.16,3.16,3.16,3.16,1.0
2025-01-08 18:00:00+00:00,3.16,3.16,3.16,3.16,0.0
2025-01-08 19:00:00+00:00,3.16,3.16,3.16,3.16,0.0
2025-01-08 20:00:00+00:00,3.16,3.16,3.16,3.16,0.0
2025-01-09 15:00:00+00:00,3.16,3.16,3.16,3.16,0.0
2025-01-09 16:00:00+00:00,3.16,3.16,3.16,3.16,0.0
2025-01-09 17:00:00+00:00,3.16,3.16,3.16,3.16,0.0
2025-01-09 18:00:00+00:00,3.16,3.16,3.16,3.16,0.0
2025-01-09 19:00:00+00:00,3.16,3.16,3.16,3.16,0.0
2025-01-09 20:00:00+00:00,3.16,3.16,3.16,3.16,0.0
2025-01-10 15:00:00+00:00,3.16,3.16,3.16,3.16,0.0
2025-01-10 16:00:00+00:00,3.16,3.16,3.16,3.16,0.0
2025-01-10 17:00:00+00:00,3.16,3.16,3.16,3.16,0.0
2025-01-10 18:00:00+00:00,3.16,3.16,3.16,3.16,0.0
2025-01-10 19:00:00+00:00,3.16,3.16,3.16,3.16,0.0
2025-01-10 20:00:00+00:00,3.16,3.16,3.16,3.16,0.0
2025-01-13 15:00:00+00:00,3.16,3.16,3.16,3.16,0.0
2025-01-13 16:00:00+00:00,3.16,3.16,3.16,3.16,0.0
2025-01-13 17:00:00+00:00,3.16,3.16,3.16,3.16,0.0
2025-01-13 18:00:00+00:00,3.16,3.16,3.16,3.16,0.0
2025-01-13 19:00:00+00:00,3.16,3.16,3.16,3.16,0.0
2025-01-13 20:00:00+00:00,3.16,3.16,3.16,3.16,0.0
2025-01-14 15:00:00+00:00,3.16,3.16,2.945,2.945,10.0
2025-01-14 16:00:00+00:00,2.945,2.945,2.945,2.945,0.0
2025-01-14 17:00:00+00:00,2.945,2.945,2.945,2.945,0.0
2025-01-14 18:00:00+00:00,2.945,2.945,2.945,2.945,0.0
2025-01-14 19:00:00+00:00,2.945,2.945,2.945,2.945,0.0
2025-01-14 20:00:00+00:00,2.945,2.945,2.945,2.945,0.0
2025-01-15 15:00:00+00:00,2.945,2.945,2.945,2.945,0.0
2025-01-15 16:00:00+00:00,2.945,2.945,2.945,2.945,0.0
2025-01-15 17:00:00+00:00,2.945,2.945,2.945,2.945,0.0
2025-01-15 18:00:00+00:00,2.945,2.945,2.945,2.945,0.0
2025-01-15 19:00:00+00:00,2.945,2.945,2.945,2.945,0.0
2025-01-15 20:00:00+00:00,2.945,2.945,2.945,2.945,0.0
2025-01-16 15:00:00+00:00,2.945,2.945,2.945,2.945,0.0
2025-01-16 16:00:00+00:00,2.945,2.945,2.945,2.945,0.0
2025-01-16 17:00:00+00:00,2.945,2.945,2.945,2.945,0.0
2025-01-16 18:00:00+00:00,2.945,2.945,2.945,2.945,0.0
2025-01-16 19:00:00+00:00,2.945,2.945,2.945,2.945,0.0
2025-01-16 20:00:00+00:00,2.945,2.945,2.945,2.945,0.0
2025-01-17 15:00:00+00:00,2.945,2.945,2.945,2.945,0.0
2025-01-17 16:00:00+00:00,2.945,2.945,2.945,2.945,0.0
2025-01-17 17:00:00+00:00,2.945,2.945,2.945,2.945,0.0
2025-01-17 18:00:00+00:00,2.945,2.945,2.945,2.945,0.0
2025-01-17 19:00:00+00:00,2.945,2.945,2.945,2.945,0.0
2025-01-17 20:00:00+00:00,2.945,2.945,2.945,2.945,0.0
2025-01-20 15:00:00+00:00,2.945,2.945,2.945,2.945,0.0
2025-01-20 16:00:00+00:00,2.945,2.945,2.945,2.945,0.0
2025-01-20 17:00:00+00:00,2.945,2.945,2.945,2.945,0.0
2025-01-20 18:00:00+00:00,2.945,2.945,2.945,2.945,0.0
2025-01-20 19:00:00+00:00,2.945,2.945,2.945,2.945,0.0
2025-01-20 20:00:00+00:00,2.945,2.945,2.945,2.945,0.0
2025-01-21 15:00:00+00:00,2.945,2.945,2.945,2.945,0.0
2025-01-21 16:00:00+00:00,2.945,2.945,2.945,2.945,0.0
2025-01-21 17:00:00+00:00,2.945,2.945,2.945,2.945,0.0
2025-01-21 18:00:00+00:00,2.945,2.945,2.945,2.945,0.0
2025-01-21 19:00:00+00:00,2.945,2.945,2.945,2.945,0.0
2025-01-21 20:00:00+00:00,2.945,2.945,2.945,2.945,0.0
2025-01-22 15:00:00+00:00,2.795,2.795,2.795,2.795,0.0
2025-01-22 16:00:00+00:00,2.795,2.795,2.795,2.795,0.0
2025-01-22 17:00:00+00:00,2.795,2.795,2.795,2.795,0.0
2025-01-22 18:00:00+00:00,2.795,2.795,2.795,2.795,0.0
2025-01-22 19:00:00+00:00,2.795,2.795,2.795,2.795,0.0
2025-01-22 20:00:00+00:00,2.795,2.795,2.795,2.795,0.0
2025-01-23 15:00:00+00:00,2.87,2.87,2.87,2.87,0.0
2025-01-23 16:00:00+00:00,2.87,2.87,2.87,2.87,0.0
2025-01-23 17:00:00+00:00,2.87,2.87,2.87,2.87,0.0
2025-01-23 18:00:00+00:00,2.87,2.87,2.87,2.87,0.0
2025-01-23 19:00:00+00:00,2.87,2.87,2.87,2.87,0.0
2025-01-23 20:00:00+00:00,2.87,2.87,2.87,2.87,0.0
2025-01-24 15:00:00+00:00,2.87,2.87,2.87,2.87,0.0
2025-01-24 16:00:00+00:00,2.87,2.87,2.87,2.87,0.0
2025-01-24 17:00:00+00:00,2.87,2.87,2.87,2.87,0.0
2025-01-24 18:00:00+00:00,2.87,2.87,2.87,2.87,0.0
2025-01-24 19:00:00+00:00,2.87,2.87,2.87,2.87,0.0
2025-01-24 20:00:00+00:00,2.87,2.87,2.87,2.87,0.0
2025-01-27 15:00:00+00:00,2.87,2.87,2.87,2.87,0.0
2025-01-27 16:00:00+00:00,2.87,2.87,2.87,2.87,0.0
2025-01-27 17:00:00+00:00,2.87,2.87,2.87,2.87,0.0
2025-01-27 18:00:00+00:00,2.87,2.87,2.87,2.87,0.0
2025-01-27 19:00:00+00:00,2.87,2.87,2.87,2.87,0.0
2025-01-27 20:00:00+00:00,2.87,2.87,2.87,2.87,0.0
2025-01-28 15:00:00+00:00,2.87,2.87,2.87,2.87,0.0
2025-01-28 16:00:00+00:00,2.87,2.87,2.87,2.87,0.0
2025-01-28 17:00:00+00:00,2.87,2.87,2.87,2.87,0.0
2025-01-28 18:00:00+00:00,2.87,2.87,2.87,2.87,0.0
2025-01-28 19:00:00+00:00,2.87,2.87,2.87,2.87,0.0
2025-01-28 20:00:00+00:00,2.87,2.87,2.87,2.87,0.0
2025-01-29 15:00:00+00:00,2.87,2.87,2.87,2.87,0.0
2025-01-29 16:00:00+00:00,2.87,2.87,2.87,2.87,0.0
2025-01-29 17:00:00+00:00,2.87,2.87,2.87,2.87,0.0
2025-01-29 18:00:00+00:00,2.87,2.87,2.87,2.87,0.0
2025-01-29 19:00:00+00:00,2.87,2.87,2.87,2.87,0.0
2025-01-29 20:00:00+00:00,2.87,2.87,2.87,2.87,0.0
2025-01-30 15:00:00+00:00,2.87,2.87,2.87,2.87,0.0
2025-01-30 16:00:00+00:00,2.87,2.87,2.87,2.87,0.0
2025-01-30 17:00:00+00:00,2.87,2.87,2.87,2.87,0.0
2025-01-30 18:00:00+00:00,2.87,2.87,2.87,2.87,0.0
2025-01-30 19:00:00+00:00,2.87,2.96,2.87,2.96,82.0
2025-01-30 20:00:00+00:00,2.96,2.96,2.96,2.96,0.0
2025-01-31 15:00:00+00:00,2.96,2.96,2.96,2.96,0.0
2025-01-31 16:00:00+00:00,2.96,2.96,2.96,2.96,0.0
2025-01-31 17:00:00+00:00,2.96,2.96,2.96,2.96,0.0
2025-01-31 18:00:00+00:00,2.96,2.96,2.96,2.96,0.0
2025-01-31 19:00:00+00:00,2.96,2.96,2.96,2.96,0.0
2025-01-31 20:00:00+00:00,2.96,2.96,2.96,2.96,0.0
2025-02-03 15:00:00+00:00,2.96,2.96,2.96,2.96,0.0
2025-02-03 16:00:00+00:00,2.96,2.96,2.96,2.96,0.0
2025-02-03 17:00:00+00:00,2.96,2.96,2.96,2.96,0.0
2025-02-03 18:00:00+00:00,2.96,2.96,2.96,2.96,0.0
2025-02-03 19:00:00+00:00,2.96,2.96,2.96,2.96,0.0
2025-02-03 20:00:00+00:00,2.96,2.96,2.96,2.96,0.0
2025-02-04 15:00:00+00:00,2.96,2.96,2.96,2.96,0.0
2025-02-04 16:00:00+00:00,2.96,2.96,2.96,2.96,0.0
2025-02-04 17:00:00+00:00,2.96,2.96,2.85,2.85,41.0
2025-02-04 18:00:00+00:00,2.85,2.85,2.85,2.85,83.0
2025-02-04 19:00:00+00:00,2.85,2.86,2.85,2.86,91.0
2025-02-04 20:00:00+00:00,2.86,2.86,2.86,2.86,0.0
2025-02-05 15:00:00+00:00,2.86,2.86,2.86,2.86,0.0
2025-02-05 16:00:00+00:00,2.86,2.86,2.86,2.86,0.0
2025-02-05 17:00:00+00:00,2.86,2.86,2.86,2.86,0.0
2025-02-05 18:00:00+00:00,2.86,2.86,2.86,2.86,0.0
2025-02-05 19:00:00+00:00,2.86,2.86,2.86,2.86,0.0
2025-02-05 20:00:00+00:00,2.86,2.86,2.86,2.86,0.0
2025-02-06 15:00:00+00:00,2.86,2.86,2.86,2.86,0.0
2025-02-06 16:00:00+00:00,2.86,2.86,2.86,2.86,0.0
2025-02-06 17:00:00+00:00,2.86,2.86,2.86,2.86,0.0
2025-02-06 18:00:00+00:00,2.86,2.86,2.86,2.86,0.0
2025-02-06 19:00:00+00:00,2.86,2.86,2.86,2.86,0.0
2025-02-06 20:00:00+00:00,2.86,2.86,2.86,2.86,0.0
2025-02-07 15:00:00+00:00,2.86,2.86,2.82,2.82,100.0
2025-02-07 16:00:00+00:00,2.82,2.82,2.82,2.82,0.0
2025-02-07 17:00:00+00:00,2.82,2.82,2.82,2.82,0.0
2025-02-07 18:00:00+00:00,2.82,2.82,2.82,2.82,0.0
2025-02-07 19:00:00+00:00,2.82,2.82,2.82,2.82,0.0
2025-02-07 20:00:00+00:00,2.82,2.82,2.82,2.82,0.0
2025-02-10 15:00:00+00:00,3.23,3.23,3.18,3.18,745.0
2025-02-10 16:00:00+00:00,3.18,3.18,3.18,3.18,0.0
2025-02-10 17:00:00+00:00,3.18,3.18,3.18,3.18,0.0
2025-02-10 18:00:00+00:00,3.18,3.18,3.18,3.18,0.0
2025-02-10 19:00:00+00:00,3.18,3.18,3.18,3.18,0.0
2025-02-10 20:00:00+00:00,3.18,3.18,3.18,3.18,0.0
2025-02-11 15:00:00+00:00,3.18,3.18,3.18,3.18,0.0
2025-02-11 16:00:00+00:00,3.18,3.18,3.18,3.18,0.0
2025-02-11 17:00:00+00:00,3.18,3.18,3.18,3.18,0.0
2025-02-11 18:00:00+00:00,3.18,3.18,3.18,3.18,0.0
2025-02-11 19:00:00+00:00,3.18,3.18,3.18,3.18,0.0
2025-02-11 20:00:00+00:00,3.18,3.18,3.18,3.18,0.0
2025-02-12 15:00:00+00:00,3.18,3.18,3.18,3.18,0.0
2025-02-12 16:00:00+00:00,3.18,3.18,3.18,3.18,0.0
2025-02-12 17:00:00+00:00,3.18,3.18,3.18,3.18,0.0
2025-02-12 18:00:00+00:00,3.18,3.18,3.18,3.18,0.0
2025-02-12 19:00:00+00:00,3.18,3.18,3.18,3.18,0.0
2025-02-12 20:00:00+00:00,3.18,3.18,3.18,3.18,0.0
2025-02-13 15:00:00+00:00,3.18,3.18,3.18,3.18,0.0
2025-02-13 16:00:00+00:00,3.18,3.18,3.18,3.18,0.0
2025-02-13 17:00:00+00:00,3.18,3.18,3.18,3.18,0.0
2025-02-13 18:00:00+00:00,3.18,3.18,3.18,3.18,0.0
2025-02-13 19:00:00+00:00,3.18,3.18,3.18,3.18,0.0
2025-02-13 20:00:00+00:00,3.18,3.18,3.18,3.18,0.0
2025-02-14 15:00:00+00:00,3.18,3.18,3.18,3.18,0.0
2025-02-14 16:00:00+00:00,3.18,3.18,3.18,3.18,0.0
2025-02-14 17:00:00+00:00,3.18,3.18,3.18,3.18,0.0
2025-02-14 18:00:00+00:00,3.18,3.18,3.18,3.18,0.0
2025-02-14 19:00:00+00:00,3.18,3.18,3.18,3.18,0.0
2025-02-14 20:00:00+00:00,3.18,3.18,3.18,3.18,0.0
2025-02-17 15:00:00+00:00,3.18,3.18,3.18,3.18,0.0
2025-02-17 16:00:00+00:00,3.18,3.18,3.18,3.18,0.0
2025-02-17 17:00:00+00:00,3.18,3.18,3.18,3.18,0.0
2025-02-17 18:00:00+00:00,3.18,3.18,3.18,3.18,0.0
2025-02-17 19:00:00+00:00,3.18,3.18,3.18,3.18,0.0
2025-02-17 20:00:00+00:00,3.18,3.18,3.18,3.18,0.0
2025-02-18 15:00:00+00:00,3.18,3.18,3.18,3.18,0.0
2025-02-18 16:00:00+00:00,3.18,3.18,3.18,3.18,0.0
2025-02-18 17:00:00+00:00,3.18,3.18,3.18,3.18,0.0
2025-02-18 18:00:00+00:00,3.18,3.18,3.18,3.18,0.0
2025-02-18 19:00:00+00:00,3.18,3.18,3.18,3.18,0.0
2025-02-18 20:00:00+00:00,3.18,3.18,3.18,3.18,0.0
2025-02-19 15:00:00+00:00,3.18,3.18,3.18,3.18,0.0
2025-02-19 16:00:00+00:00,3.18,3.18,2.975,2.975,103.0
2025-02-19 17:00:00+00:00,2.975,2.975,2.975,2.975,0.0
2025-02-19 18:00:00+00:00,2.975,2.975,2.975,2.975,0.0
2025-02-19 19:00:00+00:00,2.975,2.975,2.975,2.975,0.0
2025-02-19 20:00:00+00:00,2.975,2.975,2.975,2.975,0.0
2025-02-20 15:00:00+00:00,2.975,2.975,2.975,2.975,0.0
2025-02-20 16:00:00+00:00,2.975,2.975,2.975,2.975,0.0
2025-02-20 17:00:00+00:00,2.975,2.975,2.975,2.975,0.0
2025-02-20 18:00:00+00:00,2.975,2.975,2.975,2.975,0.0
2025-02-20 19:00:00+00:00,2.975,2.975,2.975,2.975,0.0
2025-02-20 20:00:00+00:00,2.975,2.975,2.975,2.975,0.0
2025-02-21 15:00:00+00:00,2.975,2.975,2.975,2.975,0.0
2025-02-21 16:00:00+00:00,2.975,2.975,2.975,2.975,0.0
2025-02-21 17:00:00+00:00,2.975,2.975,2.975,2.975,0.0
2025-02-21 18:00:00+00:00,2.975,2.975,2.975,2.975,0.0
2025-02-21 19:00:00+00:00,2.975,2.975,2.975,2.975,0.0
2025-02-21 20:00:00+00:00,2.975,2.975,2.975,2.975,0.0
2025-02-24 15:00:00+00:00,2.975,2.975,2.975,2.975,0.0
2025-02-24 16:00:00+00:00,2.975,2.975,2.975,2.975,0.0
2025-02-24 17:00:00+00:00,2.975,2.975,2.975,2.975,0.0
2025-02-24 18:00:00+00:00,2.975,2.975,2.975,2.975,0.0
2025-02-24 19:00:00+00:00,2.975,2.975,2.975,2.975,0.0
2025-02-24 20:00:00+00:00,2.975,2.975,2.975,2.975,0.0
2025-02-25 15:00:00+00:00,2.975,2.975,2.975,2.975,0.0
2025-02-25 16:00:00+00:00,2.975,2.975,2.975,2.975,0.0
2025-02-25 17:00:00+00:00,2.975,2.975,2.975,2.975,0.0
2025-02-25 18:00:00+00:00,2.975,2.975,2.975,2.975,0.0
2025-02-25 19:00:00+00:00,2.975,2.975,2.975,2.975,0.0
2025-02-25 20:00:00+00:00,2.975,2.975,2.975,2.975,0.0
2025-02-26 15:00:00+00:00,2.975,2.975,2.975,2.975,0.0
2025-02-26 16:00:00+00:00,2.975,2.975,2.975,2.975,0.0
2025-02-26 17:00:00+00:00,2.975,2.975,2.975,2.975,0.0
2025-02-26 18:00:00+00:00,2.975,2.975,2.975,2.975,0.0
2025-02-26 19:00:00+00:00,2.975,2.975,2.975,2.975,0.0
2025-02-26 20:00:00+00:00,2.975,2.975,2.975,2.975,0.0
2025-02-27 15:00:00+00:00,2.975,2.975,2.975,2.975,0.0
2025-02-27 16:00:00+00:00,2.975,2.975,2.975,2.975,0.0
2025-02-27 17:00:00+00:00,2.975,2.975,2.975,2.975,0.0
2025-02-27 18:00:00+00:00,2.975,2.975,2.975,2.975,0.0
2025-02-27 19:00:00+00:00,2.975,2.975,2.975,2.975,0.0
2025-02-27 20:00:00+00:00,2.975,2.975,2.975,2.975,0.0
2025-02-28 15:00:00+00:00,2.975,2.975,2.975,2.975,0.0
2025-02-28 16:00:00+00:00,2.975,2.975,2.975,2.975,0.0
2025-02-28 17:00:00+00:00,2.975,2.975,2.975,2.975,0.0
2025-02-28 18:00:00+00:00,2.975,2.975,2.975,2.975,0.0
2025-02-28 19:00:00+00:00,2.975,2.975,2.975,2.975,0.0
2025-02-28 20:00:00+00:00,2.975,2.975,2.975,2.975,0.0
2025-03-03 15:00:00+00:00,2.975,2.975,2.975,2.975,0.0
2025-03-03 16:00:00+00:00,2.975,2.975,2.975,2.975,0.0
2025-03-03 17:00:00+00:00,2.975,2.975,2.975,2.975,0.0
2025-03-03 18:00:00+00:00,2.975,2.975,2.975,2.975,0.0
2025-03-03 19:00:00+00:00,2.975,2.975,2.74,2.74,49.0
2025-03-03 20:00:00+00:00,2.74,2.74,2.74,2.74,0.0
2025-03-04 15:00:00+00:00,2.74,2.74,2.74,2.74,0.0
2025-03-04 16:00:00+00:00,2.74,2.74,2.74,2.74,0.0
2025-03-04 17:00:00+00:00,2.74,2.74,2.74,2.74,0.0
2025-03-04 18:00:00+00:00,2.74,2.74,2.74,2.74,0.0
2025-03-04 19:00:00+00:00,2.74,2.74,2.74,2.74,0.0
2025-03-04 20:00:00+00:00,2.74,2.74,2.74,2.74,0.0
2025-03-05 15:00:00+00:00,2.74,2.74,2.74,2.74,0.0
2025-03-05 16:00:00+00:00,2.74,2.74,2.74,2.74,0.0
2025-03-05 17:00:00+00:00,2.74,2.74,2.74,2.74,0.0
2025-03-05 18:00:00+00:00,2.74,2.74,2.74,2.74,0.0
2025-03-05 19:00:00+00:00,2.74,2.74,2.74,2.74,0.0
2025-03-05 20:00:00+00:00,2.74,2.74,2.21,2.21,100.0
2025-03-06 15:00:00+00:00,2.21,2.21,2.21,2.21,0.0
2025-03-06 16:00:00+00:00,2.21,2.21,2.21,2.21,0.0
2025-03-06 17:00:00+00:00,2.21,2.21,2.21,2.21,0.0
2025-03-06 18:00:00+00:00,2.21,2.21,2.21,2.21,0.0
2025-03-06 19:00:00+00:00,2.21,2.21,2.21,2.21,0.0
2025-03-06 20:00:00+00:00,2.21,2.21,2.21,2.21,0.0
2025-03-07 15:00:00+00:00,2.21,2.21,2.21,2.21,0.0
2025-03-07 16:00:00+00:00,2.21,2.21,2.21,2.21,0.0
2025-03-07 17:00:00+00:00,2.21,2.21,2.21,2.21,0.0
2025-03-07 18:00:00+00:00,2.21,2.21,2.21,2.21,0.0
2025-03-07 19:00:00+00:00,2.21,2.21,2.21,2.21,0.0
2025-03-07 20:00:00+00:00,2.21,2.21,2.21,2.21,0.0
2025-03-10 14:00:00+00:00,2.21,2.21,2.21,2.21,0.0
2025-03-10 15:00:00+00:00,2.21,2.21,2.21,2.21,0.0
2025-03-10 16:00:00+00:00,2.21,2.21,2.21,2.21,0.0
2025-03-10 17:00:00+00:00,2.21,2.21,2.21,2.21,0.0
2025-03-10 18:00:00+00:00,2.21,2.21,2.21,2.21,0.0
2025-03-10 19:00:00+00:00,2.21,2.21,2.21,2.21,0.0
2025-03-11 14:00:00+00:00,2.21,2.21,2.21,2.21,0.0
2025-03-11 15:00:00+00:00,2.21,2.21,2.21,2.21,0.0
2025-03-11 16:00:00+00:00,2.21,2.21,2.21,2.21,0.0
2025-03-11 17:00:00+00:00,2.21,2.21,2.21,2.21,0.0
2025-03-11 18:00:00+00:00,2.21,2.21,2.21,2.21,0.0
2025-03-11 19:00:00+00:00,2.21,2.21,2.21,2.21,0.0
2025-03-12 14:00:00+00:00,2.21,2.21,2.21,2.21,0.0
2025-03-12 15:00:00+00:00,2.21,2.21,2.21,2.21,0.0
2025-03-12 16:00:00+00:00,2.21,2.21,2.21,2.21,0.0
2025-03-12 17:00:00+00:00,2.21,2.21,2.21,2.21,0.0
2025-03-12 18:00:00+00:00,2.21,2.21,2.21,2.21,0.0
2025-03-12 19:00:00+00:00,2.21,2.21,2.21,2.21,0.0
2025-03-13 14:00:00+00:00,2.21,2.21,2.21,2.21,0.0
2025-03-13 15:00:00+00:00,2.21,2.21,2.21,2.21,0.0
2025-03-13 16:00:00+00:00,2.21,2.21,2.21,2.21,0.0
2025-03-13 17:00:00+00:00,2.21,2.21,2.21,2.21,0.0
2025-03-13 18:00:00+00:00,2.21,2.21,2.21,2.21,0.0
2025-03-13 19:00:00+00:00,2.21,2.21,2.21,2.21,0.0
2025-03-14 14:00:00+00:00,2.21,2.21,2.21,2.21,0.0
2025-03-14 15:00:00+00:00,2.21,2.21,2.21,2.21,0.0
2025-03-14 16:00:00+00:00,2.21,2.21,2.21,2.21,0.0
2025-03-14 17:00:00+00:00,2.21,2.21,2.21,2.21,0.0
2025-03-14 18:00:00+00:00,2.21,2.21,2.21,2.21,0.0
2025-03-14 19:00:00+00:00,2.21,2.21,2.21,2.21,0.0
2025-03-17 14:00:00+00:00,2.21,2.21,2.21,2.21,0.0
2025-03-17 15:00:00+00:00,2.21,2.21,2.21,2.21,0.0
2025-03-17 16:00:00+00:00,2.21,2.21,2.21,2.21,0.0
2025-03-17 17:00:00+00:00,2.21,2.21,2.21,2.21,0.0
2025-03-17 18:00:00+00:00,2.21,2.21,2.21,2.21,0.0
2025-03-17 19:00:00+00:00,2.21,2.21,2.21,2.21,0.0
2025-03-18 14:00:00+00:00,2.21,2.21,2.21,2.21,0.0
2025-03-18 15:00:00+00:00,2.21,2.21,2.21,2.21,0.0
2025-03-18 16:00:00+00:00,2.21,2.21,2.21,2.21,0.0
2025-03-18 17:00:00+00:00,2.21,2.21,2.21,2.21,0.0
2025-03-18 18:00:00+00:00,2.21,2.21,2.21,2.21,0.0
2025-03-18 19:00:00+00:00,2.21,2.21,2.21,2.21,0.0
2025-03-19 14:00:00+00:00,2.21,2.21,2.21,2.21,0.0
2025-03-19 15:00:00+00:00,2.21,2.21,2.21,2.21,0.0
2025-03-19 16:00:00+00:00,2.21,2.21,2.21,2.21,0.0
2025-03-19 17:00:00+00:00,2.21,2.21,2.21,2.21,0.0
2025-03-19 18:00:00+00:00,2.21,2.21,2.21,2.21,0.0
2025-03-19 19:00:00+00:00,2.21,2.21,2.21,2.21,0.0
2025-03-20 14:00:00+00:00,2.21,2.21,2.21,2.21,0.0
2025-03-20 15:00:00+00:00,2.21,2.21,2.21,2.21,0.0
2025-03-20 16:00:00+00:00,2.21,2.21,2.21,2.21,0.0
2025-03-20 17:00:00+00:00,2.21,2.21,2.21,2.21,0.0
2025-03-20 18:00:00+00:00,2.21,2.21,2.21,2.21,0.0
2025-03-20 19:00:00+00:00,2.21,2.21,2.21,2.21,0.0
2025-03-21 14:00:00+00:00,2.21,2.21,2.1,2.1,249.0
2025-03-21 15:00:00+00:00,2.1,2.1,2.1,2.1,0.0
2025-03-21 16:00:00+00:00,2.1,2.1,2.1,2.1,0.0
2025-03-21 17:00:00+00:00,2.1,2.23,2.1,2.23,11.0
2025-03-21 18:00:00+00:00,2.23,2.23,2.23,2.23,0.0
2025-03-21 19:00:00+00:00,2.23,2.23,2.23,2.23,0.0
2025-03-24 14:00:00+00:00,2.23,2.23,2.23,2.23,0.0
2025-03-24 15:00:00+00:00,2.23,2.23,2.23,2.23,0.0
2025-03-24 16:00:00+00:00,2.23,2.23,2.23,2.23,0.0
2025-03-24 17:00:00+00:00,2.23,2.23,2.15,2.15,100.0
2025-03-24 18:00:00+00:00,2.15,2.15,2.15,2.15,16.0
2025-03-24 19:00:00+00:00,2.15,2.15,2.15,2.15,0.0
2025-03-25 14:00:00+00:00,2.15,2.15,2.15,2.15,0.0
2025-03-25 15:00:00+00:00,2.15,2.15,2.15,2.15,0.0
2025-03-25 16:00:00+00:00,2.15,2.15,2.15,2.15,0.0
2025-03-25 17:00:00+00:00,2.15,2.15,2.15,2.15,0.0
2025-03-25 18:00:00+00:00,2.15,2.15,2.15,2.15,0.0
2025-03-25 19:00:00+00:00,2.15,2.15,2.15,2.15,0.0
2025-03-26 14:00:00+00:00,2.15,2.15,2.15,2.15,0.0
2025-03-26 15:00:00+00:00,2.15,2.15,2.15,2.15,0.0
2025-03-26 16:00:00+00:00,2.15,2.15,2.15,2.15,0.0
2025-03-26 17:00:00+00:00,2.15,2.15,2.15,2.15,0.0
2025-03-26 18:00:00+00:00,2.15,2.15,2.15,2.15,0.0
2025-03-26 19:00:00+00:00,2.15,2.15,2.15,2.15,0.0
2025-03-27 14:00:00+00:00,2.15,2.15,2.15,2.15,0.0
2025-03-27 15:00:00+00:00,2.15,2.15,2.15,2.15,0.0
2025-03-27 16:00:00+00:00,2.15,2.15,2.15,2.15,0.0
2025-03-27 17:00:00+00:00,2.15,2.15,2.15,2.15,0.0
2025-03-27 18:00:00+00:00,2.15,2.15,2.15,2.15,0.0
2025-03-27 19:00:00+00:00,2.15,2.15,2.15,2.15,0.0
2025-03-28 14:00:00+00:00,2.15,2.15,2.15,2.15,0.0
2025-03-28 15:00:00+00:00,2.15,2.15,2.15,2.15,0.0
2025-03-28 16:00:00+00:00,2.15,2.15,2.15,2.15,0.0
2025-03-28 17:00:00+00:00,2.15,2.15,2.15,2.15,0.0
2025-03-28 18:00:00+00:00,2.15,2.15,2.15,2.15,0.0
2025-03-28 19:00:00+00:00,2.15,2.15,2.15,2.15,0.0
2025-03-31 14:00:00+00:00,2.15,2.15,2.15,2.15,0.0
2025-03-31 15:00:00+00:00,2.15,2.15,2.15,2.15,0.0
2025-03-31 16:00:00+00:00,2.15,2.15,2.15,2.15,0.0
2025-03-31 17:00:00+00:00,2.15,2.15,2.15,2.15,0.0
2025-03-31 18:00:00+00:00,2.15,2.15,2.15,2.15,0.0
2025-03-31 19:00:00+00:00,2.15,2.15,2.15,2.15,0.0
2025-04-01 14:00:00+00:00,2.15,2.15,2.15,2.15,0.0
2025-04-01 15:00:00+00:00,2.15,2.15,2.15,2.15,0.0
2025-04-01 16:00:00+00:00,2.15,2.15,2.15,2.15,0.0
2025-04-01 17:00:00+00:00,2.15,2.15,1.83,1.83,1.0
2025-04-01 18:00:00+00:00,1.83,1.83,1.83,1.83,0.0
2025-04-01 19:00:00+00:00,1.83,1.83,1.83,1.83,0.0
2025-04-02 14:00:00+00:00,1.83,1.83,1.83,1.83,0.0
2025-04-02 15:00:00+00:00,1.83,1.83,1.83,1.83,0.0
2025-04-02 16:00:00+00:00,1.83,1.83,1.83,1.83,0.0
2025-04-02 17:00:00+00:00,1.83,1.83,1.83,1.83,0.0
2025-04-02 18:00:00+00:00,1.83,1.83,1.83,1.83,0.0
2025-04-02 19:00:00+00:00,1.83,1.83,1.83,1.83,0.0
2025-04-03 14:00:00+00:00,1.83,1.83,1.83,1.83,0.0
2025-04-03 15:00:00+00:00,1.83,1.83,1.83,1.83,0.0
2025-04-03 16:00:00+00:00,1.83,1.85,1.83,1.85,5.0
2025-04-03 17:00:00+00:00,1.85,1.85,1.85,1.85,0.0
2025-04-03 18:00:00+00:00,1.85,1.85,1.85,1.85,0.0
2025-04-03 19:00:00+00:00,1.85,1.85,1.85,1.85,0.0
2025-04-04 14:00:00+00:00,1.85,1.85,1.85,1.85,0.0
2025-04-04 15:00:00+00:00,1.85,1.85,1.85,1.85,0.0
2025-04-04 16:00:00+00:00,1.85,1.85,1.85,1.85,0.0
2025-04-04 17:00:00+00:00,1.85,1.85,1.85,1.85,0.0
2025-04-04 18:00:00+00:00,1.85,1.85,1.85,1.85,0.0
2025-04-04 19:00:00+00:00,1.85,1.85,1.85,1.85,0.0
2025-04-07 14:00:00+00:00,1.85,1.85,1.85,1.85,0.0
2025-04-07 15:00:00+00:00,1.85,1.85,1.85,1.85,0.0
2025-04-07 16:00:00+00:00,1.85,1.85,1.85,1.85,0.0
2025-04-07 17:00:00+00:00,1.85,1.85,1.85,1.85,0.0
2025-04-07 18:00:00+00:00,1.85,1.85,1.85,1.85,0.0
2025-04-07 19:00:00+00:00,1.85,1.85,1.85,1.85,0.0
2025-04-08 14:00:00+00:00,1.85,1.85,1.85,1.85,0.0
2025-04-08 15:00:00+00:00,1.85,1.85,1.85,1.85,0.0
2025-04-08 16:00:00+00:00,1.85,1.85,1.85,1.85,0.0
2025-04-08 17:00:00+00:00,1.85,1.85,1.85,1.85,0.0
2025-04-08 18:00:00+00:00,1.85,1.85,1.85,1.85,0.0
2025-04-08 19:00:00+00:00,1.85,1.85,1.85,1.85,0.0
2025-04-09 14:00:00+00:00,1.85,1.85,1.85,1.85,0.0
2025-04-09 15:00:00+00:00,1.85,1.85,1.85,1.85,0.0
2025-04-09 16:00:00+00:00,1.85,1.85,1.85,1.85,0.0
2025-04-09 17:00:00+00:00,1.85,1.85,1.85,1.85,0.0
2025-04-09 18:00:00+00:00,1.85,1.85,1.85,1.85,0.0
2025-04-09 19:00:00+00:00,1.85,1.85,1.85,1.85,0.0
2025-04-10 14:00:00+00:00,1.85,1.85,1.85,1.85,0.0
2025-04-10 15:00:00+00:00,1.85,1.85,1.85,1.85,0.0
2025-04-10 16:00:00+00:00,1.85,1.85,1.85,1.85,0.0
2025-04-10 17:00:00+00:00,1.85,1.85,1.85,1.85,0.0
2025-04-10 18:00:00+00:00,1.85,1.85,1.85,1.85,0.0
2025-04-10 19:00:00+00:00,1.85,1.85,1.85,1.85,0.0
2025-04-11 14:00:00+00:00,1.85,1.85,1.85,1.85,0.0
2025-04-11 15:00:00+00:00,1.85,1.85,1.85,1.85,0.0
2025-04-11 16:00:00+00:00,1.85,1.85,1.85,1.85,0.0
2025-04-11 17:00:00+00:00,1.85,1.85,1.85,1.85,0.0
2025-04-11 18:00:00+00:00,1.85,1.85,1.85,1.85,0.0
2025-04-11 19:00:00+00:00,1.85,1.85,1.85,1.85,0.0
2025-04-14 14:00:00+00:00,1.85,1.85,1.85,1.85,0.0
2025-04-14 15:00:00+00:00,1.85,1.85,1.85,1.85,0.0
2025-04-14 16:00:00+00:00,1.85,1.85,1.83,1.83,100.0
2025-04-14 17:00:00+00:00,1.83,1.83,1.83,1.83,0.0
2025-04-14 18:00:00+00:00,1.83,1.83,1.83,1.83,0.0
2025-04-14 19:00:00+00:00,1.83,1.83,1.83,1.83,0.0
2025-04-15 14:00:00+00:00,1.83,1.83,1.83,1.83,0.0
2025-04-15 15:00:00+00:00,1.83,1.83,1.83,1.83,0.0
2025-04-15 16:00:00+00:00,1.83,1.83,1.83,1.83,0.0
2025-04-15 17:00:00+00:00,1.83,1.83,1.83,1.83,0.0
2025-04-15 18:00:00+00:00,1.83,1.83,1.83,1.83,0.0
2025-04-15 19:00:00+00:00,1.83,1.83,1.83,1.83,0.0
2025-04-16 14:00:00+00:00,1.83,1.83,1.83,1.83,0.0
2025-04-16 15:00:00+00:00,1.83,1.83,1.83,1.83,0.0
2025-04-16 16:00:00+00:00,1.83,1.83,1.83,1.83,0.0
2025-04-16 17:00:00+00:00,1.83,1.83,1.83,1.83,0.0
2025-04-16 18:00:00+00:00,1.83,1.83,1.83,1.83,0.0
2025-04-16 19:00:00+00:00,1.83,1.83,1.83,1.83,0.0
2025-04-17 14:00:00+00:00,1.83,1.83,1.83,1.83,0.0
2025-04-17 15:00:00+00:00,1.83,1.83,1.83,1.83,0.0
2025-04-17 16:00:00+00:00,1.83,1.83,1.83,1.83,0.0
2025-04-17 17:00:00+00:00,1.83,1.83,1.83,1.83,0.0
2025-04-17 18:00:00+00:00,1.83,1.83,1.83,1.83,0.0
2025-04-17 19:00:00+00:00,1.83,1.83,1.83,1.83,0.0
2025-04-18 14:00:00+00:00,1.83,1.83,1.83,1.83,0.0
2025-04-18 15:00:00+00:00,1.83,1.83,1.83,1.83,0.0
2025-04-18 16:00:00+00:00,1.83,1.83,1.83,1.83,0.0
2025-04-18 17:00:00+00:00,1.83,1.83,1.83,1.83,0.0
2025-04-18 18:00:00+00:00,1.83,1.83,1.83,1.83,0.0
2025-04-18 19:00:00+00:00,1.83,1.83,1.83,1.83,0.0
2025-04-21 14:00:00+00:00,1.83,1.83,1.83,1.83,0.0
2025-04-21 15:00:00+00:00,1.83,1.83,1.83,1.83,0.0
2025-04-21 16:00:00+00:00,1.83,1.83,1.83,1.83,0.0
2025-04-21 17:00:00+00:00,1.83,1.83,1.83,1.83,0.0
2025-04-21 18:00:00+00:00,1.83,1.83,1.83,1.83,0.0
2025-04-21 19:00:00+00:00,1.83,2.0,1.83,2.0,3.0
2025-04-22 14:00:00+00:00,2.0,2.0,2.0,2.0,0.0
2025-04-22 15:00:00+00:00,2.0,2.0,2.0,2.0,0.0
2025-04-22 16:00:00+00:00,2.0,2.0,2.0,2.0,0.0
2025-04-22 17:00:00+00:00,2.0,2.0,2.0,2.0,0.0
2025-04-22 18:00:00+00:00,2.0,2.0,2.0,2.0,0.0
2025-04-22 19:00:00+00:00,2.0,2.0,2.0,2.0,0.0
2025-04-23 14:00:00+00:00,1.94,1.94,1.94,1.94,0.0
2025-04-23 15:00:00+00:00,1.94,1.94,1.94,1.94,0.0
2025-04-23 16:00:00+00:00,1.94,1.94,1.94,1.94,0.0
2025-04-23 17:00:00+00:00,1.94,1.94,1.94,1.94,0.0
2025-04-23 18:00:00+00:00,1.94,1.94,1.94,1.94,0.0
2025-04-23 19:00:00+00:00,1.94,1.94,1.94,1.94,0.0
2025-04-24 14:00:00+00:00,1.94,1.94,1.94,1.94,0.0
2025-04-24 15:00:00+00:00,1.94,1.94,1.94,1.94,0.0
2025-04-24 16:00:00+00:00,1.94,1.94,1.94,1.94,0.0
2025-04-24 17:00:00+00:00,1.94,1.94,1.94,1.94,0.0
2025-04-24 18:00:00+00:00,1.94,1.94,1.94,1.94,0.0
2025-04-24 19:00:00+00:00,1.94,1.94,1.94,1.94,0.0
2025-04-25 14:00:00+00:00,1.94,1.94,1.94,1.94,0.0
2025-04-25 15:00:00+00:00,1.94,1.94,1.94,1.94,0.0
2025-04-25 16:00:00+00:00,1.94,1.94,1.94,1.94,0.0
2025-04-25 17:00:00+00:00,1.94,1.94,1.94,1.94,0.0
2025-04-25 18:00:00+00:00,1.94,1.94,1.94,1.94,0.0
2025-04-25 19:00:00+00:00,1.94,1.94,1.94,1.94,0.0
2025-04-28 14:00:00+00:00,1.94,1.94,1.94,1.94,0.0
2025-04-28 15:00:00+00:00,1.94,1.94,1.8,1.84,200.0
2025-04-28 16:00:00+00:00,1.84,1.84,1.77,1.77,21.0
2025-04-28 17:00:00+00:00,1.77,1.77,1.77,1.77,0.0
2025-04-28 18:00:00+00:00,1.77,1.77,1.77,1.77,0.0
2025-04-28 19:00:00+00:00,1.77,1.77,1.77,1.77,0.0
2025-04-29 14:00:00+00:00,1.77,1.77,1.77,1.77,0.0
2025-04-29 15:00:00+00:00,1.77,1.77,1.77,1.77,0.0
2025-04-29 16:00:00+00:00,1.77,1.855,1.77,1.855,1.0
2025-04-29 17:00:00+00:00,1.855,1.855,1.85,1.85,100.0
2025-04-29 18:00:00+00:00,1.85,1.85,1.85,1.85,0.0
2025-04-29 19:00:00+00:00,1.85,1.85,1.85,1.85,0.0
2025-04-30 14:00:00+00:00,1.85,1.85,1.85,1.85,0.0
2025-04-30 15:00:00+00:00,1.85,1.85,1.85,1.85,0.0
2025-04-30 16:00:00+00:00,1.85,1.85,1.85,1.85,0.0
2025-04-30 17:00:00+00:00,1.85,1.85,1.85,1.85,0.0
2025-04-30 18:00:00+00:00,1.85,1.85,1.78,1.78,100.0
2025-04-30 19:00:00+00:00,1.78,1.78,1.78,1.78,0.0
2025-05-01 14:00:00+00:00,1.78,1.78,1.78,1.78,0.0
2025-05-01 15:00:00+00:00,1.78,1.78,1.78,1.78,0.0
2025-05-01 16:00:00+00:00,1.78,1.78,1.78,1.78,0.0
2025-05-01 17:00:00+00:00,1.78,1.78,1.78,1.78,0.0
2025-05-01 18:00:00+00:00,1.78,1.78,1.73,1.76,200.0
2025-05-01 19:00:00+00:00,1.76,1.76,1.76,1.76,0.0
2025-05-02 14:00:00+00:00,1.76,1.76,1.76,1.76,0.0
2025-05-02 15:00:00+00:00,1.76,1.76,1.76,1.76,0.0
2025-05-02 16:00:00+00:00,1.76,1.76,1.76,1.76,0.0
2025-05-02 17:00:00+00:00,1.76,1.76,1.76,1.76,0.0
2025-05-02 18:00:00+00:00,1.76,1.76,1.76,1.76,0.0
2025-05-02 19:00:00+00:00,1.76,1.76,1.76,1.76,0.0
2025-05-05 14:00:00+00:00,1.76,1.76,1.76,1.76,0.0
2025-05-05 15:00:00+00:00,1.76,1.76,1.76,1.76,0.0
2025-05-05 16:00:00+00:00,1.76,1.76,1.76,1.76,0.0
2025-05-05 17:00:00+00:00,1.76,1.76,1.76,1.76,0.0
2025-05-05 18:00:00+00:00,1.76,1.76,1.76,1.76,0.0
2025-05-05 19:00:00+00:00,1.76,1.76,1.76,1.76,0.0
2025-05-06 14:00:00+00:00,1.76,1.76,1.76,1.76,0.0
2025-05-06 15:00:00+00:00,1.76,1.76,1.76,1.76,0.0
2025-05-06 16:00:00+00:00,1.76,1.86,1.76,1.86,100.0
2025-05-06 17:00:00+00:00,1.86,1.86,1.86,1.86,0.0
2025-05-06 18:00:00+00:00,1.86,1.86,1.86,1.86,0.0
2025-05-06 19:00:00+00:00,1.86,1.86,1.86,1.86,0.0
2025-05-07 14:00:00+00:00,1.99,1.99,1.99,1.99,0.0
2025-05-07 15:00:00+00:00,1.99,2.04,1.99,2.04,100.0
2025-05-07 16:00:00+00:00,2.04,2.05,2.04,2.05,200.0
2025-05-07 17:00:00+00:00,2.05,2.05,2.05,2.05,0.0
2025-05-07 18:00:00+00:00,2.05,2.05,2.05,2.05,0.0
2025-05-07 19:00:00+00:00,2.05,2.05,2.05,2.05,0.0
2025-05-08 14:00:00+00:00,2.05,2.05,2.05,2.05,0.0
2025-05-08 15:00:00+00:00,2.05,2.05,2.05,2.05,0.0
2025-05-08 16:00:00+00:00,2.05,2.05,2.05,2.05,0.0
2025-05-08 17:00:00+00:00,2.05,2.05,2.05,2.05,0.0
2025-05-08 18:00:00+00:00,2.05,2.05,2.05,2.05,0.0
2025-05-08 19:00:00+00:00,2.05,2.28,2.05,2.28,33.0
2025-05-09 14:00:00+00:00,2.28,2.28,2.28,2.28,0.0
2025-05-09 15:00:00+00:00,2.28,2.28,2.28,2.28,0.0
2025-05-09 16:00:00+00:00,2.28,2.28,2.28,2.28,0.0
2025-05-09 17:00:00+00:00,2.28,2.28,2.28,2.28,0.0
2025-05-09 18:00:00+00:00,2.28,2.28,2.28,2.28,0.0
2025-05-09 19:00:00+00:00,2.28,2.28,2.28,2.28,0.0
2025-05-12 14:00:00+00:00,2.28,2.28,2.2,2.2,100.0
2025-05-12 15:00:00+00:00,2.2,2.2,2.2,2.2,0.0
2025-05-12 16:00:00+00:00,2.2,2.2,2.2,2.2,0.0
2025-05-12 17:00:00+00:00,2.2,2.2,2.2,2.2,0.0
2025-05-12 18:00:00+00:00,2.2,2.2,2.2,2.2,0.0
2025-05-12 19:00:00+00:00,2.2,2.2,2.2,2.2,0.0
2025-05-13 14:00:00+00:00,2.28,2.28,2.28,2.28,101.0
2025-05-13 15:00:00+00:00,2.28,2.28,2.28,2.28,0.0
2025-05-13 16:00:00+00:00,2.28,2.28,2.28,2.28,0.0
2025-05-13 17:00:00+00:00,2.28,2.28,2.28,2.28,0.0
2025-05-13 18:00:00+00:00,2.28,2.39,2.28,2.39,1.0
2025-05-13 19:00:00+00:00,2.39,2.39,2.39,2.39,0.0
2025-05-14 14:00:00+00:00,2.39,2.39,2.39,2.39,0.0
2025-05-14 15:00:00+00:00,2.39,2.39,2.39,2.39,0.0
2025-05-14 16:00:00+00:00,2.39,2.39,2.39,2.39,0.0
2025-05-14 17:00:00+00:00,2.39,2.39,2.39,2.39,0.0
2025-05-14 18:00:00+00:00,2.39,2.39,2.39,2.39,0.0
2025-05-14 19:00:00+00:00,2.39,2.39,2.39,2.39,0.0
2025-05-15 14:00:00+00:00,2.39,2.39,2.39,2.39,0.0
2025-05-15 15:00:00+00:00,2.39,2.39,2.39,2.39,0.0
2025-05-15 16:00:00+00:00,2.39,2.39,2.39,2.39,0.0
2025-05-15 17:00:00+00:00,2.39,2.39,2.39,2.39,0.0
2025-05-15 18:00:00+00:00,2.39,2.39,2.39,2.39,0.0
2025-05-15 19:00:00+00:00,2.39,2.39,2.39,2.39,0.0
2025-05-16 14:00:00+00:00,2.39,2.39,2.39,2.39,0.0
2025-05-16 15:00:00+00:00,2.39,2.39,2.39,2.39,0.0
2025-05-16 16:00:00+00:00,2.39,2.39,2.39,2.39,0.0
2025-05-16 17:00:00+00:00,2.39,2.39,2.39,2.39,0.0
2025-05-16 18:00:00+00:00,2.39,2.39,2.39,2.39,0.0
2025-05-16 19:00:00+00:00,2.39,2.39,2.39,2.39,0.0
2025-05-19 14:00:00+00:00,2.39,2.39,2.39,2.39,0.0
2025-05-19 15:00:00+00:00,2.39,2.39,2.39,2.39,0.0
2025-05-19 16:00:00+00:00,2.39,2.39,2.39,2.39,0.0
2025-05-19 17:00:00+00:00,2.39,2.39,2.39,2.39,0.0
2025-05-19 18:00:00+00:00,2.39,2.39,2.39,2.39,0.0
2025-05-19 19:00:00+00:00,2.39,2.39,2.03,2.03,175.0
2025-05-20 14:00:00+00:00,2.38,2.38,2.38,2.38,0.0
2025-05-20 15:00:00+00:00,2.38,2.38,2.38,2.38,0.0
2025-05-20 16:00:00+00:00,2.38,2.38,2.38,2.38,0.0
2025-05-20 17:00:00+00:00,2.38,2.38,2.38,2.38,0.0
2025-05-20 18:00:00+00:00,2.38,2.38,2.38,2.38,0.0
2025-05-20 19:00:00+00:00,2.38,2.38,2.38,2.38,0.0
2025-05-21 14:00:00+00:00,2.38,2.38,2.38,2.38,0.0
2025-05-21 15:00:00+00:00,2.38,2.38,2.38,2.38,0.0
2025-05-21 16:00:00+00:00,2.38,2.38,2.38,2.38,0.0
2025-05-21 17:00:00+00:00,2.38,2.38,2.38,2.38,0.0
2025-05-21 18:00:00+00:00,2.38,2.38,2.38,2.38,0.0
2025-05-21 19:00:00+00:00,2.38,2.38,2.38,2.38,0.0
2025-05-22 14:00:00+00:00,2.38,2.38,2.38,2.38,0.0
2025-05-22 15:00:00+00:00,2.38,2.38,2.38,2.38,0.0
2025-05-22 16:00:00+00:00,2.38,2.38,2.38,2.38,0.0
2025-05-22 17:00:00+00:00,2.38,2.38,2.38,2.38,0.0
2025-05-22 18:00:00+00:00,2.38,2.38,2.38,2.38,0.0
2025-05-22 19:00:00+00:00,2.38,2.38,2.38,2.38,0.0
2025-05-23 14:00:00+00:00,2.38,2.38,2.38,2.38,0.0
2025-05-23 15:00:00+00:00,2.38,2.38,2.38,2.38,0.0
2025-05-23 16:00:00+00:00,2.38,2.38,2.38,2.38,0.0
2025-05-23 17:00:00+00:00,2.38,2.38,2.38,2.38,0.0
2025-05-23 18:00:00+00:00,2.38,2.38,2.38,2.38,0.0
2025-05-23 19:00:00+00:00,2.38,2.38,2.38,2.38,0.0
2025-05-26 14:00:00+00:00,2.38,2.38,2.38,2.38,0.0
2025-05-26 15:00:00+00:00,2.38,2.38,2.38,2.38,0.0
2025-05-26 16:00:00+00:00,2.38,2.38,2.38,2.38,0.0
2025-05-26 17:00:00+00:00,2.38,2.38,2.38,2.38,0.0
2025-05-26 18:00:00+00:00,2.38,2.38,2.38,2.38,0.0
2025-05-26 19:00:00+00:00,2.38,2.38,2.38,2.38,0.0
2025-05-27 14:00:00+00:00,2.38,2.38,2.0,2.0,233.0
2025-05-27 15:00:00+00:00,2.0,2.0,2.0,2.0,0.0
2025-05-27 16:00:00+00:00,2.0,2.0,2.0,2.0,0.0
2025-05-27 17:00:00+00:00,2.0,2.0,2.0,2.0,0.0
2025-05-27 18:00:00+00:00,2.0,2.0,2.0,2.0,0.0
2025-05-27 19:00:00+00:00,2.0,2.0,2.0,2.0,0.0
2025-05-28 14:00:00+00:00,2.0,2.0,2.0,2.0,0.0
2025-05-28 15:00:00+00:00,2.0,2.0,2.0,2.0,0.0
2025-05-28 16:00:00+00:00,2.0,2.0,2.0,2.0,0.0
2025-05-28 17:00:00+00:00,2.0,2.0,2.0,2.0,0.0
2025-05-28 18:00:00+00:00,2.0,2.0,2.0,2.0,0.0
2025-05-28 19:00:00+00:00,2.0,2.0,2.0,2.0,0.0
2025-05-29 14:00:00+00:00,2.0,2.0,2.0,2.0,0.0
2025-05-29 15:00:00+00:00,2.0,2.0,2.0,2.0,0.0
2025-05-29 16:00:00+00:00,2.0,2.0,2.0,2.0,0.0
2025-05-29 17:00:00+00:00,2.0,2.0,2.0,2.0,0.0
2025-05-29 18:00:00+00:00,2.0,2.0,2.0,2.0,0.0
2025-05-29 19:00:00+00:00,2.0,2.0,2.0,2.0,0.0
2025-05-30 14:00:00+00:00,2.0,2.0,2.0,2.0,0.0
2025-05-30 15:00:00+00:00,2.0,2.0,2.0,2.0,0.0
2025-05-30 16:00:00+00:00,2.0,2.0,2.0,2.0,0.0
2025-05-30 17:00:00+00:00,2.0,2.0,2.0,2.0,0.0
2025-05-30 18:00:00+00:00,2.0,2.0,2.0,2.0,0.0
2025-05-30 19:00:00+00:00,2.0,2.0,2.0,2.0,0.0
2025-06-02 14:00:00+00:00,2.0,2.0,2.0,2.0,0.0
2025-06-02 15:00:00+00:00,2.0,2.0,2.0,2.0,0.0
2025-06-02 16:00:00+00:00,2.0,2.0,2.0,2.0,0.0
2025-06-02 17:00:00+00:00,2.0,2.0,2.0,2.0,0.0
2025-06-02 18:00:00+00:00,2.0,2.0,2.0,2.0,0.0
2025-06-02 19:00:00+00:00,2.0,2.0,2.0,2.0,0.0
2025-06-03 14:00:00+00:00,2.0,2.0,2.0,2.0,0.0
2025-06-03 15:00:00+00:00,2.0,2.0,2.0,2.0,0.0
2025-06-03 16:00:00+00:00,2.0,2.0,2.0,2.0,0.0
2025-06-03 17:00:00+00:00,2.0,2.0,2.0,2.0,0.0
2025-06-03 18:00:00+00:00,2.0,2.0,2.0,2.0,0.0
2025-06-03 19:00:00+00:00,2.0,2.0,2.0,2.0,0.0
2025-06-04 14:00:00+00:00,2.0,2.0,2.0,2.0,0.0
2025-06-04 15:00:00+00:00,2.0,2.0,2.0,2.0,0.0
2025-06-04 16:00:00+00:00,2.0,2.0,2.0,2.0,0.0
2025-06-04 17:00:00+00:00,2.0,2.0,2.0,2.0,0.0
2025-06-04 18:00:00+00:00,2.0,2.0,2.0,2.0,0.0
2025-06-04 19:00:00+00:00,2.0,2.0,2.0,2.0,0.0
2025-06-05 14:00:00+00:00,2.0,2.0,2.0,2.0,0.0
2025-06-05 15:00:00+00:00,2.0,2.0,2.0,2.0,0.0
2025-06-05 16:00:00+00:00,2.0,2.0,2.0,2.0,0.0
2025-06-05 17:00:00+00:00,2.0,2.0,2.0,2.0,0.0
2025-06-05 18:00:00+00:00,2.0,2.0,2.0,2.0,0.0
2025-06-05 19:00:00+00:00,2.0,2.0,2.0,2.0,0.0
2025-06-06 14:00:00+00:00,2.0,2.0,2.0,2.0,0.0
2025-06-06 15:00:00+00:00,2.0,2.0,2.0,2.0,0.0
2025-06-06 16:00:00+00:00,2.0,2.0,2.0,2.0,0.0
2025-06-06 17:00:00+00:00,2.0,2.0,2.0,2.0,0.0
2025-06-06 18:00:00+00:00,2.0,2.0,2.0,2.0,0.0
2025-06-06 19:00:00+00:00,2.0,2.0,2.0,2.0,0.0
2025-06-09 14:00:00+00:00,2.0,2.0,2.0,2.0,0.0
2025-06-09 15:00:00+00:00,2.0,2.0,2.0,2.0,0.0
2025-06-09 16:00:00+00:00,2.0,2.0,2.0,2.0,0.0
2025-06-09 17:00:00+00:00,2.0,2.0,2.0,2.0,0.0
2025-06-09 18:00:00+00:00,2.0,2.0,2.0,2.0,0.0
2025-06-09 19:00:00+00:00,2.0,2.0,2.0,2.0,0.0
2025-06-10 14:00:00+00:00,2.0,2.0,1.895,1.895,100.0
2025-06-10 15:00:00+00:00,1.895,1.895,1.895,1.895,0.0
2025-06-10 16:00:00+00:00,1.895,1.895,1.895,1.895,0.0
2025-06-10 17:00:00+00:00,1.895,1.895,1.895,1.895,0.0
2025-06-10 18:00:00+00:00,1.895,1.895,1.895,1.895,0.0
2025-06-10 19:00:00+00:00,1.895,1.895,1.895,1.895,0.0
2025-06-11 14:00:00+00:00,1.895,1.895,1.895,1.895,0.0
2025-06-11 15:00:00+00:00,1.895,1.895,1.895,1.895,0.0
2025-06-11 16:00:00+00:00,1.895,1.895,1.895,1.895,0.0
2025-06-11 17:00:00+00:00,1.895,1.895,1.895,1.895,0.0
2025-06-11 18:00:00+00:00,1.895,1.895,1.895,1.895,0.0
2025-06-11 19:00:00+00:00,1.895,1.895,1.895,1.895,0.0
2025-06-12 14:00:00+00:00,1.895,1.895,1.895,1.895,0.0
2025-06-12 15:00:00+00:00,1.895,1.895,1.895,1.895,0.0
2025-06-12 16:00:00+00:00,1.895,1.895,1.895,1.895,0.0
2025-06-12 17:00:00+00:00,1.895,1.895,1.895,1.895,0.0
2025-06-12 18:00:00+00:00,1.895,1.895,1.895,1.895,0.0
2025-06-12 19:00:00+00:00,1.895,1.895,1.895,1.895,0.0
2025-06-13 14:00:00+00:00,1.895,1.895,1.895,1.895,0.0
2025-06-13 15:00:00+00:00,1.895,1.895,1.895,1.895,0.0
2025-06-13 16:00:00+00:00,1.895,1.895,1.895,1.895,0.0
2025-06-13 17:00:00+00:00,1.895,1.895,1.895,1.895,0.0
2025-06-13 18:00:00+00:00,1.895,1.895,1.895,1.895,0.0
2025-06-13 19:00:00+00:00,1.895,1.985,1.895,1.985,100.0
2025-06-16 14:00:00+00:00,1.985,1.985,1.985,1.985,0.0
2025-06-16 15:00:00+00:00,1.985,1.985,1.985,1.985,0.0
2025-06-16 16:00:00+00:00,1.985,1.985,1.985,1.985,0.0
2025-06-16 17:00:00+00:00,1.985,1.985,1.985,1.985,0.0
2025-06-16 18:00:00+00:00,1.985,1.985,1.985,1.985,0.0
2025-06-16 19:00:00+00:00,1.985,1.985,1.985,1.985,0.0
2025-06-17 14:00:00+00:00,1.985,1.985,1.985,1.985,0.0
2025-06-17 15:00:00+00:00,1.985,1.985,1.985,1.985,0.0
2025-06-17 16:00:00+00:00,1.985,1.985,1.985,1.985,0.0
2025-06-17 17:00:00+00:00,1.985,1.985,1.985,1.985,0.0
2025-06-17 18:00:00+00:00,1.985,1.985,1.985,1.985,0.0
2025-06-17 19:00:00+00:00,1.985,1.985,1.985,1.985,0.0
2025-06-18 14:00:00+00:00,1.985,1.985,1.985,1.985,0.0
2025-06-18 15:00:00+00:00,1.985,1.985,1.985,1.985,0.0
2025-06-18 16:00:00+00:00,1.985,1.985,1.985,1.985,0.0
2025-06-18 17:00:00+00:00,1.985,1.985,1.9,1.9,100.0
2025-06-18 18:00:00+00:00,1.9,1.9,1.9,1.9,0.0
2025-06-18 19:00:00+00:00,1.9,1.9,1.9,1.9,0.0
2025-06-19 14:00:00+00:00,1.9,1.9,1.9,1.9,0.0
2025-06-19 15:00:00+00:00,1.9,1.9,1.9,1.9,0.0
2025-06-19 16:00:00+00:00,1.9,1.9,1.9,1.9,0.0
2025-06-19 17:00:00+00:00,1.9,1.9,1.9,1.9,0.0
2025-06-19 18:00:00+00:00,1.9,1.9,1.9,1.9,0.0
2025-06-19 19:00:00+00:00,1.9,1.9,1.9,1.9,0.0
2025-06-20 14:00:00+00:00,1.9,1.9,1.9,1.9,0.0
2025-06-20 15:00:00+00:00,1.9,1.9,1.9,1.9,0.0
2025-06-20 16:00:00+00:00,1.9,1.9,1.9,1.9,0.0
2025-06-20 17:00:00+00:00,1.9,1.9,1.9,1.9,0.0
2025-06-20 18:00:00+00:00,1.9,1.9,1.9,1.9,0.0
2025-06-20 19:00:00+00:00,1.9,1.9,1.9,1.9,0.0
2025-06-23 14:00:00+00:00,1.9,1.9,1.9,1.9,0.0
2025-06-23 15:00:00+00:00,1.9,1.9,1.9,1.9,0.0
2025-06-23 16:00:00+00:00,1.9,1.9,1.9,1.9,0.0
2025-06-23 17:00:00+00:00,1.9,1.9,1.9,1.9,0.0
2025-06-23 18:00:00+00:00,1.9,1.9,1.9,1.9,0.0
2025-06-23 19:00:00+00:00,1.9,1.9,1.9,1.9,0.0
2025-06-24 14:00:00+00:00,1.9,1.9,1.9,1.9,0.0
2025-06-24 15:00:00+00:00,1.9,1.9,1.9,1.9,0.0
2025-06-24 16:00:00+00:00,1.9,1.9,1.9,1.9,0.0
2025-06-24 17:00:00+00:00,1.9,1.9,1.9,1.9,0.0
2025-06-24 18:00:00+00:00,1.9,1.9,1.9,1.9,0.0
2025-06-24 19:00:00+00:00,1.9,1.9,1.83,1.83,99.0
2025-06-25 14:00:00+00:00,1.83,1.83,1.83,1.83,0.0
2025-06-25 15:00:00+00:00,1.83,1.83,1.83,1.83,0.0
2025-06-25 16:00:00+00:00,1.83,1.83,1.83,1.83,0.0
2025-06-25 17:00:00+00:00,1.83,1.83,1.83,1.83,0.0
2025-06-25 18:00:00+00:00,1.83,1.83,1.83,1.83,0.0
2025-06-25 19:00:00+00:00,1.83,1.83,1.83,1.83,0.0
2025-06-26 14:00:00+00:00,1.83,1.83,1.83,1.83,0.0
2025-06-26 15:00:00+00:00,1.83,1.88,1.83,1.88,206.0
2025-06-26 16:00:00+00:00,1.88,1.96,1.88,1.96,100.0
2025-06-26 17:00:00+00:00,1.96,1.96,1.96,1.96,0.0
2025-06-26 18:00:00+00:00,1.96,1.96,1.96,1.96,0.0
2025-06-26 19:00:00+00:00,1.96,1.96,1.96,1.96,0.0
2025-06-27 14:00:00+00:00,1.96,1.96,1.96,1.96,0.0
2025-06-27 15:00:00+00:00,1.96,1.96,1.96,1.96,0.0
2025-06-27 16:00:00+00:00,1.96,1.96,1.96,1.96,0.0
2025-06-27 17:00:00+00:00,1.96,1.96,1.96,1.96,0.0
2025-06-27 18:00:00+00:00,1.96,1.96,1.96,1.96,0.0
2025-06-27 19:00:00+00:00,1.96,1.96,1.96,1.96,0.0
2025-06-30 14:00:00+00:00,1.96,1.96,1.96,1.96,0.0
2025-06-30 15:00:00+00:00,1.96,1.96,1.96,1.96,0.0
2025-06-30 16:00:00+00:00,1.96,1.96,1.96,1.96,0.0
2025-06-30 17:00:00+00:00,1.96,1.96,1.96,1.96,0.0
2025-06-30 18:00:00+00:00,1.96,1.96,1.96,1.96,0.0
2025-06-30 19:00:00+00:00,1.96,1.96,1.96,1.96,0.0
2025-07-01 14:00:00+00:00,1.96,1.96,1.96,1.96,0.0
2025-07-01 15:00:00+00:00,1.96,1.96,1.96,1.96,0.0
2025-07-01 16:00:00+00:00,1.96,1.96,1.96,1.96,0.0
2025-07-01 17:00:00+00:00,1.96,1.96,1.96,1.96,0.0
2025-07-01 18:00:00+00:00,1.96,2.64,1.96,2.43,817.0
2025-07-01 19:00:00+00:00,2.43,2.43,2.43,2.43,0.0
2025-07-02 14:00:00+00:00,2.43,2.67,2.43,2.67,100.0
2025-07-02 15:00:00+00:00,2.67,2.67,2.64,2.64,300.0
2025-07-02 16:00:00+00:00,2.64,2.64,2.64,2.64,0.0
2025-07-02 17:00:00+00:00,2.64,2.64,2.64,2.64,0.0
2025-07-02 18:00:00+00:00,2.64,2.64,2.64,2.64,0.0
2025-07-02 19:00:00+00:00,2.64,2.64,2.64,2.64,0.0
2025-07-03 14:00:00+00:00,2.64,2.64,2.64,2.64,0.0
2025-07-03 15:00:00+00:00,2.64,2.64,2.64,2.64,0.0
2025-07-03 16:00:00+00:00,2.64,2.8,2.64,2.7,300.0
2025-07-03 17:00:00+00:00,2.7,2.7,2.7,2.7,0.0
2025-07-03 18:00:00+00:00,2.7,2.7,2.7,2.7,0.0
2025-07-03 19:00:00+00:00,2.7,2.7,2.7,2.7,0.0
2025-07-04 14:00:00+00:00,2.7,2.7,2.7,2.7,0.0
2025-07-04 15:00:00+00:00,2.7,2.7,2.7,2.7,0.0
2025-07-04 16:00:00+00:00,2.7,2.7,2.7,2.7,0.0
2025-07-04 17:00:00+00:00,2.7,2.7,2.7,2.7,0.0
2025-07-04 18:00:00+00:00,2.7,2.7,2.7,2.7,0.0
2025-07-04 19:00:00+00:00,2.7,2.7,2.7,2.7,0.0
2025-07-07 14:00:00+00:00,2.7,2.7,2.575,2.575,1.0
2025-07-07 15:00:00+00:00,2.575,2.795,2.57,2.75,539.0
2025-07-07 16:00:00+00:00,2.75,2.75,2.75,2.75,0.0
2025-07-07 17:00:00+00:00,2.75,2.75,2.75,2.75,0.0
2025-07-07 18:00:00+00:00,2.75,2.75,2.67,2.67,150.0
2025-07-07 19:00:00+00:00,2.67,2.67,2.67,2.67,0.0
2025-07-08 14:00:00+00:00,2.67,2.67,2.67,2.67,0.0
2025-07-08 15:00:00+00:00,2.67,2.67,2.67,2.67,0.0
2025-07-08 16:00:00+00:00,2.67,2.67,2.67,2.67,0.0
2025-07-08 17:00:00+00:00,2.67,2.67,2.67,2.67,0.0
2025-07-08 18:00:00+00:00,2.67,2.67,2.67,2.67,0.0
2025-07-08 19:00:00+00:00,2.67,2.67,2.67,2.67,0.0
2025-07-09 14:00:00+00:00,2.65,2.65,2.65,2.65,100.0
2025-07-09 15:00:00+00:00,2.65,2.65,2.65,2.65,0.0
2025-07-09 16:00:00+00:00,2.65,2.65,2.65,2.65,0.0
2025-07-09 17:00:00+00:00,2.65,2.65,2.65,2.65,0.0
2025-07-09 18:00:00+00:00,2.65,2.65,2.65,2.65,0.0
2025-07-09 19:00:00+00:00,2.65,2.65,2.65,2.65,0.0
2025-07-10 14:00:00+00:00,2.65,2.65,2.625,2.625,1.0
