date,Close,High,Low,Open,Volume
2022-01-03 00:00:00+00:00,10.5,10.875,10.245,10.26,188726
2022-01-04 00:00:00+00:00,10.74,10.89,10.35,10.575,200561
2022-01-05 00:00:00+00:00,9.63,10.8,9.51,10.62,189902
2022-01-06 00:00:00+00:00,9.06,9.66,8.97,9.6,374038
2022-01-07 00:00:00+00:00,8.76,9.18,8.64,9.06,221884
2022-01-10 00:00:00+00:00,8.25,8.7,7.995,8.7,263297
2022-01-11 00:00:00+00:00,8.52,8.79,8.1597,8.175,770585
2022-01-12 00:00:00+00:00,8.82,9.21,8.34,8.61,449541
2022-01-13 00:00:00+00:00,8.34,8.97,8.25,8.85,240556
2022-01-14 00:00:00+00:00,8.04,8.28,7.77,8.25,283869
2022-01-18 00:00:00+00:00,7.35,7.83,7.305,7.8,278989
2022-01-19 00:00:00+00:00,7.17,7.755,7.14,7.32,311430
2022-01-20 00:00:00+00:00,7.11,7.77,7.11,7.26,190885
2022-01-21 00:00:00+00:00,6.51,7.02,6.39,6.9,365675
2022-01-24 00:00:00+00:00,6.87,7.095,6.0,6.27,424865
2022-01-25 00:00:00+00:00,6.75,6.99,6.435,6.57,164611
2022-01-26 00:00:00+00:00,6.36,6.975,6.27,6.975,302747
2022-01-27 00:00:00+00:00,5.94,6.51,5.85,6.48,249128
2022-01-28 00:00:00+00:00,6.03,6.03,5.565,6.0,319737
2022-01-31 00:00:00+00:00,6.51,6.54,5.94,6.06,380548
2022-02-01 00:00:00+00:00,7.08,7.08,6.36,6.51,228492
2022-02-02 00:00:00+00:00,6.57,7.2003,6.45,7.11,183823
2022-02-03 00:00:00+00:00,6.03,6.42,5.985,6.33,113730
2022-02-04 00:00:00+00:00,6.81,6.9,6.03,6.09,232322
2022-02-07 00:00:00+00:00,6.96,7.545,6.84,6.9747,255622
2022-02-08 00:00:00+00:00,7.17,7.17,6.8976,6.96,126536
2022-02-09 00:00:00+00:00,7.68,7.7097,7.29,7.32,140681
2022-02-10 00:00:00+00:00,7.26,7.95,7.11,7.38,238744
2022-02-11 00:00:00+00:00,6.93,7.4697,6.855,7.2,149572
2022-02-14 00:00:00+00:00,6.93,7.2,6.75,6.99,117644
2022-02-15 00:00:00+00:00,7.68,7.71,7.05,7.08,146864
2022-02-16 00:00:00+00:00,7.41,7.59,7.17,7.59,85364
2022-02-17 00:00:00+00:00,6.75,7.26,6.63,7.17,131605
2022-02-18 00:00:00+00:00,6.42,6.84,6.345,6.84,113690
2022-02-22 00:00:00+00:00,6.48,6.72,5.91,6.09,159721
2022-02-23 00:00:00+00:00,6.15,6.66,6.09,6.51,110457
2022-02-24 00:00:00+00:00,6.75,6.87,5.52,5.61,194028
2022-02-25 00:00:00+00:00,6.81,6.84,6.36,6.57,97755
2022-02-28 00:00:00+00:00,6.87,7.1097,6.6324,6.72,102973
2022-03-01 00:00:00+00:00,6.81,7.08,6.6,6.96,135360
2022-03-02 00:00:00+00:00,6.81,6.93,6.6,6.81,55887
2022-03-03 00:00:00+00:00,6.45,6.9,6.42,6.9,90763
2022-03-04 00:00:00+00:00,6.03,6.345,5.97,6.27,165843
2022-03-07 00:00:00+00:00,6.0,6.1524,5.91,6.06,198202
2022-03-08 00:00:00+00:00,5.88,6.15,5.85,5.97,92996
2022-03-09 00:00:00+00:00,6.6,6.75,6.18,6.21,123286
2022-03-10 00:00:00+00:00,6.21,6.6,6.0726,6.6,100099
2022-03-11 00:00:00+00:00,6.06,6.33,5.91,6.27,87027
2022-03-14 00:00:00+00:00,5.73,6.12,5.52,6.12,110953
2022-03-15 00:00:00+00:00,6.06,6.06,5.52,5.82,60371
2022-03-16 00:00:00+00:00,6.42,6.465,6.06,6.12,93953
2022-03-17 00:00:00+00:00,6.96,6.99,6.12,6.42,113368
2022-03-18 00:00:00+00:00,7.38,7.53,6.78,6.87,147227
2022-03-21 00:00:00+00:00,6.93,7.41,6.75,7.41,107757
2022-03-22 00:00:00+00:00,7.29,7.4955,7.08,7.2,104333
2022-03-23 00:00:00+00:00,8.7,8.91,7.5,7.68,1096777
2022-03-24 00:00:00+00:00,8.85,9.06,8.4,8.49,363528
2022-03-25 00:00:00+00:00,8.88,9.0297,8.49,8.85,219101
2022-03-28 00:00:00+00:00,8.82,9.36,8.7,8.94,208212
2022-03-29 00:00:00+00:00,8.91,9.0,8.49,8.97,116827
2022-03-30 00:00:00+00:00,8.64,9.135,8.475,8.79,136906
2022-03-31 00:00:00+00:00,8.73,9.18,8.3082,8.64,232627
2022-04-01 00:00:00+00:00,8.64,9.075,8.46,8.82,116575
2022-04-04 00:00:00+00:00,9.33,9.42,8.55,8.7,162357
2022-04-05 00:00:00+00:00,8.94,9.39,8.73,9.33,120706
2022-04-06 00:00:00+00:00,8.25,8.715,8.07,8.7,181550
2022-04-07 00:00:00+00:00,7.98,8.25,7.65,8.25,82818
2022-04-08 00:00:00+00:00,7.62,7.8879,7.56,7.86,46799
2022-04-11 00:00:00+00:00,7.38,7.59,7.2,7.53,92983
2022-04-12 00:00:00+00:00,7.17,7.74,7.14,7.44,92343
2022-04-13 00:00:00+00:00,7.35,7.59,7.14,7.23,128507
2022-04-14 00:00:00+00:00,6.93,7.5,6.87,7.41,79095
2022-04-18 00:00:00+00:00,6.63,6.87,6.54,6.81,90530
2022-04-19 00:00:00+00:00,6.9,6.99,6.5397,6.57,144729
2022-04-20 00:00:00+00:00,6.48,6.87,6.42,6.87,135880
2022-04-21 00:00:00+00:00,5.91,6.6303,5.835,6.6,195785
2022-04-22 00:00:00+00:00,5.73,5.91,5.64,5.91,90692
2022-04-25 00:00:00+00:00,5.88,5.91,5.58,5.7,75593
2022-04-26 00:00:00+00:00,5.55,5.8047,5.37,5.76,105647
2022-04-27 00:00:00+00:00,5.55,5.76,5.46,5.55,69660
2022-04-28 00:00:00+00:00,5.7,5.7,5.31,5.67,49672
2022-04-29 00:00:00+00:00,5.64,6.0,5.61,5.61,64962
2022-05-02 00:00:00+00:00,6.0,6.03,5.5635,5.58,53393
2022-05-03 00:00:00+00:00,6.24,6.33,5.88,5.91,81552
2022-05-04 00:00:00+00:00,6.21,6.3,5.685,6.27,63420
2022-05-05 00:00:00+00:00,5.58,6.03,5.25,6.03,227813
2022-05-06 00:00:00+00:00,5.37,5.55,5.205,5.34,65354
2022-05-09 00:00:00+00:00,4.74,5.25,4.71,5.25,108077
2022-05-10 00:00:00+00:00,4.44,4.8048,4.395,4.8,92293
2022-05-11 00:00:00+00:00,4.08,4.4958,4.08,4.26,151211
2022-05-12 00:00:00+00:00,3.12,3.66,2.55,3.405,825767
2022-05-13 00:00:00+00:00,3.345,3.57,3.0,3.12,399507
2022-05-16 00:00:00+00:00,3.18,3.39,3.15,3.27,148732
2022-05-17 00:00:00+00:00,3.66,3.84,3.24,3.24,121544
2022-05-18 00:00:00+00:00,3.36,3.72,3.24,3.69,145692
2022-05-19 00:00:00+00:00,3.51,3.66,3.27,3.27,53446
2022-05-20 00:00:00+00:00,3.48,3.6,3.255,3.57,45945
2022-05-23 00:00:00+00:00,3.48,3.54,3.39,3.54,28899
2022-05-24 00:00:00+00:00,3.18,3.45,3.15,3.39,86775
2022-05-25 00:00:00+00:00,3.24,3.33,3.03,3.21,105856
2022-05-26 00:00:00+00:00,3.36,3.51,3.27,3.27,152091
2022-05-27 00:00:00+00:00,3.57,3.6,3.36,3.36,70948
2022-05-31 00:00:00+00:00,4.02,4.17,3.87,3.99,189815
2022-06-01 00:00:00+00:00,3.72,4.14,3.66,4.11,63884
2022-06-02 00:00:00+00:00,4.14,4.29,3.63,3.66,101483
2022-06-03 00:00:00+00:00,4.05,4.11,3.84,4.08,43726
2022-06-06 00:00:00+00:00,3.93,4.2,3.9,4.05,42324
2022-06-07 00:00:00+00:00,3.84,3.96,3.69,3.87,85537
2022-06-08 00:00:00+00:00,3.81,3.9,3.72,3.75,27436
2022-06-09 00:00:00+00:00,3.6,3.78,3.57,3.78,35067
2022-06-10 00:00:00+00:00,3.45,3.5796,3.36,3.48,59797
2022-06-13 00:00:00+00:00,3.54,4.23,3.0,3.24,753466
2022-06-14 00:00:00+00:00,3.33,3.51,3.27,3.51,78743
2022-06-15 00:00:00+00:00,3.36,3.45,3.15,3.33,89048
2022-06-16 00:00:00+00:00,3.09,3.27,3.0321,3.21,32328
2022-06-17 00:00:00+00:00,2.58,3.12,2.4,3.06,985853
2022-06-21 00:00:00+00:00,2.8344,2.868,2.64,2.6997,206795
2022-06-22 00:00:00+00:00,2.5998,2.76,2.55,2.6535,104005
2022-06-23 00:00:00+00:00,2.5398,2.64,2.49,2.64,98067
2022-06-24 00:00:00+00:00,2.85,2.904,2.5557,2.556,175156
2022-06-27 00:00:00+00:00,2.7039,2.85,2.67,2.85,29528
2022-06-28 00:00:00+00:00,2.79,2.8965,2.43,2.7537,542989
2022-06-29 00:00:00+00:00,2.73,3.0,2.5962,2.9406,209285
2022-06-30 00:00:00+00:00,2.5785,2.664,2.5257,2.64,63133
2022-07-01 00:00:00+00:00,2.6238,2.7,2.505,2.5785,25841
2022-07-05 00:00:00+00:00,2.6538,2.6538,2.55,2.64,30671
2022-07-06 00:00:00+00:00,2.607,2.7,2.538,2.55,69821
2022-07-07 00:00:00+00:00,2.820003,2.85,2.5461,2.574,101300
2022-07-08 00:00:00+00:00,2.76,2.88,2.673,2.7342,38032
2022-07-11 00:00:00+00:00,2.73,2.7627,2.6886,2.7627,21450
2022-07-12 00:00:00+00:00,2.628,2.763,2.5983,2.73,39507
2022-07-13 00:00:00+00:00,2.6286,2.7126,2.55,2.55,72574
2022-07-14 00:00:00+00:00,2.5575,2.694,2.4528,2.5509,88559
2022-07-15 00:00:00+00:00,2.5206,2.685,2.505,2.685,58871
2022-07-18 00:00:00+00:00,2.67,2.745432,2.55,2.55,229284
2022-07-19 00:00:00+00:00,2.985,3.1179,2.6166,2.73,202272
2022-07-20 00:00:00+00:00,3.18,3.3,3.03,3.12,198905
2022-07-21 00:00:00+00:00,3.15,3.18,3.0114,3.15,58690
2022-07-22 00:00:00+00:00,3.09,3.24,2.88,3.24,72190
2022-07-25 00:00:00+00:00,2.919,3.033,2.91,3.03,30777
2022-07-26 00:00:00+00:00,2.7531,2.883,2.700303,2.88,33413
2022-07-27 00:00:00+00:00,2.8176,2.883,2.733,2.7399,26290
2022-07-28 00:00:00+00:00,2.9394,3.03,2.79,2.88,140117
2022-07-29 00:00:00+00:00,3.03,3.1383,2.94,2.943,104081
2022-08-01 00:00:00+00:00,2.97,3.09,2.91,2.94,54076
2022-08-02 00:00:00+00:00,3.2229,3.3,3.0,3.03,62669
2022-08-03 00:00:00+00:00,3.33,3.5046,3.18,3.21,135412
2022-08-04 00:00:00+00:00,3.36,3.42,3.15,3.39,93720
2022-08-05 00:00:00+00:00,3.54,3.57,3.24,3.3,46230
2022-08-08 00:00:00+00:00,3.93,3.93,3.63,3.72,60064
2022-08-09 00:00:00+00:00,3.69,3.9,3.6,3.9,57828
2022-08-10 00:00:00+00:00,4.095,4.14,3.81,3.9,87027
2022-08-11 00:00:00+00:00,3.75,4.32,3.72,3.99,168982
2022-08-12 00:00:00+00:00,4.02,4.05,3.7203,3.84,69896
2022-08-15 00:00:00+00:00,3.75,4.02,3.72,3.9,88916
2022-08-16 00:00:00+00:00,3.9,4.08,3.72,3.87,458657
2022-08-17 00:00:00+00:00,3.81,3.945,3.72,3.87,59481
2022-08-18 00:00:00+00:00,3.81,3.9,3.75,3.78,46680
2022-08-19 00:00:00+00:00,3.63,3.72,3.51,3.72,63130
2022-08-22 00:00:00+00:00,3.42,3.57,3.39,3.48,41862
2022-08-23 00:00:00+00:00,3.39,3.51,3.36,3.42,24584
2022-08-24 00:00:00+00:00,3.54,3.6636,3.39,3.42,100107
2022-08-25 00:00:00+00:00,3.69,3.72,3.6,3.6,14271
2022-08-26 00:00:00+00:00,3.42,3.66,3.36,3.6,40346
2022-08-29 00:00:00+00:00,3.39,3.48,3.27,3.42,24603
2022-08-30 00:00:00+00:00,3.42,3.42,3.21,3.39,49258
2022-08-31 00:00:00+00:00,3.39,3.48,3.24,3.42,19249
2022-09-01 00:00:00+00:00,3.36,3.42,3.24,3.39,39310
2022-09-02 00:00:00+00:00,3.21,3.42,3.21,3.39,32503
2022-09-06 00:00:00+00:00,3.21,3.3,3.12,3.24,39798
2022-09-07 00:00:00+00:00,3.27,3.3,3.12,3.15,30545
2022-09-08 00:00:00+00:00,3.36,3.54,3.09,3.18,68091
2022-09-09 00:00:00+00:00,3.57,3.69,3.51,3.51,85088
2022-09-12 00:00:00+00:00,3.42,3.66,3.42,3.54,65460
2022-09-13 00:00:00+00:00,3.27,3.54,3.18,3.39,73300
2022-09-14 00:00:00+00:00,3.21,3.39,3.21,3.39,25310
2022-09-15 00:00:00+00:00,3.21,3.42,3.21,3.36,29808
2022-09-16 00:00:00+00:00,2.9223,3.21,2.9031,3.12,48845
2022-09-19 00:00:00+00:00,2.85,2.9694,2.838,2.922,39301
2022-09-20 00:00:00+00:00,2.865,2.88,2.79,2.8209,16809
2022-09-21 00:00:00+00:00,2.733,2.97,2.73,2.8542,32396
2022-09-22 00:00:00+00:00,2.6871,2.769,2.52,2.733,86341
2022-09-23 00:00:00+00:00,2.6097,2.6097,2.4867,2.6064,58657
2022-09-26 00:00:00+00:00,2.577,2.7123,2.52,2.52,35316
2022-09-27 00:00:00+00:00,2.7222,2.7297,2.5803,2.6664,44396
2022-09-28 00:00:00+00:00,2.7807,2.8488,2.655003,2.67,22764
2022-09-29 00:00:00+00:00,2.7597,2.847,2.565,2.847,30991
2022-09-30 00:00:00+00:00,2.76,2.8797,2.6703,2.76,57457
2022-10-03 00:00:00+00:00,2.9343,2.9697,2.67,2.7876,47953
2022-10-04 00:00:00+00:00,2.8677,3.06,2.8524,2.97,33276
2022-10-05 00:00:00+00:00,2.91,2.913,2.5404,2.913,91386
2022-10-06 00:00:00+00:00,2.85,2.9127,2.7606,2.8824,12829
2022-10-07 00:00:00+00:00,2.7285,2.85,2.613,2.82,27336
2022-10-10 00:00:00+00:00,2.76,2.76,2.5878,2.67,13741
2022-10-11 00:00:00+00:00,2.5593,2.7714,2.5395,2.73,21563
2022-10-12 00:00:00+00:00,2.5983,2.6715,2.512497,2.55,45170
2022-10-13 00:00:00+00:00,2.5566,2.6997,2.43,2.523,45099
2022-10-14 00:00:00+00:00,2.4189,2.6574,2.406,2.52,67033
2022-10-17 00:00:00+00:00,2.421,2.6091,2.421,2.4471,85419
2022-10-18 00:00:00+00:00,2.43,2.5812,2.43,2.46,43522
2022-10-19 00:00:00+00:00,2.25,2.4927,2.25,2.4303,56565
2022-10-20 00:00:00+00:00,2.28,2.4297,2.28,2.37,78460
2022-10-21 00:00:00+00:00,2.3901,2.4411,2.175,2.37,113133
2022-10-24 00:00:00+00:00,2.361,2.46,2.28,2.46,88186
2022-10-25 00:00:00+00:00,2.406,2.421,2.28,2.388,142946
2022-10-26 00:00:00+00:00,2.58,2.6097,2.3721,2.3721,94461
2022-10-27 00:00:00+00:00,2.463,2.5974,2.4,2.5842,47927
2022-10-28 00:00:00+00:00,2.3103,2.5251,2.2833,2.43,111130
2022-10-31 00:00:00+00:00,2.3295,2.3922,2.31,2.3394,34706
2022-11-01 00:00:00+00:00,2.364,2.4,2.31,2.3199,42151
2022-11-02 00:00:00+00:00,2.16,2.342691,2.16,2.342691,35332
2022-11-03 00:00:00+00:00,2.1003,2.2353,2.1,2.1633,104130
2022-11-04 00:00:00+00:00,2.172,2.294997,2.0664,2.1378,62294
2022-11-07 00:00:00+00:00,2.187,2.2476,2.136,2.1663,21510
2022-11-08 00:00:00+00:00,2.22,2.22,2.0757,2.19,39352
2022-11-09 00:00:00+00:00,1.8636,2.19,1.8615,2.19,83317
2022-11-10 00:00:00+00:00,1.9719,2.0397,1.875,1.9215,63543
2022-11-11 00:00:00+00:00,2.052603,2.16,1.92,1.92,70136
2022-11-14 00:00:00+00:00,2.0313,2.145,2.0313,2.145,40221
2022-11-15 00:00:00+00:00,1.95,2.1,1.9341,2.04,84429
2022-11-16 00:00:00+00:00,1.92,2.0019,1.8603,1.9338,78983
2022-11-17 00:00:00+00:00,1.83,1.9359,1.815,1.8645,55629
2022-11-18 00:00:00+00:00,1.8,1.9047,1.7853,1.83,39515
2022-11-21 00:00:00+00:00,1.8603,1.8801,1.734,1.8048,47313
2022-11-22 00:00:00+00:00,1.89,1.89,1.8021,1.8489,45438
2022-11-23 00:00:00+00:00,1.8849,1.89,1.8306,1.8333,25302
2022-11-25 00:00:00+00:00,1.9647,1.9647,1.8315,1.89,12174
2022-11-28 00:00:00+00:00,1.7988,1.947,1.7988,1.947,25843
2022-11-29 00:00:00+00:00,1.74,1.9131,1.74,1.8072,20684
2022-11-30 00:00:00+00:00,1.77,1.8597,1.6668,1.68,83379
2022-12-01 00:00:00+00:00,1.8303,1.9128,1.71,1.71,32332
2022-12-02 00:00:00+00:00,1.8363,1.86,1.7451,1.7829,25618
2022-12-05 00:00:00+00:00,1.8,1.86,1.7469,1.8363,36362
2022-12-06 00:00:00+00:00,1.74,1.8,1.7397,1.8,43063
2022-12-07 00:00:00+00:00,1.6983,1.8132,1.695,1.7058,83926
2022-12-08 00:00:00+00:00,1.7403,1.7967,1.6899,1.6929,27167
2022-12-09 00:00:00+00:00,1.7403,1.7964,1.7097,1.74,12799
2022-12-12 00:00:00+00:00,1.7418,1.83,1.7103,1.7265,88417
2022-12-13 00:00:00+00:00,1.683,1.8,1.68,1.77,93737
2022-12-14 00:00:00+00:00,1.7106,1.75545,1.6608,1.68,87391
2022-12-15 00:00:00+00:00,1.6464,1.7382,1.62,1.68,30358
2022-12-16 00:00:00+00:00,1.5,1.6485,1.4796,1.62,118422
2022-12-19 00:00:00+00:00,1.4037,1.5294,1.3953,1.5,95838
2022-12-20 00:00:00+00:00,1.4517,1.5,1.41,1.41,64287
2022-12-21 00:00:00+00:00,1.4322,1.51965,1.3968,1.44,71268
2022-12-22 00:00:00+00:00,1.4067,1.4397,1.365,1.4184,392419
2022-12-23 00:00:00+00:00,1.35,1.40865,1.320303,1.3851,115143
2022-12-27 00:00:00+00:00,1.2114,1.3497,1.2114,1.335,75515
2022-12-28 00:00:00+00:00,1.305,1.41,1.2717,1.32,285437
2022-12-29 00:00:00+00:00,1.65,1.65,1.35,1.35,91637
2022-12-30 00:00:00+00:00,1.5879,1.68,1.586643,1.59,98390
2023-01-03 00:00:00+00:00,1.7247,1.7481,1.6053,1.6371,49706
2023-01-04 00:00:00+00:00,1.8534,1.86,1.7328,1.7598,44844
2023-01-05 00:00:00+00:00,1.7616,1.86,1.7574,1.86,26000
2023-01-06 00:00:00+00:00,1.8387,1.89,1.761813,1.77,24139
2023-01-09 00:00:00+00:00,1.9791,2.004,1.8606,1.89,36492
2023-01-10 00:00:00+00:00,1.9788,2.0028,1.9275,1.95,37560
2023-01-11 00:00:00+00:00,2.04,2.0547,1.9506,1.9794,41219
2023-01-12 00:00:00+00:00,2.46,2.466,2.04,2.04,126431
2023-01-13 00:00:00+00:00,2.5185,2.7,2.4045,2.46,109913
2023-01-17 00:00:00+00:00,2.4183,2.7,2.3979,2.5611,67117
2023-01-18 00:00:00+00:00,2.22,2.4897,2.16,2.4,44704
2023-01-19 00:00:00+00:00,2.2515,2.3823,2.16,2.25,31110
2023-01-20 00:00:00+00:00,2.4,2.4093,2.1924,2.28,47089
2023-01-23 00:00:00+00:00,2.391,2.4585,2.3112,2.34,55760
2023-01-24 00:00:00+00:00,2.34,2.4,2.2803,2.37,16716
2023-01-25 00:00:00+00:00,2.2296,2.3994,1.98,2.25,68279
2023-01-26 00:00:00+00:00,2.2503,2.3388,2.2302,2.28,16057
2023-01-27 00:00:00+00:00,2.373,2.4,2.22,2.2446,29735
2023-01-30 00:00:00+00:00,2.31,2.4612,2.28,2.4,33346
2023-01-31 00:00:00+00:00,2.427,2.457,2.25,2.31,27698
2023-02-01 00:00:00+00:00,2.5812,2.64,2.37,2.37,68223
2023-02-02 00:00:00+00:00,2.6109,2.85,2.5584,2.646,62136
2023-02-03 00:00:00+00:00,2.55,2.76,2.5209,2.5263,24449
2023-02-06 00:00:00+00:00,2.493,2.5794,2.4855,2.5308,18645
2023-02-07 00:00:00+00:00,2.5647,2.6238,2.4603,2.5026,15239
2023-02-08 00:00:00+00:00,2.5743,2.76,2.5647,2.5647,86236
2023-02-09 00:00:00+00:00,2.5197,2.73,2.46,2.6319,24468
2023-02-10 00:00:00+00:00,2.3406,2.55,2.34,2.52,42651
2023-02-13 00:00:00+00:00,2.37,2.55,2.31,2.52,43864
2023-02-14 00:00:00+00:00,2.319,2.4,2.31,2.37,22467
2023-02-15 00:00:00+00:00,2.4,2.4762,2.2872,2.2872,30132
2023-02-16 00:00:00+00:00,2.3442,2.52,2.34,2.34,35702
2023-02-17 00:00:00+00:00,2.2878,2.46,2.2809,2.2809,34609
2023-02-21 00:00:00+00:00,2.2017,2.3535,2.1,2.3535,45232
2023-02-22 00:00:00+00:00,2.1657,2.250723,2.1303,2.151,16620
2023-02-23 00:00:00+00:00,2.1867,2.2797,2.16,2.19,17262
2023-02-24 00:00:00+00:00,2.0412,2.1909,2.04,2.1591,38612
2023-02-27 00:00:00+00:00,2.0649,2.13,1.9878,2.1,33601
2023-02-28 00:00:00+00:00,2.0628,2.07,2.01,2.0346,16019
2023-03-01 00:00:00+00:00,2.0043,2.1,1.9962,2.07,38954
2023-03-02 00:00:00+00:00,1.9641,2.01,1.9236,2.01,20109
2023-03-03 00:00:00+00:00,2.01,2.01,1.924044,1.9593,21067
2023-03-06 00:00:00+00:00,2.0175,2.0694,1.95,1.9716,21665
2023-03-07 00:00:00+00:00,2.049,2.049,1.98,2.01,7011
2023-03-08 00:00:00+00:00,1.9722,2.1,1.9503,2.1,15807
2023-03-09 00:00:00+00:00,1.7763,1.9782,1.77,1.89,44292
2023-03-10 00:00:00+00:00,1.62,1.7775,1.554,1.7772,35555
2023-03-13 00:00:00+00:00,1.70115,1.824,1.65,1.65,72635
2023-03-14 00:00:00+00:00,1.74,1.9197,1.74,1.764,35448
2023-03-15 00:00:00+00:00,1.68,1.77,1.6602,1.6602,14642
2023-03-16 00:00:00+00:00,1.794,1.794,1.65,1.6614,16053
2023-03-17 00:00:00+00:00,1.74,1.7727,1.71,1.71,22600
2023-03-20 00:00:00+00:00,1.671,1.8,1.665,1.77,38896
2023-03-21 00:00:00+00:00,1.733997,1.762953,1.653,1.74,17300
2023-03-22 00:00:00+00:00,1.686,1.787997,1.686,1.74,17412
2023-03-23 00:00:00+00:00,1.98,1.98,1.77,1.83,70596
2023-03-24 00:00:00+00:00,1.92,1.98,1.86,1.98,34383
2023-03-27 00:00:00+00:00,1.9044,1.92,1.8453,1.89,31030
2023-03-28 00:00:00+00:00,1.896,1.92,1.8006,1.89,15270
2023-03-29 00:00:00+00:00,1.92,1.95,1.8,1.839,15029
2023-03-30 00:00:00+00:00,2.0082,2.037,1.8837,1.89,23694
2023-03-31 00:00:00+00:00,1.9713,2.07,1.926,2.07,21174
2023-04-03 00:00:00+00:00,1.86,2.0778,1.785,1.98,129730
2023-04-04 00:00:00+00:00,1.8966,1.953,1.86,1.95,22413
2023-04-05 00:00:00+00:00,1.95,2.22,1.8309,1.95,60146
2023-04-06 00:00:00+00:00,1.92,1.98,1.8633,1.9254,17555
2023-04-10 00:00:00+00:00,1.9389,2.01,1.92,2.01,93536
2023-04-11 00:00:00+00:00,1.9941,2.04,1.9233,1.95,119795
2023-04-12 00:00:00+00:00,2.1006,2.16,2.055,2.1,48617
2023-04-13 00:00:00+00:00,2.217,2.22,2.1,2.187,48254
2023-04-14 00:00:00+00:00,2.22,2.31,2.16,2.28,36991
2023-04-17 00:00:00+00:00,2.1,2.28,2.079255,2.1321,17583
2023-04-18 00:00:00+00:00,2.1267,2.205,2.0553,2.205,27999
2023-04-19 00:00:00+00:00,2.0886,2.1,2.04,2.0436,22617
2023-04-20 00:00:00+00:00,1.9692,2.16,1.95,2.16,32149
2023-04-21 00:00:00+00:00,1.896,2.13,1.8903,2.13,39969
2023-04-24 00:00:00+00:00,1.95,1.98,1.89,1.89,12843
2023-04-25 00:00:00+00:00,1.92,1.98,1.89,1.98,14653
2023-04-26 00:00:00+00:00,1.89,2.01,1.89,1.98,33511
2023-04-27 00:00:00+00:00,2.04,2.04,1.89,1.98,6364
2023-04-28 00:00:00+00:00,2.0403,2.0742,1.9503,2.019,10068
2023-05-01 00:00:00+00:00,2.07,2.1897,2.04,2.04,30461
2023-05-02 00:00:00+00:00,2.07,2.13,2.04,2.07,13844
2023-05-03 00:00:00+00:00,2.22,2.34,2.04,2.04,42912
2023-05-04 00:00:00+00:00,2.28,2.4,2.16,2.25,64541
2023-05-05 00:00:00+00:00,2.376,2.4,2.31,2.34,47575
2023-05-08 00:00:00+00:00,2.4003,2.49,2.376,2.376,20637
2023-05-09 00:00:00+00:00,2.4,2.46,2.4,2.4219,15099
2023-05-10 00:00:00+00:00,2.4,2.52,2.4,2.4534,30386
2023-05-11 00:00:00+00:00,2.31,2.43,2.1174,2.1174,50276
2023-05-12 00:00:00+00:00,2.256,2.37,2.256,2.34,23252
2023-05-15 00:00:00+00:00,2.25,2.3109,2.25,2.256,10132
2023-05-16 00:00:00+00:00,2.3154,2.3394,2.25,2.3031,31755
2023-05-17 00:00:00+00:00,2.31,2.34,2.2803,2.2803,31247
2023-05-18 00:00:00+00:00,2.385,2.385,2.2638,2.2638,23723
2023-05-19 00:00:00+00:00,2.3364,2.4,2.31,2.31,25237
2023-05-22 00:00:00+00:00,2.46,2.49,2.3316,2.34,45029
2023-05-23 00:00:00+00:00,2.43,2.4315,2.37,2.3706,56321
2023-05-24 00:00:00+00:00,2.28,2.4,2.202,2.4,79833
2023-05-25 00:00:00+00:00,2.1918,2.4,2.1765,2.37,38901
2023-05-26 00:00:00+00:00,2.0103,2.3397,2.0043,2.1906,37718
2023-05-30 00:00:00+00:00,2.13,2.189697,2.04,2.04,25268
2023-05-31 00:00:00+00:00,2.1588,2.184,2.1,2.124,28504
2023-06-01 00:00:00+00:00,2.0721,2.16,2.07,2.13,38172
2023-06-02 00:00:00+00:00,2.13,2.1597,2.0847,2.1057,20644
2023-06-05 00:00:00+00:00,2.0241,2.16,2.022,2.0931,18715
2023-06-06 00:00:00+00:00,2.077527,2.1279,1.98,1.98,42144
2023-06-07 00:00:00+00:00,2.1,2.16,2.04,2.04,32318
2023-06-08 00:00:00+00:00,2.16,2.3301,2.100003,2.1204,11746
2023-06-09 00:00:00+00:00,2.1591,2.1897,2.064,2.13,41568
2023-06-12 00:00:00+00:00,2.097,2.1456,2.07,2.1,36814
2023-06-13 00:00:00+00:00,2.1165,2.16,2.085,2.085,25049
2023-06-14 00:00:00+00:00,2.1897,2.2221,2.1,2.2221,22263
2023-06-15 00:00:00+00:00,2.145,2.22,2.13,2.22,31294
2023-06-16 00:00:00+00:00,2.1,2.13,2.0613,2.127,32088
2023-06-20 00:00:00+00:00,2.1303,2.19,2.07,2.07,33305
2023-06-21 00:00:00+00:00,2.049,2.1915,2.046,2.13,34309
2023-06-22 00:00:00+00:00,2.13,2.16,2.07,2.07,39613
2023-06-23 00:00:00+00:00,2.13,2.1414,2.0649,2.07,28191
2023-06-26 00:00:00+00:00,2.09655,2.145,2.0661,2.0661,18218
2023-06-27 00:00:00+00:00,2.1858,2.19,2.0919,2.130462,21769
2023-06-28 00:00:00+00:00,2.13,2.16,2.0817,2.1594,35067
2023-06-29 00:00:00+00:00,2.07,2.16,2.061,2.13,16912
2023-06-30 00:00:00+00:00,2.0463,2.13,2.046,2.13,23555
2023-07-03 00:00:00+00:00,2.058,2.1297,2.0466,2.07,10242
2023-07-05 00:00:00+00:00,1.986,2.0997,1.9806,2.07,54552
2023-07-06 00:00:00+00:00,1.95,2.01,1.95,1.98,17809
2023-07-07 00:00:00+00:00,1.9725,1.9905,1.92,1.95,20647
2023-07-10 00:00:00+00:00,2.0625,2.1,1.941,1.941,37175
2023-07-11 00:00:00+00:00,2.09565,2.1594,2.06625,2.124,46521
2023-07-12 00:00:00+00:00,2.1597,2.16,2.0406,2.1,53992
2023-07-13 00:00:00+00:00,2.6121,2.955,2.0688,2.0688,349001
2023-07-14 00:00:00+00:00,2.4177,2.85,2.3433,2.85,211054
2023-07-17 00:00:00+00:00,2.5203,2.61,2.4,2.4477,76443
2023-07-18 00:00:00+00:00,2.6967,2.7,2.58,2.67,48221
2023-07-19 00:00:00+00:00,2.49,2.73,2.4756,2.73,70960
2023-07-20 00:00:00+00:00,2.3409,2.5497,2.16,2.52,43415
2023-07-21 00:00:00+00:00,2.4009,2.46,2.3253,2.43,15212
2023-07-24 00:00:00+00:00,2.397,2.487,2.325,2.4546,30932
2023-07-25 00:00:00+00:00,2.3385,2.427,2.256,2.367,49041
2023-07-26 00:00:00+00:00,2.2818,2.3385,2.2506,2.325,23119
2023-07-27 00:00:00+00:00,2.2467,2.31,2.193,2.256,44679
2023-07-28 00:00:00+00:00,2.2536,2.2674,2.19,2.19,44352
2023-07-31 00:00:00+00:00,2.196,2.31,2.196,2.2536,31092
2023-08-01 00:00:00+00:00,2.1333,2.196,2.1003,2.1915,44307
2023-08-02 00:00:00+00:00,2.13,2.19,2.103,2.19,21234
2023-08-03 00:00:00+00:00,2.202,2.25,2.1,2.1,10041
2023-08-04 00:00:00+00:00,2.2494,2.264697,2.13,2.163,22061
2023-08-07 00:00:00+00:00,2.1006,2.25,2.100303,2.16,27028
2023-08-08 00:00:00+00:00,2.1,2.19,2.0403,2.13,32348
2023-08-09 00:00:00+00:00,2.2122,2.217,2.07,2.13,28225
2023-08-10 00:00:00+00:00,2.2761,2.8224,2.0673,2.67,1229484
2023-08-11 00:00:00+00:00,2.0703,2.13,1.98,2.01,125434
2023-08-14 00:00:00+00:00,1.99,2.13,1.81,1.89,188099
2023-08-15 00:00:00+00:00,1.98,2.09,1.97,1.98,81200
2023-08-16 00:00:00+00:00,1.93,1.98,1.91,1.91,70362
2023-08-17 00:00:00+00:00,1.81,1.94,1.79,1.88,130430
2023-08-18 00:00:00+00:00,1.77,1.93,1.73,1.78,254053
2023-08-21 00:00:00+00:00,1.78,1.8,1.73,1.76,27837
2023-08-22 00:00:00+00:00,1.79,1.82,1.76,1.8,17835
2023-08-23 00:00:00+00:00,1.78,1.83,1.77,1.77,14203
2023-08-24 00:00:00+00:00,1.68,1.8,1.68,1.78,38841
2023-08-25 00:00:00+00:00,1.72,1.78,1.69,1.69,27448
2023-08-28 00:00:00+00:00,1.65,1.75,1.6201,1.74,26578
2023-08-29 00:00:00+00:00,1.58,1.65,1.51,1.65,64913
2023-08-30 00:00:00+00:00,1.5,1.6,1.49,1.59,99457
2023-08-31 00:00:00+00:00,1.49,1.5399,1.47,1.51,115523
2023-09-01 00:00:00+00:00,1.78,1.8,1.5,1.5,160886
2023-09-05 00:00:00+00:00,1.69,1.87,1.65,1.87,79993
2023-09-06 00:00:00+00:00,1.65,1.6947,1.57,1.67,72561
2023-09-07 00:00:00+00:00,1.64,1.65,1.57,1.65,97098
2023-09-08 00:00:00+00:00,1.61,1.65,1.58,1.6219,100432
2023-09-11 00:00:00+00:00,1.59,1.635,1.58,1.6,59968
2023-09-12 00:00:00+00:00,1.6,1.63,1.56,1.61,26414
2023-09-13 00:00:00+00:00,1.57,1.5936,1.55,1.59,33366
2023-09-14 00:00:00+00:00,1.59,1.6,1.55,1.6,21742
2023-09-15 00:00:00+00:00,1.57,1.62,1.57,1.59,13287
2023-09-18 00:00:00+00:00,1.5,1.59,1.5,1.56,78335
2023-09-19 00:00:00+00:00,1.53,1.53,1.5,1.5101,15953
2023-09-20 00:00:00+00:00,1.54,1.56,1.5101,1.52,78947
2023-09-21 00:00:00+00:00,1.53,1.55,1.5,1.52,89963
2023-09-22 00:00:00+00:00,1.5213,1.55,1.52,1.53,44427
2023-09-25 00:00:00+00:00,1.56,1.58,1.5,1.52,55503
2023-09-26 00:00:00+00:00,1.52,1.56,1.51,1.52,12798
2023-09-27 00:00:00+00:00,1.6,1.6,1.52,1.5499,26015
2023-09-28 00:00:00+00:00,1.58,1.61,1.535,1.58,70854
2023-09-29 00:00:00+00:00,1.57,1.65,1.57,1.62,30595
2023-10-02 00:00:00+00:00,1.62,1.62,1.55,1.62,24942
2023-10-03 00:00:00+00:00,1.52,1.62,1.52,1.59,42080
2023-10-04 00:00:00+00:00,1.48,1.52,1.45,1.5033,45622
2023-10-05 00:00:00+00:00,1.5,1.53,1.4582,1.5,36425
2023-10-06 00:00:00+00:00,1.57,1.5899,1.51,1.515,10280
2023-10-09 00:00:00+00:00,1.66,1.66,1.4696,1.4696,12931
2023-10-10 00:00:00+00:00,1.59,1.7199,1.565,1.68,114217
2023-10-11 00:00:00+00:00,1.57,1.58,1.531,1.58,12748
2023-10-12 00:00:00+00:00,1.49,1.54,1.48,1.54,26322
2023-10-13 00:00:00+00:00,1.45,1.51,1.41,1.43,34920
2023-10-16 00:00:00+00:00,1.46,1.4999,1.42,1.49,15298
2023-10-17 00:00:00+00:00,1.48,1.5,1.41,1.41,23359
2023-10-18 00:00:00+00:00,1.435,1.48,1.42,1.48,11244
2023-10-19 00:00:00+00:00,1.35,1.43,1.33,1.43,52973
2023-10-20 00:00:00+00:00,1.33,1.39,1.32,1.32,19535
2023-10-23 00:00:00+00:00,1.31,1.3803,1.3,1.33,41927
2023-10-24 00:00:00+00:00,1.2931,1.37,1.28,1.32,57675
2023-10-25 00:00:00+00:00,1.27,1.33,1.25,1.28,26841
2023-10-26 00:00:00+00:00,1.12,1.3,1.1,1.29,85734
2023-10-27 00:00:00+00:00,1.02,1.15,0.9501,1.15,238158
2023-10-30 00:00:00+00:00,1.1,1.1,1.0,1.05,112928
2023-10-31 00:00:00+00:00,1.15,1.18,1.11,1.13,50304
2023-11-01 00:00:00+00:00,1.11,1.2,1.1,1.2,13952
2023-11-02 00:00:00+00:00,1.19,1.2,1.12,1.1599,27451
2023-11-03 00:00:00+00:00,1.19,1.23,1.16,1.16,24755
2023-11-06 00:00:00+00:00,1.2,1.23,1.19,1.19,15288
2023-11-07 00:00:00+00:00,1.2,1.2199,1.1423,1.1423,20036
2023-11-08 00:00:00+00:00,1.19,1.26,1.15,1.23,39266
2023-11-09 00:00:00+00:00,1.19,1.26,1.18,1.21,27649
2023-11-10 00:00:00+00:00,1.16,1.22,1.16,1.16,25646
2023-11-13 00:00:00+00:00,1.12,1.16,1.1,1.15,28799
2023-11-14 00:00:00+00:00,1.12,1.22,1.12,1.15,18449
2023-11-15 00:00:00+00:00,1.22,1.24,1.16,1.18,44389
2023-11-16 00:00:00+00:00,1.19,1.23,1.17,1.19,25090
2023-11-17 00:00:00+00:00,1.19,1.22,1.16,1.18,21159
2023-11-20 00:00:00+00:00,1.21,1.23,1.17,1.18,45959
2023-11-21 00:00:00+00:00,1.19,1.22,1.17,1.22,23315
2023-11-22 00:00:00+00:00,1.21,1.22,1.16,1.18,50389
2023-11-24 00:00:00+00:00,1.2,1.21,1.19,1.19,10186
2023-11-27 00:00:00+00:00,1.26,1.27,1.17,1.17,32881
2023-11-28 00:00:00+00:00,1.35,1.42,1.23,1.23,74927
2023-11-29 00:00:00+00:00,1.32,1.44,1.31,1.38,90794
2023-11-30 00:00:00+00:00,1.3,1.34,1.27,1.31,66187
2023-12-01 00:00:00+00:00,1.37,1.3965,1.28,1.28,66533
2023-12-04 00:00:00+00:00,1.59,1.62,1.32,1.32,178971
2023-12-05 00:00:00+00:00,1.57,1.6783,1.55,1.62,107311
2023-12-06 00:00:00+00:00,1.64,1.66,1.55,1.55,93263
2023-12-07 00:00:00+00:00,1.6,1.66,1.56,1.6,95352
2023-12-08 00:00:00+00:00,1.8,1.81,1.5997,1.5999,112415
2023-12-11 00:00:00+00:00,1.76,1.87,1.65,1.74,66984
2023-12-12 00:00:00+00:00,1.71,1.84,1.7,1.82,39380
2023-12-13 00:00:00+00:00,1.93,1.94,1.67,1.67,84356
2023-12-14 00:00:00+00:00,1.98,2.11,1.95,1.97,104386
2023-12-15 00:00:00+00:00,1.93,2.03,1.86,2.03,67476
2023-12-18 00:00:00+00:00,1.94,1.94,1.8811,1.9,35722
2023-12-19 00:00:00+00:00,2.0199,2.09,1.935,1.97,70138
2023-12-20 00:00:00+00:00,1.91,2.12,1.91,1.99,100396
2023-12-21 00:00:00+00:00,2.04,2.05,1.88,2.01,77018
2023-12-22 00:00:00+00:00,2.06,2.11,1.995,2.11,107657
2023-12-26 00:00:00+00:00,2.04,2.1,2.0,2.06,49178
2023-12-27 00:00:00+00:00,2.01,2.09,1.9889,2.07,82530
2023-12-28 00:00:00+00:00,1.95,2.03,1.95,1.98,79983
2023-12-29 00:00:00+00:00,1.84,1.9399,1.83,1.93,98060
2024-01-02 00:00:00+00:00,1.89,1.97,1.81,1.82,126021
2024-01-03 00:00:00+00:00,1.86,1.87,1.7417,1.83,55014
2024-01-04 00:00:00+00:00,1.91,1.94,1.82,1.82,91556
2024-01-05 00:00:00+00:00,1.89,1.92,1.86,1.87,50587
2024-01-08 00:00:00+00:00,1.958,1.96,1.85,1.85,59102
2024-01-09 00:00:00+00:00,1.9099,1.96,1.88,1.96,30381
2024-01-10 00:00:00+00:00,1.89,1.91,1.85,1.88,25950
2024-01-11 00:00:00+00:00,1.82,1.9262,1.8,1.91,42471
2024-01-12 00:00:00+00:00,1.78,1.83,1.74,1.8,25377
2024-01-16 00:00:00+00:00,1.65,1.78,1.64,1.75,63129
2024-01-17 00:00:00+00:00,1.66,1.67,1.59,1.62,30318
2024-01-18 00:00:00+00:00,1.66,1.73,1.63,1.67,42619
2024-01-19 00:00:00+00:00,1.61,1.66,1.5701,1.65,19915
2024-01-22 00:00:00+00:00,1.55,1.64,1.55,1.64,18554
2024-01-23 00:00:00+00:00,1.5,1.61,1.5,1.61,37317
2024-01-24 00:00:00+00:00,1.45,1.51,1.45,1.5,9934
2024-01-25 00:00:00+00:00,1.44,1.47,1.4,1.45,29371
2024-01-26 00:00:00+00:00,1.5026,1.5489,1.42,1.42,27947
2024-01-29 00:00:00+00:00,1.56,1.57,1.47,1.47,10852
2024-01-30 00:00:00+00:00,1.52,1.62,1.52,1.52,126337
2024-01-31 00:00:00+00:00,1.46,1.57,1.46,1.5001,26861
2024-02-01 00:00:00+00:00,1.66,1.7499,1.44,1.44,44643
2024-02-02 00:00:00+00:00,1.66,1.7,1.6263,1.68,17689
2024-02-05 00:00:00+00:00,1.64,1.71,1.5601,1.61,35068
2024-02-06 00:00:00+00:00,1.61,1.65,1.57,1.64,50508
2024-02-07 00:00:00+00:00,1.6,1.65,1.5729,1.63,42734
2024-02-08 00:00:00+00:00,1.61,1.64,1.5743,1.58,31192
2024-02-09 00:00:00+00:00,1.77,1.82,1.64,1.64,73776
2024-02-12 00:00:00+00:00,1.88,1.9,1.75,1.75,105494
2024-02-13 00:00:00+00:00,1.67,1.82,1.65,1.82,46184
2024-02-14 00:00:00+00:00,1.68,1.81,1.65,1.73,74457
2024-02-15 00:00:00+00:00,1.78,1.78,1.65,1.65,50582
2024-02-16 00:00:00+00:00,1.81,1.8399,1.72,1.72,54666
2024-02-20 00:00:00+00:00,1.7186,1.79,1.7,1.79,18961
2024-02-21 00:00:00+00:00,1.71,1.73,1.6552,1.73,18654
2024-02-22 00:00:00+00:00,1.68,1.721,1.6,1.72,56383
2024-02-23 00:00:00+00:00,1.62,1.66,1.59,1.66,48128
2024-02-26 00:00:00+00:00,1.73,1.73,1.56,1.58,45448
2024-02-27 00:00:00+00:00,1.84,1.855,1.74,1.74,52042
2024-02-28 00:00:00+00:00,1.84,2.03,1.84,1.88,234081
2024-02-29 00:00:00+00:00,1.91,1.96,1.85,1.91,78180
2024-03-01 00:00:00+00:00,1.92,1.96,1.89,1.94,28641
2024-03-04 00:00:00+00:00,2.22,2.23,1.93,1.93,242000
2024-03-05 00:00:00+00:00,2.135,2.23,2.0,2.2,155527
2024-03-06 00:00:00+00:00,2.11,2.17,2.07,2.07,75930
2024-03-07 00:00:00+00:00,2.2,2.24,2.1,2.2,135736
2024-03-08 00:00:00+00:00,2.18,2.25,2.14,2.25,78687
2024-03-11 00:00:00+00:00,1.96,2.18,1.95,2.14,54028
2024-03-12 00:00:00+00:00,1.77,1.99,1.74,1.99,140769
2024-03-13 00:00:00+00:00,1.94,2.01,1.74,1.74,85495
2024-03-14 00:00:00+00:00,1.99,2.02,1.82,1.93,90658
2024-03-15 00:00:00+00:00,1.93,2.05,1.91,1.93,61570
2024-03-18 00:00:00+00:00,1.99,2.0,1.91,1.94,161373
2024-03-19 00:00:00+00:00,2.18,2.18,1.94,1.95,244088
2024-03-20 00:00:00+00:00,1.925,2.15,1.87,2.15,311930
2024-03-21 00:00:00+00:00,1.98,2.0,1.9,1.94,135513
2024-03-22 00:00:00+00:00,1.89,1.97,1.89,1.95,68933
2024-03-25 00:00:00+00:00,1.92,1.94,1.895,1.93,57624
2024-03-26 00:00:00+00:00,1.915,2.0,1.9,1.92,117596
2024-03-27 00:00:00+00:00,1.89,1.93,1.81,1.91,71442
2024-03-28 00:00:00+00:00,2.0,2.03,1.9,1.9,113386
2024-04-01 00:00:00+00:00,1.93,2.01,1.92,2.01,48033
2024-04-02 00:00:00+00:00,1.88,1.9402,1.87,1.89,24948
2024-04-03 00:00:00+00:00,1.85,1.93,1.83,1.9199,85971
2024-04-04 00:00:00+00:00,2.0,2.01,1.85,1.85,138463
2024-04-05 00:00:00+00:00,2.0,2.01,1.88,1.97,85473
2024-04-08 00:00:00+00:00,1.99,2.02,1.92,1.97,69311
2024-04-09 00:00:00+00:00,2.03,2.035,1.95,1.995,64843
2024-04-10 00:00:00+00:00,2.0,2.04,1.96,2.03,36310
2024-04-11 00:00:00+00:00,1.97,2.028,1.97,2.0,48792
2024-04-12 00:00:00+00:00,1.97,1.98,1.94,1.95,45676
2024-04-15 00:00:00+00:00,1.93,2.07,1.9,2.07,59789
2024-04-16 00:00:00+00:00,1.84,1.9033,1.82,1.9,74884
2024-04-17 00:00:00+00:00,1.82,1.8596,1.82,1.82,25131
2024-04-18 00:00:00+00:00,1.85,1.85,1.79,1.84,46757
2024-04-19 00:00:00+00:00,1.81,1.87,1.805,1.83,59943
2024-04-22 00:00:00+00:00,1.83,1.85,1.8,1.81,17670
2024-04-23 00:00:00+00:00,1.87,1.9,1.79,1.86,17348
2024-04-24 00:00:00+00:00,1.88,1.89,1.855,1.89,29806
2024-04-25 00:00:00+00:00,1.88,1.9,1.82,1.83,26867
2024-04-26 00:00:00+00:00,1.87,1.88,1.8216,1.8216,29786
2024-04-29 00:00:00+00:00,1.85,1.88,1.82,1.87,23340
2024-04-30 00:00:00+00:00,1.865,1.875,1.83,1.87,33610
2024-05-01 00:00:00+00:00,1.84,1.8814,1.84,1.87,22960
2024-05-02 00:00:00+00:00,1.85,1.87,1.84,1.84,10887
2024-05-03 00:00:00+00:00,1.84,1.9,1.79,1.9,40469
2024-05-06 00:00:00+00:00,1.83,1.84,1.8001,1.81,9850
2024-05-07 00:00:00+00:00,1.8,1.835,1.8,1.83,22130
2024-05-08 00:00:00+00:00,1.8,1.85,1.75,1.78,102974
2024-05-09 00:00:00+00:00,1.79,1.87,1.78,1.87,91819
2024-05-10 00:00:00+00:00,1.76,1.93,1.76,1.93,87231
2024-05-13 00:00:00+00:00,1.7197,1.7999,1.69,1.69,80300
2024-05-14 00:00:00+00:00,1.7,1.76,1.69,1.7,47102
2024-05-15 00:00:00+00:00,1.66,1.73,1.62,1.72,111257
2024-05-16 00:00:00+00:00,1.69,1.75,1.685,1.72,120238
2024-05-17 00:00:00+00:00,1.735,1.7908,1.68,1.72,127633
2024-05-20 00:00:00+00:00,1.71,1.8,1.7,1.72,49170
2024-05-21 00:00:00+00:00,1.77,1.805,1.7,1.71,112317
2024-05-22 00:00:00+00:00,1.81,1.82,1.75,1.77,109785
2024-05-23 00:00:00+00:00,1.735,1.81,1.7,1.8,74680
2024-05-24 00:00:00+00:00,1.71,1.76,1.7,1.71,50341
2024-05-28 00:00:00+00:00,1.64,1.73,1.63,1.73,59012
2024-05-29 00:00:00+00:00,1.58,1.63,1.58,1.61,52363
2024-05-30 00:00:00+00:00,1.56,1.6478,1.5531,1.56,55404
2024-05-31 00:00:00+00:00,1.49,1.57,1.49,1.57,51242
2024-06-03 00:00:00+00:00,1.44,1.5288,1.4301,1.5,81414
2024-06-04 00:00:00+00:00,1.49,1.49,1.38,1.41,87712
2024-06-05 00:00:00+00:00,1.61,1.68,1.49,1.491,112354
2024-06-06 00:00:00+00:00,1.64,1.66,1.5657,1.59,98287
2024-06-07 00:00:00+00:00,1.58,1.66,1.52,1.59,106735
2024-06-10 00:00:00+00:00,1.6,1.64,1.55,1.6,34870
2024-06-11 00:00:00+00:00,1.525,1.59,1.51,1.59,34654
2024-06-12 00:00:00+00:00,1.53,1.56,1.465,1.51,46991
2024-06-13 00:00:00+00:00,1.495,1.61,1.49,1.52,207750
2024-06-14 00:00:00+00:00,1.47,1.5,1.44,1.49,50139
2024-06-17 00:00:00+00:00,1.42,1.4669,1.3901,1.44,128472
2024-06-18 00:00:00+00:00,1.4,1.435,1.35,1.35,53936
2024-06-20 00:00:00+00:00,1.46,1.48,1.31,1.41,57550
2024-06-21 00:00:00+00:00,1.43,1.47,1.43,1.44,102913
2024-06-24 00:00:00+00:00,1.53,1.53,1.45,1.46,120298
2024-06-25 00:00:00+00:00,1.46,1.49,1.44,1.49,69763
2024-06-26 00:00:00+00:00,1.51,1.52,1.47,1.475,87386
2024-06-27 00:00:00+00:00,1.49,1.51,1.49,1.5099,16613
2024-06-28 00:00:00+00:00,1.47,1.51,1.47,1.5,31067
2024-07-01 00:00:00+00:00,1.49,1.5,1.46,1.49,20632
2024-07-02 00:00:00+00:00,1.5,1.5,1.4601,1.49,52171
2024-07-03 00:00:00+00:00,1.48,1.5,1.46,1.5,28804
2024-07-05 00:00:00+00:00,1.53,1.53,1.49,1.49,18692
2024-07-08 00:00:00+00:00,1.54,1.57,1.53,1.53,23886
2024-07-09 00:00:00+00:00,1.53,1.55,1.485,1.53,85422
2024-07-10 00:00:00+00:00,1.53,1.56,1.5,1.5,79437
2024-07-11 00:00:00+00:00,1.64,1.64,1.5401,1.55,37686
2024-07-12 00:00:00+00:00,1.54,1.65,1.52,1.63,71691
2024-07-15 00:00:00+00:00,1.53,1.576,1.52,1.53,73503
2024-07-16 00:00:00+00:00,1.6279,1.645,1.52,1.52,69549
2024-07-17 00:00:00+00:00,1.55,1.63,1.55,1.63,19461
2024-07-18 00:00:00+00:00,1.53,1.57,1.52,1.5499,52575
2024-07-19 00:00:00+00:00,1.56,1.57,1.511,1.55,25820
2024-07-22 00:00:00+00:00,1.56,1.63,1.51,1.54,45289
2024-07-23 00:00:00+00:00,1.575,1.58,1.48,1.52,192712
2024-07-24 00:00:00+00:00,1.52,1.561,1.51,1.54,34409
2024-07-25 00:00:00+00:00,1.45,1.49,1.44,1.49,66461
2024-07-26 00:00:00+00:00,1.43,1.46,1.41,1.43,44073
2024-07-29 00:00:00+00:00,1.4,1.45,1.39,1.4,48738
2024-07-30 00:00:00+00:00,1.42,1.44,1.4,1.41,10080
2024-07-31 00:00:00+00:00,1.38,1.43,1.37,1.4,27945
2024-08-01 00:00:00+00:00,1.34,1.38,1.32,1.36,27700
2024-08-02 00:00:00+00:00,1.22,1.295,1.22,1.295,45043
2024-08-05 00:00:00+00:00,1.145,1.19,1.09,1.11,63092
2024-08-06 00:00:00+00:00,1.27,1.28,1.17,1.18,33413
2024-08-07 00:00:00+00:00,1.2,1.29,1.2,1.2855,42739
2024-08-08 00:00:00+00:00,1.26,1.35,1.2,1.2,65087
2024-08-09 00:00:00+00:00,1.3188,1.3466,1.29,1.29,8393
2024-08-12 00:00:00+00:00,1.32,1.33,1.305,1.31,26267
2024-08-13 00:00:00+00:00,1.295,1.3315,1.28,1.3,92868
2024-08-14 00:00:00+00:00,1.3,1.31,1.2722,1.3011,19641
2024-08-15 00:00:00+00:00,1.33,1.36,1.3,1.3199,35394
2024-08-16 00:00:00+00:00,1.305,1.34,1.2702,1.33,93958
2024-08-19 00:00:00+00:00,1.315,1.34,1.29,1.34,12568
2024-08-20 00:00:00+00:00,1.25,1.35,1.24,1.29,27700
2024-08-21 00:00:00+00:00,1.25,1.2886,1.2401,1.27,12256
2024-08-22 00:00:00+00:00,1.22,1.26,1.21,1.24,39056
2024-08-23 00:00:00+00:00,1.275,1.3,1.2,1.2,33448
2024-08-26 00:00:00+00:00,1.265,1.27,1.23,1.26,24008
2024-08-27 00:00:00+00:00,1.25,1.26,1.239,1.25,7981
2024-08-28 00:00:00+00:00,1.23,1.25,1.2,1.25,19316
2024-08-29 00:00:00+00:00,1.2357,1.24,1.2199,1.2199,10232
2024-08-30 00:00:00+00:00,1.235,1.24,1.2223,1.24,13683
2024-09-03 00:00:00+00:00,1.23,1.235,1.225,1.23,26842
2024-09-04 00:00:00+00:00,1.25,1.2519,1.23,1.23,9117
2024-09-05 00:00:00+00:00,1.24,1.25,1.23,1.23,10100
2024-09-06 00:00:00+00:00,1.2,1.2303,1.19,1.23,20099
2024-09-09 00:00:00+00:00,1.175,1.22,1.17,1.21,17263
2024-09-10 00:00:00+00:00,1.15,1.19,1.14,1.19,22406
2024-09-11 00:00:00+00:00,1.1,1.15,1.1,1.15,23692
2024-09-12 00:00:00+00:00,1.125,1.15,1.09,1.09,40742
2024-09-13 00:00:00+00:00,1.155,1.16,1.13,1.13,14072
2024-09-16 00:00:00+00:00,1.12,1.16,1.12,1.14,7727
2024-09-17 00:00:00+00:00,1.21,1.22,1.14,1.14,75500
2024-09-18 00:00:00+00:00,1.22,1.28,1.19,1.19,78345
2024-09-19 00:00:00+00:00,1.22,1.23,1.21,1.23,9019
2024-09-20 00:00:00+00:00,1.18,1.21,1.18,1.21,4718
2024-09-23 00:00:00+00:00,1.16,1.19,1.1301,1.18,24442
2024-09-24 00:00:00+00:00,1.2028,1.21,1.16,1.16,7654
2024-09-25 00:00:00+00:00,1.2,1.22,1.17,1.2,13040
2024-09-26 00:00:00+00:00,1.22,1.24,1.18,1.19,19066
2024-09-27 00:00:00+00:00,1.195,1.2101,1.18,1.2101,11013
2024-09-30 00:00:00+00:00,1.19,1.21,1.18,1.18,36840
2024-10-01 00:00:00+00:00,1.19,1.2295,1.17,1.19,25799
2024-10-02 00:00:00+00:00,1.175,1.1841,1.15,1.15,10699
2024-10-03 00:00:00+00:00,1.17,1.174,1.16,1.16,7357
2024-10-04 00:00:00+00:00,1.145,1.175,1.13,1.17,28035
2024-10-07 00:00:00+00:00,1.125,1.14,1.12,1.13,27164
2024-10-08 00:00:00+00:00,1.11,1.1284,1.109,1.11,12229
2024-10-09 00:00:00+00:00,1.05,1.13,1.05,1.1192,14828
2024-10-10 00:00:00+00:00,1.07,1.07,1.03,1.03,13868
2024-10-11 00:00:00+00:00,1.06,1.07,1.03,1.07,20963
2024-10-14 00:00:00+00:00,1.03,1.08,1.03,1.06,18238
2024-10-15 00:00:00+00:00,1.02,1.065,1.02,1.03,44234
2024-10-16 00:00:00+00:00,1.005,1.05,1.0,1.02,56605
2024-10-17 00:00:00+00:00,1.05,1.05,1.0121,1.0121,19561
2024-10-18 00:00:00+00:00,1.09,1.1,1.04,1.05,54744
2024-10-21 00:00:00+00:00,1.055,1.1014,1.04,1.1,17800
2024-10-22 00:00:00+00:00,1.045,1.07,1.04,1.05,34361
2024-10-23 00:00:00+00:00,1.02,1.06,1.01,1.05,30245
2024-10-24 00:00:00+00:00,1.01,1.07,1.005,1.06,28227
2024-10-25 00:00:00+00:00,1.01,1.0478,1.0,1.0478,21856
2024-10-28 00:00:00+00:00,0.99,1.0198,0.98,1.0,76731
2024-10-29 00:00:00+00:00,0.97,1.01,0.96,0.99,95861
2024-10-30 00:00:00+00:00,0.97,0.99,0.9602,0.975,54962
2024-10-31 00:00:00+00:00,0.9693,0.98,0.9501,0.97,21230
2024-11-01 00:00:00+00:00,0.95,0.98,0.94,0.98,33516
2024-11-04 00:00:00+00:00,0.96,0.98,0.96,0.97,12821
2024-11-05 00:00:00+00:00,0.97,0.979999,0.9513,0.9513,30044
2024-11-06 00:00:00+00:00,1.07,1.08,0.96,1.02,203143
2024-11-07 00:00:00+00:00,1.135,1.135,1.06,1.06,112722
2024-11-08 00:00:00+00:00,1.285,1.31,1.14,1.14,474551
2024-11-11 00:00:00+00:00,1.6,1.63,1.3644,1.38,580970
2024-11-12 00:00:00+00:00,1.47,1.95,1.41,1.75,564255
2024-11-13 00:00:00+00:00,1.41,1.56,1.38,1.47,270374
2024-11-14 00:00:00+00:00,1.33,1.44,1.27,1.43,165562
2024-11-15 00:00:00+00:00,1.285,1.34,1.27,1.31,63371
2024-11-18 00:00:00+00:00,1.445,1.5,1.27,1.27,192940
2024-11-19 00:00:00+00:00,1.51,1.53,1.36,1.43,204036
2024-11-20 00:00:00+00:00,1.51,1.51,1.48,1.51,146242
2024-11-21 00:00:00+00:00,1.52,1.6,1.46,1.6,111789
2024-11-22 00:00:00+00:00,1.43,1.5,1.39,1.5,125878
2024-11-25 00:00:00+00:00,1.47,1.48,1.41,1.43,66939
2024-11-26 00:00:00+00:00,1.455,1.47,1.42,1.47,44309
2024-11-27 00:00:00+00:00,1.435,1.49,1.41,1.47,50196
2024-11-29 00:00:00+00:00,1.485,1.485,1.434,1.47,40529
2024-12-02 00:00:00+00:00,1.62,1.63,1.4631,1.49,208494
2024-12-03 00:00:00+00:00,1.61,1.625,1.55,1.57,88885
2024-12-04 00:00:00+00:00,1.62,1.63,1.5719,1.63,94148
2024-12-05 00:00:00+00:00,1.57,1.73,1.55,1.65,97236
2024-12-06 00:00:00+00:00,1.5021,1.595,1.46,1.58,160339
2024-12-09 00:00:00+00:00,1.43,1.5541,1.42,1.52,98489
2024-12-10 00:00:00+00:00,1.41,1.4706,1.3907,1.46,159334
2024-12-11 00:00:00+00:00,1.38,1.42,1.352,1.42,112395
2024-12-12 00:00:00+00:00,1.36,1.42,1.3274,1.38,69647
2024-12-13 00:00:00+00:00,1.36,1.37,1.33,1.36,67673
2024-12-16 00:00:00+00:00,1.39,1.4499,1.34,1.37,62432
2024-12-17 00:00:00+00:00,1.44,1.445,1.37,1.37,122321
2024-12-18 00:00:00+00:00,1.32,1.46,1.32,1.46,218507
2024-12-19 00:00:00+00:00,1.33,1.39,1.32,1.39,52841
2024-12-20 00:00:00+00:00,1.35,1.3699,1.325,1.36,48325
2024-12-23 00:00:00+00:00,1.31,1.34,1.31,1.34,52186
2024-12-24 00:00:00+00:00,1.325,1.33,1.28,1.3,67770
2024-12-26 00:00:00+00:00,1.345,1.35,1.31,1.31,27237
2024-12-27 00:00:00+00:00,1.3,1.3583,1.265,1.34,70137
2024-12-30 00:00:00+00:00,1.3,1.32,1.27,1.28,106364
2024-12-31 00:00:00+00:00,1.36,1.36,1.27,1.27,63680
2025-01-02 00:00:00+00:00,1.33,1.3764,1.305,1.37,24893
2025-01-03 00:00:00+00:00,1.31,1.3295,1.3,1.31,25574
2025-01-06 00:00:00+00:00,1.36,1.38,1.31,1.34,98556
2025-01-07 00:00:00+00:00,1.34,1.3745,1.3005,1.37,63478
2025-01-08 00:00:00+00:00,1.27,1.3101,1.27,1.31,122843
2025-01-10 00:00:00+00:00,1.26,1.28,1.24,1.27,45815
2025-01-13 00:00:00+00:00,1.2,1.25,1.16,1.25,98660
2025-01-14 00:00:00+00:00,1.18,1.2299,1.15,1.205,48537
2025-01-15 00:00:00+00:00,1.21,1.23,1.2,1.22,9653
2025-01-16 00:00:00+00:00,1.225,1.25,1.19,1.22,21252
2025-01-17 00:00:00+00:00,1.25,1.29,1.22,1.25,49714
2025-01-21 00:00:00+00:00,1.285,1.3,1.25,1.3,146195
2025-01-22 00:00:00+00:00,1.275,1.31,1.25,1.31,99714
2025-01-23 00:00:00+00:00,1.34,1.35,1.27,1.3,75017
2025-01-24 00:00:00+00:00,1.34,1.37,1.33,1.37,92734
2025-01-27 00:00:00+00:00,1.27,1.33,1.26,1.27,26276
2025-01-28 00:00:00+00:00,1.29,1.31,1.22,1.26,61930
2025-01-29 00:00:00+00:00,1.29,1.31,1.28,1.28,40236
2025-01-30 00:00:00+00:00,1.345,1.37,1.29,1.29,112380
2025-01-31 00:00:00+00:00,1.32,1.35,1.31,1.32,18027
2025-02-03 00:00:00+00:00,1.25,1.34,1.16,1.2,81052
2025-02-04 00:00:00+00:00,1.32,1.33,1.24,1.24,49025
2025-02-05 00:00:00+00:00,1.265,1.34,1.25,1.34,49976
2025-02-06 00:00:00+00:00,1.245,1.275,1.23,1.26,76734
2025-02-07 00:00:00+00:00,1.255,1.295,1.215,1.2304,82676
2025-02-10 00:00:00+00:00,1.21,1.26,1.2,1.25,98431
2025-02-11 00:00:00+00:00,1.2,1.23,1.18,1.18,38976
2025-02-12 00:00:00+00:00,1.2,1.23,1.17,1.17,55535
2025-02-13 00:00:00+00:00,1.225,1.23,1.1829,1.1829,31920
2025-02-14 00:00:00+00:00,1.245,1.2651,1.2101,1.23,58021
2025-02-18 00:00:00+00:00,1.215,1.235,1.2031,1.23,43547
2025-02-19 00:00:00+00:00,1.185,1.2158,1.18,1.2158,35537
2025-02-20 00:00:00+00:00,1.18,1.22,1.135,1.18,60436
2025-02-21 00:00:00+00:00,1.145,1.19,1.145,1.17,19918
2025-02-24 00:00:00+00:00,1.1,1.14,1.1,1.14,30112
2025-02-25 00:00:00+00:00,1.04,1.1,1.04,1.09,83686
2025-02-26 00:00:00+00:00,1.06,1.09,1.04,1.0401,23488
2025-02-27 00:00:00+00:00,1.035,1.05,1.025,1.05,32672
2025-02-28 00:00:00+00:00,1.035,1.08,1.03,1.06,80725
2025-03-03 00:00:00+00:00,1.03,1.1,1.01,1.1,82321
2025-03-04 00:00:00+00:00,0.99,1.0001,0.9204,0.98,193945
2025-03-05 00:00:00+00:00,1.0,1.0199,0.94,1.0,100247
2025-03-06 00:00:00+00:00,0.9667,1.011,0.9667,0.97,174038
2025-03-07 00:00:00+00:00,1.005,1.02,0.94,0.9667,62887
2025-03-10 00:00:00+00:00,0.912,0.99,0.895,0.975,117917
2025-03-11 00:00:00+00:00,0.91,0.92,0.882,0.92,19136
2025-03-12 00:00:00+00:00,0.94,0.97,0.91,0.93,44833
2025-03-13 00:00:00+00:00,0.8948,0.94,0.8948,0.94,53698
2025-03-14 00:00:00+00:00,0.9,0.93,0.89,0.89,91477
2025-03-17 00:00:00+00:00,0.94,0.96,0.9,0.9,21267
2025-03-18 00:00:00+00:00,0.929,0.94,0.92,0.94,14994
2025-03-19 00:00:00+00:00,1.0673,1.07,0.94,0.94,64841
2025-03-20 00:00:00+00:00,0.9599,1.17,0.9201,1.17,95243
2025-03-21 00:00:00+00:00,0.95,0.9599,0.933,0.94,12130
2025-03-24 00:00:00+00:00,0.98,0.99,0.9571,0.97,26015
2025-03-25 00:00:00+00:00,0.99,0.9975,0.94,0.9799,12921
2025-03-26 00:00:00+00:00,0.99,0.99,0.95,0.98,68719
2025-03-27 00:00:00+00:00,0.99,0.9999,0.96,0.98,11929
2025-03-28 00:00:00+00:00,0.9,0.986,0.89,0.95,111400
2025-03-31 00:00:00+00:00,0.86,0.900983,0.86,0.900983,58065
2025-04-01 00:00:00+00:00,0.9,0.9,0.8437,0.8652,36670
2025-04-02 00:00:00+00:00,0.89001,0.920824,0.8601,0.91,34479
2025-04-03 00:00:00+00:00,0.84,0.8979,0.84,0.88,61515
2025-04-04 00:00:00+00:00,0.8,0.8498,0.762001,0.84,47826
2025-04-07 00:00:00+00:00,0.8479,0.8479,0.74,0.809,17981
2025-04-08 00:00:00+00:00,0.75,0.8479,0.75,0.8479,39735
2025-04-09 00:00:00+00:00,0.88,0.9499,0.75,0.75,190032
2025-04-10 00:00:00+00:00,0.771,0.8793,0.7705,0.8793,93376
2025-04-11 00:00:00+00:00,0.8087,0.837484,0.79,0.79,5247
2025-04-14 00:00:00+00:00,0.845,0.85,0.81,0.81,5345
2025-04-15 00:00:00+00:00,0.8302,0.835,0.8,0.82,38203
2025-04-16 00:00:00+00:00,0.792,0.8302,0.789601,0.82,15032
2025-04-17 00:00:00+00:00,0.802,0.8495,0.8,0.8,24930
2025-04-21 00:00:00+00:00,0.802,0.838,0.802,0.8103,15050
2025-04-22 00:00:00+00:00,0.86,0.86,0.8,0.801,46571
2025-04-23 00:00:00+00:00,1.04,1.0799,0.88,0.88,291969
2025-04-24 00:00:00+00:00,1.0,1.06,0.96,1.0,91857
2025-04-25 00:00:00+00:00,0.98,1.01,0.98,1.0001,14675
2025-04-28 00:00:00+00:00,0.9216,0.99,0.8856,0.99,158666
2025-04-29 00:00:00+00:00,0.973001,0.98,0.93,0.93,46290
2025-04-30 00:00:00+00:00,0.9,1.01,0.8501,1.01,54478
2025-05-01 00:00:00+00:00,0.9801,0.99,0.891,0.891,39549
2025-05-02 00:00:00+00:00,1.19,1.32,0.9803,1.05,465373
2025-05-05 00:00:00+00:00,1.09,1.25,1.07,1.25,168815
2025-05-06 00:00:00+00:00,1.13,1.19,1.05,1.19,94351
2025-05-07 00:00:00+00:00,1.1,1.15,1.06,1.13,93254
2025-05-08 00:00:00+00:00,1.065,1.21,1.05,1.21,237273
2025-05-09 00:00:00+00:00,0.99659,1.06,0.91,1.06,144447
2025-05-12 00:00:00+00:00,0.9966,0.9966,0.91,0.995,87768
2025-05-13 00:00:00+00:00,1.53,2.73,1.01,1.01,132109529
2025-05-14 00:00:00+00:00,1.31,1.39,1.18,1.25,4518431
2025-05-15 00:00:00+00:00,1.28,1.39,1.18,1.19,1348259
2025-05-16 00:00:00+00:00,1.28,1.33,1.23,1.26,663158
2025-05-19 00:00:00+00:00,1.33,1.42,1.2,1.24,552567
2025-05-20 00:00:00+00:00,1.3,1.37,1.26,1.3,506596
2025-05-21 00:00:00+00:00,1.32,1.38,1.28,1.3,470942
2025-05-22 00:00:00+00:00,1.39,1.46,1.33,1.33,528623
2025-05-23 00:00:00+00:00,1.45,1.51,1.35,1.35,344180
2025-05-27 00:00:00+00:00,1.53,1.56,1.46,1.485,484859
2025-05-28 00:00:00+00:00,1.59,1.62,1.55,1.56,470968
2025-05-29 00:00:00+00:00,1.44,1.63,1.42,1.63,403378
2025-05-30 00:00:00+00:00,1.41,1.49,1.4,1.45,222273
2025-06-02 00:00:00+00:00,1.38,1.4696,1.37,1.42,145204
2025-06-03 00:00:00+00:00,1.38,1.443,1.345,1.37,112069
2025-06-04 00:00:00+00:00,1.35,1.41,1.35,1.39,217298
2025-06-05 00:00:00+00:00,1.3,1.365,1.295,1.35,156279
2025-06-06 00:00:00+00:00,1.35,1.37,1.29,1.34,112608
2025-06-09 00:00:00+00:00,1.3,1.37,1.28,1.37,407731
2025-06-10 00:00:00+00:00,1.28,1.3101,1.27,1.3,104469
2025-06-11 00:00:00+00:00,1.26,1.2981,1.26,1.28,107286
2025-06-12 00:00:00+00:00,1.29,1.31,1.26,1.26,86129
2025-06-13 00:00:00+00:00,1.24,1.29,1.24,1.25,150941
2025-06-16 00:00:00+00:00,1.22,1.283,1.21,1.28,261465
2025-06-17 00:00:00+00:00,1.18,1.25,1.155,1.25,212569
2025-06-18 00:00:00+00:00,1.21,1.24,1.16,1.18,148477
2025-06-20 00:00:00+00:00,1.19,1.23,1.17,1.19,114071
2025-06-23 00:00:00+00:00,1.18,1.2,1.155,1.18,104731
2025-06-24 00:00:00+00:00,1.25,1.275,1.15,1.2,110609
2025-06-25 00:00:00+00:00,1.26,1.31,1.25,1.25,104046
2025-06-26 00:00:00+00:00,1.25,1.275,1.23,1.25,91328
2025-06-27 00:00:00+00:00,1.23,1.28,1.22,1.2736,94673
2025-06-30 00:00:00+00:00,1.26,1.2991,1.23,1.23,190959
2025-07-01 00:00:00+00:00,1.21,1.28,1.17,1.23,279007
2025-07-02 00:00:00+00:00,2.57,3.83,2.32,3.48,264912008
2025-07-03 00:00:00+00:00,2.2,2.67,2.04,2.43,13049659
2025-07-07 00:00:00+00:00,1.99,2.18,1.96,2.17,2511286
2025-07-08 00:00:00+00:00,1.96,2.11,1.85,1.94,1946381
2025-07-09 00:00:00+00:00,1.87,1.988861,1.85,1.9,1593507
2025-07-10 00:00:00+00:00,2.03,2.08,1.87,1.87,1678469
2025-07-11 00:00:00+00:00,2.0,2.12,2.0,2.12,4920788
2025-07-14 00:00:00+00:00,1.96,1.9999,1.9,1.99,1095099
2025-07-15 00:00:00+00:00,1.91,1.98,1.8705,1.98,796403
2025-07-16 00:00:00+00:00,1.99,2.01,1.87,1.925,785386
2025-07-17 00:00:00+00:00,1.97,2.01,1.9455,2.01,428757
2025-07-18 00:00:00+00:00,1.91,1.9806,1.91,1.97,427584
2025-07-21 00:00:00+00:00,2.02,2.11,1.93,1.95,2447372
2025-07-22 00:00:00+00:00,2.04,2.055,1.9,2.02,809085
2025-07-23 00:00:00+00:00,1.96,2.06,1.93,2.04,579829
2025-07-24 00:00:00+00:00,1.91,1.9599,1.89,1.94,500099
2025-07-25 00:00:00+00:00,1.81,1.9,1.8,1.89,499755
2025-07-28 00:00:00+00:00,1.71,1.83,1.71,1.81,375355
2025-07-29 00:00:00+00:00,1.6,1.7196,1.6,1.69,478387
2025-07-30 00:00:00+00:00,1.62,1.71,1.62,1.71,515179
2025-07-31 00:00:00+00:00,1.61,1.65,1.6,1.6,216146
2025-08-01 00:00:00+00:00,1.55,1.62,1.55,1.58,216131
2025-08-04 00:00:00+00:00,1.6,1.6474,1.55,1.55,136889
2025-08-05 00:00:00+00:00,1.61,1.65,1.56,1.6,182062
2025-08-06 00:00:00+00:00,1.64,1.67,1.595,1.6,285778
2025-08-07 00:00:00+00:00,1.72,1.77,1.64,1.67,525656
2025-08-08 00:00:00+00:00,1.65,1.74,1.65,1.66,202660
2025-08-11 00:00:00+00:00,1.68,1.7499,1.68,1.71,214096
2025-08-12 00:00:00+00:00,1.75,1.78,1.67,1.69,336202
2025-08-13 00:00:00+00:00,1.78,1.7995,1.73,1.73,310180
2025-08-14 00:00:00+00:00,1.75,1.77,1.69,1.77,190704
2025-08-15 00:00:00+00:00,1.69,1.76,1.67,1.76,234618
2025-08-18 00:00:00+00:00,1.74,1.81,1.68,1.68,398684
2025-08-19 00:00:00+00:00,1.68,1.76,1.675,1.71,238594
2025-08-20 00:00:00+00:00,1.72,1.73,1.63,1.68,177160
2025-08-21 00:00:00+00:00,1.69,1.72,1.69,1.72,96131
2025-08-22 00:00:00+00:00,1.79,1.7994,1.69,1.72,339350
2025-08-25 00:00:00+00:00,1.87,1.94,1.775,1.82,495525
2025-08-26 00:00:00+00:00,1.85,1.88,1.821,1.86,201177
2025-08-27 00:00:00+00:00,1.92,1.95,1.8475,1.88,432689
2025-08-28 00:00:00+00:00,1.86,1.92,1.855,1.92,233531
2025-08-29 00:00:00+00:00,1.82,1.87,1.765,1.87,253345
2025-09-02 00:00:00+00:00,1.81,1.83,1.75,1.77,152293
2025-09-03 00:00:00+00:00,1.81,1.85,1.79,1.79,223702
2025-09-04 00:00:00+00:00,1.76,1.83,1.75,1.83,114528
2025-09-05 00:00:00+00:00,1.83,1.84,1.72,1.8,254037
2025-09-08 00:00:00+00:00,1.79,1.8451,1.755,1.8,298408
2025-09-09 00:00:00+00:00,1.77,1.82,1.76,1.79,284837
2025-09-10 00:00:00+00:00,1.77,1.79,1.75,1.77,255972
2025-09-11 00:00:00+00:00,1.84,1.86,1.7513,1.8,446480
2025-09-12 00:00:00+00:00,1.92,1.92,1.8101,1.86,273078
2025-09-15 00:00:00+00:00,1.8,1.9,1.79,1.87,359381
2025-09-16 00:00:00+00:00,1.84,1.85,1.78,1.79,191422
2025-09-17 00:00:00+00:00,1.86,1.9,1.84,1.84,168096
2025-09-18 00:00:00+00:00,1.93,2.0,1.835,1.88,604825
2025-09-19 00:00:00+00:00,1.98,1.995,1.9001,1.94,222178
2025-09-22 00:00:00+00:00,1.92,1.99,1.88,1.95,272986
2025-09-23 00:00:00+00:00,1.84,1.96,1.825,1.91,271493
2025-09-24 00:00:00+00:00,1.88,1.9,1.845,1.87,182288
2025-09-25 00:00:00+00:00,1.82,1.885,1.785,1.86,219311
2025-09-26 00:00:00+00:00,1.78,1.86,1.77,1.86,139566
2025-09-29 00:00:00+00:00,1.84,1.87,1.775,1.79,194775
2025-09-30 00:00:00+00:00,1.81,1.886,1.78,1.84,155327
2025-10-01 00:00:00+00:00,1.87,1.91,1.82,1.84,208733
2025-10-02 00:00:00+00:00,1.99,2.01,1.85,1.87,382319
2025-10-03 00:00:00+00:00,1.99,2.04,1.94,1.98,237912
2025-10-06 00:00:00+00:00,2.02,2.07,2.0,2.04,318854
2025-10-07 00:00:00+00:00,1.96,2.04,1.92,2.02,389381
2025-10-08 00:00:00+00:00,1.94,1.99,1.93,1.97,185632
2025-10-09 00:00:00+00:00,1.91,1.96,1.865,1.93,193269
2025-10-10 00:00:00+00:00,1.82,1.915,1.8,1.91,266508
2025-10-13 00:00:00+00:00,1.86,1.88,1.8,1.82,127797
2025-10-14 00:00:00+00:00,1.85,1.8878,1.78,1.81,124139
2025-10-15 00:00:00+00:00,1.85,1.8899,1.815,1.88,116189
