date,Close,High,Low,Open,Volume
2022-01-03 00:00:00+00:00,9.2,9.2,8.8,8.997,85863
2022-01-04 00:00:00+00:00,9.175,9.378,9.1,9.2,147448
2022-01-05 00:00:00+00:00,9.249,9.55,9.1,9.1,233971
2022-01-06 00:00:00+00:00,9.1,9.3,8.916,9.1,187425
2022-01-07 00:00:00+00:00,9.079,9.079,8.9,8.983,115527
2022-01-10 00:00:00+00:00,8.992,9.03,8.85,8.928,157692
2022-01-11 00:00:00+00:00,9.271,9.332,8.9,9.0,124257
2022-01-12 00:00:00+00:00,9.313,9.477,9.151,9.3,131190
2022-01-13 00:00:00+00:00,9.219,9.475,9.101,9.101,68869
2022-01-14 00:00:00+00:00,9.127,9.283,8.913,9.1,98666
2022-01-18 00:00:00+00:00,9.4,9.4,8.9,8.9,120333
2022-01-19 00:00:00+00:00,9.832,10.2,9.3,9.3,275550
2022-01-20 00:00:00+00:00,9.775,10.2,9.6,10.0,237501
2022-01-21 00:00:00+00:00,9.524,9.8,9.3,9.76,152083
2022-01-24 00:00:00+00:00,9.2,9.587,8.9,9.5,164562
2022-01-25 00:00:00+00:00,9.301,9.599,9.05,9.28,108979
2022-01-26 00:00:00+00:00,9.069,9.5,8.901,9.3,174129
2022-01-27 00:00:00+00:00,8.5,9.067,8.37,8.9,306627
2022-01-28 00:00:00+00:00,8.2,8.5,8.102,8.4,172442
2022-01-31 00:00:00+00:00,8.524,8.574,8.1,8.25,143749
2022-02-01 00:00:00+00:00,8.616,8.867,8.5,8.66,103428
2022-02-02 00:00:00+00:00,8.45,8.726,8.43,8.615,76825
2022-02-03 00:00:00+00:00,8.2,8.5,8.121,8.45,109753
2022-02-04 00:00:00+00:00,8.443,8.443,8.101,8.2,94089
2022-02-07 00:00:00+00:00,8.521,8.713,8.302,8.401,80056
2022-02-08 00:00:00+00:00,8.8,8.8,8.427,8.5,87827
2022-02-09 00:00:00+00:00,8.797,8.85,8.517,8.737,92416
2022-02-10 00:00:00+00:00,8.586,8.774,8.21,8.4,144725
2022-02-11 00:00:00+00:00,8.889,8.997,8.25,8.25,347163
2022-02-14 00:00:00+00:00,8.551,9.0,8.533,8.89,219797
2022-02-15 00:00:00+00:00,8.25,8.53724,8.205,8.5,215330
2022-02-16 00:00:00+00:00,8.38,8.46,8.25,8.4,136244
2022-02-17 00:00:00+00:00,8.424,8.7,8.349,8.7,356053
2022-02-18 00:00:00+00:00,8.168,8.419,8.018,8.32,213516
2022-02-22 00:00:00+00:00,7.547,8.25,7.515,8.2,308560
2022-02-23 00:00:00+00:00,7.852,7.885,7.53,7.761,304031
2022-02-24 00:00:00+00:00,7.629,8.1,7.474,8.1,257948
2022-02-25 00:00:00+00:00,7.7,7.795,7.451,7.6,151134
2022-02-28 00:00:00+00:00,7.921,7.948,7.41,7.8,331933
2022-03-01 00:00:00+00:00,7.707,8.2,7.6,7.699,276494
2022-03-02 00:00:00+00:00,7.735,7.9,7.546,7.8,194873
2022-03-03 00:00:00+00:00,7.3,7.763,7.3,7.763,275558
2022-03-04 00:00:00+00:00,8.004,8.294,7.431,7.5,497878
2022-03-07 00:00:00+00:00,8.647,8.9,8.3,8.8,566154
2022-03-08 00:00:00+00:00,9.349,9.78,8.842,9.001,715236
2022-03-09 00:00:00+00:00,8.869,9.058,8.643,8.9,251225
2022-03-10 00:00:00+00:00,9.05,9.353,8.835,9.0,253260
2022-03-11 00:00:00+00:00,8.866,9.042,8.715,8.9,228241
2022-03-14 00:00:00+00:00,8.0,8.749,8.0,8.695,363254
2022-03-15 00:00:00+00:00,8.199,8.5,7.8,7.967,261659
2022-03-16 00:00:00+00:00,8.149,8.42,7.9,8.25,306969
2022-03-17 00:00:00+00:00,8.62,8.621,8.2,8.2,300931
2022-03-18 00:00:00+00:00,8.764,8.795,8.268,8.51,1672779
2022-03-21 00:00:00+00:00,8.683,9.18899,8.683,8.785,338592
2022-03-22 00:00:00+00:00,8.554,8.712,8.358,8.645,124325
2022-03-23 00:00:00+00:00,8.756,8.774,8.421,8.598,138194
2022-03-24 00:00:00+00:00,8.766,8.886,8.644,8.886,145824
2022-03-25 00:00:00+00:00,8.542,8.8,8.5,8.6,123447
2022-03-28 00:00:00+00:00,8.4,8.5,8.154,8.4,126885
2022-03-29 00:00:00+00:00,8.26,8.47,8.1,8.2,106090
2022-03-30 00:00:00+00:00,8.494,8.7,8.38,8.456,110394
2022-03-31 00:00:00+00:00,8.417,8.6,8.274,8.492,463977
2022-04-01 00:00:00+00:00,8.393,8.598,8.121,8.21,110116
2022-04-04 00:00:00+00:00,8.364,8.6,8.22,8.59,113613
2022-04-05 00:00:00+00:00,8.1,8.565,8.025,8.267,159019
2022-04-06 00:00:00+00:00,7.9,8.1,7.808,8.0,146006
2022-04-07 00:00:00+00:00,8.039,8.158,7.811,7.818,102697
2022-04-08 00:00:00+00:00,8.161,8.3,8.0,8.0,81408
2022-04-11 00:00:00+00:00,8.078,8.4,8.01,8.32,75371
2022-04-12 00:00:00+00:00,8.111,8.32,7.918,8.19,188195
2022-04-13 00:00:00+00:00,8.45,8.5,8.152,8.259,154802
2022-04-14 00:00:00+00:00,8.5,8.663,8.3,8.52,93476
2022-04-18 00:00:00+00:00,8.342,8.7,8.33,8.7,195484
2022-04-19 00:00:00+00:00,8.381,8.487,8.183,8.3,145341
2022-04-20 00:00:00+00:00,8.241,8.5,8.15,8.275,119768
2022-04-21 00:00:00+00:00,7.818,8.32,7.774,8.12,201541
2022-04-22 00:00:00+00:00,7.5,7.997,7.319,7.997,275598
2022-04-25 00:00:00+00:00,7.2,7.4,6.861,7.355,310976
2022-04-26 00:00:00+00:00,6.75,7.399,6.604,7.3,220535
2022-04-27 00:00:00+00:00,6.647,6.897,6.61,6.742,225131
2022-04-28 00:00:00+00:00,6.8,7.05199,6.679,6.7,175043
2022-04-29 00:00:00+00:00,6.702,7.162,6.7,7.011,313094
2022-05-02 00:00:00+00:00,6.41,6.762,6.329,6.7,261647
2022-05-03 00:00:00+00:00,6.371,6.65,6.363,6.5,283135
2022-05-04 00:00:00+00:00,6.557,6.635,6.22,6.5,256806
2022-05-05 00:00:00+00:00,6.315,6.7,6.24,6.686,327625
2022-05-06 00:00:00+00:00,6.4,6.488,6.2,6.39,153337
2022-05-09 00:00:00+00:00,5.771,6.298,5.751,6.1,387270
2022-05-10 00:00:00+00:00,5.394,6.05,5.2,6.0,365700
2022-05-11 00:00:00+00:00,5.111,5.51,5.043,5.39,289556
2022-05-12 00:00:00+00:00,4.61,5.299,4.61,5.2,557800
2022-05-13 00:00:00+00:00,5.03,5.259,4.8,4.8,248019
2022-05-16 00:00:00+00:00,5.121,5.24,5.0,5.181,229254
2022-05-17 00:00:00+00:00,5.3,5.3,5.036,5.23,142000
2022-05-18 00:00:00+00:00,5.0,5.351,5.0,5.2,158814
2022-05-19 00:00:00+00:00,5.2,5.395,5.079,5.079,142193
2022-05-20 00:00:00+00:00,5.029,5.31,5.01,5.246,124507
2022-05-23 00:00:00+00:00,5.3,5.3,5.1,5.2,95701
2022-05-24 00:00:00+00:00,5.4,5.449,5.15,5.3,156480
2022-05-25 00:00:00+00:00,5.205,5.4,5.205,5.4,171707
2022-05-26 00:00:00+00:00,5.876,5.896,5.2,5.22,346352
2022-05-27 00:00:00+00:00,6.138,6.234,5.703,6.2,688412
2022-05-31 00:00:00+00:00,5.9,6.273,5.8,5.9,378198
2022-06-01 00:00:00+00:00,5.944,6.18699,5.72,6.043,145812
2022-06-02 00:00:00+00:00,6.4,6.493,5.9,5.96,217971
2022-06-03 00:00:00+00:00,6.16,6.444,6.021,6.444,87037
2022-06-06 00:00:00+00:00,5.954,6.3,5.75,6.246,100594
2022-06-07 00:00:00+00:00,5.989,5.989,5.7,5.7,100286
2022-06-08 00:00:00+00:00,5.829,5.844,5.62,5.703,140416
2022-06-09 00:00:00+00:00,5.5,5.798,5.4625,5.7,114591
2022-06-10 00:00:00+00:00,5.789,5.799,5.22,5.22,137240
2022-06-13 00:00:00+00:00,5.3,5.6,5.2,5.6,151280
2022-06-14 00:00:00+00:00,5.174,5.236,5.078,5.2,84927
2022-06-15 00:00:00+00:00,5.1,5.389,5.049,5.389,120424
2022-06-16 00:00:00+00:00,5.41,5.591,5.02,5.103,162451
2022-06-17 00:00:00+00:00,4.98,5.468,4.98,5.22,286200
2022-06-21 00:00:00+00:00,5.0,5.1,4.8,5.1,150688
2022-06-22 00:00:00+00:00,4.955,5.147,4.9,4.91,76867
2022-06-23 00:00:00+00:00,4.774,5.123,4.72,5.0,105227
2022-06-24 00:00:00+00:00,5.0,5.175,4.722,4.748,120222
2022-06-27 00:00:00+00:00,5.05,5.2,5.014,5.11,77854
2022-06-28 00:00:00+00:00,4.677,5.2,4.64,5.2,132108
2022-06-29 00:00:00+00:00,4.58,4.83601,4.5,4.801,126717
2022-06-30 00:00:00+00:00,4.392,4.6,4.15,4.5,199766
2022-07-01 00:00:00+00:00,4.3,4.638,4.22,4.22,133792
2022-07-05 00:00:00+00:00,4.2,4.4,3.923,4.3,190730
2022-07-06 00:00:00+00:00,4.078,4.4,3.852,4.25,176928
2022-07-07 00:00:00+00:00,3.982,4.33,3.982,4.207,117645
2022-07-08 00:00:00+00:00,4.153,4.181,4.0,4.157,86808
2022-07-11 00:00:00+00:00,4.0,4.3,4.0,4.18,74213
2022-07-12 00:00:00+00:00,3.8,4.2,3.8,3.973,319945
2022-07-13 00:00:00+00:00,3.825,4.037,3.719,3.8,329774
2022-07-14 00:00:00+00:00,4.0,4.0,3.265,3.72,389385
2022-07-15 00:00:00+00:00,3.561,3.8,3.5,3.8,265261
2022-07-18 00:00:00+00:00,3.526,3.882,3.45,3.681,202589
2022-07-19 00:00:00+00:00,3.43,3.639,3.42,3.55,146383
2022-07-20 00:00:00+00:00,3.323,3.499,3.25,3.438,221339
2022-07-21 00:00:00+00:00,3.37,3.549,3.32,3.4,138043
2022-07-22 00:00:00+00:00,3.32,3.492,3.313,3.4,142542
2022-07-25 00:00:00+00:00,3.26,3.48,3.2,3.441,166472
2022-07-26 00:00:00+00:00,3.685,3.733,3.36,3.394,555322
2022-07-27 00:00:00+00:00,3.6,3.851,3.5,3.851,257625
2022-07-28 00:00:00+00:00,3.75,3.92,3.51,3.51,319101
2022-07-29 00:00:00+00:00,3.89,4.11,3.7149,3.75,295464
2022-08-01 00:00:00+00:00,3.79,3.9508,3.6364,3.95,228886
2022-08-02 00:00:00+00:00,3.76,4.0,3.72,3.8,260143
2022-08-03 00:00:00+00:00,3.48,3.77,3.39,3.75,424948
2022-08-04 00:00:00+00:00,3.54,3.7104,3.46,3.52,252355
2022-08-05 00:00:00+00:00,3.49,3.6,3.36,3.47,264437
2022-08-08 00:00:00+00:00,3.63,3.68,3.4807,3.54,261614
2022-08-09 00:00:00+00:00,3.5,3.67,3.5,3.64,113892
2022-08-10 00:00:00+00:00,3.58,3.65,3.46,3.61,133066
2022-08-11 00:00:00+00:00,3.29,3.65,3.26,3.65,268430
2022-08-12 00:00:00+00:00,3.37,3.4,3.25,3.4,219758
2022-08-15 00:00:00+00:00,3.32,3.37,3.18,3.32,170609
2022-08-16 00:00:00+00:00,3.34,3.41,3.3,3.3,198457
2022-08-17 00:00:00+00:00,3.18,3.35,3.135,3.33,332209
2022-08-18 00:00:00+00:00,3.1,3.24,3.04,3.14,251684
2022-08-19 00:00:00+00:00,2.9,3.07,2.9,3.06,310531
2022-08-22 00:00:00+00:00,3.0,3.04,2.81,2.9,310615
2022-08-23 00:00:00+00:00,3.04,3.21,2.98,2.99,267415
2022-08-24 00:00:00+00:00,3.19,3.22,3.01,3.01,250342
2022-08-25 00:00:00+00:00,3.28,3.3,3.17,3.25,195469
2022-08-26 00:00:00+00:00,3.14,3.36,3.07,3.36,426370
2022-08-29 00:00:00+00:00,3.04,3.2399,3.0,3.12,236485
2022-08-30 00:00:00+00:00,2.98,3.03,2.92,3.03,241990
2022-08-31 00:00:00+00:00,3.07,3.2,2.96,2.96,460313
2022-09-01 00:00:00+00:00,2.97,3.06,2.93,3.02,194288
2022-09-02 00:00:00+00:00,3.09,3.16,2.93,3.03,368359
2022-09-06 00:00:00+00:00,3.09,3.215,3.0599,3.1,263575
2022-09-07 00:00:00+00:00,3.38,3.43,3.06,3.1,301145
2022-09-08 00:00:00+00:00,3.38,3.44,3.28,3.35,281046
2022-09-09 00:00:00+00:00,3.55,3.6,3.39,3.43,213835
2022-09-12 00:00:00+00:00,3.7,3.91,3.55,3.59,541576
2022-09-13 00:00:00+00:00,3.53,3.73,3.48,3.65,212581
2022-09-14 00:00:00+00:00,3.51,3.6,3.5,3.56,114501
2022-09-15 00:00:00+00:00,3.36,3.55,3.31,3.45,238434
2022-09-16 00:00:00+00:00,3.48,3.61,3.2606,3.32,710371
2022-09-19 00:00:00+00:00,3.59,3.625,3.42,3.46,282329
2022-09-20 00:00:00+00:00,3.34,3.53,3.28,3.53,214529
2022-09-21 00:00:00+00:00,3.45,3.66,3.31,3.39,372471
2022-09-22 00:00:00+00:00,3.52,3.7,3.47,3.53,281724
2022-09-23 00:00:00+00:00,3.28,3.47,3.22,3.47,488302
2022-09-26 00:00:00+00:00,2.98,3.28,2.93,3.23,325002
2022-09-27 00:00:00+00:00,2.89,3.08,2.865,3.05,307849
2022-09-28 00:00:00+00:00,3.1,3.13,2.92,2.96,276385
2022-09-29 00:00:00+00:00,3.13,3.1592,3.01,3.06,353630
2022-09-30 00:00:00+00:00,3.26,3.35,3.05,3.11,343611
2022-10-03 00:00:00+00:00,3.69,3.71,3.3,3.33,698150
2022-10-04 00:00:00+00:00,3.94,3.96,3.68,3.85,628164
2022-10-05 00:00:00+00:00,3.85,3.86,3.645,3.81,414672
2022-10-06 00:00:00+00:00,4.17,4.2,3.81,3.83,553534
2022-10-07 00:00:00+00:00,3.82,4.16,3.785,4.1,403157
2022-10-10 00:00:00+00:00,3.51,3.8,3.47,3.72,272457
2022-10-11 00:00:00+00:00,3.53,3.7,3.46,3.5,272676
2022-10-12 00:00:00+00:00,3.7,3.7,3.45,3.55,204762
2022-10-13 00:00:00+00:00,3.58,3.615,3.38,3.6,281278
2022-10-14 00:00:00+00:00,3.19,3.5195,3.15,3.51,457485
2022-10-17 00:00:00+00:00,3.35,3.4049,3.2701,3.3,226537
2022-10-18 00:00:00+00:00,3.37,3.47,3.3,3.46,227384
2022-10-19 00:00:00+00:00,3.18,3.31,3.15,3.29,185029
2022-10-20 00:00:00+00:00,3.21,3.3,3.1101,3.18,262171
2022-10-21 00:00:00+00:00,3.57,3.59,3.225,3.24,408576
2022-10-24 00:00:00+00:00,3.64,3.68,3.46,3.54,317044
2022-10-25 00:00:00+00:00,3.78,3.795,3.6001,3.64,323711
2022-10-26 00:00:00+00:00,3.93,4.06,3.73,3.73,439649
2022-10-27 00:00:00+00:00,3.68,3.985,3.635,3.92,461168
2022-10-28 00:00:00+00:00,3.64,3.665,3.47,3.6,383263
2022-10-31 00:00:00+00:00,3.65,3.695,3.57,3.58,227821
2022-11-01 00:00:00+00:00,3.84,3.94,3.7499,3.87,394908
2022-11-02 00:00:00+00:00,3.52,3.88,3.52,3.88,180937
2022-11-03 00:00:00+00:00,3.29,3.49,3.23,3.49,435615
2022-11-04 00:00:00+00:00,3.66,3.665,3.39,3.45,328110
2022-11-07 00:00:00+00:00,4.01,4.12,3.6124,3.62,695763
2022-11-08 00:00:00+00:00,4.47,4.6356,3.9699,4.04,840927
2022-11-09 00:00:00+00:00,4.19,4.5,4.09,4.41,571428
2022-11-10 00:00:00+00:00,5.1,5.12,4.56,4.56,871263
2022-11-11 00:00:00+00:00,5.17,5.18,4.823,5.11,588375
2022-11-14 00:00:00+00:00,5.31,5.49,5.01,5.05,378492
2022-11-15 00:00:00+00:00,5.14,5.45,5.03,5.44,488958
2022-11-16 00:00:00+00:00,5.18,5.23,5.02,5.02,187089
2022-11-17 00:00:00+00:00,4.98,5.068,4.82,5.02,311694
2022-11-18 00:00:00+00:00,4.88,5.0,4.78,4.98,170837
2022-11-21 00:00:00+00:00,4.84,4.89,4.67,4.78,318241
2022-11-22 00:00:00+00:00,5.1,5.135,4.7825,4.85,393756
2022-11-23 00:00:00+00:00,5.61,5.63,5.06,5.15,683393
2022-11-25 00:00:00+00:00,5.36,5.59,5.26,5.59,225224
2022-11-28 00:00:00+00:00,4.85,5.4,4.85,5.35,463271
2022-11-29 00:00:00+00:00,5.23,5.28,4.93,4.95,299240
2022-11-30 00:00:00+00:00,5.45,5.6247,5.25,5.37,1535781
2022-12-01 00:00:00+00:00,5.94,5.95,5.5515,5.58,644612
2022-12-02 00:00:00+00:00,5.77,5.92,5.6,5.83,460800
2022-12-05 00:00:00+00:00,5.37,5.74,5.35,5.74,328019
2022-12-06 00:00:00+00:00,5.29,5.48,5.23,5.4,372786
2022-12-07 00:00:00+00:00,5.64,5.77,5.38,5.39,313945
2022-12-08 00:00:00+00:00,5.55,5.8,5.53,5.7,202733
2022-12-09 00:00:00+00:00,5.46,5.78,5.44,5.6,190888
2022-12-12 00:00:00+00:00,5.37,5.45,5.2,5.38,224431
2022-12-13 00:00:00+00:00,5.55,5.77,5.42,5.69,337249
2022-12-14 00:00:00+00:00,5.54,5.63,5.4,5.53,228084
2022-12-15 00:00:00+00:00,5.39,5.63,5.3,5.3,331454
2022-12-16 00:00:00+00:00,5.41,5.545,5.315,5.44,443263
2022-12-19 00:00:00+00:00,5.15,5.395,5.01,5.35,525877
2022-12-20 00:00:00+00:00,5.41,5.48,5.16,5.25,506899
2022-12-21 00:00:00+00:00,5.66,5.78,5.41,5.44,290238
2022-12-22 00:00:00+00:00,5.87,5.89,5.35,5.55,318202
2022-12-23 00:00:00+00:00,5.82,5.98,5.72,5.89,303044
2022-12-27 00:00:00+00:00,6.13,6.22,5.78,5.86,360644
2022-12-28 00:00:00+00:00,5.81,6.11,5.76,6.09,313536
2022-12-29 00:00:00+00:00,5.83,6.06,5.82,5.82,412714
2022-12-30 00:00:00+00:00,5.86,5.925,5.68,5.86,309428
2023-01-03 00:00:00+00:00,6.16,6.3,5.89,5.89,688242
2023-01-04 00:00:00+00:00,7.06,7.195,6.22,6.24,1057250
2023-01-05 00:00:00+00:00,6.89,6.91,6.64,6.81,468941
2023-01-06 00:00:00+00:00,7.17,7.37,6.82,7.0,510559
2023-01-09 00:00:00+00:00,7.04,7.4,7.0,7.21,437709
2023-01-10 00:00:00+00:00,7.23,7.24,6.78,7.09,404411
2023-01-11 00:00:00+00:00,6.96,7.3,6.95,7.3,278443
2023-01-12 00:00:00+00:00,7.11,7.2025,6.8469,7.12,394072
2023-01-13 00:00:00+00:00,7.12,7.2,6.86,7.06,324212
2023-01-17 00:00:00+00:00,6.66,7.09,6.51,7.09,439455
2023-01-18 00:00:00+00:00,6.46,6.87,6.45,6.79,308314
2023-01-19 00:00:00+00:00,6.7,6.8,6.3142,6.49,354988
2023-01-20 00:00:00+00:00,6.95,6.98,6.53,6.66,267626
2023-01-23 00:00:00+00:00,6.88,6.95,6.7536,6.87,226110
2023-01-24 00:00:00+00:00,7.08,7.15,6.63,6.76,248984
2023-01-25 00:00:00+00:00,7.18,7.24,6.84,6.95,223657
2023-01-26 00:00:00+00:00,7.03,7.27,6.97,7.2,329063
2023-01-27 00:00:00+00:00,6.9,7.09,6.885,6.94,288878
2023-01-30 00:00:00+00:00,6.76,6.9,6.73,6.9,242009
2023-01-31 00:00:00+00:00,6.71,6.84,6.6201,6.65,209397
2023-02-01 00:00:00+00:00,6.85,6.94,6.55,6.65,346612
2023-02-02 00:00:00+00:00,6.52,7.02,6.42,6.95,438696
2023-02-03 00:00:00+00:00,6.25,6.53,6.1852,6.24,351526
2023-02-06 00:00:00+00:00,6.24,6.32,6.11,6.22,277760
2023-02-07 00:00:00+00:00,6.3,6.54,6.0101,6.18,414611
2023-02-08 00:00:00+00:00,6.16,6.43,6.14,6.36,299569
2023-02-09 00:00:00+00:00,5.94,6.34,5.91,6.29,378221
2023-02-10 00:00:00+00:00,6.05,6.1281,5.87,5.97,298122
2023-02-13 00:00:00+00:00,5.98,6.0,5.86,5.99,209642
2023-02-14 00:00:00+00:00,6.18,6.22,5.8,5.91,318746
2023-02-15 00:00:00+00:00,5.95,6.09,5.81,6.08,294822
2023-02-16 00:00:00+00:00,6.02,6.16,5.74,5.83,354093
2023-02-17 00:00:00+00:00,5.91,5.975,5.77,5.9,299568
2023-02-21 00:00:00+00:00,5.74,5.93,5.705,5.87,212635
2023-02-22 00:00:00+00:00,5.6,5.74,5.5601,5.72,256535
2023-02-23 00:00:00+00:00,5.63,5.67,5.48,5.56,301247
2023-02-24 00:00:00+00:00,5.46,5.59,5.39,5.55,365630
2023-02-27 00:00:00+00:00,6.25,6.27,5.765,5.85,698637
2023-02-28 00:00:00+00:00,6.8,7.014,6.18,6.36,800089
2023-03-01 00:00:00+00:00,7.15,7.27,6.8,6.95,747369
2023-03-02 00:00:00+00:00,6.93,7.07,6.89,6.99,334503
2023-03-03 00:00:00+00:00,7.31,7.36,7.01,7.01,441971
2023-03-06 00:00:00+00:00,7.35,7.44,7.1,7.24,439802
2023-03-07 00:00:00+00:00,6.7,7.28,6.55,7.28,757689
2023-03-08 00:00:00+00:00,6.61,6.92,6.54,6.7,340132
2023-03-09 00:00:00+00:00,6.98,7.255,6.7,6.73,610103
2023-03-10 00:00:00+00:00,7.16,7.51,7.1,7.18,771149
2023-03-13 00:00:00+00:00,7.71,7.89,7.416,7.52,775760
2023-03-14 00:00:00+00:00,7.34,7.59,7.09,7.59,664512
2023-03-15 00:00:00+00:00,7.16,7.76,7.0715,7.75,550406
2023-03-16 00:00:00+00:00,7.21,7.36,7.1,7.23,476005
2023-03-17 00:00:00+00:00,7.91,8.17,7.25,7.25,1255744
2023-03-20 00:00:00+00:00,7.94,8.22,7.81,8.07,752054
2023-03-21 00:00:00+00:00,7.63,7.821,7.29,7.82,695822
2023-03-22 00:00:00+00:00,7.96,8.18,7.64,7.64,432912
2023-03-23 00:00:00+00:00,7.98,8.21,7.855,8.05,596245
2023-03-24 00:00:00+00:00,7.88,8.04,7.77,8.0,290254
2023-03-27 00:00:00+00:00,8.0,8.01,7.52,7.7,314917
2023-03-28 00:00:00+00:00,8.25,8.3,7.85,7.93,675129
2023-03-29 00:00:00+00:00,8.31,8.44,8.11,8.2,485787
2023-03-30 00:00:00+00:00,8.67,8.68,8.32,8.46,540547
2023-03-31 00:00:00+00:00,8.47,8.79,8.3657,8.75,707031
2023-04-03 00:00:00+00:00,8.88,8.92,8.36,8.47,493194
2023-04-04 00:00:00+00:00,9.15,9.3,8.735,8.89,649820
2023-04-05 00:00:00+00:00,9.24,9.455,8.92,9.3,658993
2023-04-06 00:00:00+00:00,9.09,9.16,8.88,9.15,446123
2023-04-10 00:00:00+00:00,9.14,9.19,8.68,8.98,621377
2023-04-11 00:00:00+00:00,9.39,9.6985,9.2206,9.25,639421
2023-04-12 00:00:00+00:00,9.43,9.64,9.13,9.63,508299
2023-04-13 00:00:00+00:00,9.76,10.0,9.65,9.66,733878
2023-04-14 00:00:00+00:00,9.55,9.74,9.26,9.62,536730
2023-04-17 00:00:00+00:00,9.1,9.5038,9.05,9.48,549062
2023-04-18 00:00:00+00:00,9.18,9.46,9.03,9.2,418295
2023-04-19 00:00:00+00:00,8.74,9.06,8.6216,8.94,566146
2023-04-20 00:00:00+00:00,8.66,9.04,8.59,8.82,301479
2023-04-21 00:00:00+00:00,8.43,8.64,8.3,8.49,449040
2023-04-24 00:00:00+00:00,8.32,8.47,8.265,8.3,374934
2023-04-25 00:00:00+00:00,8.25,8.288,7.98,8.26,413960
2023-04-26 00:00:00+00:00,8.34,8.495,8.27,8.35,349771
2023-04-27 00:00:00+00:00,8.16,8.3,8.07,8.29,271044
2023-04-28 00:00:00+00:00,8.2,8.2583,8.06,8.15,419337
2023-05-01 00:00:00+00:00,8.25,8.64,8.23,8.44,287747
2023-05-02 00:00:00+00:00,8.6,8.61,8.1,8.2,408613
2023-05-03 00:00:00+00:00,8.71,8.8584,8.5636,8.69,434334
2023-05-04 00:00:00+00:00,8.84,9.11,8.733,8.77,492672
2023-05-05 00:00:00+00:00,8.92,9.01,8.42,8.63,318660
2023-05-08 00:00:00+00:00,8.87,9.071,8.85,8.99,217490
2023-05-09 00:00:00+00:00,8.26,8.89,8.25,8.89,614861
2023-05-10 00:00:00+00:00,8.13,8.3767,7.88,8.3,528774
2023-05-11 00:00:00+00:00,7.82,8.05,7.71,7.92,557000
2023-05-12 00:00:00+00:00,8.02,8.09,7.74,7.94,287384
2023-05-15 00:00:00+00:00,8.0,8.35,7.99,8.08,281054
2023-05-16 00:00:00+00:00,7.73,7.9643,7.63,7.92,289657
2023-05-17 00:00:00+00:00,7.9,7.91,7.622,7.72,280494
2023-05-18 00:00:00+00:00,7.8,7.84,7.54,7.74,311784
2023-05-19 00:00:00+00:00,7.89,8.042,7.71,7.92,306072
2023-05-22 00:00:00+00:00,7.94,8.1,7.77,7.84,286819
2023-05-23 00:00:00+00:00,7.83,7.91,7.62,7.74,663715
2023-05-24 00:00:00+00:00,7.33,7.85,7.26,7.8,620530
2023-05-25 00:00:00+00:00,7.19,7.26,7.02,7.24,496162
2023-05-26 00:00:00+00:00,7.32,7.33,7.13,7.3,643982
2023-05-30 00:00:00+00:00,7.35,7.45,7.24,7.35,234102
2023-05-31 00:00:00+00:00,7.64,7.7681,7.36,7.47,447752
2023-06-01 00:00:00+00:00,7.95,8.09,7.68,7.69,376241
2023-06-02 00:00:00+00:00,8.08,8.19,7.91,8.0,396770
2023-06-05 00:00:00+00:00,8.1,8.26,7.95,8.05,263054
2023-06-06 00:00:00+00:00,8.15,8.17,7.86,8.06,239450
2023-06-07 00:00:00+00:00,7.69,8.31,7.66,8.18,501526
2023-06-08 00:00:00+00:00,7.97,8.08,7.782,7.9,391322
2023-06-09 00:00:00+00:00,7.56,8.04,7.5301,8.04,368553
2023-06-12 00:00:00+00:00,7.45,7.55,7.35,7.52,279395
2023-06-13 00:00:00+00:00,7.31,7.57,7.29,7.39,290055
2023-06-14 00:00:00+00:00,7.12,7.47,7.02,7.47,326091
2023-06-15 00:00:00+00:00,7.11,7.1465,6.96,7.04,259364
2023-06-16 00:00:00+00:00,7.29,7.41,7.0679,7.12,513841
2023-06-20 00:00:00+00:00,6.93,7.13,6.8601,7.1,302506
2023-06-21 00:00:00+00:00,7.05,7.155,6.9,7.01,289927
2023-06-22 00:00:00+00:00,7.06,7.15,6.92,7.0,337958
2023-06-23 00:00:00+00:00,7.05,7.27,6.94,7.15,248901
2023-06-26 00:00:00+00:00,6.9,7.2,6.9,7.04,327877
2023-06-27 00:00:00+00:00,7.03,7.065,6.82,7.06,277423
2023-06-28 00:00:00+00:00,6.85,6.99,6.815,6.94,280176
2023-06-29 00:00:00+00:00,7.1,7.12,6.75,6.85,338622
2023-06-30 00:00:00+00:00,7.19,7.255,7.08,7.15,228563
2023-07-03 00:00:00+00:00,7.17,7.33,7.09,7.27,174755
2023-07-05 00:00:00+00:00,6.95,7.16,6.92,7.16,338143
2023-07-06 00:00:00+00:00,6.79,6.94,6.66,6.9,427093
2023-07-07 00:00:00+00:00,6.92,7.04,6.77,6.85,341835
2023-07-10 00:00:00+00:00,7.24,7.25,6.8476,6.88,291401
2023-07-11 00:00:00+00:00,7.27,7.52,7.21,7.28,309049
2023-07-12 00:00:00+00:00,8.06,8.11,7.33,7.44,586359
2023-07-13 00:00:00+00:00,8.49,8.545,8.1715,8.25,453728
2023-07-14 00:00:00+00:00,8.36,8.55,8.29,8.48,249455
2023-07-17 00:00:00+00:00,8.71,8.77,8.16,8.27,448084
2023-07-18 00:00:00+00:00,9.16,9.17,8.635,8.74,455897
2023-07-19 00:00:00+00:00,9.13,9.18,8.84,9.13,532255
2023-07-20 00:00:00+00:00,8.98,9.14,8.8,9.11,285822
2023-07-21 00:00:00+00:00,8.84,9.07,8.78,8.89,243945
2023-07-24 00:00:00+00:00,8.74,8.9385,8.66,8.85,308205
2023-07-25 00:00:00+00:00,9.1,9.155,8.71,8.8,374037
2023-07-26 00:00:00+00:00,9.08,9.2,8.93,9.1,324502
2023-07-27 00:00:00+00:00,8.21,8.96,8.14,8.96,630334
2023-07-28 00:00:00+00:00,8.56,8.66,8.3015,8.33,209350
2023-07-31 00:00:00+00:00,8.66,8.89,8.58,8.59,263215
2023-08-01 00:00:00+00:00,8.06,8.5,8.01,8.47,445392
2023-08-02 00:00:00+00:00,7.69,8.04,7.66,8.03,317441
2023-08-03 00:00:00+00:00,7.73,7.84,7.58,7.75,280051
2023-08-04 00:00:00+00:00,7.75,8.07,7.73,7.91,317515
2023-08-07 00:00:00+00:00,7.5,7.735,7.431,7.7,272589
2023-08-08 00:00:00+00:00,7.51,7.6,7.24,7.41,275249
2023-08-09 00:00:00+00:00,7.26,7.56,7.23,7.52,238115
2023-08-10 00:00:00+00:00,7.08,7.51,7.03,7.5,312876
2023-08-11 00:00:00+00:00,7.4,7.565,7.0,7.0,361237
2023-08-14 00:00:00+00:00,7.27,7.4,7.1,7.29,327909
2023-08-15 00:00:00+00:00,7.03,7.26,7.03,7.18,346144
2023-08-16 00:00:00+00:00,6.71,7.03,6.71,7.0,427762
2023-08-17 00:00:00+00:00,6.74,6.86,6.64,6.78,374174
2023-08-18 00:00:00+00:00,6.83,6.85,6.65,6.7,363839
2023-08-21 00:00:00+00:00,6.9,7.01,6.645,6.87,479013
2023-08-22 00:00:00+00:00,7.38,7.39,6.92,6.92,597035
2023-08-23 00:00:00+00:00,7.91,7.97,7.44,7.55,692267
2023-08-24 00:00:00+00:00,7.58,7.94,7.54,7.94,542138
2023-08-25 00:00:00+00:00,7.42,7.67,7.23,7.55,367870
2023-08-28 00:00:00+00:00,7.96,7.97,7.409,7.41,541975
2023-08-29 00:00:00+00:00,8.29,8.32,7.86,7.94,498868
2023-08-30 00:00:00+00:00,8.28,8.53,8.21,8.42,459367
2023-08-31 00:00:00+00:00,8.09,8.33,7.89,8.29,410243
2023-09-01 00:00:00+00:00,7.86,8.27,7.75,8.19,622474
2023-09-05 00:00:00+00:00,7.23,7.7,7.085,7.7,855292
2023-09-06 00:00:00+00:00,7.14,7.3,7.07,7.16,331362
2023-09-07 00:00:00+00:00,7.02,7.14,6.98,7.12,193503
2023-09-08 00:00:00+00:00,6.93,7.26,6.91,7.03,259913
2023-09-11 00:00:00+00:00,6.96,7.1732,6.91,7.08,300863
2023-09-12 00:00:00+00:00,6.71,7.03,6.69,6.87,505576
2023-09-13 00:00:00+00:00,6.73,6.84,6.57,6.71,377465
2023-09-14 00:00:00+00:00,6.93,7.025,6.73,6.74,317928
2023-09-15 00:00:00+00:00,7.05,7.28,7.05,7.08,671356
2023-09-18 00:00:00+00:00,7.19,7.26,6.9112,7.15,395796
2023-09-19 00:00:00+00:00,6.96,7.23,6.87,7.2,312765
2023-09-20 00:00:00+00:00,7.16,7.3321,6.97,7.0,537043
2023-09-21 00:00:00+00:00,6.84,6.99,6.76,6.93,481077
2023-09-22 00:00:00+00:00,6.93,7.0378,6.85,7.02,438479
2023-09-25 00:00:00+00:00,6.4,6.85,6.34,6.85,745387
2023-09-26 00:00:00+00:00,6.41,6.47,6.2602,6.28,532240
2023-09-27 00:00:00+00:00,6.54,6.555,6.25,6.3,482674
2023-09-28 00:00:00+00:00,6.55,6.61,6.36,6.56,325972
2023-09-29 00:00:00+00:00,6.5,6.8358,6.3175,6.78,542517
2023-10-02 00:00:00+00:00,6.11,6.35,6.09,6.34,563337
2023-10-03 00:00:00+00:00,6.16,6.29,6.02,6.09,492494
2023-10-04 00:00:00+00:00,6.23,6.37,6.15,6.16,461457
2023-10-05 00:00:00+00:00,6.09,6.26,6.0239,6.2,341495
2023-10-06 00:00:00+00:00,6.44,6.49,6.01,6.02,476338
2023-10-09 00:00:00+00:00,6.56,6.66,6.51,6.51,314350
2023-10-10 00:00:00+00:00,6.6,6.69,6.51,6.57,262934
2023-10-11 00:00:00+00:00,7.32,7.34,6.67,6.74,761226
2023-10-12 00:00:00+00:00,7.27,7.45,7.1341,7.36,614524
2023-10-13 00:00:00+00:00,7.81,7.99,7.5,7.53,677684
2023-10-16 00:00:00+00:00,7.94,8.07,7.52,7.7,528555
2023-10-17 00:00:00+00:00,8.29,8.36,7.88,7.96,607731
2023-10-18 00:00:00+00:00,7.82,8.56,7.76,8.42,1104937
2023-10-19 00:00:00+00:00,7.73,7.84,7.62,7.81,507443
2023-10-20 00:00:00+00:00,7.74,8.1683,7.73,7.76,606620
2023-10-23 00:00:00+00:00,7.46,7.7,7.4,7.62,444920
2023-10-24 00:00:00+00:00,7.49,7.625,7.3434,7.37,428529
2023-10-25 00:00:00+00:00,7.06,7.55,7.04,7.42,432690
2023-10-26 00:00:00+00:00,6.97,7.12,6.7,7.03,452229
2023-10-27 00:00:00+00:00,7.09,7.1,6.75,6.98,408061
2023-10-30 00:00:00+00:00,6.92,7.16,6.82,7.13,334706
2023-10-31 00:00:00+00:00,6.93,7.2,6.8,7.15,502775
2023-11-01 00:00:00+00:00,6.55,6.89,6.35,6.89,689758
2023-11-02 00:00:00+00:00,6.66,6.78,6.4374,6.7,481595
2023-11-03 00:00:00+00:00,7.12,7.2,6.735,6.75,622331
2023-11-06 00:00:00+00:00,6.71,7.11,6.675,7.05,385074
2023-11-07 00:00:00+00:00,6.38,6.595,6.27,6.56,567135
2023-11-08 00:00:00+00:00,6.35,6.5,6.27,6.28,499792
2023-11-09 00:00:00+00:00,6.93,7.34,6.4,6.4,724926
2023-11-10 00:00:00+00:00,6.79,6.9,6.56,6.84,403798
2023-11-13 00:00:00+00:00,6.57,6.81,6.515,6.74,430094
2023-11-14 00:00:00+00:00,7.46,7.55,6.75,6.75,765233
2023-11-15 00:00:00+00:00,7.35,7.54,7.21,7.3,469438
2023-11-16 00:00:00+00:00,7.43,7.8,7.4,7.43,550844
2023-11-17 00:00:00+00:00,7.43,7.61,7.27,7.52,288061
2023-11-20 00:00:00+00:00,7.53,7.54,7.28,7.35,328188
2023-11-21 00:00:00+00:00,7.55,7.8997,7.52,7.65,536786
2023-11-22 00:00:00+00:00,7.15,7.579,7.015,7.5,916701
2023-11-24 00:00:00+00:00,7.28,7.44,7.06,7.06,294550
2023-11-27 00:00:00+00:00,7.35,7.5,7.24,7.49,420110
2023-11-28 00:00:00+00:00,7.62,7.755,7.34,7.46,546156
2023-11-29 00:00:00+00:00,7.71,7.8099,7.54,7.62,395327
2023-11-30 00:00:00+00:00,7.68,7.71,7.43,7.58,459670
2023-12-01 00:00:00+00:00,7.68,7.76,7.56,7.65,423402
2023-12-04 00:00:00+00:00,7.42,7.54,7.1901,7.49,696006
2023-12-05 00:00:00+00:00,7.28,7.4,7.195,7.34,412128
2023-12-06 00:00:00+00:00,7.39,7.6,7.33,7.48,306572
2023-12-07 00:00:00+00:00,7.6,7.63,7.21,7.42,373118
2023-12-08 00:00:00+00:00,7.57,7.71,7.37,7.43,540058
2023-12-11 00:00:00+00:00,7.27,7.35,7.06,7.35,663108
2023-12-12 00:00:00+00:00,6.82,7.28,6.81,7.28,487698
2023-12-13 00:00:00+00:00,7.43,7.465,6.7802,6.82,538559
2023-12-14 00:00:00+00:00,7.68,7.87,7.5,7.5,602606
2023-12-15 00:00:00+00:00,7.73,7.85,7.5,7.58,475855
2023-12-18 00:00:00+00:00,7.78,7.84,7.54,7.72,244922
2023-12-19 00:00:00+00:00,7.94,8.12,7.77,7.83,671376
2023-12-20 00:00:00+00:00,7.54,7.98,7.53,7.95,484940
2023-12-21 00:00:00+00:00,7.69,7.75,7.5421,7.67,303224
2023-12-22 00:00:00+00:00,7.61,7.96,7.5901,7.83,412762
2023-12-26 00:00:00+00:00,7.59,7.65,7.47,7.61,180801
2023-12-27 00:00:00+00:00,7.64,7.85,7.61,7.63,459956
2023-12-28 00:00:00+00:00,7.35,7.6,7.3,7.49,471383
2023-12-29 00:00:00+00:00,7.21,7.32,7.14,7.26,287826
2024-01-02 00:00:00+00:00,7.07,7.25,7.005,7.14,267475
2024-01-03 00:00:00+00:00,6.91,6.95,6.75,6.87,323658
2024-01-04 00:00:00+00:00,6.88,6.92,6.7831,6.84,232232
2024-01-05 00:00:00+00:00,6.94,7.1,6.77,6.92,473690
2024-01-08 00:00:00+00:00,6.82,6.87,6.73,6.76,219345
2024-01-09 00:00:00+00:00,6.66,6.84,6.62,6.84,346380
2024-01-10 00:00:00+00:00,6.59,6.69,6.55,6.61,204985
2024-01-11 00:00:00+00:00,6.58,6.68,6.47,6.61,604366
2024-01-12 00:00:00+00:00,6.73,6.99,6.68,6.82,382100
2024-01-16 00:00:00+00:00,6.56,6.71,6.4899,6.55,336692
2024-01-17 00:00:00+00:00,6.51,6.54,6.329,6.4,464971
2024-01-18 00:00:00+00:00,6.54,6.57,6.435,6.52,383141
2024-01-19 00:00:00+00:00,6.55,6.63,6.4,6.63,336874
2024-01-22 00:00:00+00:00,6.56,6.62,6.43,6.45,394202
2024-01-23 00:00:00+00:00,6.54,6.6901,6.445,6.62,368557
2024-01-24 00:00:00+00:00,6.63,6.73,6.38,6.73,693826
2024-01-25 00:00:00+00:00,6.76,6.91,6.6516,6.75,464874
2024-01-26 00:00:00+00:00,6.77,6.82,6.69,6.76,269316
2024-01-29 00:00:00+00:00,6.74,6.83,6.5,6.83,739620
2024-01-30 00:00:00+00:00,6.55,6.8,6.53,6.73,605954
2024-01-31 00:00:00+00:00,6.41,6.66,6.41,6.55,483087
2024-02-01 00:00:00+00:00,6.99,6.99,6.43,6.44,812532
2024-02-02 00:00:00+00:00,7.37,7.411,6.69,6.8,954453
2024-02-05 00:00:00+00:00,7.26,7.311,7.08,7.23,409141
2024-02-06 00:00:00+00:00,7.07,7.32,7.06,7.3,288166
2024-02-07 00:00:00+00:00,7.0,7.1,6.98,7.08,289010
2024-02-08 00:00:00+00:00,6.86,6.97,6.83,6.88,285793
2024-02-09 00:00:00+00:00,6.86,6.91,6.745,6.83,323279
2024-02-12 00:00:00+00:00,6.94,7.03,6.81,6.83,252387
2024-02-13 00:00:00+00:00,6.41,6.69,6.39,6.69,842803
2024-02-14 00:00:00+00:00,6.16,6.4899,6.11,6.42,797345
2024-02-15 00:00:00+00:00,6.21,6.36,6.1402,6.19,493873
2024-02-16 00:00:00+00:00,6.2,6.3499,6.125,6.16,445419
2024-02-20 00:00:00+00:00,6.16,6.25,6.08,6.21,335997
2024-02-21 00:00:00+00:00,6.23,6.23,6.05,6.16,223531
2024-02-22 00:00:00+00:00,6.05,6.17,6.02,6.15,311175
2024-02-23 00:00:00+00:00,6.2,6.26,5.96,6.07,400337
2024-02-26 00:00:00+00:00,6.24,6.25,6.02,6.15,210855
2024-02-27 00:00:00+00:00,6.08,6.3,6.06,6.26,258043
2024-02-28 00:00:00+00:00,5.94,6.0592,5.92,6.02,338774
2024-02-29 00:00:00+00:00,6.14,6.2199,6.01,6.01,369705
2024-03-01 00:00:00+00:00,6.85,7.04,6.31,6.35,1340585
2024-03-04 00:00:00+00:00,7.81,7.82,6.95,6.96,1585341
2024-03-05 00:00:00+00:00,8.1,8.1199,7.71,8.0,1978637
2024-03-06 00:00:00+00:00,7.91,8.26,7.82,8.18,797245
2024-03-07 00:00:00+00:00,8.06,8.1,7.84,8.07,642498
2024-03-08 00:00:00+00:00,8.12,8.31,7.99,8.15,663868
2024-03-11 00:00:00+00:00,8.14,8.43,8.033,8.08,660193
2024-03-12 00:00:00+00:00,8.3,8.3,7.8001,8.04,584287
2024-03-13 00:00:00+00:00,8.83,8.89,8.36,8.38,1186459
2024-03-14 00:00:00+00:00,8.46,8.85,8.33,8.74,581710
2024-03-15 00:00:00+00:00,8.6,8.78,8.32,8.5,641542
2024-03-18 00:00:00+00:00,8.46,8.59,8.23,8.52,1000312
2024-03-19 00:00:00+00:00,8.37,8.9,8.34,8.38,1603696
2024-03-20 00:00:00+00:00,8.98,9.05,8.3,8.37,1237397
2024-03-21 00:00:00+00:00,8.78,9.28,8.64,9.19,867456
2024-03-22 00:00:00+00:00,8.78,8.96,8.611,8.73,434897
2024-03-25 00:00:00+00:00,9.08,9.54,8.9027,8.92,1133056
2024-03-26 00:00:00+00:00,9.07,9.48,9.01,9.48,537277
2024-03-27 00:00:00+00:00,9.63,9.66,9.1,9.12,1084040
2024-03-28 00:00:00+00:00,9.86,10.11,9.56,9.73,1427337
2024-04-01 00:00:00+00:00,10.6,10.655,10.06,10.07,1026265
2024-04-02 00:00:00+00:00,10.8,10.83,10.39,10.64,1396775
2024-04-03 00:00:00+00:00,11.08,11.27,10.71,10.8,1055810
2024-04-04 00:00:00+00:00,10.95,11.39,10.83,11.06,964144
2024-04-05 00:00:00+00:00,10.86,10.93,9.6,10.06,1588146
2024-04-08 00:00:00+00:00,11.31,11.335,10.7343,11.07,914692
2024-04-09 00:00:00+00:00,11.63,11.85,11.35,11.4,1199485
2024-04-10 00:00:00+00:00,11.67,11.84,10.8858,11.18,1057588
2024-04-11 00:00:00+00:00,11.83,11.89,11.38,11.77,718138
2024-04-12 00:00:00+00:00,11.32,12.23,11.15,12.04,1611078
2024-04-15 00:00:00+00:00,11.26,11.66,11.2,11.58,750203
2024-04-16 00:00:00+00:00,11.04,11.26,10.82,11.02,877888
2024-04-17 00:00:00+00:00,10.89,11.23,10.6001,11.05,830154
2024-04-18 00:00:00+00:00,11.04,11.49,10.98,11.05,906333
2024-04-19 00:00:00+00:00,11.22,11.34,10.8,10.94,538545
2024-04-22 00:00:00+00:00,10.87,11.0299,10.582,10.67,728368
2024-04-23 00:00:00+00:00,11.11,11.15,10.5661,10.67,729826
2024-04-24 00:00:00+00:00,10.92,11.12,10.87,11.08,445964
2024-04-25 00:00:00+00:00,11.94,12.08,10.8,10.89,2239378
2024-04-26 00:00:00+00:00,12.26,12.5,11.852,12.19,1352172
2024-04-29 00:00:00+00:00,12.22,12.47,12.03,12.31,712697
2024-04-30 00:00:00+00:00,11.46,12.02,11.45,11.78,945585
2024-05-01 00:00:00+00:00,11.55,12.1,11.43,11.61,619096
2024-05-02 00:00:00+00:00,11.61,11.8,11.44,11.49,348667
2024-05-03 00:00:00+00:00,11.76,11.79,11.42,11.67,469206
2024-05-06 00:00:00+00:00,12.05,12.3099,11.95,12.05,613380
2024-05-07 00:00:00+00:00,12.09,12.23,11.9,12.05,531556
2024-05-08 00:00:00+00:00,12.18,12.18,11.8701,11.92,640595
2024-05-09 00:00:00+00:00,10.32,11.45,9.81,11.28,4102730
2024-05-10 00:00:00+00:00,10.28,10.69,10.12,10.54,697624
2024-05-13 00:00:00+00:00,10.18,10.45,10.14,10.16,627488
2024-05-14 00:00:00+00:00,10.7,10.7,10.22,10.3,623008
2024-05-15 00:00:00+00:00,10.69,10.9,10.5103,10.87,656837
2024-05-16 00:00:00+00:00,10.6,10.805,10.4524,10.64,632466
2024-05-17 00:00:00+00:00,11.33,11.38,10.81,10.93,1372430
2024-05-20 00:00:00+00:00,11.93,11.98,11.238,11.34,917705
2024-05-21 00:00:00+00:00,11.48,12.05,11.415,11.81,865407
2024-05-22 00:00:00+00:00,11.1,11.47,10.99,11.28,503135
2024-05-23 00:00:00+00:00,10.9,11.306,10.82,11.16,510852
2024-05-24 00:00:00+00:00,11.35,11.49,10.9,11.04,617010
2024-05-28 00:00:00+00:00,12.13,12.43,11.65,11.74,2360582
2024-05-29 00:00:00+00:00,12.04,12.18,11.8,11.9,561629
2024-05-30 00:00:00+00:00,12.06,12.45,11.96,12.04,546958
2024-05-31 00:00:00+00:00,11.91,12.3,11.65,12.2,815356
2024-06-03 00:00:00+00:00,11.93,11.95,11.6501,11.9,568056
2024-06-04 00:00:00+00:00,11.14,11.74,11.01,11.71,931791
2024-06-05 00:00:00+00:00,11.12,11.24,10.97,11.17,378585
2024-06-06 00:00:00+00:00,11.31,11.5,11.1001,11.34,652231
2024-06-07 00:00:00+00:00,10.63,11.03,10.52,10.9,789254
2024-06-10 00:00:00+00:00,10.75,10.79,10.44,10.7,692870
2024-06-11 00:00:00+00:00,10.5,10.6586,10.31,10.62,574555
2024-06-12 00:00:00+00:00,10.44,10.88,10.325,10.75,453823
2024-06-13 00:00:00+00:00,10.26,10.59,10.16,10.35,560227
2024-06-14 00:00:00+00:00,10.36,10.4,10.12,10.4,534455
2024-06-17 00:00:00+00:00,9.71,10.35,9.7,10.35,1034247
2024-06-18 00:00:00+00:00,9.74,9.85,9.6,9.63,651991
2024-06-20 00:00:00+00:00,9.62,9.88,9.59,9.8,859807
2024-06-21 00:00:00+00:00,9.55,9.69,9.33,9.59,2210275
2024-06-24 00:00:00+00:00,9.51,9.69,9.33,9.59,504168
2024-06-25 00:00:00+00:00,9.32,9.6,9.32,9.4,582715
2024-06-26 00:00:00+00:00,9.26,9.4,9.15,9.25,317525
2024-06-27 00:00:00+00:00,9.14,9.44,9.13,9.29,362424
2024-06-28 00:00:00+00:00,9.18,9.35,9.05,9.2,389359
2024-07-01 00:00:00+00:00,8.97,9.3199,8.96,9.19,314223
2024-07-02 00:00:00+00:00,9.1,9.1,8.87,8.96,235223
2024-07-03 00:00:00+00:00,9.72,9.82,9.22,9.28,383028
2024-07-05 00:00:00+00:00,10.11,10.2,9.75,9.92,665866
2024-07-08 00:00:00+00:00,10.13,10.2,9.85,9.98,400096
2024-07-09 00:00:00+00:00,9.94,10.22,9.86,10.15,319375
2024-07-10 00:00:00+00:00,10.3,10.44,10.06,10.06,577265
2024-07-11 00:00:00+00:00,10.3,10.54,10.18,10.5,386232
2024-07-12 00:00:00+00:00,10.21,10.29,10.11,10.2,400913
2024-07-15 00:00:00+00:00,10.14,10.27,10.05,10.27,302767
2024-07-16 00:00:00+00:00,10.49,10.49,10.08,10.13,548521
2024-07-17 00:00:00+00:00,9.97,10.49,9.93,10.49,680335
2024-07-18 00:00:00+00:00,9.53,9.99,9.4,9.94,593448
2024-07-19 00:00:00+00:00,9.32,9.54,9.2261,9.34,391514
2024-07-22 00:00:00+00:00,9.29,9.3799,9.13,9.23,487509
2024-07-23 00:00:00+00:00,9.33,9.44,9.19,9.24,336112
2024-07-24 00:00:00+00:00,9.11,9.5701,9.08,9.39,343532
2024-07-25 00:00:00+00:00,9.19,9.32,8.73,8.9,696036
2024-07-26 00:00:00+00:00,9.12,9.301,9.02,9.3,527587
2024-07-29 00:00:00+00:00,9.05,9.16,8.84,9.16,330035
2024-07-30 00:00:00+00:00,9.13,9.17,8.88,9.08,586233
2024-07-31 00:00:00+00:00,9.44,9.67,9.23,9.25,761634
2024-08-01 00:00:00+00:00,9.05,9.45,8.8507,9.45,712261
2024-08-02 00:00:00+00:00,8.59,9.1567,8.46,9.11,878655
2024-08-05 00:00:00+00:00,8.22,8.328,7.6887,8.0,666631
2024-08-06 00:00:00+00:00,8.23,8.32,8.02,8.17,354577
2024-08-07 00:00:00+00:00,8.0,8.43,7.88,8.4,569523
2024-08-08 00:00:00+00:00,8.19,8.38,7.94,8.24,709869
2024-08-09 00:00:00+00:00,8.34,8.3591,8.1,8.3,450261
2024-08-12 00:00:00+00:00,8.36,8.5809,8.2,8.31,465546
2024-08-13 00:00:00+00:00,8.78,8.9,8.3599,8.39,595525
2024-08-14 00:00:00+00:00,8.62,8.83,8.595,8.67,440032
2024-08-15 00:00:00+00:00,8.8,8.85,8.56,8.72,405490
2024-08-16 00:00:00+00:00,9.01,9.025,8.69,8.87,761178
2024-08-19 00:00:00+00:00,9.95,10.0,9.04,9.04,1004097
2024-08-20 00:00:00+00:00,9.74,10.46,9.68,10.21,963347
2024-08-21 00:00:00+00:00,9.84,9.92,9.56,9.83,489809
2024-08-22 00:00:00+00:00,9.44,9.64,9.39,9.56,621526
2024-08-23 00:00:00+00:00,9.48,9.91,9.44,9.63,443847
2024-08-26 00:00:00+00:00,9.49,9.58,9.23,9.51,402897
2024-08-27 00:00:00+00:00,9.33,9.43,9.193,9.37,428320
2024-08-28 00:00:00+00:00,9.09,9.18,8.95,9.1,412710
2024-08-29 00:00:00+00:00,9.21,9.32,9.145,9.18,291170
2024-08-30 00:00:00+00:00,9.1,9.25,9.04,9.19,251213
2024-09-03 00:00:00+00:00,8.46,8.94,8.38,8.94,534118
2024-09-04 00:00:00+00:00,8.4,8.68,8.4,8.4,301881
2024-09-05 00:00:00+00:00,8.73,8.825,8.6,8.62,510340
2024-09-06 00:00:00+00:00,8.41,8.82,8.4,8.7,376956
2024-09-09 00:00:00+00:00,8.48,8.66,8.43,8.48,363205
2024-09-10 00:00:00+00:00,8.4,8.45,8.16,8.45,338050
2024-09-11 00:00:00+00:00,8.78,8.83,8.35,8.46,660705
2024-09-12 00:00:00+00:00,9.36,9.6066,8.99,9.0,679323
2024-09-13 00:00:00+00:00,9.47,9.72,9.42,9.61,552978
2024-09-16 00:00:00+00:00,9.42,9.56,9.3,9.49,405354
2024-09-17 00:00:00+00:00,9.16,9.4491,9.1509,9.34,379696
2024-09-18 00:00:00+00:00,8.91,9.58,8.91,9.25,603221
2024-09-19 00:00:00+00:00,9.16,9.45,9.09,9.42,533751
2024-09-20 00:00:00+00:00,9.36,9.55,9.15,9.24,1151186
2024-09-23 00:00:00+00:00,9.08,9.65,9.07,9.39,609343
2024-09-24 00:00:00+00:00,9.88,9.96,9.21,9.27,1097197
2024-09-25 00:00:00+00:00,9.64,10.08,9.59,9.87,702481
2024-09-26 00:00:00+00:00,10.18,10.305,9.755,9.92,1037678
2024-09-27 00:00:00+00:00,9.64,10.27,9.53,10.23,958373
2024-09-30 00:00:00+00:00,9.3,9.55,9.17,9.5,655714
2024-10-01 00:00:00+00:00,9.31,9.57,9.17,9.45,399005
2024-10-02 00:00:00+00:00,9.3,9.81,9.285,9.38,428228
2024-10-03 00:00:00+00:00,9.29,9.33,9.1219,9.15,295878
2024-10-04 00:00:00+00:00,9.33,9.7,9.16,9.24,458034
2024-10-07 00:00:00+00:00,9.75,9.9599,9.241,9.3,928825
2024-10-08 00:00:00+00:00,9.68,9.7187,9.4601,9.61,434460
2024-10-09 00:00:00+00:00,9.7,9.7,9.34,9.61,442793
2024-10-10 00:00:00+00:00,9.87,10.07,9.64,9.81,769523
2024-10-11 00:00:00+00:00,10.06,10.27,9.94,9.94,507659
2024-10-14 00:00:00+00:00,10.0,10.08,9.82,9.96,457423
2024-10-15 00:00:00+00:00,10.11,10.14,9.772,10.0,360881
2024-10-16 00:00:00+00:00,9.99,10.48,9.962,10.22,667354
2024-10-17 00:00:00+00:00,10.13,10.21,9.84,10.04,434179
2024-10-18 00:00:00+00:00,10.92,10.98,10.265,10.3,921940
2024-10-21 00:00:00+00:00,10.87,11.39,10.73,11.25,828496
2024-10-22 00:00:00+00:00,11.15,11.36,11.0188,11.12,666975
2024-10-23 00:00:00+00:00,10.82,11.0,10.72,10.87,516070
2024-10-24 00:00:00+00:00,10.7,11.05,10.345,11.05,603080
2024-10-25 00:00:00+00:00,10.38,10.76,10.375,10.6,422568
2024-10-28 00:00:00+00:00,10.3,10.4499,10.215,10.38,309104
2024-10-29 00:00:00+00:00,10.54,10.6999,10.4,10.4,421562
2024-10-30 00:00:00+00:00,10.17,10.56,10.04,10.56,410163
2024-10-31 00:00:00+00:00,9.51,9.8999,9.23,9.89,657029
2024-11-01 00:00:00+00:00,9.32,9.65,9.28,9.65,505377
2024-11-04 00:00:00+00:00,9.16,9.3399,9.075,9.33,437753
2024-11-05 00:00:00+00:00,9.17,9.37,9.12,9.2,348272
2024-11-06 00:00:00+00:00,9.09,9.48,8.46,8.9,818636
2024-11-07 00:00:00+00:00,9.27,9.7,9.06,9.41,718223
2024-11-08 00:00:00+00:00,8.91,9.29,8.725,9.2,613177
2024-11-11 00:00:00+00:00,8.34,8.67,8.09,8.61,978456
2024-11-12 00:00:00+00:00,8.16,8.39,8.04,8.2,840857
2024-11-13 00:00:00+00:00,8.08,8.5,8.0,8.32,1000744
2024-11-14 00:00:00+00:00,8.41,8.525,8.02,8.16,1088458
2024-11-15 00:00:00+00:00,8.42,8.74,8.36,8.44,2586166
2024-11-18 00:00:00+00:00,8.59,8.92,8.555,8.8,657637
2024-11-19 00:00:00+00:00,8.66,8.73,8.55,8.67,371147
2024-11-20 00:00:00+00:00,8.42,8.62,8.375,8.61,442528
2024-11-21 00:00:00+00:00,8.52,8.6,8.32,8.5,499290
2024-11-22 00:00:00+00:00,8.38,8.61,8.34,8.6,480662
2024-11-25 00:00:00+00:00,8.21,8.29,7.9042,8.21,634548
2024-11-26 00:00:00+00:00,8.16,8.216,8.06,8.17,306137
2024-11-27 00:00:00+00:00,8.22,8.335,8.16,8.22,278430
2024-11-29 00:00:00+00:00,8.36,8.42,8.26,8.37,342539
2024-12-02 00:00:00+00:00,8.34,8.415,8.1844,8.3,543452
2024-12-03 00:00:00+00:00,9.12,9.28,8.66,8.67,1119718
2024-12-04 00:00:00+00:00,8.99,9.23,8.91,9.1,635111
2024-12-05 00:00:00+00:00,8.75,9.11,8.62,9.0,372878
2024-12-06 00:00:00+00:00,8.42,8.7,8.35,8.7,389441
2024-12-09 00:00:00+00:00,8.68,9.15,8.665,8.84,506367
2024-12-10 00:00:00+00:00,8.55,8.9,8.545,8.83,313872
2024-12-11 00:00:00+00:00,9.13,9.17,8.59,8.59,829186
2024-12-12 00:00:00+00:00,8.72,8.905,8.6,8.87,721587
2024-12-13 00:00:00+00:00,8.42,8.61,8.25,8.6,831493
2024-12-16 00:00:00+00:00,8.31,8.44,8.23,8.42,393082
2024-12-17 00:00:00+00:00,8.41,8.45,8.115,8.16,368631
2024-12-18 00:00:00+00:00,7.87,8.41,7.84,8.4,408647
2024-12-19 00:00:00+00:00,7.85,8.07,7.78,7.93,333627
2024-12-20 00:00:00+00:00,7.98,8.17,7.84,7.85,676035
2024-12-23 00:00:00+00:00,7.95,8.05,7.81,7.97,329392
2024-12-24 00:00:00+00:00,7.92,7.99,7.83,7.94,135410
2024-12-26 00:00:00+00:00,8.05,8.0935,7.925,7.97,267523
2024-12-27 00:00:00+00:00,7.92,7.94,7.77,7.88,265713
2024-12-30 00:00:00+00:00,7.61,7.815,7.53,7.79,620118
2024-12-31 00:00:00+00:00,7.78,7.8,7.61,7.65,347902
2025-01-02 00:00:00+00:00,8.26,8.37,7.945,7.98,366706
2025-01-03 00:00:00+00:00,8.18,8.36,8.14,8.27,357437
2025-01-06 00:00:00+00:00,8.22,8.465,8.16,8.32,426322
2025-01-07 00:00:00+00:00,8.11,8.52,8.04,8.37,467255
2025-01-08 00:00:00+00:00,8.34,8.41,8.11,8.17,466539
2025-01-10 00:00:00+00:00,8.37,8.6,8.3,8.42,479633
2025-01-13 00:00:00+00:00,8.0,8.2,7.921,8.07,505321
2025-01-14 00:00:00+00:00,8.34,8.3499,8.02,8.08,357564
2025-01-15 00:00:00+00:00,8.43,8.57,8.2,8.54,406482
2025-01-16 00:00:00+00:00,8.27,8.57,8.22,8.54,425558
2025-01-17 00:00:00+00:00,8.39,8.52,8.0772,8.18,543208
2025-01-21 00:00:00+00:00,8.34,8.52,8.26,8.43,514279
2025-01-22 00:00:00+00:00,8.3,8.46,8.15,8.38,411696
2025-01-23 00:00:00+00:00,8.27,8.29,8.08,8.16,318580
2025-01-24 00:00:00+00:00,8.37,8.598,8.3,8.42,563130
2025-01-27 00:00:00+00:00,8.04,8.24,7.92,8.24,484149
2025-01-28 00:00:00+00:00,8.0,8.1798,7.9,8.11,670956
2025-01-29 00:00:00+00:00,8.24,8.24,7.98,7.99,414651
2025-01-30 00:00:00+00:00,8.55,8.755,8.365,8.44,875563
2025-01-31 00:00:00+00:00,8.24,8.56,8.16,8.55,498366
2025-02-03 00:00:00+00:00,8.42,8.57,8.17,8.23,542929
2025-02-04 00:00:00+00:00,8.66,8.719,8.42,8.43,451041
2025-02-05 00:00:00+00:00,8.71,9.0,8.67,8.76,371414
2025-02-06 00:00:00+00:00,8.65,8.69,8.44,8.69,309924
2025-02-07 00:00:00+00:00,7.38,7.57,7.19,7.5,10328164
2025-02-10 00:00:00+00:00,7.45,7.79,7.315,7.54,3100950
2025-02-11 00:00:00+00:00,7.39,7.66,7.28,7.38,1896624
2025-02-12 00:00:00+00:00,7.72,7.8,7.355,7.41,1718141
2025-02-13 00:00:00+00:00,7.62,7.76,7.475,7.76,1280034
2025-02-14 00:00:00+00:00,7.4,7.66,7.36,7.66,742484
2025-02-18 00:00:00+00:00,7.53,7.555,7.32,7.49,754950
2025-02-19 00:00:00+00:00,7.5,7.53,7.36,7.5,573997
2025-02-20 00:00:00+00:00,7.63,7.82,7.49,7.5,859662
2025-02-21 00:00:00+00:00,7.14,7.57,7.121,7.48,1367857
2025-02-24 00:00:00+00:00,7.23,7.28,7.04,7.23,592159
2025-02-25 00:00:00+00:00,7.11,7.2,6.9102,7.15,661267
2025-02-26 00:00:00+00:00,7.21,7.33,7.0803,7.09,519148
2025-02-27 00:00:00+00:00,6.88,7.15,6.88,7.15,487095
2025-02-28 00:00:00+00:00,6.88,6.9394,6.65,6.73,690392
2025-03-03 00:00:00+00:00,6.69,7.14,6.6,7.02,839470
2025-03-04 00:00:00+00:00,6.63,6.855,6.4556,6.82,677395
2025-03-05 00:00:00+00:00,7.14,7.165,6.57,6.57,810248
2025-03-06 00:00:00+00:00,7.18,7.28,7.025,7.06,595363
2025-03-07 00:00:00+00:00,7.15,7.44,7.09,7.19,693810
2025-03-10 00:00:00+00:00,6.99,7.29,6.865,7.15,704801
2025-03-11 00:00:00+00:00,7.25,7.36,7.06,7.06,1003577
2025-03-12 00:00:00+00:00,7.47,7.53,7.06,7.23,817753
2025-03-13 00:00:00+00:00,7.53,7.83,7.4162,7.45,1137865
2025-03-14 00:00:00+00:00,7.46,7.69,7.36,7.67,734691
2025-03-17 00:00:00+00:00,7.53,7.74,7.33,7.35,955470
2025-03-18 00:00:00+00:00,7.86,8.03,7.76,7.8,1534834
2025-03-19 00:00:00+00:00,8.24,8.32,7.53,7.81,1693026
2025-03-20 00:00:00+00:00,8.34,8.44,8.07,8.07,1435893
2025-03-21 00:00:00+00:00,7.65,8.33,7.64,8.25,1905946
2025-03-24 00:00:00+00:00,7.77,7.85,7.644,7.7,950483
2025-03-25 00:00:00+00:00,7.93,8.11,7.8793,7.89,743342
2025-03-26 00:00:00+00:00,7.87,8.08,7.82,7.97,898280
2025-03-27 00:00:00+00:00,8.05,8.16,7.81,8.02,583226
2025-03-28 00:00:00+00:00,7.7,8.2,7.655,8.15,934081
2025-03-31 00:00:00+00:00,7.55,7.69,7.185,7.69,1037920
2025-04-01 00:00:00+00:00,7.52,7.615,7.3815,7.5,528878
2025-04-02 00:00:00+00:00,7.5,7.535,7.34,7.44,791285
2025-04-03 00:00:00+00:00,7.39,7.54,7.02,7.14,704284
2025-04-04 00:00:00+00:00,6.71,7.175,6.6,7.175,712056
2025-04-07 00:00:00+00:00,6.67,7.225,6.38,6.5,873881
2025-04-08 00:00:00+00:00,6.56,7.0141,6.56,7.0,732447
2025-04-09 00:00:00+00:00,7.29,7.33,6.75,6.82,1072335
2025-04-10 00:00:00+00:00,7.57,7.6258,7.135,7.24,742949
2025-04-11 00:00:00+00:00,7.96,8.04,7.65,7.84,923399
2025-04-14 00:00:00+00:00,8.16,8.24,7.81,7.81,809975
2025-04-15 00:00:00+00:00,8.2,8.29,8.11,8.24,457307
2025-04-16 00:00:00+00:00,8.33,8.62,8.27,8.5,892822
2025-04-17 00:00:00+00:00,8.08,8.25,7.98,8.2,760350
2025-04-21 00:00:00+00:00,8.07,8.415,7.955,8.37,596948
2025-04-22 00:00:00+00:00,7.68,8.09,7.57,8.07,830812
2025-04-23 00:00:00+00:00,7.64,7.83,7.42,7.45,612673
2025-04-24 00:00:00+00:00,7.76,7.791,7.59,7.75,514767
2025-04-25 00:00:00+00:00,7.66,7.755,7.49,7.6,396277
2025-04-28 00:00:00+00:00,7.82,7.86,7.6,7.63,402896
2025-04-29 00:00:00+00:00,7.64,7.84,7.605,7.78,422666
2025-04-30 00:00:00+00:00,7.8,7.83,7.51,7.51,631892
2025-05-01 00:00:00+00:00,7.52,7.66,7.4203,7.63,512013
2025-05-02 00:00:00+00:00,7.36,7.67,7.25,7.66,480832
2025-05-05 00:00:00+00:00,7.54,7.6624,7.43,7.59,563147
2025-05-06 00:00:00+00:00,8.12,8.13,7.6,7.66,788910
2025-05-07 00:00:00+00:00,7.83,8.215,7.68,8.05,804070
2025-05-08 00:00:00+00:00,7.39,7.7,7.245,7.6,924181
2025-05-09 00:00:00+00:00,7.46,7.575,7.39,7.52,435117
2025-05-12 00:00:00+00:00,7.26,7.36,7.09,7.25,975662
2025-05-13 00:00:00+00:00,7.21,7.33,7.11,7.33,638866
2025-05-14 00:00:00+00:00,7.03,7.16,6.88,7.12,693762
2025-05-15 00:00:00+00:00,7.16,7.2,7.035,7.11,536739
2025-05-16 00:00:00+00:00,7.13,7.15,7.02,7.02,424350
2025-05-19 00:00:00+00:00,7.28,7.29,7.15,7.22,330080
2025-05-20 00:00:00+00:00,7.52,7.555,7.23,7.23,482505
2025-05-21 00:00:00+00:00,7.63,7.715,7.53,7.55,644060
2025-05-22 00:00:00+00:00,7.67,7.7,7.4201,7.59,567291
2025-05-23 00:00:00+00:00,7.96,7.98,7.621,7.76,796022
2025-05-27 00:00:00+00:00,8.06,8.125,7.75,7.76,587822
2025-05-28 00:00:00+00:00,8.18,8.24,8.04,8.11,404332
2025-05-29 00:00:00+00:00,8.08,8.31,8.075,8.24,498812
2025-05-30 00:00:00+00:00,8.03,8.115,7.86,8.02,318746
2025-06-02 00:00:00+00:00,8.62,8.7,8.25,8.29,1122498
2025-06-03 00:00:00+00:00,8.99,9.0,8.45,8.57,1009884
2025-06-04 00:00:00+00:00,8.99,9.14,8.9,9.0,918988
2025-06-05 00:00:00+00:00,9.26,9.54,9.08,9.25,1200370
2025-06-06 00:00:00+00:00,9.36,9.45,9.13,9.31,740964
2025-06-09 00:00:00+00:00,9.52,9.67,9.35,9.53,751558
2025-06-10 00:00:00+00:00,9.27,9.52,9.21,9.52,663689
2025-06-11 00:00:00+00:00,9.29,9.36,9.22,9.27,615212
2025-06-12 00:00:00+00:00,9.31,9.445,9.2,9.34,584489
2025-06-13 00:00:00+00:00,9.39,9.545,9.3,9.375,1166678
2025-06-16 00:00:00+00:00,9.61,9.72,9.31,9.31,794411
2025-06-17 00:00:00+00:00,9.43,9.71,9.29,9.71,813587
2025-06-18 00:00:00+00:00,9.46,9.585,9.29,9.4,1328591
2025-06-20 00:00:00+00:00,9.05,9.46,9.035,9.38,957776
2025-06-23 00:00:00+00:00,9.28,9.36,9.0,9.04,655626
2025-06-24 00:00:00+00:00,9.13,9.25,8.95,9.12,557461
2025-06-25 00:00:00+00:00,9.18,9.19,9.02,9.06,406902
2025-06-26 00:00:00+00:00,9.72,9.73,9.194,9.27,999745
2025-06-27 00:00:00+00:00,9.35,9.57,9.26,9.49,756099
2025-06-30 00:00:00+00:00,9.61,9.721,9.25,9.33,915674
2025-07-01 00:00:00+00:00,11.0,11.235,9.9,9.9,2582962
2025-07-02 00:00:00+00:00,10.99,11.15,10.6647,11.025,1172181
2025-07-03 00:00:00+00:00,11.37,11.46,10.94,10.94,827889
2025-07-07 00:00:00+00:00,11.38,11.38,11.01,11.19,1278889
2025-07-08 00:00:00+00:00,10.74,11.45,10.54,11.45,1058591
2025-07-09 00:00:00+00:00,10.75,10.85,10.61,10.71,719002
2025-07-10 00:00:00+00:00,10.64,10.8594,10.36,10.8,1019371
2025-07-11 00:00:00+00:00,10.97,10.97,10.65,10.69,757834
2025-07-14 00:00:00+00:00,10.89,11.105,10.74,10.94,576517
2025-07-15 00:00:00+00:00,11.0,11.025,10.7601,10.92,696037
2025-07-16 00:00:00+00:00,11.02,11.11,10.81,11.09,504824
2025-07-17 00:00:00+00:00,11.15,11.24,10.715,10.84,682941
2025-07-18 00:00:00+00:00,10.95,11.25,10.8247,11.24,585492
2025-07-21 00:00:00+00:00,11.33,11.51,11.04,11.11,746552
2025-07-22 00:00:00+00:00,11.64,11.69,11.24,11.48,608221
2025-07-23 00:00:00+00:00,11.65,11.8,11.44,11.64,754481
2025-07-24 00:00:00+00:00,11.5,11.71,11.3827,11.51,803212
2025-07-25 00:00:00+00:00,11.36,11.5699,11.2201,11.4,504949
2025-07-28 00:00:00+00:00,10.84,11.365,10.61,11.32,1037832
2025-07-29 00:00:00+00:00,10.69,11.09,10.605,11.01,697099
2025-07-30 00:00:00+00:00,10.19,10.63,10.13,10.58,1214670
2025-07-31 00:00:00+00:00,10.16,10.25,9.965,10.21,751027
2025-08-01 00:00:00+00:00,10.03,10.37,10.01,10.36,852542
2025-08-04 00:00:00+00:00,10.4,10.43,10.03,10.03,744758
2025-08-05 00:00:00+00:00,10.62,10.71,10.25,10.35,755649
2025-08-06 00:00:00+00:00,10.78,10.8654,10.63,10.67,684843
2025-08-07 00:00:00+00:00,10.74,11.1576,10.7,10.72,1181426
2025-08-08 00:00:00+00:00,10.2,10.818,10.05,10.78,1300821
2025-08-11 00:00:00+00:00,10.43,10.54,9.82,10.0,1180420
2025-08-12 00:00:00+00:00,10.49,10.6108,10.36,10.42,1128720
2025-08-13 00:00:00+00:00,10.53,10.85,10.41,10.6,858878
2025-08-14 00:00:00+00:00,10.39,10.7,10.39,10.48,1348535
2025-08-15 00:00:00+00:00,10.18,10.48,10.1335,10.26,1507424
2025-08-18 00:00:00+00:00,10.56,10.77,10.162,10.25,1891422
2025-08-19 00:00:00+00:00,9.88,10.59,9.865,10.5,1341804
2025-08-20 00:00:00+00:00,10.64,10.65,9.93,9.95,1435029
2025-08-21 00:00:00+00:00,10.95,11.295,10.65,10.66,831417
2025-08-22 00:00:00+00:00,10.86,11.12,10.7,10.82,651300
2025-08-25 00:00:00+00:00,10.85,11.1,10.78,10.9,589313
2025-08-26 00:00:00+00:00,11.13,11.38,11.04,11.2,1197007
2025-08-27 00:00:00+00:00,10.98,11.07,10.81,11.03,671402
2025-08-28 00:00:00+00:00,11.0,11.14,10.85,10.96,1014358
2025-08-29 00:00:00+00:00,11.55,11.59,10.96,10.96,1120122
2025-09-02 00:00:00+00:00,13.79,13.96,12.38,12.6,6217473
2025-09-03 00:00:00+00:00,13.91,14.29,13.48,14.1,3225372
2025-09-04 00:00:00+00:00,13.37,13.89,13.22,13.65,1593485
2025-09-05 00:00:00+00:00,13.57,13.85,13.32,13.75,1354657
2025-09-08 00:00:00+00:00,13.77,14.04,13.58,13.89,1653461
2025-09-09 00:00:00+00:00,13.56,13.905,13.45,13.88,1123772
