date,Open,High,Low,Close,Volume
2025-01-27 15:00:00+00:00,8.095,8.1,8.0,8.01,1590.0
2025-01-27 16:00:00+00:00,8.01,8.045,7.93,7.955,938.0
2025-01-27 17:00:00+00:00,7.96,7.985,7.925,7.93,1193.0
2025-01-27 18:00:00+00:00,7.93,8.02,7.925,8.02,773.0
2025-01-27 19:00:00+00:00,8.025,8.03,7.965,7.995,921.0
2025-01-27 20:00:00+00:00,7.99,8.05,7.99,8.05,4840.0
2025-01-28 15:00:00+00:00,8.045,8.12,7.95,7.965,2212.0
2025-01-28 16:00:00+00:00,7.975,8.015,7.95,7.99,1080.0
2025-01-28 17:00:00+00:00,7.99,8.02,7.96,7.965,1082.0
2025-01-28 18:00:00+00:00,7.965,8.04,7.93,7.96,921.0
2025-01-28 19:00:00+00:00,7.96,8.0,7.93,7.99,1033.0
2025-01-28 20:00:00+00:00,7.99,7.99,7.945,7.98,10050.0
2025-01-29 15:00:00+00:00,8.125,8.22,8.08,8.11,2014.0
2025-01-29 16:00:00+00:00,8.11,8.17,8.09,8.145,1161.0
2025-01-29 17:00:00+00:00,8.145,8.18,8.12,8.165,1024.0
2025-01-29 18:00:00+00:00,8.165,8.22,8.14,8.195,1183.0
2025-01-29 19:00:00+00:00,8.185,8.215,8.055,8.14,1018.0
2025-01-29 20:00:00+00:00,8.14,8.235,8.115,8.23,4905.0
2025-01-30 15:00:00+00:00,8.56,8.745,8.555,8.69,3229.0
2025-01-30 16:00:00+00:00,8.69,8.755,8.56,8.56,2510.0
2025-01-30 17:00:00+00:00,8.56,8.62,8.525,8.615,1284.0
2025-01-30 18:00:00+00:00,8.62,8.63,8.58,8.6,595.0
2025-01-30 19:00:00+00:00,8.595,8.6,8.53,8.535,933.0
2025-01-30 20:00:00+00:00,8.535,8.57,8.455,8.565,2443.0
2025-01-31 15:00:00+00:00,8.45,8.455,8.34,8.35,2139.0
2025-01-31 16:00:00+00:00,8.35,8.39,8.315,8.34,3155.0
2025-01-31 17:00:00+00:00,8.34,8.415,8.33,8.41,1039.0
2025-01-31 18:00:00+00:00,8.41,8.415,8.27,8.28,903.0
2025-01-31 19:00:00+00:00,8.28,8.29,8.185,8.21,1456.0
2025-01-31 20:00:00+00:00,8.21,8.24,8.16,8.24,1896.0
2025-02-03 15:00:00+00:00,8.515,8.55,8.295,8.37,1827.0
2025-02-03 16:00:00+00:00,8.37,8.565,8.32,8.485,1281.0
2025-02-03 17:00:00+00:00,8.485,8.53,8.405,8.41,1349.0
2025-02-03 18:00:00+00:00,8.4,8.49,8.39,8.46,464.0
2025-02-03 19:00:00+00:00,8.46,8.57,8.46,8.53,1124.0
2025-02-03 20:00:00+00:00,8.53,8.54,8.405,8.42,4829.0
2025-02-04 15:00:00+00:00,8.5,8.65,8.465,8.49,1070.0
2025-02-04 16:00:00+00:00,8.49,8.57,8.47,8.565,1415.0
2025-02-04 17:00:00+00:00,8.565,8.59,8.525,8.57,1016.0
2025-02-04 18:00:00+00:00,8.59,8.64,8.585,8.61,690.0
2025-02-04 19:00:00+00:00,8.61,8.64,8.605,8.62,723.0
2025-02-04 20:00:00+00:00,8.62,8.715,8.615,8.675,5404.0
2025-02-05 15:00:00+00:00,8.88,8.99,8.85,8.925,3335.0
2025-02-05 16:00:00+00:00,8.925,8.94,8.775,8.815,964.0
2025-02-05 17:00:00+00:00,8.815,8.88,8.8,8.83,835.0
2025-02-05 18:00:00+00:00,8.83,8.85,8.74,8.77,904.0
2025-02-05 19:00:00+00:00,8.78,8.78,8.665,8.675,843.0
2025-02-05 20:00:00+00:00,8.675,8.74,8.67,8.72,919.0
2025-02-06 15:00:00+00:00,8.485,8.63,8.455,8.595,1117.0
2025-02-06 16:00:00+00:00,8.59,8.62,8.56,8.575,950.0
2025-02-06 17:00:00+00:00,8.57,8.585,8.54,8.56,643.0
2025-02-06 18:00:00+00:00,8.56,8.62,8.545,8.585,952.0
2025-02-06 19:00:00+00:00,8.575,8.6,8.54,8.57,644.0
2025-02-06 20:00:00+00:00,8.57,8.675,8.55,8.665,1427.0
2025-02-07 15:00:00+00:00,7.455,7.55,7.36,7.485,55551.0
2025-02-07 16:00:00+00:00,7.49,7.56,7.41,7.415,16694.0
2025-02-07 17:00:00+00:00,7.415,7.425,7.295,7.3,17617.0
2025-02-07 18:00:00+00:00,7.3,7.35,7.19,7.305,16152.0
2025-02-07 19:00:00+00:00,7.305,7.32,7.24,7.26,5664.0
2025-02-07 20:00:00+00:00,7.265,7.39,7.245,7.39,22343.0
2025-02-10 15:00:00+00:00,7.645,7.7,7.605,7.665,11080.0
2025-02-10 16:00:00+00:00,7.665,7.67,7.495,7.495,8082.0
2025-02-10 17:00:00+00:00,7.495,7.545,7.46,7.465,4486.0
2025-02-10 18:00:00+00:00,7.465,7.5,7.395,7.405,4753.0
2025-02-10 19:00:00+00:00,7.405,7.42,7.31,7.315,7861.0
2025-02-10 20:00:00+00:00,7.315,7.48,7.31,7.44,12462.0
2025-02-11 15:00:00+00:00,7.385,7.645,7.355,7.635,6158.0
2025-02-11 16:00:00+00:00,7.64,7.655,7.485,7.535,5689.0
2025-02-11 17:00:00+00:00,7.535,7.59,7.49,7.535,13072.0
2025-02-11 18:00:00+00:00,7.53,7.57,7.49,7.555,4831.0
2025-02-11 19:00:00+00:00,7.55,7.57,7.445,7.465,4821.0
2025-02-11 20:00:00+00:00,7.465,7.465,7.365,7.37,7168.0
2025-02-12 15:00:00+00:00,7.43,7.5,7.355,7.495,3439.0
2025-02-12 16:00:00+00:00,7.49,7.595,7.42,7.575,13267.0
2025-02-12 17:00:00+00:00,7.575,7.795,7.575,7.755,8104.0
2025-02-12 18:00:00+00:00,7.755,7.79,7.665,7.675,5869.0
2025-02-12 19:00:00+00:00,7.675,7.675,7.58,7.655,5466.0
2025-02-12 20:00:00+00:00,7.655,7.72,7.58,7.71,11563.0
2025-02-13 15:00:00+00:00,7.65,7.675,7.575,7.66,1607.0
2025-02-13 16:00:00+00:00,7.67,7.67,7.53,7.54,1575.0
2025-02-13 17:00:00+00:00,7.54,7.55,7.515,7.525,2362.0
2025-02-13 18:00:00+00:00,7.525,7.605,7.48,7.555,5949.0
2025-02-13 19:00:00+00:00,7.555,7.68,7.55,7.665,1433.0
2025-02-13 20:00:00+00:00,7.665,7.68,7.57,7.625,11108.0
2025-02-14 15:00:00+00:00,7.575,7.64,7.42,7.525,9129.0
2025-02-14 16:00:00+00:00,7.525,7.55,7.5,7.515,9000.0
2025-02-14 17:00:00+00:00,7.515,7.515,7.455,7.475,5134.0
2025-02-14 18:00:00+00:00,7.475,7.48,7.43,7.435,4093.0
2025-02-14 19:00:00+00:00,7.435,7.435,7.35,7.37,5642.0
2025-02-14 20:00:00+00:00,7.365,7.41,7.36,7.395,10546.0
2025-02-17 15:00:00+00:00,7.395,7.395,7.395,7.395,0.0
2025-02-17 16:00:00+00:00,7.395,7.395,7.395,7.395,0.0
2025-02-17 17:00:00+00:00,7.395,7.395,7.395,7.395,0.0
2025-02-17 18:00:00+00:00,7.395,7.395,7.395,7.395,0.0
2025-02-17 19:00:00+00:00,7.395,7.395,7.395,7.395,0.0
2025-02-17 20:00:00+00:00,7.395,7.395,7.395,7.395,0.0
2025-02-18 15:00:00+00:00,7.44,7.495,7.425,7.465,792.0
2025-02-18 16:00:00+00:00,7.465,7.485,7.42,7.425,999.0
2025-02-18 17:00:00+00:00,7.425,7.555,7.42,7.495,3727.0
2025-02-18 18:00:00+00:00,7.495,7.505,7.425,7.435,1906.0
2025-02-18 19:00:00+00:00,7.435,7.51,7.435,7.495,1969.0
2025-02-18 20:00:00+00:00,7.495,7.555,7.49,7.535,4688.0
2025-02-19 15:00:00+00:00,7.465,7.48,7.36,7.365,2101.0
2025-02-19 16:00:00+00:00,7.36,7.44,7.36,7.415,2898.0
2025-02-19 17:00:00+00:00,7.41,7.42,7.355,7.375,2669.0
2025-02-19 18:00:00+00:00,7.375,7.46,7.375,7.445,1699.0
2025-02-19 19:00:00+00:00,7.44,7.5,7.43,7.49,3047.0
2025-02-19 20:00:00+00:00,7.485,7.525,7.475,7.495,7510.0
2025-02-20 15:00:00+00:00,7.635,7.64,7.555,7.6,2948.0
2025-02-20 16:00:00+00:00,7.595,7.82,7.585,7.695,6357.0
2025-02-20 17:00:00+00:00,7.695,7.75,7.65,7.655,2004.0
2025-02-20 18:00:00+00:00,7.65,7.665,7.61,7.635,1043.0
2025-02-20 19:00:00+00:00,7.635,7.69,7.625,7.69,2506.0
2025-02-20 20:00:00+00:00,7.685,7.685,7.61,7.635,4715.0
2025-02-21 15:00:00+00:00,7.41,7.43,7.26,7.345,10389.0
2025-02-21 16:00:00+00:00,7.35,7.385,7.32,7.375,1761.0
2025-02-21 17:00:00+00:00,7.375,7.405,7.32,7.325,3618.0
2025-02-21 18:00:00+00:00,7.325,7.325,7.23,7.285,7502.0
2025-02-21 19:00:00+00:00,7.285,7.285,7.15,7.165,964.0
2025-02-21 20:00:00+00:00,7.165,7.2,7.12,7.135,4877.0
2025-02-24 15:00:00+00:00,7.08,7.135,7.04,7.115,1144.0
2025-02-24 16:00:00+00:00,7.115,7.185,7.115,7.185,1445.0
2025-02-24 17:00:00+00:00,7.185,7.24,7.16,7.23,1411.0
2025-02-24 18:00:00+00:00,7.23,7.23,7.195,7.205,403.0
2025-02-24 19:00:00+00:00,7.205,7.27,7.19,7.245,2425.0
2025-02-24 20:00:00+00:00,7.245,7.28,7.235,7.24,3921.0
2025-02-25 15:00:00+00:00,7.05,7.105,6.915,6.975,3214.0
2025-02-25 16:00:00+00:00,6.98,7.1,6.955,7.085,2027.0
2025-02-25 17:00:00+00:00,7.085,7.105,7.04,7.105,648.0
2025-02-25 18:00:00+00:00,7.105,7.14,7.06,7.135,4394.0
2025-02-25 19:00:00+00:00,7.14,7.16,7.06,7.135,2540.0
2025-02-25 20:00:00+00:00,7.135,7.16,7.1,7.11,3964.0
2025-02-26 15:00:00+00:00,7.26,7.295,7.215,7.29,2497.0
2025-02-26 16:00:00+00:00,7.285,7.315,7.25,7.255,3332.0
2025-02-26 17:00:00+00:00,7.255,7.33,7.255,7.285,7389.0
2025-02-26 18:00:00+00:00,7.285,7.31,7.2,7.22,4459.0
2025-02-26 19:00:00+00:00,7.22,7.265,7.19,7.205,1833.0
2025-02-26 20:00:00+00:00,7.205,7.225,7.165,7.21,8383.0
2025-02-27 15:00:00+00:00,6.955,7.04,6.915,7.0,1825.0
2025-02-27 16:00:00+00:00,7.01,7.05,6.995,6.995,1922.0
2025-02-27 17:00:00+00:00,6.995,7.015,6.97,6.995,1142.0
2025-02-27 18:00:00+00:00,6.995,7.05,6.995,7.015,1661.0
2025-02-27 19:00:00+00:00,7.015,7.015,6.92,6.975,2191.0
2025-02-27 20:00:00+00:00,6.975,6.98,6.9,6.905,13928.0
2025-02-28 15:00:00+00:00,6.745,6.93,6.74,6.905,1037.0
2025-02-28 16:00:00+00:00,6.905,6.915,6.825,6.825,596.0
2025-02-28 17:00:00+00:00,6.82,6.845,6.79,6.795,3024.0
2025-02-28 18:00:00+00:00,6.795,6.83,6.765,6.765,1417.0
2025-02-28 19:00:00+00:00,6.765,6.83,6.75,6.81,3403.0
2025-02-28 20:00:00+00:00,6.815,6.89,6.785,6.89,3625.0
2025-03-03 15:00:00+00:00,6.915,7.06,6.905,6.98,1322.0
2025-03-03 16:00:00+00:00,6.98,7.03,6.93,6.965,1729.0
2025-03-03 17:00:00+00:00,6.965,6.965,6.9,6.905,1492.0
2025-03-03 18:00:00+00:00,6.905,6.915,6.76,6.77,3783.0
2025-03-03 19:00:00+00:00,6.77,6.78,6.66,6.665,4012.0
2025-03-03 20:00:00+00:00,6.655,6.725,6.605,6.695,10529.0
2025-03-04 15:00:00+00:00,6.505,6.565,6.46,6.515,1815.0
2025-03-04 16:00:00+00:00,6.505,6.565,6.465,6.555,1338.0
2025-03-04 17:00:00+00:00,6.555,6.65,6.555,6.585,1371.0
2025-03-04 18:00:00+00:00,6.585,6.645,6.58,6.645,552.0
2025-03-04 19:00:00+00:00,6.645,6.735,6.645,6.715,1666.0
2025-03-04 20:00:00+00:00,6.715,6.765,6.63,6.63,2897.0
2025-03-05 15:00:00+00:00,6.885,6.98,6.835,6.935,4325.0
2025-03-05 16:00:00+00:00,6.93,7.09,6.915,7.05,3527.0
2025-03-05 17:00:00+00:00,7.045,7.075,7.0,7.025,1671.0
2025-03-05 18:00:00+00:00,7.025,7.035,6.955,6.995,2332.0
2025-03-05 19:00:00+00:00,6.995,7.075,6.985,7.055,3165.0
2025-03-05 20:00:00+00:00,7.055,7.17,7.045,7.16,10560.0
2025-03-06 15:00:00+00:00,7.16,7.275,7.14,7.22,1408.0
2025-03-06 16:00:00+00:00,7.22,7.235,7.15,7.165,878.0
2025-03-06 17:00:00+00:00,7.165,7.18,7.09,7.11,2197.0
2025-03-06 18:00:00+00:00,7.11,7.2,7.11,7.135,3290.0
2025-03-06 19:00:00+00:00,7.135,7.215,7.06,7.08,2940.0
2025-03-06 20:00:00+00:00,7.07,7.18,7.06,7.175,4865.0
2025-03-07 15:00:00+00:00,7.415,7.43,7.225,7.23,2096.0
2025-03-07 16:00:00+00:00,7.23,7.27,7.135,7.14,1472.0
2025-03-07 17:00:00+00:00,7.14,7.225,7.09,7.17,905.0
2025-03-07 18:00:00+00:00,7.17,7.24,7.165,7.235,472.0
2025-03-07 19:00:00+00:00,7.235,7.3,7.225,7.245,1344.0
2025-03-07 20:00:00+00:00,7.24,7.265,7.145,7.155,2496.0
2025-03-10 14:00:00+00:00,7.085,7.235,7.06,7.16,1459.0
2025-03-10 15:00:00+00:00,7.165,7.165,7.145,7.145,6.0
2025-03-10 16:00:00+00:00,7.145,7.145,7.145,7.145,0.0
2025-03-10 17:00:00+00:00,7.145,7.145,6.93,6.935,3293.0
2025-03-10 18:00:00+00:00,6.935,6.97,6.865,6.915,2418.0
2025-03-10 19:00:00+00:00,6.915,7.055,6.885,6.99,4200.0
2025-03-11 14:00:00+00:00,7.25,7.32,7.17,7.23,1528.0
2025-03-11 15:00:00+00:00,7.23,7.295,7.18,7.205,1387.0
2025-03-11 16:00:00+00:00,7.2,7.235,7.16,7.17,943.0
2025-03-11 17:00:00+00:00,7.18,7.2,7.125,7.17,915.0
2025-03-11 18:00:00+00:00,7.17,7.295,7.17,7.255,2670.0
2025-03-11 19:00:00+00:00,7.255,7.305,7.22,7.24,6761.0
2025-03-12 14:00:00+00:00,7.19,7.26,7.135,7.19,7038.0
2025-03-12 15:00:00+00:00,7.185,7.225,7.145,7.195,1456.0
2025-03-12 16:00:00+00:00,7.195,7.32,7.17,7.3,1651.0
2025-03-12 17:00:00+00:00,7.305,7.41,7.305,7.335,1330.0
2025-03-12 18:00:00+00:00,7.335,7.47,7.33,7.465,2528.0
2025-03-12 19:00:00+00:00,7.47,7.525,7.42,7.48,11386.0
2025-03-13 14:00:00+00:00,7.51,7.61,7.475,7.57,3389.0
2025-03-13 15:00:00+00:00,7.585,7.835,7.58,7.79,13319.0
2025-03-13 16:00:00+00:00,7.805,7.805,7.56,7.595,4085.0
2025-03-13 17:00:00+00:00,7.59,7.605,7.45,7.455,3605.0
2025-03-13 18:00:00+00:00,7.445,7.56,7.445,7.535,2057.0
2025-03-13 19:00:00+00:00,7.54,7.585,7.53,7.535,4979.0
2025-03-14 14:00:00+00:00,7.4,7.55,7.4,7.53,2841.0
2025-03-14 15:00:00+00:00,7.53,7.57,7.475,7.55,2227.0
2025-03-14 16:00:00+00:00,7.545,7.56,7.485,7.525,1198.0
2025-03-14 17:00:00+00:00,7.52,7.54,7.435,7.48,1818.0
2025-03-14 18:00:00+00:00,7.48,7.5,7.435,7.435,969.0
2025-03-14 19:00:00+00:00,7.435,7.51,7.435,7.48,6093.0
2025-03-17 14:00:00+00:00,7.51,7.655,7.465,7.585,3841.0
2025-03-17 15:00:00+00:00,7.585,7.74,7.53,7.725,6628.0
2025-03-17 16:00:00+00:00,7.725,7.74,7.63,7.66,2835.0
2025-03-17 17:00:00+00:00,7.66,7.695,7.64,7.68,1730.0
2025-03-17 18:00:00+00:00,7.68,7.69,7.58,7.595,5691.0
2025-03-17 19:00:00+00:00,7.595,7.61,7.52,7.525,11714.0
2025-03-18 14:00:00+00:00,7.9,7.965,7.83,7.84,14978.0
2025-03-18 15:00:00+00:00,7.84,8.035,7.83,7.99,6913.0
2025-03-18 16:00:00+00:00,7.995,8.005,7.935,7.955,4719.0
2025-03-18 17:00:00+00:00,7.955,7.965,7.835,7.875,2592.0
2025-03-18 18:00:00+00:00,7.87,7.88,7.805,7.835,13964.0
2025-03-18 19:00:00+00:00,7.835,7.88,7.765,7.86,13112.0
2025-03-19 14:00:00+00:00,7.725,7.83,7.685,7.825,4888.0
2025-03-19 15:00:00+00:00,7.825,7.99,7.805,7.95,5160.0
2025-03-19 16:00:00+00:00,7.95,8.03,7.945,7.985,3732.0
2025-03-19 17:00:00+00:00,7.98,8.0,7.935,7.985,3126.0
2025-03-19 18:00:00+00:00,7.97,8.32,7.97,8.295,6703.0
2025-03-19 19:00:00+00:00,8.29,8.325,8.205,8.245,13998.0
2025-03-20 14:00:00+00:00,8.16,8.295,8.12,8.275,5886.0
2025-03-20 15:00:00+00:00,8.27,8.28,8.17,8.185,5092.0
2025-03-20 16:00:00+00:00,8.18,8.255,8.145,8.25,5612.0
2025-03-20 17:00:00+00:00,8.25,8.33,8.24,8.33,3164.0
2025-03-20 18:00:00+00:00,8.33,8.35,8.265,8.315,5682.0
2025-03-20 19:00:00+00:00,8.315,8.435,8.31,8.33,14965.0
2025-03-21 14:00:00+00:00,7.88,7.99,7.795,7.935,7069.0
2025-03-21 15:00:00+00:00,7.945,7.95,7.73,7.735,2881.0
2025-03-21 16:00:00+00:00,7.735,7.87,7.735,7.86,9311.0
2025-03-21 17:00:00+00:00,7.855,7.865,7.78,7.785,7753.0
2025-03-21 18:00:00+00:00,7.785,7.805,7.68,7.715,5691.0
2025-03-21 19:00:00+00:00,7.715,7.725,7.64,7.65,7966.0
2025-03-24 14:00:00+00:00,7.725,7.8,7.64,7.695,5992.0
2025-03-24 15:00:00+00:00,7.69,7.77,7.645,7.755,4335.0
2025-03-24 16:00:00+00:00,7.755,7.755,7.68,7.695,3248.0
2025-03-24 17:00:00+00:00,7.695,7.73,7.67,7.725,2616.0
2025-03-24 18:00:00+00:00,7.72,7.755,7.7,7.725,7229.0
2025-03-24 19:00:00+00:00,7.725,7.77,7.68,7.765,10238.0
2025-03-25 14:00:00+00:00,7.925,7.97,7.87,7.95,1100.0
2025-03-25 15:00:00+00:00,7.95,8.04,7.945,8.035,2739.0
2025-03-25 16:00:00+00:00,8.045,8.09,8.035,8.08,1560.0
2025-03-25 17:00:00+00:00,8.075,8.11,8.045,8.075,1908.0
2025-03-25 18:00:00+00:00,8.075,8.08,8.02,8.03,5754.0
2025-03-25 19:00:00+00:00,8.025,8.06,7.92,7.92,8679.0
2025-03-26 14:00:00+00:00,7.875,8.05,7.86,8.025,2264.0
2025-03-26 15:00:00+00:00,8.025,8.08,7.95,7.965,13256.0
2025-03-26 16:00:00+00:00,7.965,8.0,7.915,7.94,4039.0
2025-03-26 17:00:00+00:00,7.935,7.94,7.865,7.89,2087.0
2025-03-26 18:00:00+00:00,7.89,7.91,7.86,7.875,1994.0
2025-03-26 19:00:00+00:00,7.875,7.895,7.815,7.86,9240.0
2025-03-27 14:00:00+00:00,8.0,8.1,7.97,8.06,1677.0
2025-03-27 15:00:00+00:00,8.065,8.165,8.045,8.045,2102.0
2025-03-27 16:00:00+00:00,8.035,8.08,8.005,8.005,921.0
2025-03-27 17:00:00+00:00,8.005,8.055,7.99,8.01,1971.0
2025-03-27 18:00:00+00:00,8.01,8.04,7.995,8.005,1805.0
2025-03-27 19:00:00+00:00,8.005,8.085,7.985,8.045,8418.0
2025-03-28 14:00:00+00:00,8.095,8.19,7.865,7.885,2960.0
2025-03-28 15:00:00+00:00,7.88,7.94,7.81,7.835,1897.0
2025-03-28 16:00:00+00:00,7.835,7.88,7.8,7.805,1379.0
2025-03-28 17:00:00+00:00,7.805,7.805,7.65,7.69,1459.0
2025-03-28 18:00:00+00:00,7.685,7.78,7.685,7.775,3122.0
2025-03-28 19:00:00+00:00,7.775,7.795,7.68,7.69,5424.0
2025-03-31 14:00:00+00:00,7.44,7.595,7.375,7.455,1699.0
2025-03-31 15:00:00+00:00,7.455,7.54,7.44,7.485,1816.0
2025-03-31 16:00:00+00:00,7.49,7.57,7.46,7.505,1027.0
2025-03-31 17:00:00+00:00,7.505,7.52,7.48,7.5,605.0
2025-03-31 18:00:00+00:00,7.505,7.575,7.5,7.515,1382.0
2025-03-31 19:00:00+00:00,7.515,7.555,7.5,7.545,5840.0
2025-04-01 14:00:00+00:00,7.445,7.57,7.39,7.555,2861.0
2025-04-01 15:00:00+00:00,7.555,7.615,7.505,7.505,866.0
2025-04-01 16:00:00+00:00,7.505,7.55,7.43,7.44,1644.0
2025-04-01 17:00:00+00:00,7.445,7.485,7.43,7.46,1085.0
2025-04-01 18:00:00+00:00,7.465,7.465,7.405,7.425,2248.0
2025-04-01 19:00:00+00:00,7.425,7.525,7.425,7.52,4342.0
2025-04-02 14:00:00+00:00,7.335,7.46,7.335,7.415,860.0
2025-04-02 15:00:00+00:00,7.415,7.495,7.39,7.465,1674.0
2025-04-02 16:00:00+00:00,7.465,7.52,7.465,7.495,1277.0
2025-04-02 17:00:00+00:00,7.495,7.54,7.45,7.455,1255.0
2025-04-02 18:00:00+00:00,7.45,7.49,7.4,7.45,3452.0
2025-04-02 19:00:00+00:00,7.455,7.505,7.43,7.505,11897.0
2025-04-03 14:00:00+00:00,7.305,7.55,7.305,7.485,1879.0
2025-04-03 15:00:00+00:00,7.48,7.505,7.395,7.44,1301.0
2025-04-03 16:00:00+00:00,7.44,7.495,7.415,7.425,485.0
2025-04-03 17:00:00+00:00,7.425,7.45,7.37,7.4,1316.0
2025-04-03 18:00:00+00:00,7.4,7.415,7.32,7.415,1175.0
2025-04-03 19:00:00+00:00,7.415,7.45,7.375,7.38,10036.0
2025-04-04 14:00:00+00:00,6.925,6.95,6.595,6.805,2739.0
2025-04-04 15:00:00+00:00,6.775,6.94,6.7,6.71,715.0
2025-04-04 16:00:00+00:00,6.715,6.785,6.71,6.735,735.0
2025-04-04 17:00:00+00:00,6.74,6.78,6.645,6.765,1458.0
2025-04-04 18:00:00+00:00,6.765,6.79,6.605,6.665,1119.0
2025-04-04 19:00:00+00:00,6.665,6.805,6.655,6.705,6689.0
2025-04-07 14:00:00+00:00,6.845,7.225,6.735,6.865,2310.0
2025-04-07 15:00:00+00:00,6.835,6.94,6.6,6.765,1942.0
2025-04-07 16:00:00+00:00,6.765,6.785,6.615,6.64,1669.0
2025-04-07 17:00:00+00:00,6.64,6.88,6.64,6.835,1568.0
2025-04-07 18:00:00+00:00,6.835,6.855,6.61,6.615,1373.0
2025-04-07 19:00:00+00:00,6.615,6.73,6.605,6.685,4295.0
2025-04-08 14:00:00+00:00,6.945,7.015,6.805,6.82,1363.0
2025-04-08 15:00:00+00:00,6.82,6.95,6.78,6.92,967.0
2025-04-08 16:00:00+00:00,6.915,6.955,6.765,6.775,1326.0
2025-04-08 17:00:00+00:00,6.775,6.815,6.71,6.79,1338.0
2025-04-08 18:00:00+00:00,6.78,6.875,6.715,6.73,890.0
2025-04-08 19:00:00+00:00,6.73,6.745,6.565,6.57,5896.0
2025-04-09 14:00:00+00:00,6.96,7.01,6.745,6.75,2722.0
2025-04-09 15:00:00+00:00,6.745,6.925,6.745,6.8,1431.0
2025-04-09 16:00:00+00:00,6.8,6.9,6.78,6.87,942.0
2025-04-09 17:00:00+00:00,6.87,7.235,6.845,7.225,1026.0
2025-04-09 18:00:00+00:00,7.235,7.25,7.09,7.14,1672.0
2025-04-09 19:00:00+00:00,7.13,7.335,7.09,7.295,5922.0
2025-04-10 14:00:00+00:00,7.365,7.6,7.345,7.54,3172.0
2025-04-10 15:00:00+00:00,7.54,7.61,7.395,7.405,1318.0
2025-04-10 16:00:00+00:00,7.455,7.535,7.36,7.53,617.0
2025-04-10 17:00:00+00:00,7.525,7.565,7.385,7.545,745.0
2025-04-10 18:00:00+00:00,7.545,7.62,7.48,7.58,129.0
2025-04-10 19:00:00+00:00,7.56,7.625,7.445,7.555,2034.0
2025-04-11 14:00:00+00:00,7.82,7.905,7.645,7.71,2829.0
2025-04-11 15:00:00+00:00,7.71,7.83,7.705,7.82,1536.0
2025-04-11 16:00:00+00:00,7.82,7.86,7.755,7.85,1556.0
2025-04-11 17:00:00+00:00,7.855,7.955,7.83,7.955,2714.0
2025-04-11 18:00:00+00:00,7.955,8.035,7.955,7.98,2686.0
2025-04-11 19:00:00+00:00,7.98,8.025,7.925,7.96,7321.0
2025-04-14 14:00:00+00:00,8.045,8.185,8.03,8.145,1687.0
2025-04-14 15:00:00+00:00,8.15,8.24,8.11,8.13,5815.0
2025-04-14 16:00:00+00:00,8.13,8.165,8.085,8.09,2496.0
2025-04-14 17:00:00+00:00,8.085,8.195,8.085,8.15,1598.0
2025-04-14 18:00:00+00:00,8.145,8.19,8.1,8.17,1935.0
2025-04-14 19:00:00+00:00,8.185,8.2,8.135,8.165,2976.0
2025-04-15 14:00:00+00:00,8.18,8.26,8.13,8.135,889.0
2025-04-15 15:00:00+00:00,8.135,8.195,8.1,8.125,783.0
2025-04-15 16:00:00+00:00,8.125,8.195,8.11,8.155,1088.0
2025-04-15 17:00:00+00:00,8.155,8.175,8.12,8.135,357.0
2025-04-15 18:00:00+00:00,8.13,8.175,8.115,8.165,342.0
2025-04-15 19:00:00+00:00,8.165,8.25,8.16,8.22,2644.0
2025-04-16 14:00:00+00:00,8.51,8.61,8.39,8.415,6530.0
2025-04-16 15:00:00+00:00,8.415,8.495,8.375,8.455,1760.0
2025-04-16 16:00:00+00:00,8.455,8.49,8.42,8.435,2623.0
2025-04-16 17:00:00+00:00,8.435,8.505,8.285,8.295,6154.0
2025-04-16 18:00:00+00:00,8.295,8.385,8.285,8.285,1391.0
2025-04-16 19:00:00+00:00,8.285,8.36,8.27,8.33,5502.0
2025-04-17 14:00:00+00:00,8.18,8.185,7.97,7.995,7934.0
2025-04-17 15:00:00+00:00,8.0,8.095,7.995,8.015,1631.0
2025-04-17 16:00:00+00:00,8.02,8.12,7.995,8.11,994.0
2025-04-17 17:00:00+00:00,8.11,8.17,8.075,8.145,1550.0
2025-04-17 18:00:00+00:00,8.145,8.165,8.1,8.135,2162.0
2025-04-17 19:00:00+00:00,8.135,8.15,8.06,8.075,5864.0
2025-04-18 14:00:00+00:00,8.075,8.075,8.075,8.075,0.0
2025-04-18 15:00:00+00:00,8.075,8.075,8.075,8.075,0.0
2025-04-18 16:00:00+00:00,8.075,8.075,8.075,8.075,0.0
2025-04-18 17:00:00+00:00,8.075,8.075,8.075,8.075,0.0
2025-04-18 18:00:00+00:00,8.075,8.075,8.075,8.075,0.0
2025-04-18 19:00:00+00:00,8.075,8.075,8.075,8.075,0.0
2025-04-21 14:00:00+00:00,8.21,8.33,8.16,8.175,1962.0
2025-04-21 15:00:00+00:00,8.17,8.17,8.06,8.09,1375.0
2025-04-21 16:00:00+00:00,8.09,8.095,7.995,7.995,888.0
2025-04-21 17:00:00+00:00,7.995,8.01,7.96,7.96,1708.0
2025-04-21 18:00:00+00:00,7.96,8.055,7.955,8.01,1603.0
2025-04-21 19:00:00+00:00,8.01,8.11,8.01,8.065,6905.0
2025-04-22 14:00:00+00:00,7.845,7.915,7.78,7.79,2449.0
2025-04-22 15:00:00+00:00,7.79,7.83,7.725,7.775,3175.0
2025-04-22 16:00:00+00:00,7.77,7.815,7.66,7.71,1860.0
2025-04-22 17:00:00+00:00,7.71,7.72,7.65,7.655,1537.0
2025-04-22 18:00:00+00:00,7.655,7.75,7.63,7.66,2902.0
2025-04-22 19:00:00+00:00,7.66,7.695,7.575,7.67,9538.0
2025-04-23 14:00:00+00:00,7.665,7.83,7.61,7.79,3603.0
2025-04-23 15:00:00+00:00,7.79,7.835,7.695,7.745,2477.0
2025-04-23 16:00:00+00:00,7.745,7.83,7.735,7.79,2052.0
2025-04-23 17:00:00+00:00,7.79,7.795,7.72,7.77,1735.0
2025-04-23 18:00:00+00:00,7.775,7.79,7.68,7.7,1496.0
2025-04-23 19:00:00+00:00,7.69,7.725,7.64,7.645,4160.0
2025-04-24 14:00:00+00:00,7.625,7.75,7.58,7.715,1316.0
2025-04-24 15:00:00+00:00,7.705,7.73,7.65,7.72,3118.0
2025-04-24 16:00:00+00:00,7.72,7.79,7.72,7.77,3048.0
2025-04-24 17:00:00+00:00,7.77,7.795,7.74,7.785,1286.0
2025-04-24 18:00:00+00:00,7.78,7.795,7.73,7.745,617.0
2025-04-24 19:00:00+00:00,7.745,7.785,7.71,7.76,7633.0
2025-04-25 14:00:00+00:00,7.685,7.75,7.63,7.635,4323.0
2025-04-25 15:00:00+00:00,7.635,7.68,7.61,7.67,833.0
2025-04-25 16:00:00+00:00,7.67,7.69,7.63,7.665,982.0
2025-04-25 17:00:00+00:00,7.66,7.695,7.64,7.645,930.0
2025-04-25 18:00:00+00:00,7.645,7.7,7.62,7.64,1654.0
2025-04-25 19:00:00+00:00,7.64,7.68,7.62,7.65,7378.0
2025-04-28 14:00:00+00:00,7.7,7.865,7.695,7.78,3437.0
2025-04-28 15:00:00+00:00,7.78,7.785,7.7,7.715,1850.0
2025-04-28 16:00:00+00:00,7.715,7.75,7.7,7.73,1408.0
2025-04-28 17:00:00+00:00,7.725,7.77,7.72,7.74,3065.0
2025-04-28 18:00:00+00:00,7.74,7.79,7.725,7.735,2350.0
2025-04-28 19:00:00+00:00,7.735,7.83,7.735,7.825,11414.0
2025-04-29 14:00:00+00:00,7.65,7.7,7.64,7.65,1115.0
2025-04-29 15:00:00+00:00,7.65,7.66,7.605,7.635,1276.0
2025-04-29 16:00:00+00:00,7.635,7.68,7.62,7.65,1927.0
2025-04-29 17:00:00+00:00,7.655,7.705,7.63,7.665,1656.0
2025-04-29 18:00:00+00:00,7.665,7.745,7.64,7.65,1816.0
2025-04-29 19:00:00+00:00,7.65,7.71,7.625,7.63,4838.0
2025-04-30 14:00:00+00:00,7.675,7.78,7.66,7.72,3314.0
2025-04-30 15:00:00+00:00,7.72,7.775,7.7,7.735,4090.0
2025-04-30 16:00:00+00:00,7.735,7.77,7.7,7.755,1678.0
2025-04-30 17:00:00+00:00,7.755,7.83,7.735,7.755,4840.0
2025-04-30 18:00:00+00:00,7.75,7.825,7.745,7.795,2312.0
2025-04-30 19:00:00+00:00,7.795,7.83,7.77,7.81,11783.0
2025-05-01 14:00:00+00:00,7.54,7.66,7.54,7.605,1162.0
2025-05-01 15:00:00+00:00,7.615,7.64,7.51,7.54,2178.0
2025-05-01 16:00:00+00:00,7.545,7.545,7.46,7.49,1896.0
2025-05-01 17:00:00+00:00,7.49,7.5,7.43,7.465,1950.0
2025-05-01 18:00:00+00:00,7.465,7.495,7.45,7.485,1582.0
2025-05-01 19:00:00+00:00,7.485,7.535,7.48,7.5,7235.0
2025-05-02 14:00:00+00:00,7.35,7.375,7.255,7.315,2944.0
2025-05-02 15:00:00+00:00,7.315,7.32,7.24,7.285,1312.0
2025-05-02 16:00:00+00:00,7.285,7.31,7.275,7.3,694.0
2025-05-02 17:00:00+00:00,7.3,7.37,7.28,7.355,1807.0
2025-05-02 18:00:00+00:00,7.355,7.38,7.32,7.335,2161.0
2025-05-02 19:00:00+00:00,7.335,7.37,7.325,7.355,4745.0
2025-05-05 14:00:00+00:00,7.49,7.65,7.465,7.63,5201.0
2025-05-05 15:00:00+00:00,7.625,7.675,7.55,7.55,1877.0
2025-05-05 16:00:00+00:00,7.55,7.58,7.53,7.54,3327.0
2025-05-05 17:00:00+00:00,7.535,7.565,7.515,7.55,3307.0
2025-05-05 18:00:00+00:00,7.55,7.555,7.51,7.53,3530.0
2025-05-05 19:00:00+00:00,7.53,7.58,7.515,7.525,7525.0
2025-05-06 14:00:00+00:00,7.645,7.74,7.63,7.675,1550.0
2025-05-06 15:00:00+00:00,7.675,7.785,7.67,7.745,1905.0
2025-05-06 16:00:00+00:00,7.745,7.78,7.725,7.75,2278.0
2025-05-06 17:00:00+00:00,7.75,7.84,7.745,7.835,1951.0
2025-05-06 18:00:00+00:00,7.835,7.95,7.83,7.94,2028.0
2025-05-06 19:00:00+00:00,7.94,8.125,7.92,8.125,9870.0
2025-05-07 14:00:00+00:00,8.17,8.175,7.915,7.985,2923.0
2025-05-07 15:00:00+00:00,7.985,8.02,7.94,7.975,4480.0
2025-05-07 16:00:00+00:00,7.975,8.0,7.935,7.945,2771.0
2025-05-07 17:00:00+00:00,7.94,7.96,7.83,7.84,3219.0
2025-05-07 18:00:00+00:00,7.84,7.905,7.71,7.775,3063.0
2025-05-07 19:00:00+00:00,7.775,7.825,7.68,7.81,9942.0
2025-05-08 14:00:00+00:00,7.26,7.5,7.26,7.47,7825.0
2025-05-08 15:00:00+00:00,7.455,7.58,7.395,7.45,4163.0
2025-05-08 16:00:00+00:00,7.45,7.465,7.41,7.435,3223.0
2025-05-08 17:00:00+00:00,7.435,7.45,7.38,7.39,2709.0
2025-05-08 18:00:00+00:00,7.385,7.42,7.305,7.33,4111.0
2025-05-08 19:00:00+00:00,7.33,7.46,7.32,7.4,15646.0
2025-05-09 14:00:00+00:00,7.425,7.565,7.39,7.515,1421.0
2025-05-09 15:00:00+00:00,7.515,7.56,7.49,7.5,3126.0
2025-05-09 16:00:00+00:00,7.5,7.53,7.45,7.45,1618.0
2025-05-09 17:00:00+00:00,7.45,7.5,7.45,7.495,876.0
2025-05-09 18:00:00+00:00,7.495,7.51,7.46,7.49,1368.0
2025-05-09 19:00:00+00:00,7.48,7.49,7.405,7.43,5827.0
2025-05-12 14:00:00+00:00,7.145,7.31,7.13,7.26,5311.0
2025-05-12 15:00:00+00:00,7.26,7.32,7.25,7.31,2672.0
2025-05-12 16:00:00+00:00,7.31,7.35,7.275,7.325,4190.0
2025-05-12 17:00:00+00:00,7.325,7.36,7.295,7.305,3312.0
2025-05-12 18:00:00+00:00,7.305,7.325,7.22,7.295,2963.0
2025-05-12 19:00:00+00:00,7.295,7.34,7.255,7.265,7111.0
2025-05-13 14:00:00+00:00,7.125,7.22,7.125,7.19,4159.0
2025-05-13 15:00:00+00:00,7.19,7.2,7.125,7.18,4980.0
2025-05-13 16:00:00+00:00,7.18,7.18,7.11,7.145,4883.0
2025-05-13 17:00:00+00:00,7.15,7.17,7.115,7.135,3432.0
2025-05-13 18:00:00+00:00,7.135,7.19,7.125,7.185,4722.0
2025-05-13 19:00:00+00:00,7.18,7.22,7.16,7.19,8511.0
2025-05-14 14:00:00+00:00,6.96,7.025,6.93,6.96,3974.0
2025-05-14 15:00:00+00:00,6.96,6.96,6.885,6.915,2848.0
2025-05-14 16:00:00+00:00,6.915,6.965,6.88,6.96,4839.0
2025-05-14 17:00:00+00:00,6.96,6.985,6.955,6.975,3181.0
2025-05-14 18:00:00+00:00,6.975,7.015,6.97,7.005,4219.0
2025-05-14 19:00:00+00:00,7.005,7.05,6.995,7.04,4699.0
2025-05-15 14:00:00+00:00,7.045,7.165,7.04,7.135,1657.0
2025-05-15 15:00:00+00:00,7.135,7.19,7.13,7.185,2264.0
2025-05-15 16:00:00+00:00,7.19,7.2,7.13,7.165,2488.0
2025-05-15 17:00:00+00:00,7.165,7.2,7.165,7.18,2305.0
2025-05-15 18:00:00+00:00,7.18,7.2,7.15,7.15,4339.0
2025-05-15 19:00:00+00:00,7.155,7.185,7.14,7.16,4806.0
2025-05-16 14:00:00+00:00,7.055,7.09,7.02,7.04,1255.0
2025-05-16 15:00:00+00:00,7.055,7.105,7.04,7.1,1138.0
2025-05-16 16:00:00+00:00,7.1,7.12,7.08,7.09,879.0
2025-05-16 17:00:00+00:00,7.085,7.12,7.085,7.105,1173.0
2025-05-16 18:00:00+00:00,7.105,7.12,7.08,7.11,2246.0
2025-05-16 19:00:00+00:00,7.115,7.155,7.115,7.125,4120.0
2025-05-19 14:00:00+00:00,7.17,7.28,7.15,7.23,1557.0
2025-05-19 15:00:00+00:00,7.23,7.28,7.23,7.25,1481.0
2025-05-19 16:00:00+00:00,7.25,7.29,7.245,7.275,3422.0
2025-05-19 17:00:00+00:00,7.28,7.29,7.25,7.25,2337.0
2025-05-19 18:00:00+00:00,7.255,7.275,7.24,7.255,2588.0
2025-05-19 19:00:00+00:00,7.26,7.285,7.25,7.275,6257.0
2025-05-20 14:00:00+00:00,7.325,7.44,7.325,7.395,1225.0
2025-05-20 15:00:00+00:00,7.395,7.44,7.38,7.42,2532.0
2025-05-20 16:00:00+00:00,7.42,7.48,7.405,7.47,2485.0
2025-05-20 17:00:00+00:00,7.47,7.515,7.46,7.505,3297.0
2025-05-20 18:00:00+00:00,7.505,7.54,7.485,7.525,2430.0
2025-05-20 19:00:00+00:00,7.525,7.56,7.51,7.53,9250.0
2025-05-21 14:00:00+00:00,7.67,7.67,7.56,7.605,2250.0
2025-05-21 15:00:00+00:00,7.605,7.715,7.6,7.695,5469.0
2025-05-21 16:00:00+00:00,7.695,7.7,7.635,7.635,2366.0
2025-05-21 17:00:00+00:00,7.63,7.645,7.53,7.625,4265.0
2025-05-21 18:00:00+00:00,7.63,7.635,7.595,7.6,1320.0
2025-05-21 19:00:00+00:00,7.595,7.66,7.595,7.63,8847.0
2025-05-22 14:00:00+00:00,7.435,7.625,7.43,7.565,2173.0
2025-05-22 15:00:00+00:00,7.565,7.58,7.535,7.57,2034.0
2025-05-22 16:00:00+00:00,7.575,7.67,7.56,7.655,1509.0
2025-05-22 17:00:00+00:00,7.655,7.7,7.64,7.68,1443.0
2025-05-22 18:00:00+00:00,7.685,7.685,7.66,7.675,629.0
2025-05-22 19:00:00+00:00,7.675,7.695,7.655,7.67,3825.0
2025-05-23 14:00:00+00:00,7.78,7.9,7.77,7.895,3592.0
2025-05-23 15:00:00+00:00,7.895,7.96,7.885,7.915,3200.0
2025-05-23 16:00:00+00:00,7.915,7.92,7.86,7.88,1172.0
2025-05-23 17:00:00+00:00,7.88,7.945,7.88,7.92,1430.0
2025-05-23 18:00:00+00:00,7.915,7.97,7.9,7.955,2540.0
2025-05-23 19:00:00+00:00,7.95,7.98,7.935,7.97,13382.0
2025-05-26 14:00:00+00:00,7.97,7.97,7.97,7.97,0.0
2025-05-26 15:00:00+00:00,7.97,7.97,7.97,7.97,0.0
2025-05-26 16:00:00+00:00,7.97,7.97,7.97,7.97,0.0
2025-05-26 17:00:00+00:00,7.97,7.97,7.97,7.97,0.0
2025-05-26 18:00:00+00:00,7.97,7.97,7.97,7.97,0.0
2025-05-26 19:00:00+00:00,7.97,7.97,7.97,7.97,0.0
2025-05-27 14:00:00+00:00,7.875,8.06,7.84,8.045,5404.0
2025-05-27 15:00:00+00:00,8.04,8.06,7.975,8.015,2034.0
2025-05-27 16:00:00+00:00,8.015,8.1,8.01,8.1,1276.0
2025-05-27 17:00:00+00:00,8.095,8.11,8.07,8.1,1737.0
2025-05-27 18:00:00+00:00,8.09,8.115,8.075,8.095,915.0
2025-05-27 19:00:00+00:00,8.095,8.125,8.05,8.065,4289.0
2025-05-28 14:00:00+00:00,8.175,8.25,8.155,8.16,851.0
2025-05-28 15:00:00+00:00,8.155,8.17,8.085,8.09,1392.0
2025-05-28 16:00:00+00:00,8.09,8.105,8.04,8.055,3496.0
2025-05-28 17:00:00+00:00,8.055,8.14,8.055,8.125,2440.0
2025-05-28 18:00:00+00:00,8.125,8.195,8.125,8.15,3007.0
2025-05-28 19:00:00+00:00,8.15,8.195,8.14,8.175,10523.0
2025-05-29 14:00:00+00:00,8.14,8.215,8.105,8.13,3314.0
2025-05-29 15:00:00+00:00,8.13,8.255,8.125,8.205,3975.0
2025-05-29 16:00:00+00:00,8.205,8.22,8.145,8.155,1271.0
2025-05-29 17:00:00+00:00,8.155,8.18,8.11,8.115,1760.0
2025-05-29 18:00:00+00:00,8.115,8.125,8.08,8.105,2468.0
2025-05-29 19:00:00+00:00,8.105,8.125,8.075,8.09,5035.0
2025-05-30 14:00:00+00:00,7.95,8.015,7.945,7.975,1490.0
2025-05-30 15:00:00+00:00,7.975,8.025,7.95,7.965,880.0
2025-05-30 16:00:00+00:00,7.96,7.965,7.855,7.91,1954.0
2025-05-30 17:00:00+00:00,7.92,7.96,7.91,7.945,1585.0
2025-05-30 18:00:00+00:00,7.945,8.015,7.945,8.0,1576.0
2025-05-30 19:00:00+00:00,8.0,8.055,7.995,8.03,3646.0
2025-06-02 14:00:00+00:00,8.525,8.65,8.5,8.555,5506.0
2025-06-02 15:00:00+00:00,8.555,8.59,8.47,8.54,6023.0
2025-06-02 16:00:00+00:00,8.54,8.69,8.535,8.64,12378.0
2025-06-02 17:00:00+00:00,8.64,8.66,8.565,8.57,3652.0
2025-06-02 18:00:00+00:00,8.57,8.64,8.52,8.64,4365.0
2025-06-02 19:00:00+00:00,8.635,8.7,8.605,8.615,19134.0
2025-06-03 14:00:00+00:00,8.525,8.725,8.505,8.665,4382.0
2025-06-03 15:00:00+00:00,8.665,8.825,8.645,8.81,3260.0
2025-06-03 16:00:00+00:00,8.815,8.86,8.77,8.855,2463.0
2025-06-03 17:00:00+00:00,8.86,8.9,8.84,8.88,3093.0
2025-06-03 18:00:00+00:00,8.88,8.935,8.855,8.935,3791.0
2025-06-03 19:00:00+00:00,8.935,9.0,8.935,8.995,11001.0
2025-06-04 14:00:00+00:00,9.045,9.14,9.01,9.08,1374.0
2025-06-04 15:00:00+00:00,9.08,9.09,8.95,8.97,2369.0
2025-06-04 16:00:00+00:00,8.97,9.01,8.92,8.995,1958.0
2025-06-04 17:00:00+00:00,8.995,9.0,8.9,8.915,5247.0
2025-06-04 18:00:00+00:00,8.91,8.99,8.91,8.965,2023.0
2025-06-04 19:00:00+00:00,8.965,8.99,8.945,8.99,9053.0
2025-06-05 14:00:00+00:00,9.325,9.36,9.25,9.36,8718.0
2025-06-05 15:00:00+00:00,9.36,9.36,9.095,9.125,6958.0
2025-06-05 16:00:00+00:00,9.125,9.23,9.08,9.185,2732.0
2025-06-05 17:00:00+00:00,9.185,9.26,9.18,9.205,4012.0
2025-06-05 18:00:00+00:00,9.205,9.22,9.15,9.16,1867.0
2025-06-05 19:00:00+00:00,9.16,9.26,9.135,9.26,9174.0
2025-06-06 14:00:00+00:00,9.245,9.295,9.115,9.25,4771.0
2025-06-06 15:00:00+00:00,9.23,9.33,9.22,9.285,1762.0
2025-06-06 16:00:00+00:00,9.295,9.33,9.23,9.255,1968.0
2025-06-06 17:00:00+00:00,9.255,9.305,9.235,9.3,1065.0
2025-06-06 18:00:00+00:00,9.3,9.335,9.27,9.325,2175.0
2025-06-06 19:00:00+00:00,9.325,9.37,9.275,9.36,3588.0
2025-06-09 14:00:00+00:00,9.48,9.6,9.46,9.565,2502.0
2025-06-09 15:00:00+00:00,9.585,9.645,9.555,9.615,1921.0
2025-06-09 16:00:00+00:00,9.615,9.665,9.595,9.62,3513.0
2025-06-09 17:00:00+00:00,9.62,9.645,9.6,9.615,915.0
2025-06-09 18:00:00+00:00,9.615,9.67,9.605,9.655,1377.0
2025-06-09 19:00:00+00:00,9.66,9.67,9.52,9.53,4759.0
2025-06-10 14:00:00+00:00,9.43,9.43,9.3,9.345,2218.0
2025-06-10 15:00:00+00:00,9.34,9.375,9.255,9.29,3846.0
2025-06-10 16:00:00+00:00,9.285,9.31,9.21,9.24,2108.0
2025-06-10 17:00:00+00:00,9.235,9.26,9.21,9.225,520.0
2025-06-10 18:00:00+00:00,9.225,9.26,9.21,9.215,620.0
2025-06-10 19:00:00+00:00,9.225,9.295,9.215,9.27,3388.0
2025-06-11 14:00:00+00:00,9.265,9.365,9.26,9.34,2530.0
2025-06-11 15:00:00+00:00,9.34,9.36,9.285,9.3,5101.0
2025-06-11 16:00:00+00:00,9.305,9.31,9.25,9.295,2510.0
2025-06-11 17:00:00+00:00,9.285,9.305,9.22,9.285,1873.0
2025-06-11 18:00:00+00:00,9.285,9.35,9.28,9.285,1226.0
2025-06-11 19:00:00+00:00,9.285,9.29,9.245,9.28,6321.0
2025-06-12 14:00:00+00:00,9.26,9.34,9.19,9.325,1745.0
2025-06-12 15:00:00+00:00,9.325,9.34,9.265,9.315,2173.0
2025-06-12 16:00:00+00:00,9.315,9.415,9.315,9.39,2554.0
2025-06-12 17:00:00+00:00,9.39,9.45,9.33,9.42,4481.0
2025-06-12 18:00:00+00:00,9.42,9.42,9.32,9.335,3619.0
2025-06-12 19:00:00+00:00,9.335,9.345,9.255,9.315,9985.0
2025-06-13 14:00:00+00:00,9.34,9.53,9.31,9.485,2097.0
2025-06-13 15:00:00+00:00,9.485,9.525,9.45,9.475,1277.0
2025-06-13 16:00:00+00:00,9.48,9.55,9.465,9.52,3144.0
2025-06-13 17:00:00+00:00,9.52,9.525,9.415,9.44,1691.0
2025-06-13 18:00:00+00:00,9.435,9.485,9.41,9.45,2017.0
2025-06-13 19:00:00+00:00,9.455,9.475,9.395,9.395,6537.0
2025-06-16 14:00:00+00:00,9.42,9.525,9.39,9.455,5275.0
2025-06-16 15:00:00+00:00,9.455,9.545,9.45,9.505,2622.0
2025-06-16 16:00:00+00:00,9.505,9.54,9.48,9.515,2731.0
2025-06-16 17:00:00+00:00,9.515,9.55,9.47,9.505,4251.0
2025-06-16 18:00:00+00:00,9.505,9.66,9.505,9.64,4273.0
2025-06-16 19:00:00+00:00,9.645,9.72,9.605,9.615,5893.0
2025-06-17 14:00:00+00:00,9.43,9.45,9.29,9.375,9021.0
2025-06-17 15:00:00+00:00,9.375,9.49,9.375,9.45,5611.0
2025-06-17 16:00:00+00:00,9.455,9.48,9.42,9.42,4341.0
2025-06-17 17:00:00+00:00,9.42,9.495,9.42,9.46,4213.0
2025-06-17 18:00:00+00:00,9.46,9.5,9.45,9.495,4490.0
2025-06-17 19:00:00+00:00,9.495,9.525,9.425,9.43,10468.0
2025-06-18 14:00:00+00:00,9.51,9.53,9.395,9.42,2330.0
2025-06-18 15:00:00+00:00,9.41,9.475,9.37,9.475,2735.0
2025-06-18 16:00:00+00:00,9.475,9.515,9.47,9.49,2580.0
2025-06-18 17:00:00+00:00,9.485,9.5,9.455,9.465,2419.0
2025-06-18 18:00:00+00:00,9.48,9.585,9.405,9.42,7459.0
2025-06-18 19:00:00+00:00,9.415,9.48,9.395,9.455,9471.0
2025-06-19 14:00:00+00:00,9.455,9.455,9.455,9.455,0.0
2025-06-19 15:00:00+00:00,9.455,9.455,9.455,9.455,0.0
2025-06-19 16:00:00+00:00,9.455,9.455,9.455,9.455,0.0
2025-06-19 17:00:00+00:00,9.455,9.455,9.455,9.455,0.0
2025-06-19 18:00:00+00:00,9.455,9.455,9.455,9.455,0.0
2025-06-19 19:00:00+00:00,9.455,9.455,9.455,9.455,0.0
2025-06-20 14:00:00+00:00,9.34,9.37,9.085,9.095,4606.0
2025-06-20 15:00:00+00:00,9.095,9.13,9.075,9.08,2829.0
2025-06-20 16:00:00+00:00,9.085,9.16,9.065,9.135,4297.0
2025-06-20 17:00:00+00:00,9.135,9.18,9.07,9.07,2909.0
2025-06-20 18:00:00+00:00,9.07,9.13,9.05,9.055,3766.0
2025-06-20 19:00:00+00:00,9.055,9.1,9.03,9.04,9698.0
2025-06-23 14:00:00+00:00,9.235,9.335,9.17,9.335,1503.0
2025-06-23 15:00:00+00:00,9.34,9.36,9.285,9.29,1677.0
2025-06-23 16:00:00+00:00,9.29,9.305,9.2,9.21,1612.0
2025-06-23 17:00:00+00:00,9.21,9.26,9.195,9.255,1282.0
2025-06-23 18:00:00+00:00,9.24,9.27,9.2,9.235,3370.0
2025-06-23 19:00:00+00:00,9.23,9.3,9.195,9.285,11413.0
2025-06-24 14:00:00+00:00,9.13,9.26,9.125,9.17,1410.0
2025-06-24 15:00:00+00:00,9.175,9.215,9.135,9.145,1843.0
2025-06-24 16:00:00+00:00,9.145,9.205,9.145,9.16,643.0
2025-06-24 17:00:00+00:00,9.165,9.225,9.165,9.215,1640.0
2025-06-24 18:00:00+00:00,9.215,9.22,9.135,9.135,516.0
2025-06-24 19:00:00+00:00,9.135,9.18,9.115,9.125,3404.0
2025-06-25 14:00:00+00:00,9.06,9.125,9.035,9.09,1411.0
2025-06-25 15:00:00+00:00,9.085,9.09,9.035,9.085,497.0
2025-06-25 16:00:00+00:00,9.08,9.17,9.08,9.15,1868.0
2025-06-25 17:00:00+00:00,9.15,9.18,9.135,9.145,879.0
2025-06-25 18:00:00+00:00,9.145,9.16,9.1,9.15,1230.0
2025-06-25 19:00:00+00:00,9.145,9.195,9.14,9.19,5522.0
2025-06-26 14:00:00+00:00,9.35,9.355,9.195,9.24,4473.0
2025-06-26 15:00:00+00:00,9.24,9.47,9.23,9.455,10354.0
2025-06-26 16:00:00+00:00,9.46,9.57,9.43,9.51,5408.0
2025-06-26 17:00:00+00:00,9.51,9.595,9.5,9.585,6110.0
2025-06-26 18:00:00+00:00,9.585,9.59,9.545,9.565,3076.0
2025-06-26 19:00:00+00:00,9.57,9.72,9.54,9.715,10734.0
2025-06-27 14:00:00+00:00,9.395,9.46,9.36,9.435,3204.0
2025-06-27 15:00:00+00:00,9.43,9.44,9.36,9.365,3806.0
2025-06-27 16:00:00+00:00,9.365,9.38,9.34,9.365,2046.0
2025-06-27 17:00:00+00:00,9.365,9.37,9.27,9.31,1914.0
2025-06-27 18:00:00+00:00,9.31,9.33,9.27,9.28,1789.0
2025-06-27 19:00:00+00:00,9.28,9.35,9.275,9.34,5353.0
2025-06-30 14:00:00+00:00,9.31,9.43,9.3,9.42,3433.0
2025-06-30 15:00:00+00:00,9.42,9.5,9.4,9.49,4260.0
2025-06-30 16:00:00+00:00,9.49,9.585,9.49,9.575,3060.0
2025-06-30 17:00:00+00:00,9.575,9.6,9.54,9.565,3730.0
2025-06-30 18:00:00+00:00,9.565,9.67,9.56,9.67,3106.0
2025-06-30 19:00:00+00:00,9.66,9.725,9.62,9.62,11514.0
2025-07-01 14:00:00+00:00,10.755,11.01,10.69,10.8,20894.0
2025-07-01 15:00:00+00:00,10.795,11.04,10.71,11.03,13606.0
2025-07-01 16:00:00+00:00,11.03,11.175,10.985,11.13,12298.0
2025-07-01 17:00:00+00:00,11.13,11.165,10.99,11.155,9494.0
2025-07-01 18:00:00+00:00,11.165,11.24,10.965,10.97,4713.0
2025-07-01 19:00:00+00:00,10.97,11.0,10.85,10.995,20301.0
2025-07-02 14:00:00+00:00,10.95,10.95,10.79,10.825,12451.0
2025-07-02 15:00:00+00:00,10.83,10.86,10.665,10.665,12053.0
2025-07-02 16:00:00+00:00,10.67,10.825,10.665,10.795,11794.0
2025-07-02 17:00:00+00:00,10.795,10.89,10.795,10.845,9567.0
2025-07-02 18:00:00+00:00,10.845,10.95,10.83,10.91,8156.0
2025-07-02 19:00:00+00:00,10.91,11.01,10.9,10.99,13623.0
2025-07-03 14:00:00+00:00,11.235,11.37,11.17,11.275,7584.0
2025-07-03 15:00:00+00:00,11.28,11.46,11.27,11.295,2975.0
2025-07-03 16:00:00+00:00,11.3,11.39,11.265,11.375,15013.0
2025-07-03 17:00:00+00:00,11.375,11.375,11.375,11.375,0.0
2025-07-03 18:00:00+00:00,11.375,11.375,11.375,11.375,0.0
2025-07-03 19:00:00+00:00,11.375,11.375,11.375,11.375,0.0
2025-07-04 14:00:00+00:00,11.375,11.375,11.375,11.375,0.0
2025-07-04 15:00:00+00:00,11.375,11.375,11.375,11.375,0.0
2025-07-04 16:00:00+00:00,11.375,11.375,11.375,11.375,0.0
2025-07-04 17:00:00+00:00,11.375,11.375,11.375,11.375,0.0
2025-07-04 18:00:00+00:00,11.375,11.375,11.375,11.375,0.0
2025-07-04 19:00:00+00:00,11.375,11.375,11.375,11.375,0.0
2025-07-07 14:00:00+00:00,11.29,11.315,11.12,11.175,3671.0
2025-07-07 15:00:00+00:00,11.175,11.23,11.125,11.205,3517.0
2025-07-07 16:00:00+00:00,11.205,11.22,11.12,11.17,2018.0
2025-07-07 17:00:00+00:00,11.17,11.185,11.05,11.065,5951.0
2025-07-07 18:00:00+00:00,11.055,11.19,11.015,11.18,5616.0
2025-07-07 19:00:00+00:00,11.175,11.37,11.13,11.37,11022.0
2025-07-08 14:00:00+00:00,11.195,11.195,10.76,10.825,3121.0
2025-07-08 15:00:00+00:00,10.82,10.82,10.66,10.675,3265.0
2025-07-08 16:00:00+00:00,10.675,10.8,10.54,10.79,6425.0
2025-07-08 17:00:00+00:00,10.795,10.875,10.77,10.845,4856.0
2025-07-08 18:00:00+00:00,10.845,10.92,10.805,10.89,4937.0
2025-07-08 19:00:00+00:00,10.9,10.9,10.76,10.76,5683.0
2025-07-09 14:00:00+00:00,10.74,10.79,10.64,10.68,2659.0
2025-07-09 15:00:00+00:00,10.68,10.78,10.65,10.705,3372.0
2025-07-09 16:00:00+00:00,10.705,10.83,10.685,10.79,4346.0
2025-07-09 17:00:00+00:00,10.795,10.825,10.74,10.74,3036.0
2025-07-09 18:00:00+00:00,10.74,10.85,10.73,10.785,1867.0
2025-07-09 19:00:00+00:00,10.785,10.855,10.735,10.755,6864.0
2025-07-10 14:00:00+00:00,10.585,10.6,10.36,10.52,7810.0
2025-07-10 15:00:00+00:00,10.52,10.7,10.495,10.65,3319.0
2025-07-10 16:00:00+00:00,10.655,10.66,10.455,10.505,2020.0
2025-07-10 17:00:00+00:00,10.505,10.59,10.475,10.475,1114.0
2025-07-10 18:00:00+00:00,10.475,10.485,10.39,10.465,1154.0
2025-07-10 19:00:00+00:00,10.465,10.705,10.46,10.64,6827.0
2025-07-11 14:00:00+00:00,10.715,10.915,10.715,10.85,908.0
2025-07-11 15:00:00+00:00,10.855,10.97,10.825,10.835,1186.0
2025-07-11 16:00:00+00:00,10.835,10.89,10.79,10.835,1799.0
2025-07-11 17:00:00+00:00,10.85,10.89,10.815,10.865,1148.0
2025-07-11 18:00:00+00:00,10.87,10.94,10.87,10.89,510.0
2025-07-11 19:00:00+00:00,10.885,10.97,10.83,10.965,7982.0
2025-07-14 14:00:00+00:00,11.035,11.07,10.81,10.84,2000.0
2025-07-14 15:00:00+00:00,10.84,10.915,10.81,10.845,2308.0
2025-07-14 16:00:00+00:00,10.835,10.865,10.8,10.8,1414.0
2025-07-14 17:00:00+00:00,10.81,10.85,10.74,10.77,2408.0
2025-07-14 18:00:00+00:00,10.77,10.845,10.745,10.815,1412.0
2025-07-14 19:00:00+00:00,10.815,10.895,10.795,10.88,2781.0
2025-07-15 14:00:00+00:00,10.85,11.03,10.805,10.92,2801.0
2025-07-15 15:00:00+00:00,10.935,11.0,10.765,10.805,5671.0
2025-07-15 16:00:00+00:00,10.815,10.91,10.785,10.87,2124.0
2025-07-15 17:00:00+00:00,10.875,10.99,10.86,10.975,1164.0
2025-07-15 18:00:00+00:00,10.975,11.01,10.965,10.975,1548.0
2025-07-15 19:00:00+00:00,10.975,11.02,10.945,11.01,3538.0
2025-07-16 14:00:00+00:00,10.995,10.995,10.8,10.895,2019.0
2025-07-16 15:00:00+00:00,10.895,11.06,10.84,10.875,1811.0
2025-07-16 16:00:00+00:00,10.865,10.99,10.855,10.95,1862.0
2025-07-16 17:00:00+00:00,10.95,10.97,10.91,10.925,1699.0
2025-07-16 18:00:00+00:00,10.925,10.985,10.905,10.905,1068.0
2025-07-16 19:00:00+00:00,10.905,11.02,10.85,11.005,1619.0
2025-07-17 14:00:00+00:00,10.895,10.895,10.74,10.805,756.0
2025-07-17 15:00:00+00:00,10.805,10.87,10.755,10.805,1438.0
2025-07-17 16:00:00+00:00,10.81,10.92,10.805,10.91,1795.0
2025-07-17 17:00:00+00:00,10.91,11.145,10.91,11.1,2902.0
2025-07-17 18:00:00+00:00,11.1,11.17,11.08,11.15,4092.0
2025-07-17 19:00:00+00:00,11.15,11.24,11.1,11.16,10426.0
2025-07-18 14:00:00+00:00,11.115,11.215,10.95,10.985,2463.0
2025-07-18 15:00:00+00:00,10.985,11.05,10.94,11.045,1519.0
2025-07-18 16:00:00+00:00,11.045,11.1,10.955,10.96,1480.0
2025-07-18 17:00:00+00:00,10.975,10.99,10.865,10.895,1760.0
2025-07-18 18:00:00+00:00,10.895,10.96,10.875,10.875,2050.0
2025-07-18 19:00:00+00:00,10.875,10.94,10.825,10.94,2879.0
2025-07-21 14:00:00+00:00,11.285,11.51,11.285,11.485,2495.0
2025-07-21 15:00:00+00:00,11.49,11.49,11.3,11.305,2044.0
2025-07-21 16:00:00+00:00,11.305,11.39,11.285,11.365,1133.0
2025-07-21 17:00:00+00:00,11.355,11.38,11.295,11.345,1540.0
2025-07-21 18:00:00+00:00,11.345,11.415,11.3,11.385,1616.0
2025-07-21 19:00:00+00:00,11.4,11.4,11.26,11.28,10448.0
2025-07-22 14:00:00+00:00,11.26,11.46,11.23,11.38,1266.0
2025-07-22 15:00:00+00:00,11.375,11.48,11.365,11.44,1231.0
2025-07-22 16:00:00+00:00,11.445,11.57,11.42,11.545,2492.0
2025-07-22 17:00:00+00:00,11.54,11.67,11.52,11.645,2701.0
2025-07-22 18:00:00+00:00,11.65,11.675,11.61,11.655,2241.0
2025-07-22 19:00:00+00:00,11.655,11.695,11.605,11.64,4837.0
2025-07-23 14:00:00+00:00,11.75,11.81,11.65,11.67,3848.0
2025-07-23 15:00:00+00:00,11.665,11.69,11.54,11.56,3442.0
2025-07-23 16:00:00+00:00,11.56,11.615,11.515,11.525,4448.0
2025-07-23 17:00:00+00:00,11.525,11.55,11.445,11.485,2375.0
2025-07-23 18:00:00+00:00,11.49,11.63,11.48,11.61,1082.0
2025-07-23 19:00:00+00:00,11.615,11.685,11.58,11.63,5917.0
2025-07-24 14:00:00+00:00,11.545,11.72,11.51,11.605,1317.0
2025-07-24 15:00:00+00:00,11.6,11.655,11.57,11.605,1087.0
2025-07-24 16:00:00+00:00,11.61,11.65,11.565,11.59,988.0
2025-07-24 17:00:00+00:00,11.59,11.65,11.57,11.58,1556.0
2025-07-24 18:00:00+00:00,11.585,11.605,11.53,11.545,783.0
2025-07-24 19:00:00+00:00,11.545,11.62,11.49,11.495,3507.0
2025-07-25 14:00:00+00:00,11.49,11.555,11.32,11.39,1866.0
2025-07-25 15:00:00+00:00,11.375,11.44,11.24,11.25,701.0
2025-07-25 16:00:00+00:00,11.25,11.305,11.23,11.285,541.0
2025-07-25 17:00:00+00:00,11.305,11.375,11.275,11.35,1126.0
2025-07-25 18:00:00+00:00,11.355,11.45,11.35,11.445,1149.0
2025-07-25 19:00:00+00:00,11.435,11.46,11.36,11.365,3088.0
2025-07-28 14:00:00+00:00,10.79,10.85,10.61,10.66,5416.0
2025-07-28 15:00:00+00:00,10.66,10.835,10.62,10.81,1928.0
2025-07-28 16:00:00+00:00,10.815,10.83,10.715,10.72,924.0
2025-07-28 17:00:00+00:00,10.72,10.765,10.665,10.765,2218.0
2025-07-28 18:00:00+00:00,10.765,10.82,10.74,10.785,2052.0
2025-07-28 19:00:00+00:00,10.785,10.84,10.735,10.835,7910.0
2025-07-29 14:00:00+00:00,10.765,10.86,10.715,10.74,1628.0
2025-07-29 15:00:00+00:00,10.74,10.78,10.605,10.66,1272.0
2025-07-29 16:00:00+00:00,10.66,10.7,10.635,10.655,1639.0
2025-07-29 17:00:00+00:00,10.66,10.74,10.635,10.74,629.0
2025-07-29 18:00:00+00:00,10.74,10.79,10.705,10.725,1728.0
2025-07-29 19:00:00+00:00,10.735,10.775,10.655,10.685,4661.0
2025-07-30 14:00:00+00:00,10.525,10.56,10.475,10.505,2300.0
2025-07-30 15:00:00+00:00,10.505,10.555,10.385,10.45,2755.0
2025-07-30 16:00:00+00:00,10.45,10.53,10.415,10.52,2239.0
2025-07-30 17:00:00+00:00,10.52,10.635,10.51,10.59,2156.0
2025-07-30 18:00:00+00:00,10.595,10.625,10.27,10.285,3675.0
2025-07-30 19:00:00+00:00,10.285,10.29,10.13,10.165,6246.0
2025-07-31 14:00:00+00:00,10.13,10.215,9.965,10.0,1340.0
2025-07-31 15:00:00+00:00,10.0,10.125,9.97,10.11,1768.0
2025-07-31 16:00:00+00:00,10.11,10.11,10.05,10.055,1498.0
2025-07-31 17:00:00+00:00,10.06,10.11,10.02,10.055,1350.0
2025-07-31 18:00:00+00:00,10.055,10.125,10.015,10.085,1382.0
2025-07-31 19:00:00+00:00,10.085,10.205,10.085,10.155,4513.0
2025-08-01 14:00:00+00:00,10.14,10.255,10.085,10.13,1396.0
2025-08-01 15:00:00+00:00,10.115,10.185,10.09,10.15,605.0
2025-08-01 16:00:00+00:00,10.145,10.195,10.1,10.155,1878.0
2025-08-01 17:00:00+00:00,10.155,10.175,10.07,10.08,1836.0
2025-08-01 18:00:00+00:00,10.075,10.115,10.02,10.05,3082.0
2025-08-01 19:00:00+00:00,10.05,10.075,10.01,10.03,4094.0
2025-08-04 14:00:00+00:00,10.32,10.385,10.26,10.275,3087.0
2025-08-04 15:00:00+00:00,10.27,10.35,10.22,10.335,1696.0
2025-08-04 16:00:00+00:00,10.345,10.375,10.245,10.25,685.0
2025-08-04 17:00:00+00:00,10.25,10.335,10.245,10.32,1664.0
2025-08-04 18:00:00+00:00,10.325,10.38,10.305,10.34,1735.0
2025-08-04 19:00:00+00:00,10.34,10.43,10.335,10.41,2470.0
2025-08-05 14:00:00+00:00,10.555,10.635,10.485,10.54,1401.0
2025-08-05 15:00:00+00:00,10.54,10.695,10.515,10.69,1938.0
2025-08-05 16:00:00+00:00,10.67,10.715,10.53,10.6,1511.0
2025-08-05 17:00:00+00:00,10.615,10.665,10.585,10.65,2067.0
2025-08-05 18:00:00+00:00,10.655,10.71,10.625,10.635,2957.0
2025-08-05 19:00:00+00:00,10.64,10.665,10.59,10.645,3133.0
2025-08-06 14:00:00+00:00,10.705,10.85,10.675,10.805,2679.0
2025-08-06 15:00:00+00:00,10.805,10.82,10.63,10.75,1838.0
2025-08-06 16:00:00+00:00,10.75,10.77,10.685,10.71,2582.0
2025-08-06 17:00:00+00:00,10.71,10.795,10.68,10.785,3133.0
2025-08-06 18:00:00+00:00,10.78,10.83,10.715,10.8,3143.0
2025-08-06 19:00:00+00:00,10.805,10.865,10.75,10.825,6603.0
2025-08-07 14:00:00+00:00,10.895,11.16,10.835,11.095,4581.0
2025-08-07 15:00:00+00:00,11.1,11.135,10.78,10.88,4652.0
2025-08-07 16:00:00+00:00,10.88,11.05,10.88,10.905,1589.0
2025-08-07 17:00:00+00:00,10.905,10.96,10.87,10.935,3352.0
2025-08-07 18:00:00+00:00,10.935,10.985,10.815,10.845,2850.0
2025-08-07 19:00:00+00:00,10.845,10.925,10.725,10.73,9443.0
2025-08-08 14:00:00+00:00,10.525,10.54,10.23,10.315,5573.0
2025-08-08 15:00:00+00:00,10.32,10.335,10.125,10.245,5090.0
2025-08-08 16:00:00+00:00,10.245,10.265,10.15,10.17,1348.0
2025-08-08 17:00:00+00:00,10.165,10.235,10.09,10.095,1636.0
2025-08-08 18:00:00+00:00,10.1,10.34,10.05,10.3,2797.0
2025-08-08 19:00:00+00:00,10.305,10.31,10.185,10.195,4482.0
2025-08-11 14:00:00+00:00,10.22,10.32,10.09,10.295,3409.0
2025-08-11 15:00:00+00:00,10.295,10.38,10.21,10.34,11145.0
2025-08-11 16:00:00+00:00,10.34,10.41,10.305,10.32,7481.0
2025-08-11 17:00:00+00:00,10.325,10.44,10.26,10.435,4738.0
2025-08-11 18:00:00+00:00,10.435,10.495,10.415,10.485,9606.0
2025-08-11 19:00:00+00:00,10.485,10.54,10.41,10.415,10874.0
2025-08-12 14:00:00+00:00,10.455,10.585,10.43,10.49,3821.0
2025-08-12 15:00:00+00:00,10.49,10.615,10.49,10.535,5371.0
2025-08-12 16:00:00+00:00,10.525,10.535,10.405,10.425,5405.0
2025-08-12 17:00:00+00:00,10.425,10.515,10.395,10.51,3221.0
2025-08-12 18:00:00+00:00,10.505,10.6,10.475,10.5,6359.0
2025-08-12 19:00:00+00:00,10.5,10.515,10.45,10.5,7437.0
2025-08-13 14:00:00+00:00,10.74,10.78,10.51,10.56,4171.0
2025-08-13 15:00:00+00:00,10.56,10.575,10.41,10.545,3826.0
2025-08-13 16:00:00+00:00,10.545,10.59,10.5,10.51,4621.0
2025-08-13 17:00:00+00:00,10.51,10.635,10.51,10.62,2734.0
2025-08-13 18:00:00+00:00,10.62,10.66,10.535,10.585,1903.0
2025-08-13 19:00:00+00:00,10.585,10.61,10.485,10.54,8625.0
2025-08-14 14:00:00+00:00,10.525,10.59,10.47,10.48,1885.0
2025-08-14 15:00:00+00:00,10.49,10.515,10.4,10.505,2597.0
2025-08-14 16:00:00+00:00,10.51,10.54,10.405,10.48,7981.0
2025-08-14 17:00:00+00:00,10.48,10.625,10.465,10.495,3850.0
2025-08-14 18:00:00+00:00,10.505,10.525,10.43,10.51,2274.0
2025-08-14 19:00:00+00:00,10.505,10.525,10.395,10.41,8582.0
2025-08-15 14:00:00+00:00,10.31,10.465,10.29,10.435,4949.0
2025-08-15 15:00:00+00:00,10.435,10.48,10.38,10.405,9349.0
2025-08-15 16:00:00+00:00,10.405,10.415,10.235,10.245,3984.0
2025-08-15 17:00:00+00:00,10.245,10.305,10.21,10.225,6773.0
2025-08-15 18:00:00+00:00,10.225,10.25,10.165,10.17,3961.0
2025-08-15 19:00:00+00:00,10.165,10.225,10.13,10.18,12027.0
2025-08-18 14:00:00+00:00,10.41,10.67,10.375,10.655,14077.0
2025-08-18 15:00:00+00:00,10.66,10.77,10.5,10.72,14462.0
2025-08-18 16:00:00+00:00,10.725,10.77,10.58,10.585,8081.0
2025-08-18 17:00:00+00:00,10.585,10.695,10.505,10.635,14614.0
2025-08-18 18:00:00+00:00,10.635,10.635,10.525,10.56,7111.0
2025-08-18 19:00:00+00:00,10.555,10.58,10.475,10.56,19606.0
2025-08-19 14:00:00+00:00,10.345,10.415,10.115,10.155,9825.0
2025-08-19 15:00:00+00:00,10.155,10.155,10.01,10.07,5846.0
2025-08-19 16:00:00+00:00,10.07,10.1,9.965,9.985,5353.0
2025-08-19 17:00:00+00:00,9.985,10.0,9.93,9.975,4420.0
2025-08-19 18:00:00+00:00,9.975,10.02,9.93,9.935,3490.0
2025-08-19 19:00:00+00:00,9.935,9.935,9.865,9.88,14713.0
2025-08-20 14:00:00+00:00,10.2,10.305,10.125,10.265,6345.0
2025-08-20 15:00:00+00:00,10.265,10.345,10.215,10.315,5446.0
2025-08-20 16:00:00+00:00,10.315,10.47,10.315,10.465,5161.0
2025-08-20 17:00:00+00:00,10.465,10.575,10.445,10.545,2861.0
2025-08-20 18:00:00+00:00,10.55,10.615,10.5,10.6,4936.0
2025-08-20 19:00:00+00:00,10.605,10.65,10.585,10.63,18842.0
2025-08-21 14:00:00+00:00,10.985,11.3,10.98,11.085,11599.0
2025-08-21 15:00:00+00:00,11.09,11.105,10.875,10.905,3952.0
2025-08-21 16:00:00+00:00,10.905,10.905,10.81,10.875,3261.0
2025-08-21 17:00:00+00:00,10.88,10.9,10.82,10.82,2662.0
2025-08-21 18:00:00+00:00,10.82,10.875,10.82,10.845,1773.0
2025-08-21 19:00:00+00:00,10.845,10.95,10.845,10.935,5756.0
