date,Close,High,Low,Open,Volume
2022-01-03 00:00:00+00:00,30.0652705657,30.6541789563,29.729892228,29.7598367224,392402940
2022-01-04 00:00:00+00:00,29.2358080698,30.4116285514,28.2965490942,30.2209819368,527154400
2022-01-05 00:00:00+00:00,27.5529274823,29.3615749464,27.4820588455,28.895438983,498063880
2022-01-06 00:00:00+00:00,28.1258654759,28.3853744462,27.0149247323,27.5888608757,454186370
2022-01-07 00:00:00+00:00,27.1965879985,28.3694140307,27.0069395337,28.0889339328,409938510
2022-01-10 00:00:00+00:00,27.3493049202,27.4181772574,25.5963941417,26.531820222,594680950
2022-01-11 00:00:00+00:00,27.7655333928,28.0130745469,26.7893428742,27.2719483095,402765080
2022-01-12 00:00:00+00:00,27.9471966591,28.5420939486,27.5569200816,28.0145717716,383413480
2022-01-13 00:00:00+00:00,26.5258313231,28.4273067199,26.4489737874,28.3264935887,538868090
2022-01-14 00:00:00+00:00,26.8921523051,27.1465806928,26.1615166223,26.2513401241,395832350
2022-01-18 00:00:00+00:00,25.8550746477,26.5887147614,25.7223207224,26.2114141315,422675380
2022-01-19 00:00:00+00:00,25.0206214027,26.4940602145,25.0056491555,26.0307490151,483604080
2022-01-20 00:00:00+00:00,24.1053180227,25.5317140338,24.033451236,25.2571829087,435180730
2022-01-21 00:00:00+00:00,23.3307537666,24.7770728479,23.2199591371,23.4635076919,718957840
2022-01-24 00:00:00+00:00,23.3287574669,23.3367426654,20.8493533275,22.2886853601,915810630
2022-01-25 00:00:00+00:00,22.2826964612,22.9005511965,21.9592959213,22.5042857201,664616360
2022-01-26 00:00:00+00:00,22.7298675782,24.0124900899,22.2587408657,23.1970016914,755958730
2022-01-27 00:00:00+00:00,21.9033995317,23.9506048014,21.6348972315,23.5243948306,573352720
2022-01-28 00:00:00+00:00,22.7977417656,22.8157084622,21.2565984518,21.9714234415,543774250
2022-01-31 00:00:00+00:00,24.4406963604,24.4636538061,23.0093495263,23.1391090022,564679680
2022-02-01 00:00:00+00:00,24.5924151322,25.0984770882,23.8458090524,25.0575529458,518925170
2022-02-02 00:00:00+00:00,25.1952976202,25.7692337636,24.5075823795,25.7462763179,543419410
2022-02-03 00:00:00+00:00,23.9036917601,25.0306029008,23.7360025913,24.4127481656,410177780
2022-02-04 00:00:00+00:00,24.2740053414,24.5894206828,23.5882764187,23.9276473557,354828500
2022-02-07 00:00:00+00:00,24.6822486155,25.1354086314,24.1572218131,24.3269072815,376867500
2022-02-08 00:00:00+00:00,25.0615455451,25.1833198225,23.9356325542,24.3139313339,410358640
2022-02-09 00:00:00+00:00,26.655590799,26.6755537953,25.3060922497,25.5745945498,524281660
2022-02-10 00:00:00+00:00,25.7762208123,26.8751737767,25.5526352539,25.9469044306,513199720
2022-02-11 00:00:00+00:00,23.90468991,26.1036139515,23.7290155426,25.8680505953,605471980
2022-02-14 00:00:00+00:00,24.222101551,24.8289766383,23.7110488459,23.8897176627,440424430
2022-02-15 00:00:00+00:00,26.4459793379,26.4958868287,24.7381450052,24.9028397246,701752800
2022-02-16 00:00:00+00:00,26.461949735,26.5328183718,25.5047240628,26.2104159817,732676330
2022-02-17 00:00:00+00:00,24.4616575065,25.7372929696,24.1202902699,25.5825797483,810595080
2022-02-18 00:00:00+00:00,23.5982579169,24.9397712677,23.0572607174,24.6218605518,761254910
2022-02-22 00:00:00+00:00,23.3467241636,24.0194671571,22.9574457359,22.9923809794,629195660
2022-02-23 00:00:00+00:00,22.3455798995,24.1102987903,22.2597390155,23.7579618872,566510770
2022-02-24 00:00:00+00:00,23.7040617972,23.7559655876,20.8513496271,20.9761183539,735800630
2022-02-25 00:00:00+00:00,24.1123050714,24.1721940603,23.3377408153,23.6771117522,528865510
2022-02-28 00:00:00+00:00,24.3398832291,24.6193651772,23.6631476363,23.947610352,477318610
2022-03-01 00:00:00+00:00,23.4335631975,24.3318980306,23.0892015114,24.2460571466,412055980
2022-03-02 00:00:00+00:00,24.179181109,24.3678625801,23.3755378062,23.7159631059,389641850
2022-03-03 00:00:00+00:00,23.6740338901,24.28499248,23.429446798,24.2206111674,365095040
2022-03-04 00:00:00+00:00,22.8973450832,23.6400911916,22.4441102268,23.3445900517,432010700
2022-03-07 00:00:00+00:00,21.3160146589,22.9941816054,21.2940517364,22.7785456385,450820890
2022-03-08 00:00:00+00:00,21.4777416341,22.3352839455,20.6151977663,21.2730871285,557467190
2022-03-09 00:00:00+00:00,22.9752136268,23.1808664472,22.2095062812,22.3492703339,492741950
2022-03-10 00:00:00+00:00,22.6198136072,22.7495945133,21.8451214297,22.4930276452,428065650
2022-03-11 00:00:00+00:00,22.0627540259,23.1059928475,22.0088450342,22.9832001441,367208570
2022-03-14 00:00:00+00:00,21.2940517364,22.2244810012,21.1233499123,21.8321433391,385354240
2022-03-15 00:00:00+00:00,22.9342827257,22.9991731787,21.2860752022,21.4817348928,491995690
2022-03-16 00:00:00+00:00,24.4547159556,24.5555457365,23.1329473434,23.4603945525,671421740
2022-03-17 00:00:00+00:00,24.7242609143,24.8001328286,23.8657103052,24.0793496428,471941190
2022-03-18 00:00:00+00:00,26.4084177488,26.5242122664,24.5825002323,24.7572052982,727887480
2022-03-21 00:00:00+00:00,26.6889441688,27.1062297142,25.9232368232,26.4623267405,588079710
2022-03-22 00:00:00+00:00,26.4792980898,27.1920947583,26.0280598626,26.6819559661,542652230
2022-03-23 00:00:00+00:00,25.5907980408,26.5666506227,25.5319074589,26.0819688544,502119860
2022-03-24 00:00:00+00:00,28.1025577299,28.2722612392,25.8633379434,26.1219014409,877379140
2022-03-25 00:00:00+00:00,27.6453296148,28.3102071795,27.2250391421,27.8390026592,577769440
2022-03-28 00:00:00+00:00,28.1714414415,28.2023891961,27.1601486891,27.7087225958,425493920
2022-03-29 00:00:00+00:00,28.6077049488,28.8972162007,27.9328442374,28.6461400632,488984400
2022-03-30 00:00:00+00:00,27.6433329854,28.4474754455,27.4566481437,28.2562981878,463487130
2022-03-31 00:00:00+00:00,27.2400138621,28.2003925667,27.2240408275,27.7351779343,523440220
2022-04-01 00:00:00+00:00,26.6669812462,27.4496599411,26.2227312217,27.328863867,517235110
2022-04-04 00:00:00+00:00,27.313889147,27.5115554501,26.5681480947,26.6829542808,397707820
2022-04-05 00:00:00+00:00,25.8872974953,27.2729582459,25.7764845679,27.2080677929,430930870
2022-04-06 00:00:00+00:00,24.3658659507,25.2573609437,23.9625468274,24.8919777775,703832560
2022-04-07 00:00:00+00:00,24.167201333,24.6803350692,23.4384316299,24.3998086492,557992360
2022-04-08 00:00:00+00:00,23.0800366663,23.8826816544,23.0231427137,23.8766917664,524780640
2022-04-11 00:00:00+00:00,21.8800624428,22.2823233527,21.6234955747,22.1765618974,575206840
2022-04-12 00:00:00+00:00,21.4677584875,22.6867006896,21.2461725652,22.4990175332,662258070
2022-04-13 00:00:00+00:00,22.1655804361,22.4620798907,21.4188410691,21.6913809718,516943440
2022-04-14 00:00:00+00:00,21.2221730807,22.738613052,21.1273331878,22.467071464,569096850
2022-04-18 00:00:00+00:00,21.7462882781,22.05077425,21.0434747562,21.1642708303,525700610
2022-04-19 00:00:00+00:00,22.1605888628,22.3352939286,21.2780787018,21.6833944545,512780580
2022-04-20 00:00:00+00:00,21.4457955649,22.6321627596,21.1642708303,22.4791510714,466971260
2022-04-21 00:00:00+00:00,20.1489848193,22.3542619072,19.9662932361,21.6725627404,656209440
2022-04-22 00:00:00+00:00,19.4821106252,20.4514741618,19.4671359052,20.2687825787,624713430
2022-04-25 00:00:00+00:00,19.8684583993,19.9113859297,19.0638167819,19.169638136,641565610
2022-04-26 00:00:00+00:00,18.756335866,19.7546505278,18.6385347359,19.6847685015,644960170
2022-04-27 00:00:00+00:00,18.3839644972,19.1346971229,18.2591751645,18.5666560803,499460170
2022-04-28 00:00:00+00:00,19.7486606399,20.0032308786,18.4584088215,18.9350341905,570326710
2022-04-29 00:00:00+00:00,18.5157420325,20.0945567039,18.4857925927,19.3693010684,500434910
2022-05-02 00:00:00+00:00,19.5000802891,19.5410111902,18.3600049453,18.5092529872,572048680
2022-05-03 00:00:00+00:00,19.5689640007,19.7915881703,19.1007544244,19.3673044391,475750840
2022-05-04 00:00:00+00:00,20.2997303332,20.3656191009,18.7193982235,19.8894230072,646305030
2022-05-05 00:00:00+00:00,18.8122414871,19.8914196365,18.4688212434,19.8335173861,626331410
2022-05-06 00:00:00+00:00,18.6435263093,19.4791156812,17.9596807659,18.7044235036,633296720
2022-05-09 00:00:00+00:00,16.9214335176,18.2242341513,16.7986408142,18.003606611,644454510
2022-05-10 00:00:00+00:00,17.5653464745,18.1673302156,16.9963071173,17.6591880527,761474290
2022-05-11 00:00:00+00:00,16.6019728259,17.7230801911,16.5400773168,17.3177644384,670167030
2022-05-12 00:00:00+00:00,16.1477396547,16.7597065424,15.5407643404,16.1917653313,708728370
2022-05-13 00:00:00+00:00,17.676159402,17.8982145322,16.564536026,16.7597065424,670436510
2022-05-16 00:00:00+00:00,17.2349043214,17.7580212042,17.0771706049,17.4794914136,521445980
2022-05-17 00:00:00+00:00,18.1463656077,18.3400386521,17.6042807463,18.0435391975,585829710
2022-05-18 00:00:00+00:00,16.9094537417,18.0874650426,16.8355784567,17.6751610873,545161060
2022-05-19 00:00:00+00:00,17.0951402688,17.6571914234,16.7058474664,16.908455427,621309590
2022-05-20 00:00:00+00:00,16.6658649642,17.3806582621,15.7284474968,17.3027897184,739105260
2022-05-23 00:00:00+00:00,16.8695211552,16.8864925045,16.1517428965,16.2465728063,639888690
2022-05-24 00:00:00+00:00,16.1267750468,16.569028442,15.7534053633,16.4821750664,588550020
2022-05-25 00:00:00+00:00,16.9463913842,17.082152195,15.9730345889,15.9930008822,781131900
2022-05-26 00:00:00+00:00,17.8209150279,18.0615088614,15.9949975115,16.0089739167,996574520
2022-05-27 00:00:00+00:00,18.7792971033,18.8491791296,18.0694953787,18.1553504396,738379350
2022-05-31 00:00:00+00:00,18.6405313653,19.1676415067,18.3190740442,18.9480122811,664099510
2022-06-01 00:00:00+00:00,18.2891246043,19.0210689481,18.0914583013,18.6924437277,544513900
2022-06-02 00:00:00+00:00,19.5589808541,19.58593535,18.1673302156,18.2611717938,648655800
2022-06-03 00:00:00+00:00,18.688450469,19.2997185365,18.4903449075,19.0493412193,598778700
2022-06-06 00:00:00+00:00,18.7543392367,19.3044106154,18.5329130447,19.1067443123,422406150
2022-06-07 00:00:00+00:00,18.8941032894,18.9679785743,18.157347069,18.4408684329,388914110
2022-06-08 00:00:00+00:00,18.620565072,19.1517823939,18.5077313176,18.7713429209,363252460
2022-06-09 00:00:00+00:00,18.0214477917,18.9051457802,18.0144580901,18.4538107623,395573790
2022-06-10 00:00:00+00:00,16.94902786,17.6709641827,16.8441823359,17.5741068891,465649660
2022-06-13 00:00:00+00:00,15.6239801417,16.288001794,15.5830404609,15.9764608083,604153380
2022-06-14 00:00:00+00:00,15.812702085,16.0423637091,15.3893258736,15.7078565609,469679520
2022-06-15 00:00:00+00:00,16.5026854861,16.8431838071,15.902569677,16.0713210443,563935650
2022-06-16 00:00:00+00:00,15.5780478169,15.918865667,15.3783420568,15.8366667762,545748670
2022-06-17 00:00:00+00:00,15.8566373522,15.9714681643,15.3054494543,15.6249786705,630333970
2022-06-21 00:00:00+00:00,16.5416281094,16.9829778392,16.3828620301,16.4502627241,483088880
2022-06-22 00:00:00+00:00,16.3359311764,16.6374868742,16.1561959924,16.2021283172,437997440
2022-06-23 00:00:00+00:00,16.2011297884,16.5606001566,15.8296770746,16.4941979913,463679590
2022-06-24 00:00:00+00:00,17.1008042376,17.1147836409,16.2860047364,16.4757252085,472152830
2022-06-27 00:00:00+00:00,16.8441823359,17.3045041129,16.601040573,17.2865305945,427967880
2022-06-28 00:00:00+00:00,15.9584872899,17.1766824412,15.9215417242,16.8751367287,461859360
2022-06-29 00:00:00+00:00,15.5191346176,15.7967256242,15.1476819038,15.7907344514,482352280
2022-06-30 00:00:00+00:00,15.136698087,15.5440978376,14.8401350333,15.3384009047,686070030
2022-07-01 00:00:00+00:00,14.5016337699,15.0407494546,14.370826497,14.8770805989,577610080
2022-07-05 00:00:00+00:00,14.9419849709,14.9489746725,14.0343222913,14.1541457473,652207610
2022-07-06 00:00:00+00:00,15.1077407518,15.2964527098,14.7672424308,14.9879172958,529065860
2022-07-07 00:00:00+00:00,15.8346697186,15.9215417242,15.3663597111,15.4327618764,492902760
2022-07-08 00:00:00+00:00,15.8146991426,16.0133963886,15.3663597111,15.407299392,467971760
2022-07-11 00:00:00+00:00,15.1297083854,15.5041467003,15.0158860875,15.5031581568,438388730
2022-07-12 00:00:00+00:00,15.0598113694,15.4082979208,14.8551129653,15.2455377263,458483100
2022-07-13 00:00:00+00:00,15.141690731,15.3523803079,14.4437190995,14.5685351995,521918340
2022-07-14 00:00:00+00:00,15.3493847215,15.4502261451,14.706332174,15.0857731182,456234840
2022-07-15 00:00:00+00:00,15.7388109537,15.7587815298,15.422277324,15.6359624873,385935470
2022-07-18 00:00:00+00:00,16.0773122171,16.8721411423,15.9784578659,16.278016506,670517450
2022-07-19 00:00:00+00:00,16.9670013784,17.0848277768,16.1482177472,16.4617458053,702366080
2022-07-20 00:00:00+00:00,17.7808023508,17.9061177153,16.7762823775,16.9220675824,760537790
2022-07-21 00:00:00+00:00,18.0234448493,18.1173065566,17.5187484524,17.8586875972,557049280
2022-07-22 00:00:00+00:00,17.2935202961,17.9405669589,17.1112887901,17.8666758276,536670880
2022-07-25 00:00:00+00:00,16.9989543,17.09880718,16.6245059998,16.993961656,480747510
2022-07-26 00:00:00+00:00,16.5086766589,16.8941087759,16.4537575749,16.8641529119,397864910
2022-07-27 00:00:00+00:00,17.7638273612,17.9096125661,16.8881275884,17.0069425304,569776230
2022-07-28 00:00:00+00:00,17.9575419485,18.1133124414,17.414342281,17.9485551893,474646280
2022-07-29 00:00:00+00:00,18.1362786038,18.2171594366,17.6659715387,17.7867935236,435460420
2022-08-01 00:00:00+00:00,18.4138696103,18.8182737745,17.9635331213,18.155250651,476469040
2022-08-02 00:00:00+00:00,18.4987445584,18.9096691156,18.0653830589,18.095338923,489526920
2022-08-03 00:00:00+00:00,18.8652046282,18.9400942882,18.110316855,18.1572477086,418145570
2022-08-04 00:00:00+00:00,19.1867309019,19.2456441012,18.7324002977,18.8212693609,409652270
2022-08-05 00:00:00+00:00,18.961063393,19.2006304228,18.6385385904,18.7823267377,386068290
2022-08-08 00:00:00+00:00,17.7668229476,18.2121667926,17.2166335785,17.4762510666,983783180
2022-08-09 00:00:00+00:00,17.0608630856,17.4215217031,16.6993956598,17.2266188665,668262650
2022-08-10 00:00:00+00:00,18.0703757029,18.0913448078,17.2915332238,17.6719627115,597422460
2022-08-11 00:00:00+00:00,17.9156037389,18.6794782713,17.849700838,18.1043256822,509326550
2022-08-12 00:00:00+00:00,18.6814753289,18.6904620881,17.9265875557,18.1332830174,478094150
2022-08-15 00:00:00+00:00,19.0040001314,19.1358059331,18.585616564,18.6734870985,457665560
2022-08-16 00:00:00+00:00,18.8512252249,19.1138382995,18.4737813384,18.8916656414,451239640
2022-08-17 00:00:00+00:00,18.3080255575,18.6605062241,18.1183050854,18.495748972,446799110
2022-08-18 00:00:00+00:00,18.7453811721,18.8372358365,18.1562491798,18.2740755783,415446560
2022-08-19 00:00:00+00:00,17.8227405604,18.4927533856,17.7438567852,18.3789211023,441588330
2022-08-22 00:00:00+00:00,17.008939588,17.5321686795,16.9410396296,17.464268721,409592710
2022-08-23 00:00:00+00:00,17.1557233217,17.439305501,16.9450337448,16.9635065276,369985770
2022-08-24 00:00:00+00:00,17.1966630025,17.3803923018,16.8701440847,16.9869719544,522660710
2022-08-25 00:00:00+00:00,17.8866464037,17.9205963829,16.8082352991,16.8192191159,770691330
2022-08-26 00:00:00+00:00,16.2360782964,17.8976302205,16.213112134,17.8307287908,769127430
2022-08-29 00:00:00+00:00,15.777753577,16.3139635428,15.7438035977,15.9964313843,493712950
2022-08-30 00:00:00+00:00,15.4452434864,16.0154034315,15.1596642494,15.9365196562,530180690
2022-08-31 00:00:00+00:00,15.071793715,15.51713756,14.9365030478,15.3613670671,573709860
2022-09-01 00:00:00+00:00,13.9164958928,14.3588441514,13.2506868739,14.1880957265,1178865140
2022-09-02 00:00:00+00:00,13.6269225406,14.1501516321,13.5710049278,14.0792560873,743157460
2022-09-06 00:00:00+00:00,13.445190299,13.7587283423,13.3313580157,13.7107989599,533269580
2022-09-07 00:00:00+00:00,13.6978180855,13.821671771,13.3302523092,13.5469962588,512657460
2022-09-08 00:00:00+00:00,13.9734924177,13.9914711785,13.3532251703,13.4431189742,624873120
2022-09-09 00:00:00+00:00,14.3700239752,14.456921319,14.1093319437,14.140295365,487128420
2022-09-12 00:00:00+00:00,14.4878847404,14.5298351823,14.1812469869,14.3520452144,484159240
2022-09-13 00:00:00+00:00,13.1155059997,13.9055726547,13.0835437583,13.7857142494,714955630
2022-09-14 00:00:00+00:00,13.1125095396,13.2743083986,12.8977632301,13.2383608652,588506540
2022-09-15 00:00:00+00:00,12.9137443508,13.217375656,12.7749083647,12.9998426386,523625160
2022-09-16 00:00:00+00:00,13.1824269427,13.1964104233,12.6021124971,12.7264655925,670751400
2022-09-19 00:00:00+00:00,13.3662098308,13.4471142544,12.9946487744,12.9966464145,569685280
2022-09-20 00:00:00+00:00,13.1604529017,13.4668509385,13.0415933165,13.1989074734,524817750
2022-09-21 00:00:00+00:00,13.2453526055,14.0144440395,13.0945307788,13.1974092434,807679400
2022-09-22 00:00:00+00:00,12.5461785746,13.1334547959,12.4133355087,13.0545779771,756710890
2022-09-23 00:00:00+00:00,12.5012316726,12.5961195768,12.2425372812,12.4053449484,663309310
2022-09-26 00:00:00+00:00,12.2135714999,12.6440629389,12.1995880193,12.4762611715,547342690
2022-09-27 00:00:00+00:00,12.398353208,12.7209720823,12.2435361012,12.4922422922,553854060
2022-09-28 00:00:00+00:00,12.7209720823,12.8078694261,12.3392829906,12.3953567479,542413880
2022-09-29 00:00:00+00:00,12.2055809395,12.4852505519,11.9319142356,12.4333119096,532763120
2022-09-30 00:00:00+00:00,12.1246765159,12.6180936178,12.0607520331,12.0727378737,565638420
2022-10-03 00:00:00+00:00,12.4972363924,12.6630405197,12.0907166344,12.3324310851,547478470
2022-10-04 00:00:00+00:00,13.1514635213,13.2044009837,12.8638033486,12.8638033486,584181670
2022-10-05 00:00:00+00:00,13.1934139632,13.3052818081,12.6061077772,12.895465944,507130730
2022-10-06 00:00:00+00:00,13.1145071797,13.6398865229,13.0875390385,13.2044009837,644156890
2022-10-07 00:00:00+00:00,12.0617508532,12.6550499594,12.0078145708,12.4902446521,672478160
2022-10-10 00:00:00+00:00,11.6562299152,12.1100138377,11.3946589221,12.0227968714,698699250
2022-10-11 00:00:00+00:00,11.5723290315,11.832022243,11.2696865582,11.5473585304,667481630
2022-10-12 00:00:00+00:00,11.4864305077,11.7211532181,11.3316134009,11.5653372912,492590190
2022-10-13 00:00:00+00:00,11.945887728,12.0637385051,10.8002411374,10.9580547044,850103010
2022-10-14 00:00:00+00:00,11.2137526357,12.0967095547,11.1907797747,12.0427732723,713431990
2022-10-17 00:00:00+00:00,11.8739726849,11.9339018875,11.5034104485,11.5044092685,580774170
2022-10-18 00:00:00+00:00,11.9528794684,12.4772599915,11.6042912729,12.329434625,659362060
2022-10-19 00:00:00+00:00,12.0367803521,12.3354275453,11.8200364025,11.8649833045,523130610
2022-10-20 00:00:00+00:00,12.1796116184,12.7539331438,12.0907166344,12.0987071948,652397610
2022-10-21 00:00:00+00:00,12.4512906704,12.4832529118,11.8729738648,12.0839246581,609494410
2022-10-24 00:00:00+00:00,12.5841337363,12.6950027612,12.0497650126,12.4932411122,517457400
2022-10-25 00:00:00+00:00,13.2453526055,13.2843065872,12.6490570391,12.6785222304,505482330
2022-10-26 00:00:00+00:00,12.8807832894,13.3722027511,12.6930051211,12.8538151482,535533290
2022-10-27 00:00:00+00:00,13.1604529017,13.821671771,13.1065166193,13.6139172018,583113080
2022-10-28 00:00:00+00:00,13.8176764908,13.8336576115,13.0455885967,13.0885378586,521039930
2022-10-31 00:00:00+00:00,13.4810741359,13.821671771,13.2813101271,13.7617425683,486340990
2022-11-01 00:00:00+00:00,13.5270198579,13.9085691148,13.5030481769,13.7947036298,432816900
2022-11-02 00:00:00+00:00,13.2034021636,14.1932328274,13.1956513201,13.8336576115,672627840
2022-11-03 00:00:00+00:00,13.4051638125,13.7647390284,12.940712492,13.0276098359,500064860
2022-11-04 00:00:00+00:00,14.139296545,14.2122104082,13.6808381447,13.9694971375,612575910
2022-11-07 00:00:00+00:00,14.2841254514,14.3949944763,13.9375348961,14.2112115882,410060950
2022-11-08 00:00:00+00:00,14.5847702847,14.8734392657,14.1992257476,14.7835354735,595291990
2022-11-09 00:00:00+00:00,13.7597449282,14.1942316474,13.7427749757,14.1447900552,454413660
2022-11-10 00:00:00+00:00,15.7314156954,15.7543885564,14.5298351823,14.7825366534,700819250
2022-11-11 00:00:00+00:00,16.3077348609,16.3696617036,15.4637319235,15.7888478479,655487470
2022-11-14 00:00:00+00:00,16.2757726194,16.5204835303,15.903212743,16.198863476,527852450
2022-11-15 00:00:00+00:00,16.6463348558,16.9779431105,16.3626699633,16.7017693683,545875500
2022-11-16 00:00:00+00:00,15.8912269024,16.3426935624,15.8542705608,16.1424301435,649546840
2022-11-17 00:00:00+00:00,15.6585018322,16.2468068382,15.5166693859,15.6964569938,710893560
2022-11-18 00:00:00+00:00,15.3908180603,15.9831183465,15.1021690558,15.9471608249,492071650
2022-11-21 00:00:00+00:00,15.2989266163,15.4587378233,15.0622062658,15.1291272088,404739310
2022-11-22 00:00:00+00:00,16.0190758681,16.0386227764,15.1037571796,15.3099136367,472866070
2022-11-23 00:00:00+00:00,16.4995083093,16.5074988697,16.0290740567,16.0790050707,427240930
2022-11-25 00:00:00+00:00,16.2508021183,16.4675460679,16.152917754,16.2987454805,167934300
2022-11-28 00:00:00+00:00,15.8083248388,16.3376994622,15.7064451943,16.0070900276,304152010
2022-11-29 00:00:00+00:00,15.6205466705,15.9132009434,15.5016870852,15.8083248388,298384490
2022-11-30 00:00:00+00:00,16.9070268873,16.9140202803,15.582278459,15.682184072,565298220
2022-12-01 00:00:00+00:00,17.1188267869,17.2487040838,16.6192987219,16.9829551532,470976570
2022-12-02 00:00:00+00:00,16.8600712492,16.9165878545,16.4294780572,16.643276069,371388580
2022-12-05 00:00:00+00:00,16.5943223187,16.9789589287,16.4564625633,16.6632571916,352255170
2022-12-06 00:00:00+00:00,15.9719103497,16.5573572419,15.8040689199,16.5143978283,352694270
2022-12-07 00:00:00+00:00,16.104784815,16.1707225196,15.6522123881,15.7571132818,372387580
2022-12-08 00:00:00+00:00,17.1527946953,17.1627852566,15.9439367781,16.2576404029,515455540
2022-12-09 00:00:00+00:00,16.9849532655,17.5664039331,16.9589778061,17.1438031901,465338190
2022-12-12 00:00:00+00:00,17.5184492389,17.5214464073,16.781145815,17.0209192862,457327800
2022-12-13 00:00:00+00:00,18.0549423807,18.772264682,17.6942831178,18.5135091443,656588760
2022-12-14 00:00:00+00:00,17.6573180409,18.2347724841,17.4035577839,17.9700226096,496888100
2022-12-15 00:00:00+00:00,16.9359995151,17.3036521709,16.6842373704,17.1298164043,478542100
2022-12-16 00:00:00+00:00,16.5553591296,17.0249155107,16.3945110927,16.8482823869,478231930
2022-12-19 00:00:00+00:00,16.2386583364,16.5933232625,16.1297612182,16.5563581857,354038770
2022-12-20 00:00:00+00:00,16.0698178504,16.2946054797,15.8370377722,16.0488376717,403259790
2022-12-21 00:00:00+00:00,16.4854252005,16.6113062729,16.0868018046,16.0987904782,325025380
2022-12-22 00:00:00+00:00,15.3245219775,16.1227678253,14.8679533261,16.0783098275,565045270
2022-12-23 00:00:00+00:00,15.1916475122,15.3245219775,14.8689523822,15.1816569509,349325630
2022-12-27 00:00:00+00:00,14.1076716112,15.0857475624,14.0427329627,15.059772103,464902260
2022-12-28 00:00:00+00:00,14.0227518401,14.2485385255,13.8708953084,13.913854722,351066450
2022-12-29 00:00:00+00:00,14.5892166658,14.6691411562,14.213571561,14.3884063837,354923240
2022-12-30 00:00:00+00:00,14.6002062833,14.6151821346,14.2195658977,14.3204705669,310489830
2023-01-03 00:00:00+00:00,14.3014885004,14.9818457249,14.0826952079,14.8369825861,401276580
2023-01-04 00:00:00+00:00,14.7350788608,14.8389806983,14.2275583468,14.5532506452,431323600
2023-01-05 00:00:00+00:00,14.2515356939,14.5502534768,14.1345961739,14.4773223793,389168110
2023-01-06 00:00:00+00:00,14.8449750351,14.9958325107,14.0207537279,14.4603384251,405043620
2023-01-09 00:00:00+00:00,15.613249199,16.0408452227,15.1267088637,15.2695738903,504230560
2023-01-10 00:00:00+00:00,15.8939839716,15.9469239559,15.4573964428,15.4923634073,384101260
2023-01-11 00:00:00+00:00,15.9858971355,16.012871651,15.5483105506,15.8245595611,353284930
2023-01-12 00:00:00+00:00,16.4954157618,16.6212968342,15.4773775654,16.0848036924,551409060
2023-01-13 00:00:00+00:00,16.8830495402,16.9060278312,16.1497423408,16.2626356835,447287060
2023-01-17 00:00:00+00:00,17.6852916126,17.711267072,16.8830495402,16.8830495402,511102160
2023-01-18 00:00:00+00:00,17.3605983703,17.8561302108,17.265688038,17.650324648,439623550
2023-01-19 00:00:00+00:00,16.7491760188,17.180768267,16.7152081104,17.01992023,452931600
2023-01-20 00:00:00+00:00,17.8221623024,17.8391462566,16.8091193866,16.9949438268,564967120
2023-01-23 00:00:00+00:00,19.1748843024,19.2268352211,17.8006825956,18.0469499316,655162590
2023-01-24 00:00:00+00:00,19.2468163437,19.4765992536,18.8022363659,18.8092297588,496204100
2023-01-25 00:00:00+00:00,19.3047615992,19.3517172374,18.5624628947,18.8946490579,449537110
2023-01-26 00:00:00+00:00,19.7833094855,20.1469659168,19.2598040734,19.6824048164,489535420
2023-01-27 00:00:00+00:00,20.3457780867,20.6085298488,19.3866842019,19.4436304013,542141980
2023-01-30 00:00:00+00:00,19.1439135623,20.1209904574,19.1319248888,19.9311697927,488611150
2023-01-31 00:00:00+00:00,19.5185596111,19.6684180306,18.9321136628,19.1514064833,498016580
2023-02-01 00:00:00+00:00,20.9232325298,21.1719975061,19.5924897647,19.6724142551,660477040
2023-02-02 00:00:00+00:00,21.6885095253,21.9282829965,20.6804618902,20.9801787292,564275800
2023-02-03 00:00:00+00:00,21.0800843422,21.7244655555,20.7693778858,20.9801787292,429365950
2023-02-06 00:00:00+00:00,21.0690947248,21.5496407233,20.7663807174,20.78636184,452197090
2023-02-07 00:00:00+00:00,22.1520715696,22.2379903968,21.1300371487,21.3618181708,664149610
2023-02-08 00:00:00+00:00,22.1840413658,22.8564061413,21.9872372988,22.3658695815,559651220
2023-02-09 00:00:00+00:00,22.315916775,22.9982721117,22.0991215948,22.5846628739,523875780
2023-02-10 00:00:00+00:00,21.2449286036,22.0568015771,20.7913571206,21.6695274589,550736750
2023-02-13 00:00:00+00:00,21.7674349596,22.0271895534,20.9422145963,21.5176709271,474918620
2023-02-14 00:00:00+00:00,22.9493183613,23.0270449283,21.3458332728,21.5576331723,675473500
2023-02-15 00:00:00+00:00,22.7425137424,22.8334278503,22.0851348089,22.5277166745,421188260
2023-02-16 00:00:00+00:00,21.9812329714,22.5287157306,21.9061039504,22.1121093244,412026280
2023-02-17 00:00:00+00:00,21.3678125076,21.7194802654,20.9552023259,21.6105831472,465887640
2023-02-21 00:00:00+00:00,20.6355043644,21.4735126462,20.5985392875,20.9801787292,410014550
2023-02-22 00:00:00+00:00,20.7344109212,21.0840805667,20.4017252299,20.6874552831,513184320
2023-02-23 00:00:00+00:00,23.6416642594,23.8654528325,23.0032673924,23.4178756863,1117995410
2023-02-24 00:00:00+00:00,23.2640210423,23.4518435947,22.9253410142,23.2030786184,589715910
2023-02-27 00:00:00+00:00,23.4788181102,23.8574004401,23.4318624721,23.6476585962,452993670
2023-02-28 00:00:00+00:00,23.1940871132,23.8025122963,23.1840965519,23.3499398695,455962800
2023-03-01 00:00:00+00:00,22.6765760379,23.2336197643,22.4867553732,23.1701097661,460025620
2023-03-02 00:00:00+00:00,23.2919946139,23.358331941,22.4108271073,22.4667742506,390074650
2023-03-03 00:00:00+00:00,23.8674509448,23.8774415061,23.108168286,23.2979889507,412393300
2023-03-06 00:00:00+00:00,23.5317680851,24.2251130393,23.4648313244,23.8684500009,437429230
2023-03-07 00:00:00+00:00,23.2700153791,24.1063689892,23.2230516758,23.5817744309,515153880
2023-03-08 00:00:00+00:00,24.1623257421,24.1813110689,23.4054107365,23.4688616974,513573390
2023-03-09 00:00:00+00:00,23.4179010831,24.4351149124,23.364782137,24.1563303757,501256990
2023-03-10 00:00:00+00:00,22.9472648222,23.6087535796,22.7084493947,23.3909219344,474865650
2023-03-13 00:00:00+00:00,22.94826405,23.2800076564,22.2797806985,22.7344293157,421890320
2023-03-14 00:00:00+00:00,24.0444168699,24.2002963958,23.4418825486,23.4778547469,474910130
2023-03-15 00:00:00+00:00,24.2092894454,24.2672446537,23.3419597756,23.7426500954,524485740
2023-03-16 00:00:00+00:00,25.521275455,25.5682391583,23.8755473835,24.0084446716,584946260
2023-03-17 00:00:00+00:00,25.7051333574,26.3786128475,25.6481773768,25.961934884,848546560
2023-03-20 00:00:00+00:00,25.8799982101,26.0039024487,25.1104229892,25.5952183071,432747190
2023-03-21 00:00:00+00:00,26.1787673015,26.3716182534,25.3613990182,26.1597819746,547407760
2023-03-22 00:00:00+00:00,26.4475595609,27.5676938463,26.2167379552,26.4045927685,797295110
2023-03-23 00:00:00+00:00,27.1700012097,27.4777633506,26.6693881169,27.0945595161,564888760
2023-03-24 00:00:00+00:00,26.7583193849,27.1460197442,26.3346468273,27.0101247729,455414070
2023-03-27 00:00:00+00:00,26.5105109079,26.9791487133,26.3446391047,26.8162745933,361025740
2023-03-28 00:00:00+00:00,26.3896043525,26.4925248087,25.8300368236,26.4265757785,356103780
2023-03-29 00:00:00+00:00,26.9631610696,27.0570884762,26.576459938,26.8042838605,393693870
2023-03-30 00:00:00+00:00,27.3618529339,27.4777633506,27.0810699418,27.2079718635,364515740
2023-03-31 00:00:00+00:00,27.7555486596,27.8128144008,27.0840676249,27.1190405955,433932770
2023-04-03 00:00:00+00:00,27.9434034728,27.9783764434,27.3148892306,27.4877556279,398715600
2023-04-04 00:00:00+00:00,27.431798875,27.9783764434,27.2859116264,27.9444027006,368591530
2023-04-05 00:00:00+00:00,26.8602406134,26.9771502578,26.3746159366,26.8082807714,515014740
2023-04-06 00:00:00+00:00,27.0161201393,27.0590869317,26.4065912239,26.5634699775,397654340
2023-04-10 00:00:00+00:00,27.557701569,27.5996591414,26.6484043346,26.802285405,395278550
2023-04-11 00:00:00+00:00,27.1480181997,27.7685386201,27.1050514073,27.702089976,314378170
2023-04-12 00:00:00+00:00,26.4745387096,27.4467772987,26.4270753924,27.3488629734,446258950
2023-04-13 00:00:00+00:00,26.4425634222,26.866136057,26.3086669064,26.7133541371,353615280
2023-04-14 00:00:00+00:00,26.7373356026,26.8622390689,26.1997510838,26.4835317591,395660130
2023-04-17 00:00:00+00:00,26.9811471687,26.9851440797,26.4127664513,26.5449842645,313489820
2023-04-18 00:00:00+00:00,27.6456336093,28.0882914937,27.3358730129,27.5122367073,604811540
2023-04-19 00:00:00+00:00,27.90942973,27.9783764434,27.2109695467,27.3398699239,358660410
2023-04-20 00:00:00+00:00,27.0830683972,28.0083532753,26.9791487133,27.6496305202,427713260
2023-04-21 00:00:00+00:00,27.0980568132,27.1620073879,26.7013634043,26.9311857822,345102770
2023-04-24 00:00:00+00:00,27.0211162779,27.3448560702,26.6504127823,26.9921386738,339281860
2023-04-25 00:00:00+00:00,26.2207348661,27.2259579626,26.2047472224,27.0570884762,378527160
2023-04-26 00:00:00+00:00,26.9351826932,27.3088938642,26.6844764557,26.9811471687,404493910
2023-04-27 00:00:00+00:00,27.2049741803,27.4737664397,26.6044483068,27.3418683793,377161190
2023-04-28 00:00:00+00:00,27.7275702831,27.7365633327,27.0505735114,27.2039749526,292216140
2023-05-01 00:00:00+00:00,28.8876736778,29.0359990421,27.7585463428,27.8185000066,570328530
2023-05-02 00:00:00+00:00,28.1882142667,28.8137208335,28.061312345,28.6578512999,402729570
2023-05-03 00:00:00+00:00,27.7805293528,28.3450930204,27.4507842019,27.8185000066,383387400
2023-05-04 00:00:00+00:00,27.5407146976,27.8374853335,27.2189633685,27.6296459656,321850410
2023-05-05 00:00:00+00:00,28.6578512999,28.7327933796,27.709584184,27.8040112045,361494080
2023-05-08 00:00:00+00:00,29.1284875608,29.1974342741,28.3281061489,28.4999733185,344978900
2023-05-09 00:00:00+00:00,28.5489354773,28.9506250248,28.428028922,28.8766821728,314869460
2023-05-10 00:00:00+00:00,28.8626929846,29.090516907,28.4393002107,28.9826003122,369349980
2023-05-11 00:00:00+00:00,28.5559300714,28.927642787,28.224186465,28.8736844896,322149030
2023-05-12 00:00:00+00:00,28.3181138716,28.7577740729,28.024340919,28.5069679126,274222250
2023-05-15 00:00:00+00:00,28.9306404702,28.9466281139,28.1302590584,28.4864837442,293925870
2023-05-16 00:00:00+00:00,29.19043968,29.8469322987,28.8097339149,28.8187269644,449404940
2023-05-17 00:00:00+00:00,30.1546944396,30.1756782219,29.4072820898,29.5611531679,432535410
2023-05-18 00:00:00+00:00,31.6535360348,31.8034201943,30.2965847773,30.386515273,748725010
2023-05-19 00:00:00+00:00,31.2398557545,31.5556117172,30.8921245044,31.5116456971,473907650
2023-05-22 00:00:00+00:00,31.1519237143,31.4956580534,30.6563067601,30.8771360885,371999670
2023-05-23 00:00:00+00:00,30.664300582,31.26383722,30.6073446013,30.9760596338,356253260
2023-05-24 00:00:00+00:00,30.5144164224,30.5833631358,29.782981724,30.186669727,721418510
2023-05-25 00:00:00+00:00,37.95066919,39.4495107852,36.606707893,38.4932498475,1543910670
2023-05-26 00:00:00+00:00,38.9159231773,39.1397501889,37.5210012661,37.8607386943,714396760
2023-05-30 00:00:00+00:00,40.0800234829,41.9056125458,39.9181485906,40.5636497043,923401100
2023-05-31 00:00:00+00:00,37.8047819414,40.2638813852,37.7927912087,39.457504607,998826810
2023-06-01 00:00:00+00:00,39.7392868269,40.0190705914,38.3103911729,38.4592761046,635872950
2023-06-02 00:00:00+00:00,39.2966289425,40.4687230699,39.0278466754,40.0660342947,482731210
2023-06-05 00:00:00+00:00,39.1407494166,39.5344751191,38.6771077498,38.8789517513,396093810
2023-06-06 00:00:00+00:00,38.6241486801,39.1297579116,38.1185394487,38.8000127606,388729140
2023-06-07 00:00:00+00:00,37.4500560972,39.4727088935,37.3311353053,38.8890976124,511997890
2023-06-08 00:00:00+00:00,38.4843671862,38.8381315587,37.4800361288,37.6988903592,417772400
2023-06-09 00:00:00+00:00,38.7441941265,39.6845677832,38.5413292462,39.0110164074,427717470
2023-06-12 00:00:00+00:00,39.455720209,39.5036782661,38.5922952999,39.1739079122,389673350
2023-06-13 00:00:00+00:00,40.9946951626,41.0736425791,39.7135484804,40.1592516164,613208160
2023-06-14 00:00:00+00:00,42.968380574,42.9713785772,40.5250080015,40.7968269543,740465020
2023-06-15 00:00:00+00:00,42.6246095454,43.2601862146,42.1189463464,42.5736434918,568622040
2023-06-16 00:00:00+00:00,42.6635835865,43.6918986692,42.6321045533,43.4210790507,655709410
2023-06-20 00:00:00+00:00,43.7788407607,43.9607196189,42.6455955675,42.9693799084,451153110
2023-06-21 00:00:00+00:00,43.0163486245,43.5859692243,42.0519909425,43.4720451043,551602910
2023-06-22 00:00:00+00:00,42.9963619368,43.3965953582,42.2058884379,42.2248757912,417737430
2023-06-23 00:00:00+00:00,42.1809050783,42.7805057096,41.9870342075,42.4357353466,358139840
2023-06-26 00:00:00+00:00,40.6049547523,42.7355356622,40.0733088592,42.4327373434,594321920
2023-06-27 00:00:00+00:00,41.8481267279,41.9120841285,40.4210772254,40.7718435947,462174700
2023-06-28 00:00:00+00:00,41.0896319293,41.8171473619,40.4910306323,40.6329361151,582639270
2023-06-29 00:00:00+00:00,40.7948282855,41.5723104375,40.572976052,41.5303383933,380514300
2023-06-30 00:00:00+00:00,42.2738431761,42.5216781037,41.4733763333,41.6522571883,501147750
2023-07-03 00:00:00+00:00,42.3847692929,42.8694464699,42.1739097376,42.488700069,198209190
2023-07-05 00:00:00+00:00,42.2888331919,43.1482607634,42.0569876144,42.1069543337,323617560
2023-07-06 00:00:00+00:00,42.0749756334,42.1509250467,41.3184795036,41.8161480275,304138790
2023-07-07 00:00:00+00:00,42.4747093876,43.1852361357,42.1519243811,42.2938298638,355881470
2023-07-10 00:00:00+00:00,42.1519243811,42.7825043783,41.6212778224,42.628606883,353908110
2023-07-11 00:00:00+00:00,42.3767746178,42.7295396559,42.0389995955,42.4527240311,298244060
2023-07-12 00:00:00+00:00,43.8727781929,43.9057562277,42.7488068229,43.0043566119,481277020
2023-07-13 00:00:00+00:00,45.9463970429,46.1242785635,44.4623854804,44.4883681744,478203690
2023-07-14 00:00:00+00:00,45.438735175,48.0559919307,45.0300074114,46.551803807,772075330
2023-07-17 00:00:00+00:00,46.4300748855,46.465051589,45.2322826843,46.2581893712,510488220
2023-07-18 00:00:00+00:00,47.4623873057,47.8641097353,45.7035587872,46.669915138,570190420
2023-07-19 00:00:00+00:00,47.0456648669,47.7861716466,46.7108878478,47.4324072741,427501790
2023-07-20 00:00:00+00:00,45.4897012287,47.0556582108,45.0320060801,46.4760442672,537864510
2023-07-21 00:00:00+00:00,44.2795072878,45.8354709261,44.0706464013,45.757522844,963768630
2023-07-24 00:00:00+00:00,44.5823056066,45.0789747963,44.0106863381,44.7012263985,383099740
2023-07-25 00:00:00+00:00,45.648595396,46.1517602591,44.8930986005,44.9110866195,348080910
2023-07-26 00:00:00+00:00,45.4217464905,46.0223464562,44.6002936256,45.9903677558,364237260
2023-07-27 00:00:00+00:00,45.8694482952,47.3634532015,45.7195481374,46.4880362798,455975520
2023-07-28 00:00:00+00:00,46.7188825229,46.9956981477,46.3501281346,46.6369371033,331194240
2023-07-31 00:00:00+00:00,46.6978965008,47.0986295894,46.4750549262,46.7228798604,251055280
2023-08-01 00:00:00+00:00,46.4760442672,46.8687826807,45.9963637622,46.4285758839,239275970
2023-08-02 00:00:00+00:00,44.2395339124,45.8094882321,43.3581209844,45.8004942226,530141570
2023-08-03 00:00:00+00:00,44.4853701713,45.0879688057,43.7708460856,43.7708460856,325076600
2023-08-04 00:00:00+00:00,44.6502603449,45.6116200237,44.3634513762,44.9550573324,362666180
2023-08-07 00:00:00+00:00,45.3862701198,45.5096879164,44.5337879222,45.080973465,322153540
2023-08-08 00:00:00+00:00,44.6342709947,45.2118862695,44.0266856816,44.8231451936,353843430
2023-08-09 00:00:00+00:00,42.5256754413,44.282505291,42.1059549993,44.2445305843,586449070
2023-08-10 00:00:00+00:00,42.3597859333,43.5449965145,41.8071540181,42.1319376934,492705300
2023-08-11 00:00:00+00:00,40.8278063203,41.9900322106,40.611950093,41.7232099297,533085260
2023-08-14 00:00:00+00:00,43.7238773695,43.7708460856,40.2841684145,40.459051932,690285830
2023-08-15 00:00:00+00:00,43.9107528996,45.2378689635,43.6809059909,44.5303402186,676511510
2023-08-16 00:00:00+00:00,43.4570550886,44.6452636729,43.3771083377,44.4903668432,527450680
2023-08-17 00:00:00+00:00,43.3146499386,44.0326716946,42.9723779116,43.9407329311,452394820
2023-08-18 00:00:00+00:00,43.2701795585,43.5489838587,41.6322705006,42.6066215265,583767870
2023-08-21 00:00:00+00:00,46.9357380845,47.0336728543,44.1925651963,44.4643841492,692573370
2023-08-22 00:00:00+00:00,45.6376027178,48.1549260349,45.302925632,48.1029606468,757206910
2023-08-23 00:00:00+00:00,47.084638908,47.1685829964,45.1779089004,45.8354709261,779046080
2023-08-24 00:00:00+00:00,47.1316076241,50.2325422224,47.1276102866,50.1825755031,1156044090
2023-08-25 00:00:00+00:00,45.9873697527,47.7731802996,44.9940313735,46.9807081319,925340520
2023-08-28 00:00:00+00:00,46.8038259457,46.9487294316,44.8581218971,46.4510609076,685192230
2023-08-29 00:00:00+00:00,48.751528663,49.0483309755,46.3601314718,46.6349384345,701396990
2023-08-30 00:00:00+00:00,49.2312091681,49.8937678657,48.3927676186,49.0113556033,735205980
2023-08-31 00:00:00+00:00,49.3221485972,49.7108896731,48.9254128461,49.3471319568,528569770
2023-09-01 00:00:00+00:00,48.476711707,49.7668523987,48.1095562538,49.7288776921,463830300
2023-09-05 00:00:00+00:00,48.515685748,48.8182941933,47.8281436908,48.1909020727,382652580
2023-09-06 00:00:00+00:00,47.0336728543,48.5208088099,46.552952159,48.4128715228,468669570
2023-09-07 00:00:00+00:00,46.2141490078,46.3170891983,45.1257813629,45.4985647711,433329890
2023-09-08 00:00:00+00:00,45.5455374794,46.5789370614,45.2447122626,45.9153226296,473899940
2023-09-11 00:00:00+00:00,45.1517662653,46.1361943005,44.2862691299,46.1212030106,473965550
2023-09-12 00:00:00+00:00,44.8439451132,45.6464788312,44.505141962,44.7120217623,349256340
2023-09-13 00:00:00+00:00,45.4585879981,45.9033295977,44.4771582209,44.5741018955,398355350
2023-09-14 00:00:00+00:00,45.5545322533,45.9602865051,45.104793557,45.9233179842,370097200
2023-09-15 00:00:00+00:00,43.874508368,45.5725218012,43.7825617901,45.3146716153,506830510
2023-09-18 00:00:00+00:00,43.9404700434,44.2163097771,41.9756116504,42.7231773055,500270790
2023-09-19 00:00:00+00:00,43.4947290245,43.9404700434,42.9770298141,43.8075472732,373064240
2023-09-20 00:00:00+00:00,42.2144728691,43.8775066259,42.1984821599,43.5746825705,367107690
2023-09-21 00:00:00+00:00,40.993182454,42.0755535829,40.9562039389,41.5588537919,450735960
2023-09-22 00:00:00+00:00,41.5858381137,42.0905448728,41.2070581895,41.5478601793,479236310
2023-09-25 00:00:00+00:00,42.1974827406,42.5113004086,41.153089546,41.5668491465,419090960
2023-09-26 00:00:00+00:00,41.8866633305,42.795135497,41.6308119833,41.9766110698,402282090
2023-09-27 00:00:00+00:00,42.4433398945,42.8471053019,41.6048370751,42.3054200277,444935200
2023-09-28 00:00:00+00:00,43.0639792954,43.4210818144,42.0905448728,42.4353445399,424662790
2023-09-29 00:00:00+00:00,43.4737412186,44.1183666833,43.2817927431,43.8015507572,397829930
2023-10-02 00:00:00+00:00,44.7559962126,45.1487680074,43.8355310143,44.0044328802,433298210
2023-10-03 00:00:00+00:00,43.4917307665,45.1037941377,43.2208881294,44.7819811151,470849540
2023-10-04 00:00:00+00:00,44.0154264928,44.1173672639,43.2668714125,43.7166001146,361820860
2023-10-05 00:00:00+00:00,44.6620507961,44.873927693,43.8625153361,44.0244212667,393483090
2023-10-06 00:00:00+00:00,45.7354271511,45.7624114729,44.0004352029,44.1673382302,434436020
2023-10-09 00:00:00+00:00,45.2467111012,45.5785183171,44.3422366121,44.8159613721,409674720
2023-10-10 00:00:00+00:00,45.7714062468,46.2321385557,45.0618185261,45.2836896162,368582080
2023-10-11 00:00:00+00:00,46.7788209264,46.8317901507,46.0232599167,46.1691751382,378136890
2023-10-12 00:00:00+00:00,46.9177402126,47.5813546444,46.3030973277,46.749837766,481325000
2023-10-13 00:00:00+00:00,45.4346019343,47.0886409172,45.2537070365,46.9327315025,475425990
2023-10-16 00:00:00+00:00,46.0682337864,46.1981582986,44.8859207249,45.0368330429,375099240
2023-10-17 00:00:00+00:00,43.9124863023,44.7280124715,42.4553329264,43.9744503005,812332670
2023-10-18 00:00:00+00:00,42.1714978381,43.1939038076,41.8007132686,42.5662684715,627294340
2023-10-19 00:00:00+00:00,42.0765530023,43.271858515,41.8576801701,42.786140723,501233080
2023-10-20 00:00:00+00:00,41.3629676042,42.4453387332,41.0541470328,41.8656755247,477266050
2023-10-23 00:00:00+00:00,42.9500454923,43.2228769739,40.9212242626,41.2050593509,478530490
2023-10-24 00:00:00+00:00,43.6376459879,43.671626245,42.666210404,43.0519862635,401463370
2023-10-25 00:00:00+00:00,41.7547399796,43.6246535367,41.5308700508,43.3727998668,398379220
2023-10-26 00:00:00+00:00,40.3025837004,42.2310132589,39.8570325711,41.8286970097,541001320
2023-10-27 00:00:00+00:00,40.4764826629,41.1820727064,39.9917642903,41.1061168377,416784410
2023-10-30 00:00:00+00:00,41.1370988368,41.7417475284,40.4574936958,41.0631418067,388028140
2023-10-31 00:00:00+00:00,40.7563200739,40.8552625871,39.2072301144,40.4265116967,517968700
2023-11-01 00:00:00+00:00,42.3004229311,42.3563904133,40.8452683939,40.8602596837,437592900
2023-11-02 00:00:00+00:00,43.4807371539,43.8585176588,42.869092527,43.3028405141,409171870
2023-11-03 00:00:00+00:00,44.9788667221,45.2826802027,43.6976111474,43.994438687,424609590
2023-11-06 00:00:00+00:00,45.7244335386,45.9083266944,44.8729282736,45.2582044234,400733350
2023-11-07 00:00:00+00:00,45.9283150809,46.1911623633,45.1312781692,45.6924521202,343165470
2023-11-08 00:00:00+00:00,46.546955643,46.8397855053,45.9413075321,46.073230883,346718940
2023-11-09 00:00:00+00:00,46.9227373092,48.2019940453,46.7228534442,47.4394371003,540495970
2023-11-10 00:00:00+00:00,48.3069330744,48.4438535219,47.2555539387,47.472417938,422441560
2023-11-13 00:00:00+00:00,48.591767582,49.0874795672,48.0710801079,48.2919417845,384135700
2023-11-14 00:00:00+00:00,49.6271660027,49.8050626426,49.0115336927,49.6511520665,416953870
2023-11-15 00:00:00+00:00,48.8596119611,49.9309894775,48.1720114655,49.9060039944,475497350
2023-11-16 00:00:00+00:00,49.4512682015,49.4959322512,48.3019359778,48.6507333222,339756240
2023-11-17 00:00:00+00:00,49.2693738844,49.6881305815,48.9785428608,49.4952426518,325896910
2023-11-20 00:00:00+00:00,50.3797287545,50.5186480406,49.1524518175,49.2833657549,416142600
2023-11-21 00:00:00+00:00,49.9149987683,50.4876660416,49.1934180157,50.0968930855,565746870
2023-11-22 00:00:00+00:00,48.6877118372,50.3057117592,47.6623076098,49.8230521904,900642330
2023-11-24 00:00:00+00:00,47.7482576717,48.8925927988,47.7172756726,48.4418646775,294644640
2023-11-27 00:00:00+00:00,48.2139870772,48.5018198428,47.6243296754,47.7722437355,395661900
2023-11-28 00:00:00+00:00,47.7932315413,48.2948401006,47.4454336162,48.2079905612,401490850
2023-11-29 00:00:00+00:00,48.112046306,48.7336851262,47.832208895,48.3509075247,382004650
2023-11-30 00:00:00+00:00,46.7428418307,48.0820637263,46.3950439056,47.9961136643,526246630
2023-12-01 00:00:00+00:00,46.7378447341,47.1725921405,46.1601803643,46.4979840961,369317010
2023-12-04 00:00:00+00:00,45.4835734812,46.0502442385,44.9838638187,46.0502442385,437543440
2023-12-05 00:00:00+00:00,46.5429579657,46.5769411417,45.2485987645,45.4435022736,371717620
2023-12-06 00:00:00+00:00,45.480483965,47.3635517142,45.3895289941,47.1911370715,367785990
2023-12-07 00:00:00+00:00,46.572943121,46.6059267917,45.5814339877,45.6773864844,350822550
2023-12-08 00:00:00+00:00,47.48249283,47.7172266203,46.5269658829,46.5719436158,359223700
2023-12-11 00:00:00+00:00,46.6039277814,47.5074804593,45.8073221572,47.4675002524,509728090
2023-12-12 00:00:00+00:00,47.6334181114,47.6424136579,46.0232152749,46.0232152749,372386860
2023-12-13 00:00:00+00:00,48.0642048417,48.5699544601,47.5844423578,47.6054319665,447791860
2023-12-14 00:00:00+00:00,48.3260751974,48.6459168533,47.3985343953,48.3660554044,391231740
2023-12-15 00:00:00+00:00,48.8658079918,49.3795536516,48.0961890072,48.1701523902,479947580
2023-12-18 00:00:00+00:00,50.0522206342,50.4080344813,49.1256793372,49.3755556309,412587170
2023-12-19 00:00:00+00:00,49.5794546865,49.6754071833,48.8708055176,49.3995437551,463132480
2023-12-20 00:00:00+00:00,48.0871934607,49.9742592305,48.0741998934,49.6304294504,397894390
2023-12-21 00:00:00+00:00,48.9657585092,49.0707065526,48.3950410545,48.786847083,300425350
2023-12-22 00:00:00+00:00,48.8058376813,49.3585640429,48.4430173029,49.1706570701,252506760
2023-12-26 00:00:00+00:00,49.2546155047,49.5754566658,48.935773354,48.9437693954,244199520
2023-12-27 00:00:00+00:00,49.3925472189,49.6554170798,49.0607115008,49.4865007053,232154310
2023-12-28 00:00:00+00:00,49.4974952622,49.8593061404,49.387549693,49.6184353883,246587480
2023-12-29 00:00:00+00:00,49.4974952622,49.9722602202,48.7268767725,49.788351268,389293300
2024-01-02 00:00:00+00:00,48.1441652556,49.2706075875,47.5714487905,49.2196328236,411254220
2024-01-03 00:00:00+00:00,47.545461656,48.1602572889,47.2965848675,47.4615032213,320896170
2024-01-04 00:00:00+00:00,47.9742493759,48.4760009736,47.4844918403,47.7433636806,306534890
2024-01-05 00:00:00+00:00,49.0727055629,49.5224828916,48.2821069648,48.438019777,410804550
2024-01-08 00:00:00+00:00,52.2271438943,52.2491330082,49.4545165397,49.4875002104,642509900
2024-01-09 00:00:00+00:00,53.1137049843,54.2981186163,51.664422481,52.3750706602,773100060
2024-01-10 00:00:00+00:00,54.3231062457,54.5729825394,53.4625322903,53.5894694475,533795760
2024-01-11 00:00:00+00:00,54.7948726882,55.3186133997,53.5334971577,54.9717851041,596758770
2024-01-12 00:00:00+00:00,54.6829281086,54.942799454,54.3031961026,54.5929726429,352993600
2024-01-16 00:00:00+00:00,56.3541007607,56.8068666098,54.8728340918,54.9907757024,449579730
2024-01-17 00:00:00+00:00,56.0252635583,56.4427368796,54.7129132639,56.3191180796,474394440
2024-01-18 00:00:00+00:00,57.0787420124,57.5714980635,56.0792368377,57.2316663041,491650360
2024-01-19 00:00:00+00:00,59.4615623489,59.4705578955,57.196683623,57.9603055765,543501480
2024-01-22 00:00:00+00:00,59.6244816924,60.3011466957,59.0407706704,60.0192862364,452954630
2024-01-23 00:00:00+00:00,59.8433733257,59.8803550171,58.5560106606,59.5405232577,294654450
2024-01-24 00:00:00+00:00,61.3316365308,62.8179007256,59.908341162,60.274160056,557068700
2024-01-25 00:00:00+00:00,61.5865103504,62.6879650529,60.8198898814,62.3191476434,482776840
2024-01-26 00:00:00+00:00,61.000800318,61.7524282094,60.543026948,60.9298354506,390308590
2024-01-29 00:00:00+00:00,62.4340907385,62.4580788627,60.8768616763,61.2017008581,348732980
2024-01-30 00:00:00+00:00,62.7429378375,63.4615820581,62.2291921777,62.8688754895,410735300
2024-01-31 00:00:00+00:00,61.4965548846,62.2382077144,60.6699641052,61.4095979344,453794870
2024-02-01 00:00:00+00:00,62.9958126467,63.1597314954,61.6194940211,62.0692713497,369145790
2024-02-02 00:00:00+00:00,66.1272623591,66.567044636,63.6584845775,63.9423440472,476577650
2024-02-05 00:00:00+00:00,69.2976927733,69.4626111271,67.1717452667,68.1912405449,680078010
2024-02-06 00:00:00+00:00,68.1892415345,69.719473962,66.2671930835,69.5955453153,683111360
2024-02-07 00:00:00+00:00,70.0643132423,70.1852533684,67.5665498107,68.2851940313,495574550
2024-02-08 00:00:00+00:00,69.6065398723,70.7589693387,69.4206319098,70.0393256129,414422110
2024-02-09 00:00:00+00:00,72.0973067677,72.1492810367,70.177257327,70.4980984881,436636890
2024-02-12 00:00:00+00:00,72.2122498627,74.5740805906,71.2147436984,72.5640756842,613710180
2024-02-13 00:00:00+00:00,72.0923092418,73.4136550828,69.5855502636,70.3651642999,602580150
2024-02-14 00:00:00+00:00,73.8634324114,74.1992661501,71.9024032586,73.1657777994,504917420
2024-02-15 00:00:00+00:00,72.6220469844,73.9383952995,72.3641746493,73.832447751,420121810
2024-02-16 00:00:00+00:00,72.5770692515,74.3651840091,72.465124672,74.0633334463,495326620
2024-02-20 00:00:00+00:00,69.4176333942,71.9203943517,67.7004835041,71.9113988052,704833100
2024-02-21 00:00:00+00:00,67.4386131483,68.8539124757,66.2152188145,67.9723489116,690298130
2024-02-22 00:00:00+00:00,78.4991374117,78.5361191032,74.1832740673,74.9878757329,865099740
2024-02-23 00:00:00+00:00,78.7779993554,82.3532293654,77.5316164026,80.7500230652,829388370
2024-02-26 00:00:00+00:00,79.0528632785,80.6060843249,78.4661537409,79.6605624247,503972730
2024-02-27 00:00:00+00:00,78.6620567552,79.4406712863,77.1238182913,79.341720274,391705240
2024-02-28 00:00:00+00:00,77.6245703838,78.8939419557,77.0868365998,77.5815916613,393110400
2024-02-29 00:00:00+00:00,79.072853382,79.9504189254,78.3112304389,79.0548622888,507288980
2024-03-01 00:00:00+00:00,82.2382862703,82.259275879,79.3957235386,79.9604139771,479135100
2024-03-04 00:00:00+00:00,85.1948225771,87.6516062966,83.6775737219,84.0883703487,615616450
2024-03-05 00:00:00+00:00,85.9254608598,86.0584012336,83.3796127193,85.231771992,520639300
2024-03-06 00:00:00+00:00,88.660234264,89.6837751871,86.9909929492,87.982538223,582520300
2024-03-07 00:00:00+00:00,92.627454893,92.7254109579,89.5618398774,90.1175806175,608119160
2024-03-08 00:00:00+00:00,87.4887596917,97.3563339043,86.4672178719,95.0952480426,1142269060
2024-03-11 00:00:00+00:00,85.7355460401,88.7571907772,84.1282669342,86.3902523923,666115100
2024-03-12 00:00:00+00:00,91.8717938208,91.9187727499,86.111477428,88.0095261185,654374800
2024-03-13 00:00:00+00:00,90.8472533459,91.4629771825,88.395353068,91.0141784769,627266260
2024-03-14 00:00:00+00:00,87.9045731918,90.6053618387,86.5611757301,89.5368410898,597110810
2024-03-15 00:00:00+00:00,87.7971213859,89.5058549876,86.2183295029,86.8910277854,642086160
2024-03-18 00:00:00+00:00,88.4153441017,92.3635732487,87.0459582962,90.3474775045,668975930
2024-03-19 00:00:00+00:00,89.3579213385,90.503407567,84.9718885544,86.6611308984,672171270
2024-03-20 00:00:00+00:00,90.3314846776,90.3694676415,88.1834481113,89.75674246,479062790
2024-03-21 00:00:00+00:00,91.3940081164,92.6064643076,90.3644698831,92.258620322,480372310
2024-03-22 00:00:00+00:00,94.2467286191,94.7354993965,90.7932875506,91.1001399217,586719360
2024-03-25 00:00:00+00:00,94.9594089689,96.7226081419,93.4680778582,93.8988846335,552136080
2024-03-26 00:00:00+00:00,92.5195033112,96.3317934294,92.4605297619,95.8080283476,513647580
2024-03-27 00:00:00+00:00,90.2095393723,93.1981989038,89.0830446258,93.0702562884,586067230
2024-03-28 00:00:00+00:00,90.3154918507,91.2590686392,89.1530132436,89.9596514516,435212270
2024-04-01 00:00:00+00:00,90.3224887124,92.1836539458,89.1640083121,90.2585174047,448117330
2024-04-02 00:00:00+00:00,89.4118971294,90.0536093098,87.5807184465,88.4083472399,431379350
2024-04-03 00:00:00+00:00,88.9241159082,90.333483781,88.3603687591,88.4443311005,367591260
2024-04-04 00:00:00+00:00,85.8664873105,90.593357223,85.8414985185,90.3654694348,428869900
2024-04-05 00:00:00+00:00,87.9685444995,88.4413324454,85.8874778959,86.8270564777,397728780
2024-04-08 00:00:00+00:00,87.093936777,88.7901759827,86.6931165522,88.660234264,279075320
2024-04-09 00:00:00+00:00,85.3157343333,87.5957117218,82.984779809,87.402798247,499779740
2024-04-10 00:00:00+00:00,86.9999789188,87.3608170763,83.6714718151,83.8883745303,431928530
2024-04-11 00:00:00+00:00,90.5753752882,90.6983101497,86.8870295787,87.38080811,431637270
2024-04-12 00:00:00+00:00,88.146464699,90.1345630006,87.4907587951,89.6587863951,426804790
2024-04-15 00:00:00+00:00,85.9624442721,90.5723766331,85.8904865464,89.0580558337,443076950
2024-04-16 00:00:00+00:00,87.3758103516,88.0784951846,86.0253160729,86.3937508232,370453020
2024-04-17 00:00:00+00:00,83.9973256637,88.7352006402,83.9123637707,88.3003956581,495399510
2024-04-18 00:00:00+00:00,84.633040534,86.1513495446,82.3650577657,84.9319064871,447260340
2024-04-19 00:00:00+00:00,76.165838229,84.2861961,75.5721045294,83.1127224244,875198000
2024-04-22 00:00:00+00:00,79.4823507125,80.0371018965,76.3657485656,78.0689846331,596340510
2024-04-23 00:00:00+00:00,82.386048351,82.7318932333,80.2280162679,80.7327898677,438559370
2024-04-24 00:00:00+00:00,79.6412794301,84.0443045928,79.1475008988,83.9123637707,512207530
2024-04-25 00:00:00+00:00,82.5949546528,83.28563487,78.1879312833,78.8326521142,424640730
2024-04-26 00:00:00+00:00,87.6956668901,88.2913297244,83.3496161733,83.7804229485,551010780
2024-04-29 00:00:00+00:00,87.7176570271,87.9525516725,85.2277737852,87.5557296545,388970760
2024-04-30 00:00:00+00:00,86.3632644969,88.7791809142,86.2613102252,87.2008888071,363708700
2024-05-01 00:00:00+00:00,83.003771291,85.9614447204,81.2181321828,85.0388585172,559863170
2024-05-02 00:00:00+00:00,85.7785267625,86.1983384692,83.1627000086,84.4111400604,377897540
2024-05-03 00:00:00+00:00,88.7491943637,89.2409737917,87.0009784705,87.7496426809,398340720
2024-05-06 00:00:00+00:00,92.0986920528,92.1786561874,89.0150751113,89.3499249251,376202550
2024-05-07 00:00:00+00:00,90.5134030839,91.7398430031,88.9710948373,91.0571591993,437341610
2024-05-08 00:00:00+00:00,90.3714667449,91.1531161608,89.3799114756,89.4423834557,325721020
2024-05-09 00:00:00+00:00,88.707213193,91.0311708555,88.1914445247,90.4884142918,378012680
2024-05-10 00:00:00+00:00,89.8377061463,91.3600233592,89.1869980008,90.264014939,335325410
2024-05-13 00:00:00+00:00,90.358472573,90.957204031,88.4893109262,90.437437156,289680170
2024-05-14 00:00:00+00:00,91.3150435335,91.6099112799,88.8941293577,89.5588312268,296507080
2024-05-15 00:00:00+00:00,94.5875757429,94.8194717333,91.5579345924,92.4305432115,417735450
2024-05-16 00:00:00+00:00,94.3166972369,95.7760326983,94.0608120061,94.8674502141,323951820
2024-05-17 00:00:00+00:00,92.4375400732,94.697526428,91.7648417907,94.3266927537,359691030
2024-05-20 00:00:00+00:00,94.7375084954,95.1573202021,93.3981092404,93.7079702621,318764460
2024-05-21 00:00:00+00:00,95.3432368151,95.3572305387,93.1382258029,93.557037958,328946460
2024-05-22 00:00:00+00:00,94.9074322814,95.976952582,93.207194869,95.416204088,548647990
2024-05-23 00:00:00+00:00,103.7524651225,106.2723349148,101.4744868374,101.9822590923,835065280
2024-05-24 00:00:00+00:00,106.4212681155,106.4272654256,102.9538233279,104.4021737163,429493670
2024-05-28 00:00:00+00:00,113.8499362221,114.8874708688,109.8337375606,110.1945757181,652727890
2024-05-29 00:00:00+00:00,114.773521977,115.4402229494,110.8512811737,112.99931774,557441930
2024-05-30 00:00:00+00:00,110.4504609489,115.7672262824,109.6138361904,114.5986004325,487350330
2024-05-31 00:00:00+00:00,109.5838496399,112.6664670297,106.8920569581,112.4695553481,613262500
2024-06-03 00:00:00+00:00,114.9484435215,114.9484435215,111.9527871281,113.5700617509,438391760
2024-06-04 00:00:00+00:00,116.3847992897,116.5477262139,113.9938716644,115.6641225264,403324010
2024-06-05 00:00:00+00:00,122.3851080415,122.3946037825,117.4153370746,118.3179322442,528401780
2024-06-06 00:00:00+00:00,120.9437545149,125.5306971872,118.2669551084,123.9923871474,664696190
2024-06-07 00:00:00+00:00,120.8338038298,121.6371535128,117.9690887069,119.7163050484,412385800
2024-06-10 00:00:00+00:00,121.7353994477,123.0448121521,116.9575424039,120.3160360581,308134791
2024-06-11 00:00:00+00:00,120.8657894836,122.8250728133,118.6965829401,121.7254750262,222551158
2024-06-12 00:00:00+00:00,125.1542208531,126.8336065642,122.5251825077,123.0150033401,299595001
2024-06-13 00:00:00+00:00,129.5626083448,129.7525388717,127.1135041828,129.3426887874,260704537
2024-06-14 00:00:00+00:00,131.8317783236,132.7914273013,128.2730800309,129.912480368,309320376
2024-06-17 00:00:00+00:00,130.9321074069,133.6811018745,129.5326193143,132.9413724541,288504444
2024-06-18 00:00:00+00:00,135.5304254254,136.2801511893,130.6422134448,131.0920489032,294335054
2024-06-20 00:00:00+00:00,130.7321805365,140.7085313681,129.4726412532,139.7488823903,517768425
2024-06-21 00:00:00+00:00,126.5237199152,130.5822353837,124.2545499364,127.0735188087,655484664
2024-06-24 00:00:00+00:00,118.0668132984,124.4144914327,117.9968388938,123.1949375235,476060866
2024-06-25 00:00:00+00:00,126.0438954263,126.4537455105,119.2763708642,121.1556834457,425787456
2024-06-26 00:00:00+00:00,126.3537820753,128.0731531605,122.5551715383,126.0838808003,362975918
2024-06-27 00:00:00+00:00,123.9446632874,126.3637784189,122.8750545309,124.0546230661,252571693
2024-06-28 00:00:00+00:00,123.494827829,127.6633030763,122.7051166911,124.534447555,315516740
2024-07-01 00:00:00+00:00,124.2545499364,124.7943524864,118.7865500318,123.4248534244,284885534
2024-07-02 00:00:00+00:00,122.6251459429,123.3648753633,120.9857456058,121.085709041,218373969
2024-07-03 00:00:00+00:00,128.2330946568,128.2330946568,121.315624942,121.6155152475,215748955
2024-07-05 00:00:00+00:00,125.7839904948,128.8028862374,125.634045342,127.3334237402,214176689
2024-07-08 00:00:00+00:00,128.1531239087,130.722184193,126.9935480605,127.4433835189,237677322
2024-07-09 00:00:00+00:00,131.3319611476,133.7710689662,128.602959367,130.3023377652,287020820
2024-07-10 00:00:00+00:00,134.8606704097,135.0506009365,132.3715808736,133.9809921801,248978569
2024-07-11 00:00:00+00:00,127.3534164272,136.100217006,127.0035444041,135.7003632653,374782738
2024-07-12 00:00:00+00:00,129.1927436346,131.8717636976,127.1734822439,128.2131019698,252680535
2024-07-15 00:00:00+00:00,128.3930361531,131.3419574911,127.1334968698,130.5122609791,208326164
2024-07-16 00:00:00+00:00,126.3137967013,128.9928167643,124.534447555,128.3930361531,214769515
2024-07-17 00:00:00+00:00,117.9468571762,121.8054457744,116.6773215493,121.3056285984,390086189
2024-07-18 00:00:00+00:00,121.045723667,122.3552446679,116.517380053,121.8054457744,320979530
2024-07-19 00:00:00+00:00,117.8868791151,121.5555371864,117.327083878,120.3059942466,217223800
2024-07-22 00:00:00+00:00,123.494827829,124.0246340355,119.8161734142,120.3059942466,258068943
2024-07-23 00:00:00+00:00,122.5451751948,124.6444073337,122.0553543623,122.7351057216,173910983
2024-07-24 00:00:00+00:00,114.2082247002,119.9061405058,113.3985208752,119.1264257114,327776884
2024-07-25 00:00:00+00:00,112.2389450271,116.5873544577,106.2611316029,112.9986671345,460067019
2024-07-26 00:00:00+00:00,113.0186598215,116.1575116864,111.5392009808,116.1475153428,293399073
2024-07-29 00:00:00+00:00,111.5491973243,116.2374824345,111.2593033622,113.6484294632,248152068
2024-07-30 00:00:00+00:00,103.6920713186,111.949051065,102.5025064399,111.4792229196,486833274
2024-07-31 00:00:00+00:00,116.9772118549,118.2967291993,110.8394569344,112.8587183252,473174182
2024-08-01 00:00:00+00:00,109.1700675668,120.1160637197,106.7713449761,117.4870253743,523462326
2024-08-02 00:00:00+00:00,107.2307769242,108.6802467344,101.3329342482,103.7220603492,482027464
2024-08-05 00:00:00+00:00,100.4132706445,103.372188326,90.6568393704,92.0263384324,552842375
2024-08-06 00:00:00+00:00,104.2118811816,107.670616039,100.5132340797,103.8020310973,409012089
2024-08-07 00:00:00+00:00,98.8738337427,108.7602174826,98.6539141853,107.7705794742,411440423
2024-08-08 00:00:00+00:00,104.9316179149,105.4614241214,97.4843419936,101.9627038899,391910023
2024-08-09 00:00:00+00:00,104.7116983575,106.5610219085,103.3921810131,105.6013729307,290844157
2024-08-12 00:00:00+00:00,108.98013704,111.0293874613,106.2211462288,106.28112429,325559870
2024-08-13 00:00:00+00:00,116.0975336252,116.1875007169,111.5392009808,112.3988865234,312646660
2024-08-14 00:00:00+00:00,118.0368242679,118.5566341308,114.0282905169,118.4866597262,339246407
2024-08-15 00:00:00+00:00,122.8150764698,123.1949375235,117.4270473132,118.7165756271,318086673
2024-08-16 00:00:00+00:00,124.534447555,124.9542939827,121.1356907586,121.895412866,302589872
2024-08-19 00:00:00+00:00,129.9524657421,129.9524657421,123.3748717068,124.2345572494,318333577
2024-08-20 00:00:00+00:00,127.2034712744,129.8325096198,125.8439685559,128.3530507791,300087415
2024-08-21 00:00:00+00:00,128.4530142143,129.3027034133,126.6136870068,127.2684475073,257883572
2024-08-22 00:00:00+00:00,123.6947546994,130.7021915059,123.0549887142,129.9724584291,376189076
2024-08-23 00:00:00+00:00,129.3226961004,129.5526120013,125.1742135402,125.8139795253,323230332
2024-08-26 00:00:00+00:00,126.4137601365,131.2120050254,124.3245243411,129.5226229708,331964672
2024-08-27 00:00:00+00:00,128.2530873439,129.1527582606,123.8347035087,125.0042757003,303134573
2024-08-28 00:00:00+00:00,125.5640709374,128.2830763744,122.5951569123,128.0731531605,448101115
2024-08-29 00:00:00+00:00,117.5470034354,124.3845024022,116.6673252058,121.3106267702,453023305
2024-08-30 00:00:00+00:00,119.3263525818,121.7054823392,117.1771387253,119.4862940781,333751583
2024-09-03 00:00:00+00:00,107.9605100011,116.1675080299,107.2507696113,115.9675811595,477155100
2024-09-04 00:00:00+00:00,106.1711645113,113.2285830354,104.0819287159,105.3714570298,368378810
2024-09-05 00:00:00+00:00,107.1707988631,109.6099066817,104.7216947011,104.9466124302,306850696
2024-09-06 00:00:00+00:00,102.792400402,108.1104551539,100.9130878205,108.0004953752,413638098
2024-09-09 00:00:00+00:00,106.4310694427,106.5110401909,103.6520859446,104.8416508233,273912015
2024-09-10 00:00:00+00:00,108.0604734363,109.3599980937,104.9116252279,107.7705794742,268283736
2024-09-11 00:00:00+00:00,116.8672520762,117.1471496947,107.380722077,109.3500017502,441422370
2024-09-12 00:00:00+00:00,119.1064330243,120.7559681468,115.3474923816,116.8070810355,367100496
2024-09-13 00:00:00+00:00,119.0664442941,119.921203403,117.56686691,119.046449929,238358328
2024-09-16 00:00:00+00:00,116.7470979401,118.1467034986,114.3277797605,116.7570951227,248772308
2024-09-17 00:00:00+00:00,115.5574332154,118.7665288173,114.7976473408,118.136706316,231925876
2024-09-18 00:00:00+00:00,113.338058687,117.6668387357,113.1881009486,115.8573486922,310318937
2024-09-19 00:00:00+00:00,117.8367908392,119.6262865175,117.2169655204,117.316937346,293506438
2024-09-20 00:00:00+00:00,115.9673177004,118.5846800665,115.357589536,117.0270190518,382462428
2024-09-23 00:00:00+00:00,116.227244447,116.9570387739,114.8276388885,116.5171627412,206228490
2024-09-24 00:00:00+00:00,120.8359456073,121.7656835854,115.3474923816,116.4821726022,354966772
2024-09-25 00:00:00+00:00,123.4752018032,124.9047989094,121.5757371168,121.9856216017,284692948
2024-09-26 00:00:00+00:00,124.0050524789,127.6290311571,121.7656835854,126.7642748656,302582868
2024-09-27 00:00:00+00:00,121.365796283,123.9950552964,119.2263992151,123.935072201,271009175
2024-09-30 00:00:00+00:00,121.4057850132,121.4657681086,118.1167119509,118.2766668718,227053651
2024-10-01 00:00:00+00:00,116.9670359564,122.4006046498,115.7573768666,121.7306934464,302094485
2024-10-02 00:00:00+00:00,118.8165147301,119.3463654058,115.1075600002,116.407193733,221845887
2024-10-03 00:00:00+00:00,122.8153877542,124.3249623209,120.3061949034,120.8859315201,277117973
2024-10-04 00:00:00+00:00,124.8848045442,125.004770735,121.7956751331,124.9047989094,244465552
2024-10-07 00:00:00+00:00,127.6840156612,130.6031929688,124.9147960919,124.9547848222,346250233
2024-10-08 00:00:00+00:00,132.8525590449,133.4423928159,129.3835366964,130.2233000315,285722485
2024-10-09 00:00:00+00:00,132.6126266634,134.4820998022,131.3429844783,134.0722153172,246191612
2024-10-10 00:00:00+00:00,134.7720180965,134.9619645651,130.963091541,131.872835154,242311337
2024-10-11 00:00:00+00:00,134.7620209139,135.7417448048,133.622342102,133.9722434916,170209474
2024-10-14 00:00:00+00:00,138.0310996111,139.5606685429,136.261598298,136.4315504015,232347668
2024-10-15 00:00:00+00:00,131.5629224946,138.5309587392,128.7037282823,137.8311559599,377831021
2024-10-16 00:00:00+00:00,135.6817617095,136.5815081399,131.5429281295,133.9422519439,264879720
2024-10-17 00:00:00+00:00,136.8914207993,140.8503050932,136.8314377039,139.3007417963,306435921
2024-10-18 00:00:00+00:00,137.9611193332,138.8608657637,137.2413221889,138.6259319735,176090184
2024-10-21 00:00:00+00:00,143.6695105752,143.6695105752,137.9611193332,138.0910827065,264554514
2024-10-22 00:00:00+00:00,143.5495443845,144.379310537,141.740054341,142.8697359704,226311589
2024-10-23 00:00:00+00:00,139.5206798126,142.3898712075,137.421271475,141.9899839051,285930038
2024-10-24 00:00:00+00:00,140.3704403303,141.3101754909,138.420989731,140.7803248152,172354888
2024-10-25 00:00:00+00:00,141.5001219596,144.0893922427,140.7603304501,140.8902938234,205122109
2024-10-28 00:00:00+00:00,140.4804093384,143.0996711693,140.0105417581,142.9597106134,173586745
2024-10-29 00:00:00+00:00,141.2102036653,142.2197191603,138.8608657637,140.2454755483,157593634
2024-10-30 00:00:00+00:00,139.295743205,140.2904628698,136.7714546085,139.5006854475,179418082
2024-10-31 00:00:00+00:00,132.7225956716,137.5712292134,132.0733786361,137.5612320308,270039641
2024-11-01 00:00:00+00:00,135.3618518675,137.2713137366,134.532085715,134.6620490883,207127838
2024-11-04 00:00:00+00:00,136.0116687339,138.920848859,135.5318039711,137.171341911,187528173
2024-11-05 00:00:00+00:00,139.8705812023,140.3305515719,137.2913081017,137.4112742924,160537373
2024-11-06 00:00:00+00:00,145.5689752617,146.448727327,141.9200036271,142.9197218832,242043945
2024-11-07 00:00:00+00:00,148.8380539589,148.8880398717,146.1288174851,146.3487555014,207323303
2024-11-08 00:00:00+00:00,147.5884061389,149.7278032068,146.2187921281,148.7280849508,175665830
2024-11-11 00:00:00+00:00,145.2190738721,148.8080624112,143.5295500194,148.6381103077,182325620
2024-11-12 00:00:00+00:00,148.2482201879,149.6078370161,145.9688625641,146.7386456212,198634738
2024-11-13 00:00:00+00:00,146.2287893107,149.2879271741,145.8588935559,149.0280004276,191903267
2024-11-14 00:00:00+00:00,146.7186512561,148.9580201496,145.5089921663,147.5984033214,194463301
2024-11-15 00:00:00+00:00,141.9399979923,145.1990795069,140.0405333058,144.8291837522,250132869
2024-11-18 00:00:00+00:00,140.1105135837,141.5101191422,137.1113588156,139.4606967173,221865993
2024-11-19 00:00:00+00:00,146.9685808201,147.0885470108,140.9502769188,141.2801839433,227834912
2024-11-20 00:00:00+00:00,145.8488963734,147.5184258609,142.6897866843,147.3684681225,309871654
2024-11-21 00:00:00+00:00,146.6286766131,152.8469241656,140.6603586245,149.3079215393,400946570
2024-11-22 00:00:00+00:00,141.9100064446,147.1185385585,141.0602459269,145.8888851036,236406154
2024-11-25 00:00:00+00:00,135.9816771863,142.0099782702,135.7817335351,141.9499951748,344941875
2024-11-26 00:00:00+00:00,136.8814236167,139.2607530661,135.6317757967,137.6612038564,190287654
2024-11-27 00:00:00+00:00,135.3018687722,137.1813390935,131.7628661458,134.9719617477,226370912
2024-11-29 00:00:00+00:00,138.2110488972,139.3107389789,136.0116687339,136.7414630609,141863156
2024-12-02 00:00:00+00:00,138.5909418345,140.4104290605,137.7861686384,138.7908854857,171682777
2024-12-03 00:00:00+00:00,140.2204825919,140.5004037036,137.9111334204,138.2210460798,164413965
2024-12-04 00:00:00+00:00,145.0991076813,145.7489245478,140.2504741395,141.9549937661,231224295
2024-12-05 00:00:00+00:00,145.0291274034,146.5088124203,143.9193636407,145.0791167621,172621180
2024-12-06 00:00:00+00:00,142.4096850086,145.6689911945,141.2799255024,144.5692253036,188505573
2024-12-09 00:00:00+00:00,138.7804575684,139.9202149463,137.1008151167,138.9404235161,189308625
2024-12-10 00:00:00+00:00,135.0412535391,141.7898169609,133.7615259569,138.9804150031,210020888
2024-12-11 00:00:00+00:00,139.2803511552,140.1401681245,135.1812237434,137.3307661666,184905192
2024-12-12 00:00:00+00:00,137.3107704232,138.4105363141,135.7710981758,137.050825758,159211393
2024-12-13 00:00:00+00:00,134.2214280567,139.5702894355,132.5117919899,138.9104299009,231514881
2024-12-16 00:00:00+00:00,131.9719069161,134.3713961328,130.3922431818,134.1514429546,237951130
2024-12-17 00:00:00+00:00,130.3622495666,131.5619941749,126.8330008438,129.0625262409,259410263
2024-12-18 00:00:00+00:00,128.8825645497,136.6709066321,128.2526986303,133.831511059,277444533
2024-12-19 00:00:00+00:00,130.6521878469,134.0014748785,129.5224283408,131.7319579944,209719210
2024-12-20 00:00:00+00:00,134.6713322848,135.2512088455,128.1927113999,129.7823730059,306528553
2024-12-23 00:00:00+00:00,139.6402745377,139.7602489985,135.0913428765,136.2509960191,176053506
2024-12-24 00:00:00+00:00,140.1901574832,141.8697999348,138.6204916206,139.970204305,105156989
2024-12-26 00:00:00+00:00,139.9002192028,140.8200234025,137.7006874209,139.6702681529,116519090
2024-12-27 00:00:00+00:00,136.9808406559,138.9904128748,134.6813301566,138.5205129032,170582603
2024-12-30 00:00:00+00:00,137.4607384992,140.2401468418,133.9914770068,134.8013046174,167734700
2024-12-31 00:00:00+00:00,134.2614195437,138.0406150599,133.8015174438,138.000623573,155659211
2025-01-02 00:00:00+00:00,138.2805639816,138.8504426705,134.6013471827,135.9710556105,198247166
2025-01-03 00:00:00+00:00,144.439252971,144.8691614556,139.7002617681,139.9802021767,229322478
2025-01-06 00:00:00+00:00,149.3981973521,152.1236171873,147.7886399813,148.5583761262,265377359
2025-01-07 00:00:00+00:00,140.1101745093,153.0974098944,139.9802021767,152.9974311771,351782174
2025-01-08 00:00:00+00:00,140.0801808941,143.9193636407,137.5307236014,142.5496552129,227349948
2025-01-10 00:00:00+00:00,135.8810747649,139.8902213311,134.1914344415,137.4207470123,207602514
2025-01-13 00:00:00+00:00,133.2016451396,133.4615898048,129.4824368538,129.9623346972,204808914
2025-01-14 00:00:00+00:00,131.7319579944,136.3509747365,130.0223219276,136.0210449692,195590485
2025-01-15 00:00:00+00:00,136.2110045322,136.4209598387,131.2620580228,133.6215557526,185217338
2025-01-16 00:00:00+00:00,133.5415727787,138.7204703379,133.4615898048,138.6104937489,209235583
2025-01-17 00:00:00+00:00,137.6806916774,138.4705235445,135.4360694939,136.6609087603,201188760
2025-01-21 00:00:00+00:00,140.8000276591,141.7998148327,137.0608236298,139.1303830791,197748985
2025-01-22 00:00:00+00:00,147.0386996224,147.7585463874,143.6394232321,144.629212534,237651395
2025-01-23 00:00:00+00:00,147.1886676984,147.1986655701,143.6894125908,145.0191295317,155915549
2025-01-24 00:00:00+00:00,142.5896466998,148.9382952522,141.8498041913,148.338422948,234657635
2025-01-27 00:00:00+00:00,118.3947970985,128.3726730911,116.6751631599,124.7734392661,818830895
2025-01-28 00:00:00+00:00,128.9625475235,128.9725453953,116.2252589318,121.784075617,579666350
2025-01-29 00:00:00+00:00,123.6736733752,126.862994459,120.0244501915,126.4730774613,467120640
2025-01-30 00:00:00+00:00,124.6234711901,124.9733967009,118.074865203,123.073801071,392925469
2025-01-31 00:00:00+00:00,120.044445935,127.8227901456,119.1646332222,123.7536563491,390372899
2025-02-03 00:00:00+00:00,116.635171673,118.5447651746,112.9859484893,114.7255781714,371235677
2025-02-04 00:00:00+00:00,118.6247481485,121.1742054411,116.6751631599,116.9351078251,256550040
2025-02-05 00:00:00+00:00,124.8034328813,124.9733967009,120.7342990848,121.7340862584,263110629
2025-02-06 00:00:00+00:00,128.6526134997,128.7425943454,125.1833520073,127.392881661,251483574
2025-02-07 00:00:00+00:00,129.8123666211,130.3422538231,124.9733967009,129.1924985735,228186298
2025-02-10 00:00:00+00:00,133.5415727787,134.9712684369,129.9323410819,130.0623134145,216989086
2025-02-11 00:00:00+00:00,132.771736655,134.4513791066,130.992115486,132.5517834768,178902379
2025-02-12 00:00:00+00:00,131.1120899468,132.2118558378,129.0525283692,129.9923283124,160278552
2025-02-13 00:00:00+00:00,135.2612067173,136.4709491973,131.142083562,131.5270016238,197429975
2025-02-14 00:00:00+00:00,138.8204490553,139.2203639248,135.4711620237,136.4509534539,195479557
2025-02-18 00:00:00+00:00,139.3703320008,143.4094721822,137.8956459197,141.2399340154,219176627
2025-02-19 00:00:00+00:00,139.2003681813,141.3299148611,137.1907959623,139.4803085899,167536006
2025-02-20 00:00:00+00:00,140.0801808941,140.6300638395,136.7609874564,140.0001979202,143903583
2025-02-21 00:00:00+00:00,134.401389748,141.4298935784,134.0014748785,140.0101957919,228217585
2025-02-24 00:00:00+00:00,130.2522729775,138.5605043902,130.0523155428,136.5309364278,251381137
2025-02-25 00:00:00+00:00,126.6030497938,130.1722900036,124.4135158836,129.9523368254,271428711
2025-02-26 00:00:00+00:00,131.2520601511,133.7015387264,128.4626539367,129.9573357613,322553814
2025-02-27 00:00:00+00:00,120.1244289089,134.9812663087,119.9844587046,134.9712684369,443175846
2025-02-28 00:00:00+00:00,124.893413727,125.0633775465,116.3752270078,117.9948822291,389091145
2025-03-03 00:00:00+00:00,114.0357250216,123.6736733752,112.2561038526,123.4837138122,411381373
2025-03-04 00:00:00+00:00,115.9653142667,119.284607683,110.0865656859,110.6214518237,398163305
2025-03-05 00:00:00+00:00,117.2750354641,118.2529272986,114.4856292497,117.5549758727,284337886
2025-03-06 00:00:00+00:00,110.5464677857,115.3254504755,110.1965422749,113.5058378196,321181861
2025-03-07 00:00:00+00:00,112.6660165938,113.4558484609,107.5371083932,111.2263230638,341755468
2025-03-10 00:00:00+00:00,106.9572318325,111.8261953679,105.4375553286,109.8766103794,361107562
2025-03-11 00:00:00+00:00,108.7368530015,112.2121132169,104.7477021788,106.9672297042,354865692
2025-03-12 00:00:00+00:00,115.725365345,116.7452363719,112.8657269755,114.1055701846,323857454
2025-03-13 00:00:00+00:00,115.5653855761,117.7451099277,113.7756119112,117.0152022319,299033131
2025-03-14 00:00:00+00:00,121.6546155307,121.8645889774,118.1350606144,118.5950024501,277593455
2025-03-17 00:00:00+00:00,119.5148861214,122.8744612688,118.0150757877,122.7244802354,255501481
2025-03-18 00:00:00+00:00,115.4154045427,119.0049506079,114.5255170781,117.985079581,299686944
2025-03-19 00:00:00+00:00,117.5051402743,120.4297704249,115.6653729316,117.2551718853,273426225
2025-03-20 00:00:00+00:00,118.5150125656,120.1848014037,116.4552730407,116.5352629252,248829749
2025-03-21 00:00:00+00:00,117.6851175143,117.9750808455,115.4054058071,116.9252136119,266498528
2025-03-24 00:00:00+00:00,121.3946484062,122.2045459864,119.3249101458,119.8648418659,228452534
2025-03-25 00:00:00+00:00,120.6747394461,121.2746635795,118.9049632523,120.5297577805,167447198
2025-03-26 00:00:00+00:00,113.7456157046,118.8249733679,112.695748471,118.7149872767,296431667
2025-03-27 00:00:00+00:00,111.4159103196,114.435528458,110.6460076817,111.3359204352,236902055
2025-03-28 00:00:00+00:00,109.6561328615,112.8557282399,109.0563087154,111.4709033652,229872549
2025-03-31 00:00:00+00:00,108.3662959745,110.9409703806,103.6368940557,105.1167069183,299212653
2025-04-01 00:00:00+00:00,110.1360721682,110.186065846,106.456537483,108.5012789045,222614034
2025-04-02 00:00:00+00:00,110.4060380283,111.9658407753,106.7764970208,107.2764337987,220601243
2025-04-03 00:00:00+00:00,101.7871279775,105.6166436961,101.5871532664,103.4969117579,338769412
2025-04-04 00:00:00+00:00,94.2980750448,100.1173391394,92.0983532221,98.8974934014,532273810
2025-04-07 00:00:00+00:00,97.6276539855,101.7371342997,86.6090474009,87.4489411878,611041347
2025-04-08 00:00:00+00:00,96.2878234208,105.8366158784,94.4480560782,103.7918744569,476243392
2025-04-09 00:00:00+00:00,114.3155436314,115.0854462693,97.5177678817,98.8774959302,612918336
2025-04-10 00:00:00+00:00,107.5563983943,110.8459823928,99.1374630547,109.3561707947,437812353
2025-04-11 00:00:00+00:00,110.9159735417,111.535795159,107.4664097743,108.4862808012,313417265
2025-04-14 00:00:00+00:00,110.6960013595,114.2755486891,109.056208728,114.0955714491,264705049
2025-04-15 00:00:00+00:00,112.1858129576,113.600634039,110.4860279128,110.955968484,228966900
2025-04-16 00:00:00+00:00,104.4767878426,106.7764970208,100.4372986772,104.5367802559,397016870
2025-04-17 00:00:00+00:00,101.4771671752,104.4567903714,100.0373492549,104.4367929003,292517465
2025-04-21 00:00:00+00:00,96.8977462898,99.4274263859,95.0279827405,98.7575111036,288501136
2025-04-22 00:00:00+00:00,98.8774959302,99.7983794751,97.2676995055,98.7675098391,241004784
2025-04-23 00:00:00+00:00,102.6970129133,104.7867486449,102.0071001598,104.5067840492,247525971
2025-04-24 00:00:00+00:00,106.4165425408,106.5265286319,103.0969623356,103.4619161835,220815041
2025-04-25 00:00:00+00:00,110.9959634262,111.9058483619,105.7166310517,106.8364894342,251064672
2025-04-28 00:00:00+00:00,108.716251719,110.3559443631,106.0065943829,109.6761303326,207708479
2025-04-29 00:00:00+00:00,109.0062150502,110.1859658587,107.4264148321,107.6563857499,170444263
2025-04-30 00:00:00+00:00,108.9062276946,108.9062276946,104.0668396847,104.4567903714,235044611
2025-05-01 00:00:00+00:00,111.5958875597,114.9254665004,111.2859267574,113.0657016866,236121507
2025-05-02 00:00:00+00:00,114.4855221358,115.385408336,113.3556650178,114.165562598,190194778
2025-05-05 00:00:00+00:00,113.8056081179,114.6505012725,112.6457547932,112.8907238144,133163241
2025-05-06 00:00:00+00:00,113.5256435223,114.7254917892,110.8079871977,111.4659039974,158525621
2025-05-07 00:00:00+00:00,117.0451984386,117.6651200432,112.2676026144,113.0307061122,207827821
2025-05-08 00:00:00+00:00,117.3551592409,118.664993599,115.8353514361,118.23504797,198428122
2025-05-09 00:00:00+00:00,116.6352502807,118.2150504989,115.1954323604,117.3351617698,132972189
2025-05-12 00:00:00+00:00,122.9844473599,122.9844473599,120.2647912882,121.9545775974,225023345
2025-05-13 00:00:00+00:00,129.9135711014,131.2023081274,124.4542614869,124.9641970003,330430105
2025-05-14 00:00:00+00:00,135.3228870381,135.4178750259,131.663349824,133.178158261,281180830
2025-05-15 00:00:00+00:00,134.8129515247,136.2827656517,132.6432259086,134.2780191723,226632563
2025-05-16 00:00:00+00:00,135.3828794515,136.3327593294,133.4431247533,136.2027757672,226542451
2025-05-19 00:00:00+00:00,135.5528579559,135.8528200227,132.3732600486,132.3732600486,193154571
2025-05-20 00:00:00+00:00,134.3630084246,134.5629831357,132.6032309664,134.2730198046,161514247
2025-05-21 00:00:00+00:00,131.7833346507,137.382626563,130.5734876482,133.043175331,270608738
2025-05-22 00:00:00+00:00,132.8132044131,134.2330248623,131.5333662617,132.2132802797,187343954
2025-05-23 00:00:00+00:00,131.2733991372,132.6632233798,129.1436684634,129.9835622503,198821324
2025-05-27 00:00:00+00:00,135.482866807,135.642846576,133.2931437199,134.1330375067,192953613
2025-05-28 00:00:00+00:00,134.7929540536,137.2326455296,134.7729565824,136.0078004238,304021146
2025-05-29 00:00:00+00:00,139.1724002278,143.4718565177,137.8925620764,142.2270139407,370615167
2025-05-30 00:00:00+00:00,135.1129135914,139.6023458568,132.9031930331,138.6974602888,333170851
2025-06-02 00:00:00+00:00,137.3626290919,138.1025355232,135.3828794515,135.4728680715,197663116
2025-06-03 00:00:00+00:00,141.2021435461,141.9820449196,137.9325570187,138.76245207,225578783
2025-06-04 00:00:00+00:00,141.9020550351,142.3719956063,139.5273553401,142.1720208951,167120819
2025-06-05 00:00:00+00:00,139.9722990725,143.9817920311,138.8124457478,142.152023424,232410759
2025-06-06 00:00:00+00:00,141.7020803239,143.2518843354,141.4921068772,142.491980433,153986153
2025-06-09 00:00:00+00:00,142.6119652597,144.9816655869,141.9220525062,143.1718944509,185114494
2025-06-10 00:00:00+00:00,143.9417970889,144.2717553623,141.5071049806,142.671957673,155881897
2025-06-11 00:00:00+00:00,142.8219387064,144.9818167965,141.8619928886,144.6018382436,167694044
2025-06-12 00:00:00+00:00,144.9918162321,144.9918162321,141.8419940174,141.9619872446,162364991
2025-06-13 00:00:00+00:00,141.9619872446,143.5718963766,140.847050175,142.4719584603,180820565
2025-06-16 00:00:00+00:00,144.6818337284,146.1667499153,143.192017818,143.3369096399,183133666
2025-06-17 00:00:00+00:00,144.1118658991,145.2118038153,143.7718850886,144.4818450164,139108000
2025-06-18 00:00:00+00:00,145.471789141,145.6417795462,143.1119223389,143.9968723897,161494121
2025-06-20 00:00:00+00:00,143.8418811378,146.1917485043,142.6419488656,145.4417908342,242956157
2025-06-23 00:00:00+00:00,144.1618630771,144.7718286488,142.0219838582,142.4919573315,154308941
2025-06-24 00:00:00+00:00,147.8916525567,147.9516491703,145.4917880122,145.5517846258,187566121
2025-06-25 00:00:00+00:00,154.3012907777,154.4412828762,149.2515757986,149.2615752342,269146471
2025-06-26 00:00:00+00:00,155.0112507055,156.7061550401,153.9913082741,155.9661968055,198145746
2025-06-27 00:00:00+00:00,157.7410966249,158.7010424427,155.2462374421,156.0311931369,263234539
2025-06-30 00:00:00+00:00,157.9810830794,158.6510452647,155.9511976521,158.391059939,194580316
2025-07-01 00:00:00+00:00,153.2913477819,157.1911276668,151.4814499379,156.281179027,213143621
2025-07-02 00:00:00+00:00,157.2411248448,157.5911050909,152.961366407,152.9713658426,171224111
2025-07-03 00:00:00+00:00,159.3310068857,160.9709143244,157.7610954961,158.3610616322,143716055
2025-07-07 00:00:00+00:00,158.2310689694,159.3010085788,157.3331196523,158.191071227,140138975
2025-07-08 00:00:00+00:00,159.9909696354,160.2109572186,158.3810605034,159.3210074501,138133025
2025-07-09 00:00:00+00:00,162.8708070888,164.4107201716,161.1509041653,161.2109007789,183656443
2025-07-10 00:00:00+00:00,164.0907382323,164.4907156564,161.6008787674,164.3107258156,167704075
2025-07-11 00:00:00+00:00,164.9106919517,167.8805243255,163.4607737894,163.7057599616,193633263
2025-07-14 00:00:00+00:00,164.0607399255,165.480659781,162.010855627,165.3606665538,136975754
2025-07-15 00:00:00+00:00,170.6903657298,172.3902697821,169.1854506716,171.1803380743,230627350
2025-07-16 00:00:00+00:00,171.3603279151,171.740306468,168.8904673214,171.0503454114,158831509
2025-07-17 00:00:00+00:00,172.9902359183,174.1501704481,170.8203583926,172.0102912293,160841119
2025-07-18 00:00:00+00:00,172.4002692177,174.2401653686,171.2503341235,173.6301997968,146456416
2025-07-21 00:00:00+00:00,171.3703273507,173.3702144712,170.9903487978,172.7402500282,123126136
2025-07-22 00:00:00+00:00,167.0205728638,171.3803267863,164.5707111412,171.3303296083,193114327
2025-07-23 00:00:00+00:00,170.7703612146,171.2503341235,167.9605198104,169.5204317643,154082197
2025-07-24 00:00:00+00:00,173.7301941528,173.8201890733,171.2903318659,172.4302675246,128984628
2025-07-25 00:00:00+00:00,173.4902076984,174.7101388419,172.9502381759,173.60020149,122316792
2025-07-28 00:00:00+00:00,176.7400242691,176.9900101592,173.9601811717,174.0101783497,140023521
2025-07-29 00:00:00+00:00,175.5000942544,179.3698758325,175.0101219099,177.949955977,154077512
2025-07-30 00:00:00+00:00,179.2598820409,179.8798470482,176.0300643413,176.5000378147,174312208
2025-07-31 00:00:00+00:00,177.8599610566,183.2896545886,175.9200705497,182.8896771645,221685446
2025-08-01 00:00:00+00:00,173.7101952816,176.5300361215,170.8803550062,174.0801743989,204528985
2025-08-04 00:00:00+00:00,179.9898408398,180.1898295519,174.5101501298,175.1501140084,148174609
2025-08-05 00:00:00+00:00,178.249939045,180.2498261655,175.8900722429,179.6098622869,156407621
2025-08-06 00:00:00+00:00,179.4098735749,179.8898464838,176.240052489,176.315048256,137192265
2025-08-07 00:00:00+00:00,180.7597973812,183.8696218535,178.7849088498,181.5597522294,151878365
2025-08-08 00:00:00+00:00,182.6896884524,183.2896545886,180.3898182639,181.5397533582,123396679
2025-08-11 00:00:00+00:00,182.0497245739,183.8296241111,180.2398267299,182.0397251383,138323191
2025-08-12 00:00:00+00:00,183.1496624901,184.4695879896,179.4498713173,182.9496737781,145729202
2025-08-13 00:00:00+00:00,181.5797511006,183.9596167739,179.3398775257,182.6046932498,179871724
2025-08-14 00:00:00+00:00,182.0097268315,183.0096703917,179.4498713173,179.7398549498,129553959
2025-08-15 00:00:00+00:00,180.4398154419,181.8897336042,178.0316513658,181.869734733,156602161
2025-08-18 00:00:00+00:00,181.9997273959,182.927175048,180.5798075404,180.589806976,132007959
2025-08-19 00:00:00+00:00,175.6300869173,182.4896997404,175.4800953832,182.4197036912,185229219
2025-08-20 00:00:00+00:00,175.3901004628,175.9900665989,168.7914729089,175.1551137262,215142725
2025-08-21 00:00:00+00:00,174.9701241675,176.8900158031,173.8001902021,174.8401315047,140040850
2025-08-22 00:00:00+00:00,177.9799542838,178.5799204199,171.1903375099,172.6002579298,172789427
2025-08-25 00:00:00+00:00,179.7998515634,181.8997330398,176.5600344283,178.3399339655,163012789
2025-08-26 00:00:00+00:00,181.7597409414,182.3797059488,178.7999080032,180.0448377356,168688186
2025-08-27 00:00:00+00:00,181.5897505362,182.4797003048,179.0898916356,181.9697290891,235518949
2025-08-28 00:00:00+00:00,180.1598312451,184.459588554,176.4000434586,180.8097945592,281787824
2025-08-29 00:00:00+00:00,174.1701693193,178.1399452534,173.1352277345,178.099947511,243257873
2025-09-02 00:00:00+00:00,170.7703612146,172.3692709674,167.2105621402,169.9904052376,231164853
2025-09-03 00:00:00+00:00,170.6103702449,172.4002692177,168.8654687324,171.0503454114,161466040
2025-09-04 00:00:00+00:00,171.6503115476,171.8503002596,169.4004385371,170.5603730669,141670144
2025-09-05 00:00:00+00:00,167.0105734282,169.0204599842,164.0607399255,168.020516424,224441435
2025-09-08 00:00:00+00:00,168.3005006208,170.9503510554,167.340554803,167.5405435151,163769133
2025-09-09 00:00:00+00:00,170.7503623434,170.9703499266,166.7306892256,169.0804565978,157548392
2025-09-10 00:00:00+00:00,177.319991534,179.2798809121,175.460096512,176.6300304775,226852020
2025-09-11 00:00:00+00:00,177.17,180.28,176.48,179.68,151159274
2025-09-12 00:00:00+00:00,177.82,178.595,176.45,177.77,124911026
2025-09-15 00:00:00+00:00,177.75,178.85,174.51,175.67,147061559
2025-09-16 00:00:00+00:00,174.88,177.5,174.38,177.0,140737775
2025-09-17 00:00:00+00:00,170.29,173.2,168.41,172.64,211843817
2025-09-18 00:00:00+00:00,176.24,177.1,172.96,173.98,191763313
2025-09-19 00:00:00+00:00,176.67,178.08,175.18,175.77,237182143
2025-09-22 00:00:00+00:00,183.61,184.55,174.7053,175.3,269637001
2025-09-23 00:00:00+00:00,178.43,182.42,176.21,181.97,192559552
2025-09-24 00:00:00+00:00,176.97,179.78,175.4,179.77,143564116
2025-09-25 00:00:00+00:00,177.69,180.26,173.125,174.48,191586733
2025-09-26 00:00:00+00:00,178.19,179.77,174.93,178.17,148573732
2025-09-29 00:00:00+00:00,181.85,184.0,180.32,180.425,193063455
2025-09-30 00:00:00+00:00,186.58,187.35,181.48,182.08,236981032
2025-10-01 00:00:00+00:00,187.24,188.14,183.9,185.24,173844901
2025-10-02 00:00:00+00:00,188.89,191.05,188.06,189.6,136805821
2025-10-03 00:00:00+00:00,187.62,190.36,185.38,189.19,137596896
2025-10-06 00:00:00+00:00,185.54,187.23,183.33,185.5,157678104
2025-10-07 00:00:00+00:00,185.04,189.06,184.0,186.23,140088008
2025-10-08 00:00:00+00:00,189.11,189.6,186.54,186.57,130168861
2025-10-09 00:00:00+00:00,192.57,195.3,191.06,192.225,182997234
2025-10-10 00:00:00+00:00,183.16,195.62,182.05,193.505,268774359
2025-10-13 00:00:00+00:00,188.32,190.1099,185.96,187.965,153482755
2025-10-14 00:00:00+00:00,180.03,184.8,179.7,184.77,205641380
2025-10-15 00:00:00+00:00,179.83,184.87,177.29,184.8,214450482
2025-10-16 00:00:00+00:00,181.81,183.28,179.77,182.23,179723309
2025-10-17 00:00:00+00:00,183.22,184.1,179.75,180.18,173135217
