date,Open,High,Low,Close,Volume
2024-12-16 15:00:00+00:00,3.02,3.05,2.98,3.05,947.0
2024-12-16 16:00:00+00:00,3.05,3.15,3.04,3.14,1848.0
2024-12-16 17:00:00+00:00,3.14,3.165,3.09,3.11,1412.0
2024-12-16 18:00:00+00:00,3.11,3.115,3.06,3.07,623.0
2024-12-16 19:00:00+00:00,3.075,3.15,3.045,3.11,2064.0
2024-12-16 20:00:00+00:00,3.11,3.13,3.055,3.115,4552.0
2024-12-17 15:00:00+00:00,2.7,2.705,2.65,2.68,7828.0
2024-12-17 16:00:00+00:00,2.68,2.7,2.645,2.69,4116.0
2024-12-17 17:00:00+00:00,2.68,2.68,2.62,2.655,2549.0
2024-12-17 18:00:00+00:00,2.655,2.665,2.56,2.595,3337.0
2024-12-17 19:00:00+00:00,2.595,2.63,2.59,2.605,1636.0
2024-12-17 20:00:00+00:00,2.605,2.62,2.58,2.605,5976.0
2024-12-18 15:00:00+00:00,2.625,2.665,2.62,2.635,6120.0
2024-12-18 16:00:00+00:00,2.635,2.64,2.575,2.59,3378.0
2024-12-18 17:00:00+00:00,2.58,2.62,2.57,2.61,3404.0
2024-12-18 18:00:00+00:00,2.61,2.615,2.555,2.56,3933.0
2024-12-18 19:00:00+00:00,2.56,2.57,2.48,2.5,3881.0
2024-12-18 20:00:00+00:00,2.5,2.5,2.39,2.41,5686.0
2024-12-19 15:00:00+00:00,2.37,2.385,2.325,2.37,1540.0
2024-12-19 16:00:00+00:00,2.37,2.37,2.31,2.34,1939.0
2024-12-19 17:00:00+00:00,2.335,2.355,2.32,2.355,2854.0
2024-12-19 18:00:00+00:00,2.355,2.4,2.355,2.38,1550.0
2024-12-19 19:00:00+00:00,2.38,2.395,2.355,2.355,1228.0
2024-12-19 20:00:00+00:00,2.355,2.42,2.35,2.42,4614.0
2024-12-20 15:00:00+00:00,2.435,2.6,2.435,2.59,2117.0
2024-12-20 16:00:00+00:00,2.59,2.59,2.54,2.545,1286.0
2024-12-20 17:00:00+00:00,2.55,2.555,2.495,2.51,1534.0
2024-12-20 18:00:00+00:00,2.51,2.51,2.48,2.49,1336.0
2024-12-20 19:00:00+00:00,2.49,2.515,2.47,2.47,555.0
2024-12-20 20:00:00+00:00,2.47,2.51,2.43,2.48,6942.0
2024-12-23 15:00:00+00:00,2.39,2.4,2.355,2.36,1634.0
2024-12-23 16:00:00+00:00,2.36,2.36,2.36,2.36,0.0
2024-12-23 17:00:00+00:00,2.36,2.36,2.36,2.36,0.0
2024-12-23 18:00:00+00:00,2.36,2.36,2.36,2.36,0.0
2024-12-23 19:00:00+00:00,2.36,2.36,2.36,2.36,0.0
2024-12-23 20:00:00+00:00,2.36,2.36,2.36,2.36,0.0
2024-12-24 15:00:00+00:00,2.395,2.395,2.345,2.375,3199.0
2024-12-24 16:00:00+00:00,2.375,2.38,2.365,2.37,1366.0
2024-12-24 17:00:00+00:00,2.37,2.46,2.37,2.46,6626.0
2024-12-24 18:00:00+00:00,2.46,2.46,2.46,2.46,0.0
2024-12-24 19:00:00+00:00,2.46,2.46,2.46,2.46,0.0
2024-12-24 20:00:00+00:00,2.46,2.46,2.46,2.46,0.0
2024-12-25 15:00:00+00:00,2.46,2.46,2.46,2.46,0.0
2024-12-25 16:00:00+00:00,2.46,2.46,2.46,2.46,0.0
2024-12-25 17:00:00+00:00,2.46,2.46,2.46,2.46,0.0
2024-12-25 18:00:00+00:00,2.46,2.46,2.46,2.46,0.0
2024-12-25 19:00:00+00:00,2.46,2.46,2.46,2.46,0.0
2024-12-25 20:00:00+00:00,2.46,2.46,2.46,2.46,0.0
2024-12-26 15:00:00+00:00,2.385,2.425,2.35,2.405,5477.0
2024-12-26 16:00:00+00:00,2.41,2.435,2.395,2.4,895.0
2024-12-26 17:00:00+00:00,2.405,2.45,2.39,2.445,3451.0
2024-12-26 18:00:00+00:00,2.445,2.5,2.445,2.495,4100.0
2024-12-26 19:00:00+00:00,2.5,2.515,2.49,2.505,1752.0
2024-12-26 20:00:00+00:00,2.505,2.525,2.5,2.5,2607.0
2024-12-27 15:00:00+00:00,2.55,2.55,2.49,2.535,571.0
2024-12-27 16:00:00+00:00,2.535,2.58,2.525,2.56,572.0
2024-12-27 17:00:00+00:00,2.56,2.56,2.505,2.51,839.0
2024-12-27 18:00:00+00:00,2.51,2.54,2.49,2.52,388.0
2024-12-27 19:00:00+00:00,2.52,2.535,2.51,2.53,2.0
2024-12-27 20:00:00+00:00,2.53,2.63,2.525,2.605,1399.0
2024-12-30 15:00:00+00:00,2.61,2.62,2.6,2.605,161.0
2024-12-30 16:00:00+00:00,2.605,2.66,2.605,2.65,1110.0
2024-12-30 17:00:00+00:00,2.65,2.67,2.65,2.65,116.0
2024-12-30 18:00:00+00:00,2.655,2.67,2.65,2.655,688.0
2024-12-30 19:00:00+00:00,2.655,2.66,2.64,2.645,826.0
2024-12-30 20:00:00+00:00,2.645,2.81,2.645,2.8,4408.0
2024-12-31 15:00:00+00:00,2.86,2.91,2.845,2.905,595.0
2024-12-31 16:00:00+00:00,2.905,2.91,2.85,2.895,1434.0
2024-12-31 17:00:00+00:00,2.895,3.04,2.885,3.03,2157.0
2024-12-31 18:00:00+00:00,3.03,3.06,2.99,3.0,2059.0
2024-12-31 19:00:00+00:00,3.005,3.02,3.0,3.005,2375.0
2024-12-31 20:00:00+00:00,3.005,3.06,3.005,3.05,2456.0
2025-01-01 15:00:00+00:00,3.05,3.05,3.05,3.05,0.0
2025-01-01 16:00:00+00:00,3.05,3.05,3.05,3.05,0.0
2025-01-01 17:00:00+00:00,3.05,3.05,3.05,3.05,0.0
2025-01-01 18:00:00+00:00,3.05,3.05,3.05,3.05,0.0
2025-01-01 19:00:00+00:00,3.05,3.05,3.05,3.05,0.0
2025-01-01 20:00:00+00:00,3.05,3.05,3.05,3.05,0.0
2025-01-02 15:00:00+00:00,3.01,3.01,2.905,2.925,996.0
2025-01-02 16:00:00+00:00,2.925,2.945,2.91,2.915,260.0
2025-01-02 17:00:00+00:00,2.915,2.94,2.87,2.89,805.0
2025-01-02 18:00:00+00:00,2.895,2.9,2.86,2.88,1209.0
2025-01-02 19:00:00+00:00,2.88,2.91,2.86,2.895,569.0
2025-01-02 20:00:00+00:00,2.895,2.92,2.89,2.905,527.0
2025-01-03 15:00:00+00:00,2.925,2.925,2.9,2.91,1141.0
2025-01-03 16:00:00+00:00,2.92,2.93,2.9,2.92,687.0
2025-01-03 17:00:00+00:00,2.92,2.945,2.9,2.91,163.0
2025-01-03 18:00:00+00:00,2.91,2.93,2.905,2.915,696.0
2025-01-03 19:00:00+00:00,2.915,2.925,2.905,2.905,1405.0
2025-01-03 20:00:00+00:00,2.905,3.06,2.905,3.05,5824.0
2025-01-06 15:00:00+00:00,3.01,3.015,2.945,2.95,1251.0
2025-01-06 16:00:00+00:00,2.95,2.99,2.94,2.95,911.0
2025-01-06 17:00:00+00:00,2.96,2.96,2.925,2.955,598.0
2025-01-06 18:00:00+00:00,2.955,2.96,2.94,2.955,1079.0
2025-01-06 19:00:00+00:00,2.955,2.96,2.95,2.955,396.0
2025-01-06 20:00:00+00:00,2.955,3.025,2.94,3.025,13474.0
2025-01-07 15:00:00+00:00,2.965,2.975,2.89,2.97,621.0
2025-01-07 16:00:00+00:00,2.97,3.01,2.95,2.98,509.0
2025-01-07 17:00:00+00:00,2.985,2.99,2.955,2.97,27.0
2025-01-07 18:00:00+00:00,2.97,2.975,2.955,2.955,309.0
2025-01-07 19:00:00+00:00,2.955,2.965,2.95,2.955,1948.0
2025-01-07 20:00:00+00:00,2.955,2.96,2.95,2.96,3152.0
2025-01-08 15:00:00+00:00,2.94,2.965,2.915,2.935,927.0
2025-01-08 16:00:00+00:00,2.935,2.96,2.935,2.955,647.0
2025-01-08 17:00:00+00:00,2.955,2.99,2.915,2.975,1168.0
2025-01-08 18:00:00+00:00,2.975,3.03,2.97,3.005,515.0
2025-01-08 19:00:00+00:00,3.005,3.065,3.0,3.055,1655.0
2025-01-08 20:00:00+00:00,3.055,3.175,3.05,3.135,8814.0
2025-01-09 15:00:00+00:00,3.135,3.135,3.135,3.135,0.0
2025-01-09 16:00:00+00:00,3.135,3.135,3.135,3.135,0.0
2025-01-09 17:00:00+00:00,3.135,3.135,3.135,3.135,0.0
2025-01-09 18:00:00+00:00,3.135,3.135,3.135,3.135,0.0
2025-01-09 19:00:00+00:00,3.135,3.135,3.135,3.135,0.0
2025-01-09 20:00:00+00:00,3.135,3.135,3.135,3.135,0.0
2025-01-10 15:00:00+00:00,2.995,2.995,2.895,2.9,569.0
2025-01-10 16:00:00+00:00,2.9,2.9,2.84,2.865,675.0
2025-01-10 17:00:00+00:00,2.865,2.94,2.845,2.92,1352.0
2025-01-10 18:00:00+00:00,2.92,2.94,2.905,2.925,466.0
2025-01-10 19:00:00+00:00,2.92,2.935,2.915,2.915,627.0
2025-01-10 20:00:00+00:00,2.92,3.01,2.9,3.01,5023.0
2025-01-13 15:00:00+00:00,3.01,3.01,3.01,3.01,0.0
2025-01-13 16:00:00+00:00,3.01,3.02,2.995,3.0,1588.0
2025-01-13 17:00:00+00:00,3.0,3.03,2.99,3.015,2647.0
2025-01-13 18:00:00+00:00,3.025,3.03,3.005,3.005,1119.0
2025-01-13 19:00:00+00:00,3.005,3.02,3.005,3.01,1877.0
2025-01-13 20:00:00+00:00,3.01,3.065,2.99,3.065,4527.0
2025-01-14 15:00:00+00:00,3.02,3.05,3.015,3.02,348.0
2025-01-14 16:00:00+00:00,3.02,3.04,3.0,3.005,202.0
2025-01-14 17:00:00+00:00,3.005,3.01,2.97,3.01,1109.0
2025-01-14 18:00:00+00:00,3.01,3.02,3.005,3.01,100.0
2025-01-14 19:00:00+00:00,3.01,3.09,3.01,3.05,1240.0
2025-01-14 20:00:00+00:00,3.065,3.065,3.01,3.05,1910.0
2025-01-15 15:00:00+00:00,3.075,3.08,3.05,3.07,305.0
2025-01-15 16:00:00+00:00,3.07,3.075,3.06,3.07,149.0
2025-01-15 17:00:00+00:00,3.07,3.07,3.02,3.03,150.0
2025-01-15 18:00:00+00:00,3.03,3.04,3.005,3.02,782.0
2025-01-15 19:00:00+00:00,3.01,3.025,2.98,3.0,315.0
2025-01-15 20:00:00+00:00,2.985,2.99,2.94,2.975,1697.0
2025-01-16 15:00:00+00:00,2.865,2.89,2.865,2.89,1041.0
2025-01-16 16:00:00+00:00,2.89,2.9,2.88,2.895,672.0
2025-01-16 17:00:00+00:00,2.895,2.92,2.895,2.9,473.0
2025-01-16 18:00:00+00:00,2.9,2.94,2.9,2.93,267.0
2025-01-16 19:00:00+00:00,2.92,2.98,2.92,2.96,257.0
2025-01-16 20:00:00+00:00,2.97,2.97,2.92,2.93,1766.0
2025-01-17 15:00:00+00:00,2.88,2.88,2.855,2.855,400.0
2025-01-17 16:00:00+00:00,2.855,2.86,2.82,2.825,534.0
2025-01-17 17:00:00+00:00,2.815,2.915,2.815,2.9,639.0
2025-01-17 18:00:00+00:00,2.9,2.955,2.895,2.955,899.0
2025-01-17 19:00:00+00:00,2.955,3.02,2.95,2.98,1299.0
2025-01-17 20:00:00+00:00,2.985,3.03,2.985,3.025,7206.0
2025-01-20 15:00:00+00:00,3.025,3.025,3.025,3.025,0.0
2025-01-20 16:00:00+00:00,3.025,3.025,3.025,3.025,0.0
2025-01-20 17:00:00+00:00,3.025,3.025,3.025,3.025,0.0
2025-01-20 18:00:00+00:00,3.025,3.025,3.025,3.025,0.0
2025-01-20 19:00:00+00:00,3.025,3.025,3.025,3.025,0.0
2025-01-20 20:00:00+00:00,3.025,3.025,3.025,3.025,0.0
2025-01-21 15:00:00+00:00,3.005,3.055,3.005,3.05,106.0
2025-01-21 16:00:00+00:00,3.04,3.05,3.02,3.02,267.0
2025-01-21 17:00:00+00:00,3.02,3.07,3.01,3.05,745.0
2025-01-21 18:00:00+00:00,3.05,3.06,3.025,3.03,303.0
2025-01-21 19:00:00+00:00,3.03,3.03,3.005,3.005,217.0
2025-01-21 20:00:00+00:00,3.005,3.015,2.95,2.97,1936.0
2025-01-22 15:00:00+00:00,2.96,2.975,2.92,2.935,836.0
2025-01-22 16:00:00+00:00,2.935,2.945,2.935,2.945,0.0
2025-01-22 17:00:00+00:00,2.945,2.96,2.93,2.955,36.0
2025-01-22 18:00:00+00:00,2.955,2.965,2.94,2.95,566.0
2025-01-22 19:00:00+00:00,2.95,2.95,2.935,2.935,1.0
2025-01-22 20:00:00+00:00,2.95,2.965,2.935,2.945,609.0
2025-01-23 15:00:00+00:00,2.845,2.86,2.83,2.85,118.0
2025-01-23 16:00:00+00:00,2.85,2.91,2.85,2.9,332.0
2025-01-23 17:00:00+00:00,2.9,2.9,2.87,2.88,84.0
2025-01-23 18:00:00+00:00,2.88,2.89,2.87,2.875,327.0
2025-01-23 19:00:00+00:00,2.87,2.88,2.86,2.87,7.0
2025-01-23 20:00:00+00:00,2.87,2.96,2.825,2.95,906.0
2025-01-24 15:00:00+00:00,2.895,2.935,2.885,2.93,200.0
2025-01-24 16:00:00+00:00,2.93,2.95,2.92,2.935,131.0
2025-01-24 17:00:00+00:00,2.935,2.945,2.93,2.93,18.0
2025-01-24 18:00:00+00:00,2.93,2.97,2.925,2.96,116.0
2025-01-24 19:00:00+00:00,2.96,2.965,2.93,2.965,508.0
2025-01-24 20:00:00+00:00,2.965,3.015,2.95,2.99,3155.0
2025-01-27 15:00:00+00:00,3.07,3.07,3.01,3.02,572.0
2025-01-27 16:00:00+00:00,3.02,3.04,3.0,3.01,563.0
2025-01-27 17:00:00+00:00,3.01,3.02,2.985,2.985,287.0
2025-01-27 18:00:00+00:00,2.985,3.0,2.97,2.98,476.0
2025-01-27 19:00:00+00:00,2.975,2.985,2.96,2.96,683.0
2025-01-27 20:00:00+00:00,2.96,2.99,2.945,2.98,1389.0
2025-01-28 15:00:00+00:00,2.995,3.0,2.97,2.99,340.0
2025-01-28 16:00:00+00:00,2.99,2.995,2.97,2.98,478.0
2025-01-28 17:00:00+00:00,2.98,3.025,2.96,3.01,1782.0
2025-01-28 18:00:00+00:00,3.015,3.06,3.015,3.04,551.0
2025-01-28 19:00:00+00:00,3.04,3.12,3.03,3.11,661.0
2025-01-28 20:00:00+00:00,3.11,3.245,3.11,3.18,4006.0
2025-01-29 15:00:00+00:00,3.23,3.235,3.175,3.19,527.0
2025-01-29 16:00:00+00:00,3.19,3.19,3.13,3.13,699.0
2025-01-29 17:00:00+00:00,3.13,3.15,3.12,3.125,350.0
2025-01-29 18:00:00+00:00,3.125,3.19,3.115,3.17,396.0
2025-01-29 19:00:00+00:00,3.165,3.19,3.13,3.18,487.0
2025-01-29 20:00:00+00:00,3.19,3.19,3.14,3.145,1299.0
2025-01-30 15:00:00+00:00,3.24,3.27,3.22,3.235,215.0
2025-01-30 16:00:00+00:00,3.235,3.235,3.185,3.2,330.0
2025-01-30 17:00:00+00:00,3.19,3.225,3.18,3.22,130.0
2025-01-30 18:00:00+00:00,3.22,3.24,3.2,3.21,101.0
2025-01-30 19:00:00+00:00,3.21,3.21,3.19,3.2,262.0
2025-01-30 20:00:00+00:00,3.2,3.2,3.15,3.165,349.0
2025-01-31 15:00:00+00:00,3.13,3.205,3.12,3.205,5.0
2025-01-31 16:00:00+00:00,3.205,3.23,3.195,3.22,377.0
2025-01-31 17:00:00+00:00,3.22,3.28,3.22,3.27,200.0
2025-01-31 18:00:00+00:00,3.27,3.275,3.215,3.22,12.0
2025-01-31 19:00:00+00:00,3.22,3.24,3.2,3.225,102.0
2025-01-31 20:00:00+00:00,3.225,3.25,3.205,3.25,715.0
2025-02-03 15:00:00+00:00,3.1,3.115,3.015,3.08,284.0
2025-02-03 16:00:00+00:00,3.08,3.125,3.06,3.095,334.0
2025-02-03 17:00:00+00:00,3.095,3.105,3.075,3.08,245.0
2025-02-03 18:00:00+00:00,3.08,3.08,3.05,3.05,4.0
2025-02-03 19:00:00+00:00,3.05,3.06,3.04,3.045,1061.0
2025-02-03 20:00:00+00:00,3.045,3.115,3.04,3.055,1721.0
2025-02-04 15:00:00+00:00,3.055,3.195,3.055,3.105,1883.0
2025-02-04 16:00:00+00:00,3.09,3.11,3.065,3.07,995.0
2025-02-04 17:00:00+00:00,3.07,3.07,3.005,3.025,1792.0
2025-02-04 18:00:00+00:00,3.025,3.045,2.99,3.0,2685.0
2025-02-04 19:00:00+00:00,3.0,3.005,2.965,2.97,1137.0
2025-02-04 20:00:00+00:00,2.97,2.98,2.945,2.945,1815.0
2025-02-05 15:00:00+00:00,2.94,2.94,2.875,2.895,765.0
2025-02-05 16:00:00+00:00,2.895,2.91,2.84,2.86,1035.0
2025-02-05 17:00:00+00:00,2.86,2.875,2.81,2.875,814.0
2025-02-05 18:00:00+00:00,2.875,2.96,2.87,2.95,606.0
2025-02-05 19:00:00+00:00,2.95,2.96,2.935,2.935,439.0
2025-02-05 20:00:00+00:00,2.93,2.97,2.925,2.955,1293.0
2025-02-06 15:00:00+00:00,2.975,3.005,2.97,2.99,808.0
2025-02-06 16:00:00+00:00,2.99,3.01,2.99,2.99,893.0
2025-02-06 17:00:00+00:00,2.995,2.995,2.95,2.96,1213.0
2025-02-06 18:00:00+00:00,2.96,2.965,2.95,2.95,1677.0
2025-02-06 19:00:00+00:00,2.955,2.955,2.93,2.94,1414.0
2025-02-06 20:00:00+00:00,2.94,2.96,2.93,2.95,2207.0
2025-02-07 15:00:00+00:00,2.965,2.965,2.95,2.95,559.0
2025-02-07 16:00:00+00:00,2.95,2.98,2.95,2.96,2464.0
2025-02-07 17:00:00+00:00,2.96,2.96,2.95,2.955,696.0
2025-02-07 18:00:00+00:00,2.955,2.96,2.925,2.94,1451.0
2025-02-07 19:00:00+00:00,2.94,2.96,2.93,2.94,1123.0
2025-02-07 20:00:00+00:00,2.95,3.015,2.945,2.97,5790.0
2025-02-10 15:00:00+00:00,3.105,3.135,3.065,3.13,1659.0
2025-02-10 16:00:00+00:00,3.13,3.13,3.05,3.06,2585.0
2025-02-10 17:00:00+00:00,3.05,3.1,3.045,3.055,3308.0
2025-02-10 18:00:00+00:00,3.055,3.08,3.04,3.055,5147.0
2025-02-10 19:00:00+00:00,3.055,3.07,3.04,3.045,5356.0
2025-02-10 20:00:00+00:00,3.05,3.075,3.005,3.035,5496.0
2025-02-11 15:00:00+00:00,2.88,2.88,2.835,2.875,3671.0
2025-02-11 16:00:00+00:00,2.87,2.885,2.85,2.86,4780.0
2025-02-11 17:00:00+00:00,2.86,2.88,2.85,2.87,2163.0
2025-02-11 18:00:00+00:00,2.87,2.88,2.86,2.86,718.0
2025-02-11 19:00:00+00:00,2.86,2.87,2.85,2.865,2282.0
2025-02-11 20:00:00+00:00,2.865,2.97,2.865,2.96,7303.0
2025-02-12 15:00:00+00:00,2.865,2.875,2.835,2.855,737.0
2025-02-12 16:00:00+00:00,2.855,2.86,2.84,2.845,1536.0
2025-02-12 17:00:00+00:00,2.845,2.855,2.78,2.785,1792.0
2025-02-12 18:00:00+00:00,2.785,2.79,2.765,2.785,499.0
2025-02-12 19:00:00+00:00,2.785,2.84,2.775,2.815,974.0
2025-02-12 20:00:00+00:00,2.815,2.92,2.8,2.9,4104.0
2025-02-13 15:00:00+00:00,2.925,2.925,2.9,2.915,402.0
2025-02-13 16:00:00+00:00,2.915,2.92,2.9,2.905,346.0
2025-02-13 17:00:00+00:00,2.905,2.915,2.89,2.9,1172.0
2025-02-13 18:00:00+00:00,2.9,2.905,2.89,2.905,360.0
2025-02-13 19:00:00+00:00,2.905,2.95,2.905,2.94,1094.0
2025-02-13 20:00:00+00:00,2.945,2.995,2.945,2.99,2472.0
2025-02-14 15:00:00+00:00,2.99,2.99,2.945,2.95,111.0
2025-02-14 16:00:00+00:00,2.95,2.96,2.92,2.955,925.0
2025-02-14 17:00:00+00:00,2.955,2.96,2.945,2.955,302.0
2025-02-14 18:00:00+00:00,2.955,2.955,2.925,2.935,327.0
2025-02-14 19:00:00+00:00,2.935,2.995,2.925,2.99,646.0
2025-02-14 20:00:00+00:00,2.99,2.99,2.955,2.965,3350.0
2025-02-17 15:00:00+00:00,2.965,2.965,2.965,2.965,0.0
2025-02-17 16:00:00+00:00,2.965,2.965,2.965,2.965,0.0
2025-02-17 17:00:00+00:00,2.965,2.965,2.965,2.965,0.0
2025-02-17 18:00:00+00:00,2.965,2.965,2.965,2.965,0.0
2025-02-17 19:00:00+00:00,2.965,2.965,2.965,2.965,0.0
2025-02-17 20:00:00+00:00,2.965,2.965,2.965,2.965,0.0
2025-02-18 15:00:00+00:00,2.915,2.93,2.91,2.92,264.0
2025-02-18 16:00:00+00:00,2.92,2.92,2.885,2.905,818.0
2025-02-18 17:00:00+00:00,2.905,2.915,2.835,2.835,454.0
2025-02-18 18:00:00+00:00,2.83,2.835,2.79,2.79,2211.0
2025-02-18 19:00:00+00:00,2.795,2.81,2.755,2.76,2188.0
2025-02-18 20:00:00+00:00,2.76,2.765,2.68,2.69,4304.0
2025-02-19 15:00:00+00:00,2.65,2.715,2.635,2.67,784.0
2025-02-19 16:00:00+00:00,2.68,2.68,2.66,2.68,1349.0
2025-02-19 17:00:00+00:00,2.675,2.675,2.65,2.65,1232.0
2025-02-19 18:00:00+00:00,2.655,2.66,2.65,2.655,917.0
2025-02-19 19:00:00+00:00,2.655,2.675,2.65,2.655,1257.0
2025-02-19 20:00:00+00:00,2.655,2.675,2.65,2.66,3824.0
2025-02-20 15:00:00+00:00,2.645,2.645,2.585,2.59,410.0
2025-02-20 16:00:00+00:00,2.59,2.62,2.585,2.62,852.0
2025-02-20 17:00:00+00:00,2.62,2.63,2.61,2.615,619.0
2025-02-20 18:00:00+00:00,2.615,2.625,2.61,2.61,752.0
2025-02-20 19:00:00+00:00,2.61,2.63,2.6,2.625,1919.0
2025-02-20 20:00:00+00:00,2.625,2.665,2.6,2.605,2238.0
2025-02-21 15:00:00+00:00,2.595,2.61,2.55,2.58,784.0
2025-02-21 16:00:00+00:00,2.58,2.58,2.57,2.575,287.0
2025-02-21 17:00:00+00:00,2.575,2.59,2.55,2.55,594.0
2025-02-21 18:00:00+00:00,2.55,2.585,2.52,2.58,1225.0
2025-02-21 19:00:00+00:00,2.585,2.615,2.575,2.595,842.0
2025-02-21 20:00:00+00:00,2.595,2.595,2.53,2.55,1562.0
2025-02-24 15:00:00+00:00,2.535,2.61,2.525,2.55,372.0
2025-02-24 16:00:00+00:00,2.55,2.66,2.55,2.65,1708.0
2025-02-24 17:00:00+00:00,2.65,2.72,2.64,2.695,2553.0
2025-02-24 18:00:00+00:00,2.7,2.71,2.66,2.665,907.0
2025-02-24 19:00:00+00:00,2.66,2.665,2.62,2.625,1244.0
2025-02-24 20:00:00+00:00,2.63,2.66,2.62,2.65,1624.0
2025-02-25 15:00:00+00:00,2.665,2.725,2.655,2.71,0.0
2025-02-25 16:00:00+00:00,2.71,2.755,2.705,2.73,959.0
2025-02-25 17:00:00+00:00,2.73,2.77,2.72,2.765,310.0
2025-02-25 18:00:00+00:00,2.765,2.795,2.735,2.79,126.0
2025-02-25 19:00:00+00:00,2.79,2.805,2.765,2.77,1401.0
2025-02-25 20:00:00+00:00,2.77,2.79,2.73,2.75,3935.0
2025-02-26 15:00:00+00:00,2.72,2.75,2.72,2.73,515.0
2025-02-26 16:00:00+00:00,2.73,2.74,2.72,2.725,626.0
2025-02-26 17:00:00+00:00,2.725,2.745,2.725,2.745,186.0
2025-02-26 18:00:00+00:00,2.745,2.745,2.72,2.735,1085.0
2025-02-26 19:00:00+00:00,2.735,2.745,2.72,2.745,990.0
2025-02-26 20:00:00+00:00,2.745,2.745,2.73,2.74,3320.0
2025-02-27 15:00:00+00:00,2.73,2.76,2.705,2.72,441.0
2025-02-27 16:00:00+00:00,2.72,2.74,2.69,2.7,844.0
2025-02-27 17:00:00+00:00,2.7,2.71,2.68,2.7,84.0
2025-02-27 18:00:00+00:00,2.695,2.72,2.695,2.715,463.0
2025-02-27 19:00:00+00:00,2.71,2.72,2.7,2.71,255.0
2025-02-27 20:00:00+00:00,2.71,2.74,2.67,2.67,2111.0
2025-02-28 15:00:00+00:00,2.605,2.645,2.605,2.635,18.0
2025-02-28 16:00:00+00:00,2.635,2.65,2.615,2.62,229.0
2025-02-28 17:00:00+00:00,2.615,2.65,2.615,2.62,429.0
2025-02-28 18:00:00+00:00,2.62,2.65,2.62,2.635,1001.0
2025-02-28 19:00:00+00:00,2.635,2.64,2.61,2.615,1240.0
2025-02-28 20:00:00+00:00,2.61,2.64,2.58,2.63,6127.0
2025-03-03 15:00:00+00:00,2.55,2.61,2.55,2.595,1863.0
2025-03-03 16:00:00+00:00,2.595,2.595,2.51,2.53,1690.0
2025-03-03 17:00:00+00:00,2.53,2.56,2.525,2.545,577.0
2025-03-03 18:00:00+00:00,2.54,2.545,2.465,2.475,1746.0
2025-03-03 19:00:00+00:00,2.475,2.495,2.45,2.455,427.0
2025-03-03 20:00:00+00:00,2.455,2.455,2.385,2.41,2520.0
2025-03-04 15:00:00+00:00,2.36,2.385,2.35,2.37,1255.0
2025-03-04 16:00:00+00:00,2.37,2.42,2.36,2.405,1133.0
2025-03-04 17:00:00+00:00,2.41,2.45,2.41,2.43,2065.0
2025-03-04 18:00:00+00:00,2.43,2.485,2.43,2.485,454.0
2025-03-04 19:00:00+00:00,2.485,2.49,2.46,2.47,2117.0
2025-03-04 20:00:00+00:00,2.48,2.485,2.39,2.4,5819.0
2025-03-05 15:00:00+00:00,2.535,2.535,2.445,2.47,996.0
2025-03-05 16:00:00+00:00,2.47,2.47,2.445,2.465,1681.0
2025-03-05 17:00:00+00:00,2.465,2.48,2.46,2.47,1642.0
2025-03-05 18:00:00+00:00,2.47,2.48,2.45,2.48,1085.0
2025-03-05 19:00:00+00:00,2.48,2.535,2.47,2.485,1891.0
2025-03-05 20:00:00+00:00,2.49,2.495,2.47,2.475,1501.0
2025-03-06 15:00:00+00:00,2.445,2.49,2.44,2.485,332.0
2025-03-06 16:00:00+00:00,2.485,2.5,2.47,2.48,807.0
2025-03-06 17:00:00+00:00,2.47,2.5,2.455,2.495,2022.0
2025-03-06 18:00:00+00:00,2.495,2.505,2.49,2.49,537.0
2025-03-06 19:00:00+00:00,2.5,2.51,2.47,2.505,392.0
2025-03-06 20:00:00+00:00,2.495,2.58,2.495,2.555,2266.0
2025-03-07 15:00:00+00:00,2.585,2.6,2.54,2.565,880.0
2025-03-07 16:00:00+00:00,2.565,2.575,2.545,2.57,1066.0
2025-03-07 17:00:00+00:00,2.57,2.62,2.55,2.61,1877.0
2025-03-07 18:00:00+00:00,2.61,2.62,2.605,2.61,198.0
2025-03-07 19:00:00+00:00,2.61,2.635,2.61,2.615,684.0
2025-03-07 20:00:00+00:00,2.62,2.625,2.57,2.57,1849.0
2025-03-10 14:00:00+00:00,2.57,2.57,2.485,2.525,654.0
2025-03-10 15:00:00+00:00,2.525,2.57,2.485,2.525,732.0
2025-03-10 16:00:00+00:00,2.525,2.525,2.525,2.525,0.0
2025-03-10 17:00:00+00:00,2.525,2.525,2.505,2.515,340.0
2025-03-10 18:00:00+00:00,2.515,2.52,2.5,2.515,1759.0
2025-03-10 19:00:00+00:00,2.515,2.58,2.49,2.565,4083.0
2025-03-11 14:00:00+00:00,2.475,2.525,2.465,2.485,1248.0
2025-03-11 15:00:00+00:00,2.485,2.55,2.45,2.515,1268.0
2025-03-11 16:00:00+00:00,2.515,2.55,2.51,2.515,214.0
2025-03-11 17:00:00+00:00,2.515,2.515,2.5,2.51,300.0
2025-03-11 18:00:00+00:00,2.51,2.53,2.5,2.51,681.0
2025-03-11 19:00:00+00:00,2.51,2.52,2.48,2.5,4685.0
2025-03-12 14:00:00+00:00,2.445,2.445,2.395,2.415,147.0
2025-03-12 15:00:00+00:00,2.415,2.44,2.41,2.415,1135.0
2025-03-12 16:00:00+00:00,2.415,2.425,2.39,2.42,2732.0
2025-03-12 17:00:00+00:00,2.415,2.425,2.41,2.415,2352.0
2025-03-12 18:00:00+00:00,2.415,2.43,2.41,2.415,1915.0
2025-03-12 19:00:00+00:00,2.415,2.44,2.395,2.41,16054.0
2025-03-13 14:00:00+00:00,2.41,2.41,2.39,2.39,3.0
2025-03-13 15:00:00+00:00,2.39,2.39,2.335,2.355,159.0
2025-03-13 16:00:00+00:00,2.355,2.39,2.33,2.385,433.0
2025-03-13 17:00:00+00:00,2.385,2.385,2.32,2.32,53.0
2025-03-13 18:00:00+00:00,2.325,2.35,2.31,2.34,431.0
2025-03-13 19:00:00+00:00,2.34,2.36,2.31,2.335,1954.0
2025-03-14 14:00:00+00:00,2.335,2.35,2.325,2.325,1071.0
2025-03-14 15:00:00+00:00,2.325,2.35,2.325,2.345,681.0
2025-03-14 16:00:00+00:00,2.34,2.37,2.34,2.37,721.0
2025-03-14 17:00:00+00:00,2.37,2.375,2.35,2.355,640.0
2025-03-14 18:00:00+00:00,2.355,2.365,2.345,2.355,850.0
2025-03-14 19:00:00+00:00,2.355,2.365,2.34,2.35,3033.0
2025-03-17 14:00:00+00:00,2.355,2.38,2.335,2.38,596.0
2025-03-17 15:00:00+00:00,2.38,2.39,2.35,2.36,1144.0
2025-03-17 16:00:00+00:00,2.365,2.39,2.355,2.385,373.0
2025-03-17 17:00:00+00:00,2.385,2.4,2.375,2.385,574.0
2025-03-17 18:00:00+00:00,2.385,2.385,2.36,2.365,421.0
2025-03-17 19:00:00+00:00,2.365,2.38,2.355,2.365,2597.0
2025-03-18 14:00:00+00:00,2.405,2.41,2.365,2.365,1165.0
2025-03-18 15:00:00+00:00,2.365,2.375,2.33,2.33,135.0
2025-03-18 16:00:00+00:00,2.33,2.35,2.325,2.345,332.0
2025-03-18 17:00:00+00:00,2.345,2.355,2.34,2.345,283.0
2025-03-18 18:00:00+00:00,2.345,2.36,2.33,2.335,336.0
2025-03-18 19:00:00+00:00,2.335,2.35,2.33,2.335,1683.0
2025-03-19 14:00:00+00:00,2.35,2.365,2.33,2.345,1110.0
2025-03-19 15:00:00+00:00,2.345,2.35,2.33,2.35,669.0
2025-03-19 16:00:00+00:00,2.35,2.35,2.325,2.335,321.0
2025-03-19 17:00:00+00:00,2.335,2.335,2.305,2.31,611.0
2025-03-19 18:00:00+00:00,2.31,2.345,2.305,2.345,582.0
2025-03-19 19:00:00+00:00,2.345,2.375,2.345,2.365,1182.0
2025-03-20 14:00:00+00:00,2.385,2.385,2.35,2.365,2558.0
2025-03-20 15:00:00+00:00,2.365,2.4,2.36,2.385,1979.0
2025-03-20 16:00:00+00:00,2.385,2.385,2.35,2.365,1025.0
2025-03-20 17:00:00+00:00,2.365,2.365,2.32,2.335,1512.0
2025-03-20 18:00:00+00:00,2.335,2.335,2.31,2.315,1058.0
2025-03-20 19:00:00+00:00,2.315,2.325,2.3,2.3,4892.0
2025-03-21 14:00:00+00:00,2.3,2.3,2.24,2.255,1436.0
2025-03-21 15:00:00+00:00,2.255,2.255,2.23,2.245,345.0
2025-03-21 16:00:00+00:00,2.245,2.285,2.235,2.285,937.0
2025-03-21 17:00:00+00:00,2.285,2.3,2.285,2.295,429.0
2025-03-21 18:00:00+00:00,2.295,2.33,2.285,2.325,401.0
2025-03-21 19:00:00+00:00,2.325,2.355,2.29,2.345,3416.0
2025-03-24 14:00:00+00:00,2.37,2.385,2.36,2.365,919.0
2025-03-24 15:00:00+00:00,2.365,2.365,2.36,2.365,202.0
2025-03-24 16:00:00+00:00,2.365,2.365,2.315,2.335,591.0
2025-03-24 17:00:00+00:00,2.335,2.34,2.32,2.335,2191.0
2025-03-24 18:00:00+00:00,2.335,2.34,2.315,2.325,1109.0
2025-03-24 19:00:00+00:00,2.32,2.34,2.32,2.335,2041.0
2025-03-25 14:00:00+00:00,2.305,2.34,2.27,2.275,1272.0
2025-03-25 15:00:00+00:00,2.275,2.275,2.25,2.265,436.0
2025-03-25 16:00:00+00:00,2.265,2.265,2.25,2.265,613.0
2025-03-25 17:00:00+00:00,2.265,2.28,2.26,2.275,698.0
2025-03-25 18:00:00+00:00,2.275,2.275,2.26,2.275,340.0
2025-03-25 19:00:00+00:00,2.275,2.305,2.26,2.285,2319.0
2025-03-26 14:00:00+00:00,2.31,2.31,2.26,2.265,1336.0
2025-03-26 15:00:00+00:00,2.27,2.27,2.255,2.265,682.0
2025-03-26 16:00:00+00:00,2.265,2.295,2.265,2.285,267.0
2025-03-26 17:00:00+00:00,2.285,2.295,2.27,2.285,609.0
2025-03-26 18:00:00+00:00,2.285,2.285,2.27,2.275,245.0
2025-03-26 19:00:00+00:00,2.275,2.29,2.27,2.28,1756.0
2025-03-27 14:00:00+00:00,2.28,2.345,2.28,2.345,469.0
2025-03-27 15:00:00+00:00,2.345,2.36,2.32,2.325,614.0
2025-03-27 16:00:00+00:00,2.325,2.37,2.315,2.35,960.0
2025-03-27 17:00:00+00:00,2.35,2.365,2.34,2.35,1231.0
2025-03-27 18:00:00+00:00,2.35,2.39,2.335,2.385,1012.0
2025-03-27 19:00:00+00:00,2.385,2.415,2.37,2.37,3451.0
2025-03-28 14:00:00+00:00,2.36,2.36,2.29,2.31,828.0
2025-03-28 15:00:00+00:00,2.31,2.345,2.3,2.34,1452.0
2025-03-28 16:00:00+00:00,2.34,2.37,2.33,2.36,537.0
2025-03-28 17:00:00+00:00,2.36,2.39,2.36,2.38,911.0
2025-03-28 18:00:00+00:00,2.38,2.385,2.37,2.38,282.0
2025-03-28 19:00:00+00:00,2.38,2.4,2.31,2.32,3697.0
2025-03-31 14:00:00+00:00,2.27,2.365,2.27,2.365,769.0
2025-03-31 15:00:00+00:00,2.365,2.39,2.365,2.375,240.0
2025-03-31 16:00:00+00:00,2.375,2.375,2.33,2.335,405.0
2025-03-31 17:00:00+00:00,2.33,2.34,2.325,2.335,510.0
2025-03-31 18:00:00+00:00,2.335,2.355,2.33,2.335,723.0
2025-03-31 19:00:00+00:00,2.33,2.345,2.315,2.335,2677.0
2025-04-01 14:00:00+00:00,2.31,2.31,2.26,2.275,801.0
2025-04-01 15:00:00+00:00,2.275,2.29,2.27,2.275,1692.0
2025-04-01 16:00:00+00:00,2.275,2.29,2.275,2.285,1170.0
2025-04-01 17:00:00+00:00,2.285,2.285,2.26,2.265,938.0
2025-04-01 18:00:00+00:00,2.265,2.27,2.22,2.235,891.0
2025-04-01 19:00:00+00:00,2.235,2.27,2.235,2.25,665.0
2025-04-02 14:00:00+00:00,2.26,2.26,2.235,2.24,1572.0
2025-04-02 15:00:00+00:00,2.24,2.26,2.24,2.25,1220.0
2025-04-02 16:00:00+00:00,2.24,2.27,2.24,2.25,1175.0
2025-04-02 17:00:00+00:00,2.25,2.27,2.24,2.24,753.0
2025-04-02 18:00:00+00:00,2.24,2.265,2.225,2.25,880.0
2025-04-02 19:00:00+00:00,2.25,2.26,2.24,2.245,4260.0
2025-04-03 14:00:00+00:00,2.195,2.225,2.175,2.205,386.0
2025-04-03 15:00:00+00:00,2.205,2.22,2.2,2.205,176.0
2025-04-03 16:00:00+00:00,2.205,2.21,2.195,2.205,753.0
2025-04-03 17:00:00+00:00,2.205,2.21,2.18,2.205,590.0
2025-04-03 18:00:00+00:00,2.2,2.22,2.19,2.205,495.0
2025-04-03 19:00:00+00:00,2.205,2.21,2.19,2.205,4431.0
2025-04-04 14:00:00+00:00,2.14,2.14,2.085,2.13,1015.0
2025-04-04 15:00:00+00:00,2.125,2.18,2.105,2.105,1247.0
2025-04-04 16:00:00+00:00,2.105,2.11,2.06,2.07,174.0
2025-04-04 17:00:00+00:00,2.07,2.08,2.05,2.075,696.0
2025-04-04 18:00:00+00:00,2.075,2.09,2.015,2.025,208.0
2025-04-04 19:00:00+00:00,2.025,2.055,2.01,2.045,2893.0
2025-04-07 14:00:00+00:00,1.95,2.1,1.95,2.1,915.0
2025-04-07 15:00:00+00:00,2.1,2.1,1.995,1.995,114.0
2025-04-07 16:00:00+00:00,1.995,2.045,1.995,2.01,439.0
2025-04-07 17:00:00+00:00,2.02,2.125,2.02,2.105,1612.0
2025-04-07 18:00:00+00:00,2.105,2.105,2.07,2.08,423.0
2025-04-07 19:00:00+00:00,2.075,2.105,2.06,2.1,1889.0
2025-04-08 14:00:00+00:00,2.145,2.165,2.09,2.095,1101.0
2025-04-08 15:00:00+00:00,2.095,2.095,2.02,2.03,1844.0
2025-04-08 16:00:00+00:00,2.025,2.03,1.99,1.995,702.0
2025-04-08 17:00:00+00:00,1.995,2.01,1.965,2.005,408.0
2025-04-08 18:00:00+00:00,2.005,2.025,1.98,1.995,656.0
2025-04-08 19:00:00+00:00,1.995,1.995,1.97,1.975,1958.0
2025-04-09 14:00:00+00:00,2.005,2.025,1.96,1.965,641.0
2025-04-09 15:00:00+00:00,1.965,1.99,1.96,1.96,160.0
2025-04-09 16:00:00+00:00,1.96,2.01,1.955,1.99,496.0
2025-04-09 17:00:00+00:00,2.0,2.205,1.995,2.12,1413.0
2025-04-09 18:00:00+00:00,2.12,2.15,2.065,2.07,752.0
2025-04-09 19:00:00+00:00,2.07,2.14,2.06,2.11,2257.0
2025-04-10 14:00:00+00:00,2.1,2.1,2.01,2.035,788.0
2025-04-10 15:00:00+00:00,2.025,2.035,1.99,2.005,998.0
2025-04-10 16:00:00+00:00,2.005,2.02,1.985,2.005,475.0
2025-04-10 17:00:00+00:00,2.005,2.025,1.985,2.01,411.0
2025-04-10 18:00:00+00:00,2.015,2.045,1.99,1.99,755.0
2025-04-10 19:00:00+00:00,2.0,2.02,1.97,2.005,1279.0
2025-04-11 14:00:00+00:00,2.01,2.015,1.965,1.985,459.0
2025-04-11 15:00:00+00:00,2.0,2.0,1.98,1.985,220.0
2025-04-11 16:00:00+00:00,1.985,2.03,1.985,2.02,846.0
2025-04-11 17:00:00+00:00,2.02,2.025,2.005,2.005,1011.0
2025-04-11 18:00:00+00:00,2.005,2.015,2.0,2.01,919.0
2025-04-11 19:00:00+00:00,2.01,2.05,1.99,2.04,1957.0
2025-04-14 14:00:00+00:00,2.045,2.125,2.04,2.12,1170.0
2025-04-14 15:00:00+00:00,2.125,2.125,2.055,2.09,1529.0
2025-04-14 16:00:00+00:00,2.09,2.12,2.075,2.11,2848.0
2025-04-14 17:00:00+00:00,2.11,2.12,2.09,2.115,825.0
2025-04-14 18:00:00+00:00,2.115,2.13,2.11,2.12,825.0
2025-04-14 19:00:00+00:00,2.12,2.155,2.115,2.155,2461.0
2025-04-15 14:00:00+00:00,2.11,2.11,2.08,2.09,127.0
2025-04-15 15:00:00+00:00,2.095,2.1,2.065,2.065,737.0
2025-04-15 16:00:00+00:00,2.06,2.065,2.01,2.015,428.0
2025-04-15 17:00:00+00:00,2.015,2.015,1.985,1.985,528.0
2025-04-15 18:00:00+00:00,1.985,1.985,1.96,1.975,1163.0
2025-04-15 19:00:00+00:00,1.975,2.005,1.97,2.0,4716.0
2025-04-16 14:00:00+00:00,2.005,2.015,1.99,2.0,601.0
2025-04-16 15:00:00+00:00,2.0,2.025,2.0,2.005,1159.0
2025-04-16 16:00:00+00:00,2.01,2.02,2.0,2.005,285.0
2025-04-16 17:00:00+00:00,2.005,2.01,1.99,2.005,2968.0
2025-04-16 18:00:00+00:00,2.0,2.02,1.98,2.0,2533.0
2025-04-16 19:00:00+00:00,2.005,2.02,1.99,2.005,5869.0
2025-04-17 14:00:00+00:00,2.0,2.0,1.945,1.955,1795.0
2025-04-17 15:00:00+00:00,1.955,1.955,1.94,1.95,768.0
2025-04-17 16:00:00+00:00,1.955,1.975,1.945,1.965,1367.0
2025-04-17 17:00:00+00:00,1.965,1.965,1.94,1.955,1939.0
2025-04-17 18:00:00+00:00,1.955,1.97,1.94,1.97,4413.0
2025-04-17 19:00:00+00:00,1.97,1.99,1.955,1.985,2555.0
2025-04-18 14:00:00+00:00,1.985,1.985,1.985,1.985,0.0
2025-04-18 15:00:00+00:00,1.985,1.985,1.985,1.985,0.0
2025-04-18 16:00:00+00:00,1.985,1.985,1.985,1.985,0.0
2025-04-18 17:00:00+00:00,1.985,1.985,1.985,1.985,0.0
2025-04-18 18:00:00+00:00,1.985,1.985,1.985,1.985,0.0
2025-04-18 19:00:00+00:00,1.985,1.985,1.985,1.985,0.0
2025-04-21 14:00:00+00:00,2.01,2.01,1.975,1.98,4.0
2025-04-21 15:00:00+00:00,1.98,1.98,1.96,1.965,257.0
2025-04-21 16:00:00+00:00,1.965,1.985,1.96,1.985,934.0
2025-04-21 17:00:00+00:00,1.985,1.985,1.97,1.975,211.0
2025-04-21 18:00:00+00:00,1.97,1.99,1.97,1.985,646.0
2025-04-21 19:00:00+00:00,1.98,2.035,1.98,2.015,3418.0
2025-04-22 14:00:00+00:00,2.04,2.04,2.02,2.03,454.0
2025-04-22 15:00:00+00:00,2.03,2.09,2.025,2.08,329.0
2025-04-22 16:00:00+00:00,2.085,2.09,2.03,2.045,530.0
2025-04-22 17:00:00+00:00,2.045,2.055,2.03,2.035,703.0
2025-04-22 18:00:00+00:00,2.035,2.07,2.035,2.065,270.0
2025-04-22 19:00:00+00:00,2.065,2.09,2.06,2.085,95.0
2025-04-23 14:00:00+00:00,2.165,2.165,2.13,2.14,112.0
2025-04-23 15:00:00+00:00,2.145,2.16,2.115,2.115,200.0
2025-04-23 16:00:00+00:00,2.115,2.115,2.09,2.09,23.0
2025-04-23 17:00:00+00:00,2.09,2.13,2.09,2.12,414.0
2025-04-23 18:00:00+00:00,2.115,2.125,2.095,2.105,446.0
2025-04-23 19:00:00+00:00,2.105,2.14,2.1,2.12,2255.0
2025-04-24 14:00:00+00:00,2.12,2.16,2.12,2.125,200.0
2025-04-24 15:00:00+00:00,2.125,2.125,2.1,2.105,539.0
2025-04-24 16:00:00+00:00,2.105,2.15,2.1,2.135,197.0
2025-04-24 17:00:00+00:00,2.135,2.135,2.13,2.135,1158.0
2025-04-24 18:00:00+00:00,2.135,2.135,2.12,2.125,74.0
2025-04-24 19:00:00+00:00,2.125,2.14,2.12,2.14,1447.0
2025-04-25 14:00:00+00:00,2.135,2.135,2.115,2.12,400.0
2025-04-25 15:00:00+00:00,2.12,2.13,2.095,2.1,204.0
2025-04-25 16:00:00+00:00,2.1,2.105,2.085,2.085,27.0
2025-04-25 17:00:00+00:00,2.085,2.105,2.085,2.085,200.0
2025-04-25 18:00:00+00:00,2.085,2.11,2.085,2.105,132.0
2025-04-25 19:00:00+00:00,2.105,2.11,2.09,2.105,379.0
2025-04-28 14:00:00+00:00,2.1,2.13,2.09,2.095,586.0
2025-04-28 15:00:00+00:00,2.095,2.1,2.085,2.095,113.0
2025-04-28 16:00:00+00:00,2.095,2.1,2.085,2.095,474.0
2025-04-28 17:00:00+00:00,2.095,2.1,2.085,2.095,765.0
2025-04-28 18:00:00+00:00,2.095,2.1,2.09,2.095,250.0
2025-04-28 19:00:00+00:00,2.1,2.14,2.1,2.12,815.0
2025-04-29 14:00:00+00:00,2.12,2.15,2.11,2.12,690.0
2025-04-29 15:00:00+00:00,2.12,2.125,2.105,2.105,80.0
2025-04-29 16:00:00+00:00,2.105,2.155,2.105,2.15,470.0
2025-04-29 17:00:00+00:00,2.15,2.185,2.145,2.185,344.0
2025-04-29 18:00:00+00:00,2.185,2.19,2.18,2.185,354.0
2025-04-29 19:00:00+00:00,2.185,2.195,2.17,2.175,1847.0
2025-04-30 14:00:00+00:00,2.14,2.14,2.1,2.1,500.0
2025-04-30 15:00:00+00:00,2.1,2.11,2.1,2.11,173.0
2025-04-30 16:00:00+00:00,2.12,2.16,2.115,2.16,648.0
2025-04-30 17:00:00+00:00,2.16,2.16,2.135,2.155,628.0
2025-04-30 18:00:00+00:00,2.155,2.165,2.155,2.16,713.0
2025-04-30 19:00:00+00:00,2.15,2.18,2.15,2.15,1202.0
2025-05-01 14:00:00+00:00,2.12,2.12,2.12,2.12,0.0
2025-05-01 15:00:00+00:00,2.12,2.12,2.12,2.12,100.0
2025-05-01 16:00:00+00:00,2.12,2.12,2.105,2.105,0.0
2025-05-01 17:00:00+00:00,2.105,2.105,2.105,2.105,0.0
2025-05-01 18:00:00+00:00,2.095,2.1,2.095,2.1,46.0
2025-05-01 19:00:00+00:00,2.1,2.16,2.1,2.14,597.0
2025-05-02 14:00:00+00:00,2.15,2.22,2.15,2.2,490.0
2025-05-02 15:00:00+00:00,2.2,2.2,2.2,2.2,0.0
2025-05-02 16:00:00+00:00,2.2,2.2,2.19,2.2,1.0
2025-05-02 17:00:00+00:00,2.2,2.2,2.17,2.175,1156.0
2025-05-02 18:00:00+00:00,2.175,2.185,2.165,2.165,1081.0
2025-05-02 19:00:00+00:00,2.165,2.19,2.16,2.17,398.0
2025-05-05 14:00:00+00:00,2.16,2.185,2.16,2.185,200.0
2025-05-05 15:00:00+00:00,2.185,2.185,2.17,2.17,103.0
2025-05-05 16:00:00+00:00,2.17,2.17,2.165,2.165,500.0
2025-05-05 17:00:00+00:00,2.165,2.17,2.165,2.165,262.0
2025-05-05 18:00:00+00:00,2.165,2.18,2.165,2.17,45.0
2025-05-05 19:00:00+00:00,2.17,2.17,2.145,2.145,390.0
2025-05-06 14:00:00+00:00,2.145,2.145,2.145,2.145,0.0
2025-05-06 15:00:00+00:00,2.145,2.145,2.1,2.105,127.0
2025-05-06 16:00:00+00:00,2.105,2.115,2.1,2.115,255.0
2025-05-06 17:00:00+00:00,2.115,2.115,2.1,2.105,281.0
2025-05-06 18:00:00+00:00,2.105,2.11,2.09,2.11,329.0
2025-05-06 19:00:00+00:00,2.11,2.135,2.11,2.115,730.0
2025-05-07 14:00:00+00:00,2.115,2.155,2.115,2.145,217.0
2025-05-07 15:00:00+00:00,2.145,2.145,2.14,2.14,300.0
2025-05-07 16:00:00+00:00,2.14,2.14,2.13,2.13,200.0
2025-05-07 17:00:00+00:00,2.13,2.135,2.125,2.125,810.0
2025-05-07 18:00:00+00:00,2.125,2.14,2.125,2.14,409.0
2025-05-07 19:00:00+00:00,2.14,2.14,2.115,2.125,531.0
2025-05-08 14:00:00+00:00,2.15,2.15,2.14,2.15,229.0
2025-05-08 15:00:00+00:00,2.15,2.16,2.14,2.155,152.0
2025-05-08 16:00:00+00:00,2.155,2.175,2.155,2.165,200.0
2025-05-08 17:00:00+00:00,2.165,2.165,2.16,2.16,22.0
2025-05-08 18:00:00+00:00,2.16,2.16,2.16,2.16,0.0
2025-05-08 19:00:00+00:00,2.16,2.16,2.135,2.135,701.0
2025-05-09 14:00:00+00:00,2.135,2.155,2.135,2.145,370.0
2025-05-09 15:00:00+00:00,2.145,2.165,2.14,2.165,280.0
2025-05-09 16:00:00+00:00,2.165,2.17,2.165,2.165,500.0
2025-05-09 17:00:00+00:00,2.175,2.18,2.175,2.175,200.0
2025-05-09 18:00:00+00:00,2.175,2.175,2.175,2.175,0.0
2025-05-09 19:00:00+00:00,2.175,2.175,2.155,2.17,171.0
2025-05-12 14:00:00+00:00,2.22,2.22,2.22,2.22,0.0
2025-05-12 15:00:00+00:00,2.22,2.22,2.16,2.16,40.0
2025-05-12 16:00:00+00:00,2.16,2.185,2.16,2.175,200.0
2025-05-12 17:00:00+00:00,2.175,2.195,2.14,2.14,1190.0
2025-05-12 18:00:00+00:00,2.14,2.16,2.14,2.145,1052.0
2025-05-12 19:00:00+00:00,2.145,2.155,2.12,2.14,2555.0
2025-05-13 14:00:00+00:00,1.76,1.76,1.68,1.68,2214.0
2025-05-13 15:00:00+00:00,1.68,1.68,1.62,1.635,2667.0
2025-05-13 16:00:00+00:00,1.635,1.64,1.595,1.62,5419.0
2025-05-13 17:00:00+00:00,1.62,1.64,1.615,1.625,1371.0
2025-05-13 18:00:00+00:00,1.625,1.675,1.615,1.665,10949.0
2025-05-13 19:00:00+00:00,1.665,1.71,1.615,1.665,14677.0
2025-05-14 14:00:00+00:00,1.64,1.64,1.61,1.615,1000.0
2025-05-14 15:00:00+00:00,1.615,1.615,1.56,1.565,765.0
2025-05-14 16:00:00+00:00,1.565,1.585,1.53,1.585,452.0
2025-05-14 17:00:00+00:00,1.585,1.59,1.57,1.58,416.0
2025-05-14 18:00:00+00:00,1.58,1.58,1.55,1.555,212.0
2025-05-14 19:00:00+00:00,1.555,1.57,1.54,1.55,2655.0
2025-05-15 14:00:00+00:00,1.51,1.51,1.5,1.5,1.0
2025-05-15 15:00:00+00:00,1.5,1.53,1.5,1.53,766.0
2025-05-15 16:00:00+00:00,1.53,1.545,1.515,1.535,600.0
2025-05-15 17:00:00+00:00,1.535,1.535,1.51,1.515,174.0
2025-05-15 18:00:00+00:00,1.52,1.52,1.495,1.51,353.0
2025-05-15 19:00:00+00:00,1.505,1.52,1.495,1.505,7527.0
2025-05-16 14:00:00+00:00,1.47,1.47,1.43,1.44,1936.0
2025-05-16 15:00:00+00:00,1.43,1.44,1.38,1.405,1213.0
2025-05-16 16:00:00+00:00,1.405,1.415,1.355,1.405,3469.0
2025-05-16 17:00:00+00:00,1.405,1.415,1.355,1.375,802.0
2025-05-16 18:00:00+00:00,1.38,1.425,1.375,1.405,2451.0
2025-05-16 19:00:00+00:00,1.4,1.43,1.4,1.42,3774.0
2025-05-19 14:00:00+00:00,1.42,1.42,1.42,1.42,0.0
2025-05-19 15:00:00+00:00,1.42,1.42,1.385,1.385,800.0
2025-05-19 16:00:00+00:00,1.385,1.39,1.38,1.38,771.0
2025-05-19 17:00:00+00:00,1.38,1.38,1.375,1.375,1497.0
2025-05-19 18:00:00+00:00,1.375,1.38,1.37,1.375,271.0
2025-05-19 19:00:00+00:00,1.375,1.42,1.37,1.395,880.0
2025-05-20 14:00:00+00:00,1.99,2.065,1.895,2.055,40757.0
2025-05-20 15:00:00+00:00,2.06,2.135,2.03,2.085,19039.0
2025-05-20 16:00:00+00:00,2.09,2.2,2.025,2.165,15429.0
2025-05-20 17:00:00+00:00,2.155,2.2,2.145,2.195,8589.0
2025-05-20 18:00:00+00:00,2.2,2.215,2.135,2.195,8509.0
2025-05-20 19:00:00+00:00,2.195,2.205,2.14,2.15,21658.0
2025-05-21 14:00:00+00:00,1.955,1.985,1.88,1.945,5934.0
2025-05-21 15:00:00+00:00,1.945,1.955,1.91,1.915,3831.0
2025-05-21 16:00:00+00:00,1.915,1.94,1.915,1.94,2535.0
2025-05-21 17:00:00+00:00,1.94,1.95,1.915,1.925,2180.0
2025-05-21 18:00:00+00:00,1.925,1.935,1.92,1.935,1602.0
2025-05-21 19:00:00+00:00,1.935,1.95,1.935,1.945,5584.0
2025-05-22 14:00:00+00:00,1.865,1.87,1.81,1.84,1790.0
2025-05-22 15:00:00+00:00,1.845,1.86,1.81,1.81,1012.0
2025-05-22 16:00:00+00:00,1.81,1.815,1.81,1.815,0.0
2025-05-22 17:00:00+00:00,1.815,1.815,1.735,1.74,2606.0
2025-05-22 18:00:00+00:00,1.74,1.79,1.735,1.785,2546.0
2025-05-22 19:00:00+00:00,1.785,1.795,1.75,1.75,2642.0
2025-05-23 14:00:00+00:00,1.855,1.88,1.82,1.835,746.0
2025-05-23 15:00:00+00:00,1.84,1.84,1.815,1.835,913.0
2025-05-23 16:00:00+00:00,1.835,1.85,1.83,1.845,3384.0
2025-05-23 17:00:00+00:00,1.845,1.875,1.835,1.855,4106.0
2025-05-23 18:00:00+00:00,1.855,1.855,1.815,1.815,6465.0
2025-05-23 19:00:00+00:00,1.815,1.84,1.8,1.805,4804.0
2025-05-26 14:00:00+00:00,1.805,1.805,1.805,1.805,0.0
2025-05-26 15:00:00+00:00,1.805,1.805,1.805,1.805,0.0
2025-05-26 16:00:00+00:00,1.805,1.805,1.805,1.805,0.0
2025-05-26 17:00:00+00:00,1.805,1.805,1.805,1.805,0.0
2025-05-26 18:00:00+00:00,1.805,1.805,1.805,1.805,0.0
2025-05-26 19:00:00+00:00,1.805,1.805,1.805,1.805,0.0
2025-05-27 14:00:00+00:00,1.79,1.83,1.78,1.825,1867.0
2025-05-27 15:00:00+00:00,1.82,1.835,1.79,1.795,1807.0
2025-05-27 16:00:00+00:00,1.795,1.825,1.79,1.815,2117.0
2025-05-27 17:00:00+00:00,1.815,1.815,1.79,1.805,4084.0
2025-05-27 18:00:00+00:00,1.805,1.825,1.79,1.795,4663.0
2025-05-27 19:00:00+00:00,1.795,1.81,1.75,1.775,14422.0
2025-05-28 14:00:00+00:00,1.755,1.755,1.68,1.695,1368.0
2025-05-28 15:00:00+00:00,1.7,1.77,1.695,1.765,4275.0
2025-05-28 16:00:00+00:00,1.765,1.785,1.75,1.76,2640.0
2025-05-28 17:00:00+00:00,1.76,1.8,1.72,1.73,6601.0
2025-05-28 18:00:00+00:00,1.73,1.735,1.7,1.705,4446.0
2025-05-28 19:00:00+00:00,1.705,1.775,1.705,1.775,9589.0
2025-05-29 14:00:00+00:00,1.745,1.755,1.735,1.75,1806.0
2025-05-29 15:00:00+00:00,1.75,1.75,1.74,1.745,448.0
2025-05-29 16:00:00+00:00,1.745,1.755,1.74,1.745,808.0
2025-05-29 17:00:00+00:00,1.75,1.78,1.74,1.755,1761.0
2025-05-29 18:00:00+00:00,1.755,1.785,1.735,1.785,2032.0
2025-05-29 19:00:00+00:00,1.785,1.8,1.765,1.765,5079.0
2025-05-30 14:00:00+00:00,1.73,1.755,1.72,1.735,100.0
2025-05-30 15:00:00+00:00,1.735,1.87,1.735,1.865,3909.0
2025-05-30 16:00:00+00:00,1.865,1.87,1.795,1.825,1834.0
2025-05-30 17:00:00+00:00,1.82,1.845,1.78,1.795,1703.0
2025-05-30 18:00:00+00:00,1.8,1.805,1.775,1.78,3991.0
2025-05-30 19:00:00+00:00,1.78,1.84,1.78,1.795,2950.0
2025-06-02 14:00:00+00:00,1.74,1.74,1.705,1.73,400.0
2025-06-02 15:00:00+00:00,1.73,1.74,1.715,1.715,715.0
2025-06-02 16:00:00+00:00,1.72,1.725,1.705,1.71,1114.0
2025-06-02 17:00:00+00:00,1.71,1.715,1.705,1.715,301.0
2025-06-02 18:00:00+00:00,1.715,1.72,1.705,1.705,743.0
2025-06-02 19:00:00+00:00,1.705,1.75,1.705,1.725,2915.0
2025-06-03 14:00:00+00:00,1.715,1.75,1.695,1.75,237.0
2025-06-03 15:00:00+00:00,1.75,1.755,1.73,1.73,135.0
2025-06-03 16:00:00+00:00,1.73,1.77,1.73,1.765,606.0
2025-06-03 17:00:00+00:00,1.76,1.79,1.76,1.775,1073.0
2025-06-03 18:00:00+00:00,1.775,1.78,1.74,1.765,1507.0
2025-06-03 19:00:00+00:00,1.765,1.8,1.76,1.8,3258.0
2025-06-04 14:00:00+00:00,2.005,2.075,1.985,2.055,6763.0
2025-06-04 15:00:00+00:00,2.06,2.07,2.03,2.065,5081.0
2025-06-04 16:00:00+00:00,2.07,2.095,2.055,2.08,2235.0
2025-06-04 17:00:00+00:00,2.085,2.11,2.02,2.02,4725.0
2025-06-04 18:00:00+00:00,2.02,2.09,1.985,2.075,4161.0
2025-06-04 19:00:00+00:00,2.075,2.125,2.06,2.105,7723.0
2025-06-05 14:00:00+00:00,1.99,2.0,1.92,1.935,1500.0
2025-06-05 15:00:00+00:00,1.935,1.95,1.92,1.925,3529.0
2025-06-05 16:00:00+00:00,1.925,1.96,1.91,1.915,3246.0
2025-06-05 17:00:00+00:00,1.915,1.92,1.9,1.9,1079.0
2025-06-05 18:00:00+00:00,1.9,1.91,1.88,1.9,1672.0
2025-06-05 19:00:00+00:00,1.9,1.94,1.9,1.94,1490.0
2025-06-06 14:00:00+00:00,1.94,1.98,1.93,1.965,487.0
2025-06-06 15:00:00+00:00,1.965,1.985,1.95,1.97,547.0
2025-06-06 16:00:00+00:00,1.97,1.97,1.955,1.955,223.0
2025-06-06 17:00:00+00:00,1.955,2.01,1.955,2.005,290.0
2025-06-06 18:00:00+00:00,2.005,2.03,2.005,2.025,324.0
2025-06-06 19:00:00+00:00,2.025,2.025,1.99,1.995,1505.0
2025-06-09 14:00:00+00:00,2.07,2.165,2.06,2.11,4371.0
2025-06-09 15:00:00+00:00,2.115,2.205,2.11,2.135,3267.0
2025-06-09 16:00:00+00:00,2.135,2.185,2.12,2.185,2595.0
2025-06-09 17:00:00+00:00,2.185,2.205,2.14,2.16,2638.0
2025-06-09 18:00:00+00:00,2.16,2.175,2.14,2.175,1501.0
2025-06-09 19:00:00+00:00,2.175,2.18,2.135,2.16,4938.0
2025-06-10 14:00:00+00:00,2.075,2.15,2.075,2.135,1016.0
2025-06-10 15:00:00+00:00,2.135,2.135,2.11,2.125,1060.0
2025-06-10 16:00:00+00:00,2.125,2.14,2.105,2.105,1897.0
2025-06-10 17:00:00+00:00,2.1,2.11,2.09,2.09,1877.0
2025-06-10 18:00:00+00:00,2.09,2.09,2.035,2.05,2482.0
2025-06-10 19:00:00+00:00,2.05,2.085,2.04,2.07,3075.0
2025-06-11 14:00:00+00:00,2.07,2.17,2.07,2.16,903.0
2025-06-11 15:00:00+00:00,2.155,2.175,2.12,2.13,5239.0
2025-06-11 16:00:00+00:00,2.13,2.165,2.115,2.135,3953.0
2025-06-11 17:00:00+00:00,2.135,2.15,2.13,2.135,1907.0
2025-06-11 18:00:00+00:00,2.135,2.135,2.12,2.135,326.0
2025-06-11 19:00:00+00:00,2.135,2.14,2.115,2.115,3200.0
2025-06-12 14:00:00+00:00,2.05,2.08,2.05,2.075,800.0
2025-06-12 15:00:00+00:00,2.075,2.075,2.055,2.065,736.0
2025-06-12 16:00:00+00:00,2.065,2.08,2.06,2.065,829.0
2025-06-12 17:00:00+00:00,2.065,2.075,2.06,2.06,391.0
2025-06-12 18:00:00+00:00,2.06,2.07,2.05,2.06,28.0
2025-06-12 19:00:00+00:00,2.06,2.065,2.05,2.055,702.0
2025-06-13 14:00:00+00:00,2.005,2.04,2.005,2.025,1124.0
2025-06-13 15:00:00+00:00,2.025,2.025,2.005,2.01,781.0
2025-06-13 16:00:00+00:00,2.01,2.025,2.01,2.02,1240.0
2025-06-13 17:00:00+00:00,2.02,2.035,2.005,2.03,1173.0
2025-06-13 18:00:00+00:00,2.025,2.03,2.005,2.01,1656.0
2025-06-13 19:00:00+00:00,2.01,2.02,2.005,2.01,1776.0
2025-06-16 14:00:00+00:00,1.95,2.005,1.95,1.995,200.0
2025-06-16 15:00:00+00:00,2.0,2.0,1.955,1.97,397.0
2025-06-16 16:00:00+00:00,1.975,1.99,1.97,1.98,600.0
2025-06-16 17:00:00+00:00,1.98,2.015,1.975,1.985,1390.0
2025-06-16 18:00:00+00:00,1.985,2.02,1.985,2.015,2225.0
2025-06-16 19:00:00+00:00,2.015,2.02,1.98,1.995,3346.0
2025-06-17 14:00:00+00:00,1.995,1.995,1.955,1.97,167.0
2025-06-17 15:00:00+00:00,1.97,1.99,1.96,1.985,938.0
2025-06-17 16:00:00+00:00,1.985,1.995,1.96,1.96,1082.0
2025-06-17 17:00:00+00:00,1.965,1.97,1.94,1.945,588.0
2025-06-17 18:00:00+00:00,1.945,1.945,1.89,1.905,1617.0
2025-06-17 19:00:00+00:00,1.905,1.905,1.85,1.85,2824.0
2025-06-18 14:00:00+00:00,1.825,1.865,1.825,1.84,200.0
2025-06-18 15:00:00+00:00,1.84,1.86,1.82,1.825,899.0
2025-06-18 16:00:00+00:00,1.82,1.825,1.78,1.78,2428.0
2025-06-18 17:00:00+00:00,1.785,1.81,1.765,1.775,8344.0
2025-06-18 18:00:00+00:00,1.775,1.79,1.765,1.775,2895.0
2025-06-18 19:00:00+00:00,1.775,1.8,1.76,1.79,8226.0
2025-06-19 14:00:00+00:00,1.79,1.79,1.79,1.79,0.0
2025-06-19 15:00:00+00:00,1.79,1.79,1.79,1.79,0.0
2025-06-19 16:00:00+00:00,1.79,1.79,1.79,1.79,0.0
2025-06-19 17:00:00+00:00,1.79,1.79,1.79,1.79,0.0
2025-06-19 18:00:00+00:00,1.79,1.79,1.79,1.79,0.0
2025-06-19 19:00:00+00:00,1.79,1.79,1.79,1.79,0.0
2025-06-20 14:00:00+00:00,1.845,1.865,1.835,1.855,537.0
2025-06-20 15:00:00+00:00,1.855,1.855,1.815,1.835,1976.0
2025-06-20 16:00:00+00:00,1.835,1.89,1.815,1.88,1260.0
2025-06-20 17:00:00+00:00,1.875,1.89,1.85,1.855,4191.0
2025-06-20 18:00:00+00:00,1.855,1.9,1.84,1.895,5025.0
2025-06-20 19:00:00+00:00,1.9,1.93,1.88,1.915,8173.0
2025-06-23 14:00:00+00:00,1.88,1.93,1.88,1.92,712.0
2025-06-23 15:00:00+00:00,1.925,1.97,1.92,1.96,1156.0
2025-06-23 16:00:00+00:00,1.955,1.96,1.87,1.9,1558.0
2025-06-23 17:00:00+00:00,1.9,1.94,1.9,1.925,1274.0
2025-06-23 18:00:00+00:00,1.925,1.945,1.92,1.92,1440.0
2025-06-23 19:00:00+00:00,1.92,1.93,1.905,1.925,1856.0
2025-06-24 14:00:00+00:00,1.92,1.965,1.905,1.91,1020.0
2025-06-24 15:00:00+00:00,1.91,1.94,1.905,1.935,953.0
2025-06-24 16:00:00+00:00,1.94,1.945,1.925,1.935,1414.0
2025-06-24 17:00:00+00:00,1.93,1.94,1.915,1.94,2300.0
2025-06-24 18:00:00+00:00,1.935,1.95,1.93,1.945,1161.0
2025-06-24 19:00:00+00:00,1.945,1.97,1.94,1.96,2882.0
2025-06-25 14:00:00+00:00,1.95,1.96,1.925,1.93,817.0
2025-06-25 15:00:00+00:00,1.93,1.94,1.925,1.93,128.0
2025-06-25 16:00:00+00:00,1.93,1.935,1.925,1.925,532.0
2025-06-25 17:00:00+00:00,1.925,1.94,1.925,1.93,605.0
2025-06-25 18:00:00+00:00,1.93,1.935,1.92,1.935,1306.0
2025-06-25 19:00:00+00:00,1.935,1.94,1.925,1.93,2955.0
2025-06-26 14:00:00+00:00,1.92,1.93,1.895,1.9,3568.0
2025-06-26 15:00:00+00:00,1.9,1.91,1.88,1.88,1000.0
2025-06-26 16:00:00+00:00,1.88,1.895,1.87,1.885,502.0
2025-06-26 17:00:00+00:00,1.885,1.885,1.865,1.87,1668.0
2025-06-26 18:00:00+00:00,1.87,1.875,1.865,1.875,345.0
2025-06-26 19:00:00+00:00,1.875,1.9,1.87,1.895,7754.0
2025-06-27 14:00:00+00:00,1.85,1.92,1.85,1.905,1520.0
2025-06-27 15:00:00+00:00,1.905,1.93,1.88,1.925,800.0
2025-06-27 16:00:00+00:00,1.925,1.94,1.88,1.885,1814.0
2025-06-27 17:00:00+00:00,1.89,1.9,1.85,1.855,4277.0
2025-06-27 18:00:00+00:00,1.855,1.88,1.85,1.875,2220.0
2025-06-27 19:00:00+00:00,1.87,1.92,1.81,1.815,7193.0
2025-06-30 14:00:00+00:00,1.805,1.83,1.79,1.805,4743.0
2025-06-30 15:00:00+00:00,1.805,1.81,1.775,1.805,2758.0
2025-06-30 16:00:00+00:00,1.805,1.81,1.79,1.805,6268.0
2025-06-30 17:00:00+00:00,1.805,1.815,1.795,1.805,4840.0
2025-06-30 18:00:00+00:00,1.805,1.815,1.795,1.805,5078.0
2025-06-30 19:00:00+00:00,1.805,1.825,1.79,1.795,5003.0
2025-07-01 14:00:00+00:00,1.79,1.815,1.79,1.815,14171.0
2025-07-01 15:00:00+00:00,1.815,1.845,1.805,1.845,7078.0
2025-07-01 16:00:00+00:00,1.845,1.845,1.785,1.785,3133.0
2025-07-01 17:00:00+00:00,1.785,1.785,1.77,1.785,2845.0
2025-07-01 18:00:00+00:00,1.785,1.795,1.78,1.795,3714.0
2025-07-01 19:00:00+00:00,1.795,1.795,1.755,1.76,5215.0
2025-07-02 14:00:00+00:00,1.77,1.775,1.765,1.775,1487.0
2025-07-02 15:00:00+00:00,1.775,1.775,1.765,1.77,2980.0
2025-07-02 16:00:00+00:00,1.77,1.775,1.765,1.775,343.0
2025-07-02 17:00:00+00:00,1.775,1.775,1.76,1.765,3265.0
2025-07-02 18:00:00+00:00,1.765,1.805,1.765,1.785,3825.0
2025-07-02 19:00:00+00:00,1.785,1.795,1.775,1.775,1497.0
2025-07-03 14:00:00+00:00,1.805,1.805,1.765,1.775,672.0
2025-07-03 15:00:00+00:00,1.775,1.78,1.755,1.775,572.0
2025-07-03 16:00:00+00:00,1.775,1.785,1.765,1.78,1012.0
2025-07-03 17:00:00+00:00,1.78,1.78,1.78,1.78,0.0
2025-07-03 18:00:00+00:00,1.78,1.78,1.78,1.78,0.0
2025-07-03 19:00:00+00:00,1.78,1.78,1.78,1.78,0.0
2025-07-04 14:00:00+00:00,1.78,1.78,1.78,1.78,0.0
2025-07-04 15:00:00+00:00,1.78,1.78,1.78,1.78,0.0
2025-07-04 16:00:00+00:00,1.78,1.78,1.78,1.78,0.0
2025-07-04 17:00:00+00:00,1.78,1.78,1.78,1.78,0.0
2025-07-04 18:00:00+00:00,1.78,1.78,1.78,1.78,0.0
2025-07-04 19:00:00+00:00,1.78,1.78,1.78,1.78,0.0
2025-07-07 14:00:00+00:00,1.755,1.775,1.74,1.745,2475.0
2025-07-07 15:00:00+00:00,1.745,1.75,1.725,1.74,2823.0
2025-07-07 16:00:00+00:00,1.74,1.765,1.735,1.735,2553.0
2025-07-07 17:00:00+00:00,1.735,1.76,1.735,1.745,776.0
2025-07-07 18:00:00+00:00,1.745,1.755,1.735,1.755,1270.0
2025-07-07 19:00:00+00:00,1.755,1.76,1.735,1.735,2688.0
2025-07-08 14:00:00+00:00,1.74,1.755,1.74,1.745,2983.0
2025-07-08 15:00:00+00:00,1.74,1.805,1.74,1.775,6135.0
2025-07-08 16:00:00+00:00,1.775,1.775,1.76,1.775,2042.0
2025-07-08 17:00:00+00:00,1.775,1.775,1.76,1.765,1740.0
2025-07-08 18:00:00+00:00,1.765,1.81,1.76,1.805,4698.0
2025-07-08 19:00:00+00:00,1.8,1.82,1.8,1.81,5584.0
2025-07-09 14:00:00+00:00,1.805,1.815,1.795,1.805,1517.0
2025-07-09 15:00:00+00:00,1.805,1.815,1.8,1.815,514.0
2025-07-09 16:00:00+00:00,1.815,1.835,1.815,1.825,713.0
2025-07-09 17:00:00+00:00,1.825,1.855,1.825,1.835,120.0
2025-07-09 18:00:00+00:00,1.835,1.855,1.83,1.85,1876.0
2025-07-09 19:00:00+00:00,1.85,1.885,1.85,1.885,9475.0
2025-07-10 14:00:00+00:00,1.85,1.895,1.845,1.895,2563.0
2025-07-10 15:00:00+00:00,1.895,1.895,1.875,1.885,1454.0
2025-07-10 16:00:00+00:00,1.885,1.89,1.88,1.885,900.0
2025-07-10 17:00:00+00:00,1.885,1.91,1.875,1.905,845.0
2025-07-10 18:00:00+00:00,1.905,1.92,1.905,1.905,1372.0
2025-07-10 19:00:00+00:00,1.905,1.91,1.895,1.91,406.0
2025-07-11 14:00:00+00:00,1.895,1.9,1.885,1.885,89.0
2025-07-11 15:00:00+00:00,1.885,1.885,1.845,1.845,227.0
2025-07-11 16:00:00+00:00,1.845,1.86,1.825,1.855,694.0
2025-07-11 17:00:00+00:00,1.855,1.87,1.855,1.87,126.0
2025-07-11 18:00:00+00:00,1.87,1.89,1.865,1.885,161.0
2025-07-11 19:00:00+00:00,1.885,1.89,1.87,1.88,981.0
