date,Open,High,Low,Close,Volume
2024-12-23 15:00:00+00:00,41.96,41.96,41.96,41.96,0.0
2024-12-23 16:00:00+00:00,41.96,41.96,41.96,41.96,0.0
2024-12-23 17:00:00+00:00,41.96,41.96,41.96,41.96,0.0
2024-12-23 18:00:00+00:00,41.96,41.96,41.96,41.96,0.0
2024-12-23 19:00:00+00:00,41.96,41.96,41.96,41.96,0.0
2024-12-23 20:00:00+00:00,41.96,41.96,41.96,41.96,0.0
2024-12-24 15:00:00+00:00,42.0,42.46,42.0,42.44,32.0
2024-12-24 16:00:00+00:00,42.44,42.44,42.23,42.23,109.0
2024-12-24 17:00:00+00:00,42.23,42.46,42.23,42.46,146.0
2024-12-24 18:00:00+00:00,42.46,42.46,42.46,42.46,0.0
2024-12-24 19:00:00+00:00,42.46,42.46,42.46,42.46,0.0
2024-12-24 20:00:00+00:00,42.46,42.46,42.46,42.46,0.0
2024-12-25 15:00:00+00:00,42.46,42.46,42.46,42.46,0.0
2024-12-25 16:00:00+00:00,42.46,42.46,42.46,42.46,0.0
2024-12-25 17:00:00+00:00,42.46,42.46,42.46,42.46,0.0
2024-12-25 18:00:00+00:00,42.46,42.46,42.46,42.46,0.0
2024-12-25 19:00:00+00:00,42.46,42.46,42.46,42.46,0.0
2024-12-25 20:00:00+00:00,42.46,42.46,42.46,42.46,0.0
2024-12-26 15:00:00+00:00,42.46,42.52,42.23,42.34,10.0
2024-12-26 16:00:00+00:00,42.34,42.83,42.34,42.55,375.0
2024-12-26 17:00:00+00:00,42.55,42.56,42.44,42.56,190.0
2024-12-26 18:00:00+00:00,42.56,42.59,42.545,42.545,111.0
2024-12-26 19:00:00+00:00,42.545,42.56,42.35,42.56,162.0
2024-12-26 20:00:00+00:00,42.56,42.56,42.44,42.5,429.0
2024-12-27 15:00:00+00:00,42.44,42.44,41.89,41.89,78.0
2024-12-27 16:00:00+00:00,41.89,41.96,41.86,41.96,77.0
2024-12-27 17:00:00+00:00,41.96,41.96,41.72,41.78,350.0
2024-12-27 18:00:00+00:00,41.78,41.96,41.76,41.96,39.0
2024-12-27 19:00:00+00:00,41.96,42.03,41.885,42.03,55.0
2024-12-27 20:00:00+00:00,42.03,42.03,41.82,41.94,373.0
2024-12-30 15:00:00+00:00,41.94,41.94,41.045,41.13,9.0
2024-12-30 16:00:00+00:00,41.13,41.355,41.05,41.355,102.0
2024-12-30 17:00:00+00:00,41.355,41.74,41.355,41.64,930.0
2024-12-30 18:00:00+00:00,41.64,41.86,41.64,41.825,11.0
2024-12-30 19:00:00+00:00,41.825,41.825,41.64,41.64,143.0
2024-12-30 20:00:00+00:00,41.64,41.675,41.37,41.37,953.0
2024-12-31 15:00:00+00:00,41.27,41.46,41.27,41.46,2.0
2024-12-31 16:00:00+00:00,41.46,41.6,41.46,41.56,204.0
2024-12-31 17:00:00+00:00,41.56,41.68,41.54,41.68,408.0
2024-12-31 18:00:00+00:00,41.68,41.895,41.68,41.875,144.0
2024-12-31 19:00:00+00:00,41.875,41.96,41.62,41.68,1211.0
2024-12-31 20:00:00+00:00,41.68,42.13,41.66,42.105,2624.0
2025-01-01 15:00:00+00:00,42.105,42.105,42.105,42.105,0.0
2025-01-01 16:00:00+00:00,42.105,42.105,42.105,42.105,0.0
2025-01-01 17:00:00+00:00,42.105,42.105,42.105,42.105,0.0
2025-01-01 18:00:00+00:00,42.105,42.105,42.105,42.105,0.0
2025-01-01 19:00:00+00:00,42.105,42.105,42.105,42.105,0.0
2025-01-01 20:00:00+00:00,42.105,42.105,42.105,42.105,0.0
2025-01-02 15:00:00+00:00,43.195,43.265,43.12,43.265,284.0
2025-01-02 16:00:00+00:00,43.265,43.485,43.265,43.37,16.0
2025-01-02 17:00:00+00:00,43.37,43.605,43.17,43.335,818.0
2025-01-02 18:00:00+00:00,43.335,43.335,43.08,43.12,150.0
2025-01-02 19:00:00+00:00,43.12,43.15,43.08,43.11,381.0
2025-01-02 20:00:00+00:00,43.11,43.44,43.11,43.43,655.0
2025-01-03 15:00:00+00:00,43.59,43.59,43.16,43.16,77.0
2025-01-03 16:00:00+00:00,43.16,43.16,42.88,42.88,7.0
2025-01-03 17:00:00+00:00,42.88,42.89,42.79,42.89,53.0
2025-01-03 18:00:00+00:00,42.89,42.97,42.775,42.97,50.0
2025-01-03 19:00:00+00:00,42.97,42.97,42.93,42.93,20.0
2025-01-03 20:00:00+00:00,42.93,42.93,42.78,42.87,178.0
2025-01-06 15:00:00+00:00,42.87,42.87,42.28,42.28,49.0
2025-01-06 16:00:00+00:00,42.28,42.28,42.245,42.245,100.0
2025-01-06 17:00:00+00:00,42.245,42.26,42.15,42.23,112.0
2025-01-06 18:00:00+00:00,42.23,42.23,42.155,42.2,44.0
2025-01-06 19:00:00+00:00,42.2,42.31,42.2,42.265,105.0
2025-01-06 20:00:00+00:00,42.265,42.265,41.9,41.9,460.0
2025-01-07 15:00:00+00:00,41.75,41.75,41.42,41.64,445.0
2025-01-07 16:00:00+00:00,41.66,42.03,41.66,41.82,164.0
2025-01-07 17:00:00+00:00,41.825,41.97,41.825,41.85,312.0
2025-01-07 18:00:00+00:00,41.85,42.04,41.85,41.89,327.0
2025-01-07 19:00:00+00:00,41.89,42.02,41.89,41.96,403.0
2025-01-07 20:00:00+00:00,41.96,42.29,41.835,42.29,1446.0
2025-01-08 15:00:00+00:00,42.29,42.29,41.52,41.79,252.0
2025-01-08 16:00:00+00:00,41.79,42.115,41.72,42.115,231.0
2025-01-08 17:00:00+00:00,42.115,42.115,41.735,41.945,49.0
2025-01-08 18:00:00+00:00,41.945,42.045,41.86,41.87,158.0
2025-01-08 19:00:00+00:00,41.87,42.075,41.87,41.89,194.0
2025-01-08 20:00:00+00:00,41.89,42.08,41.88,41.98,517.0
2025-01-09 15:00:00+00:00,41.98,41.98,41.98,41.98,0.0
2025-01-09 16:00:00+00:00,41.98,41.98,41.98,41.98,0.0
2025-01-09 17:00:00+00:00,41.98,41.98,41.98,41.98,0.0
2025-01-09 18:00:00+00:00,41.98,41.98,41.98,41.98,0.0
2025-01-09 19:00:00+00:00,41.98,41.98,41.98,41.98,0.0
2025-01-09 20:00:00+00:00,41.98,41.98,41.98,41.98,0.0
2025-01-10 15:00:00+00:00,41.6,41.915,41.515,41.905,336.0
2025-01-10 16:00:00+00:00,41.905,41.905,41.41,41.43,648.0
2025-01-10 17:00:00+00:00,41.43,41.59,41.43,41.59,100.0
2025-01-10 18:00:00+00:00,41.555,41.58,41.14,41.205,344.0
2025-01-10 19:00:00+00:00,41.205,41.205,41.16,41.2,122.0
2025-01-10 20:00:00+00:00,41.2,41.25,41.0,41.18,1025.0
2025-01-13 15:00:00+00:00,41.18,41.18,41.18,41.18,0.0
2025-01-13 16:00:00+00:00,41.18,41.18,39.89,39.9,211.0
2025-01-13 17:00:00+00:00,39.9,39.9,39.72,39.9,470.0
2025-01-13 18:00:00+00:00,39.9,39.92,39.73,39.73,298.0
2025-01-13 19:00:00+00:00,39.73,39.915,39.66,39.86,504.0
2025-01-13 20:00:00+00:00,39.86,39.95,39.67,39.67,5207.0
2025-01-14 15:00:00+00:00,39.67,40.7,39.67,40.5,247.0
2025-01-14 16:00:00+00:00,40.5,40.5,40.235,40.245,170.0
2025-01-14 17:00:00+00:00,40.245,40.38,40.245,40.38,213.0
2025-01-14 18:00:00+00:00,40.38,40.55,40.315,40.52,171.0
2025-01-14 19:00:00+00:00,40.52,40.595,40.27,40.28,518.0
2025-01-14 20:00:00+00:00,40.28,40.67,40.22,40.67,1148.0
2025-01-15 15:00:00+00:00,41.39,41.39,41.255,41.255,351.0
2025-01-15 16:00:00+00:00,41.255,41.365,41.035,41.365,200.0
2025-01-15 17:00:00+00:00,41.38,41.4,41.34,41.34,116.0
2025-01-15 18:00:00+00:00,41.34,41.51,41.34,41.51,6.0
2025-01-15 19:00:00+00:00,41.51,41.66,41.51,41.64,485.0
2025-01-15 20:00:00+00:00,41.64,41.64,41.44,41.49,320.0
2025-01-16 15:00:00+00:00,42.0,42.06,41.795,41.795,194.0
2025-01-16 16:00:00+00:00,41.795,42.035,41.795,42.035,101.0
2025-01-16 17:00:00+00:00,42.035,42.09,42.0,42.04,230.0
2025-01-16 18:00:00+00:00,42.04,42.04,41.86,41.86,411.0
2025-01-16 19:00:00+00:00,41.86,42.04,41.86,41.975,632.0
2025-01-16 20:00:00+00:00,41.975,42.07,41.95,41.95,871.0
2025-01-17 15:00:00+00:00,42.335,42.335,41.98,41.98,269.0
2025-01-17 16:00:00+00:00,41.98,42.06,41.87,41.885,376.0
2025-01-17 17:00:00+00:00,41.885,42.08,41.86,42.08,200.0
2025-01-17 18:00:00+00:00,42.08,42.08,41.84,41.84,216.0
2025-01-17 19:00:00+00:00,41.83,41.885,41.81,41.835,304.0
2025-01-17 20:00:00+00:00,41.835,41.945,41.805,41.945,717.0
2025-01-20 15:00:00+00:00,41.945,41.945,41.945,41.945,0.0
2025-01-20 16:00:00+00:00,41.945,41.945,41.945,41.945,0.0
2025-01-20 17:00:00+00:00,41.945,41.945,41.945,41.945,0.0
2025-01-20 18:00:00+00:00,41.945,41.945,41.945,41.945,0.0
2025-01-20 19:00:00+00:00,41.945,41.945,41.945,41.945,0.0
2025-01-20 20:00:00+00:00,41.945,41.945,41.945,41.945,0.0
2025-01-21 15:00:00+00:00,41.945,43.68,41.945,43.22,161.0
2025-01-21 16:00:00+00:00,43.22,43.39,43.14,43.19,393.0
2025-01-21 17:00:00+00:00,43.19,43.19,42.98,42.98,181.0
2025-01-21 18:00:00+00:00,42.98,43.05,42.97,43.01,33.0
2025-01-21 19:00:00+00:00,43.01,43.01,42.81,42.82,34.0
2025-01-21 20:00:00+00:00,42.82,43.23,42.82,43.21,668.0
2025-01-22 15:00:00+00:00,43.21,43.39,43.06,43.39,32.0
2025-01-22 16:00:00+00:00,43.39,43.39,43.23,43.35,30.0
2025-01-22 17:00:00+00:00,43.35,43.35,43.22,43.27,197.0
2025-01-22 18:00:00+00:00,43.27,43.655,43.27,43.655,761.0
2025-01-22 19:00:00+00:00,43.655,43.73,43.61,43.61,41.0
2025-01-22 20:00:00+00:00,43.68,43.7,43.44,43.495,276.0
2025-01-23 15:00:00+00:00,43.4,43.745,43.4,43.715,725.0
2025-01-23 16:00:00+00:00,43.68,43.925,43.68,43.925,1326.0
2025-01-23 17:00:00+00:00,43.925,44.11,43.765,43.765,1380.0
2025-01-23 18:00:00+00:00,43.74,43.95,43.685,43.685,2093.0
2025-01-23 19:00:00+00:00,43.685,43.685,43.36,43.495,122.0
2025-01-23 20:00:00+00:00,43.495,43.495,43.3,43.34,3597.0
2025-01-24 15:00:00+00:00,44.06,44.06,43.82,43.82,100.0
2025-01-24 16:00:00+00:00,43.48,43.55,43.48,43.55,3.0
2025-01-24 17:00:00+00:00,43.55,43.55,43.405,43.47,125.0
2025-01-24 18:00:00+00:00,43.36,43.49,43.315,43.315,230.0
2025-01-24 19:00:00+00:00,43.315,43.51,43.315,43.5,258.0
2025-01-24 20:00:00+00:00,43.5,43.5,43.28,43.365,373.0
2025-01-27 15:00:00+00:00,42.195,42.37,41.96,42.29,856.0
2025-01-27 16:00:00+00:00,42.29,42.29,41.99,42.25,984.0
2025-01-27 17:00:00+00:00,42.25,42.26,42.095,42.095,152.0
2025-01-27 18:00:00+00:00,42.095,42.19,42.0,42.19,509.0
2025-01-27 19:00:00+00:00,42.19,42.4,42.15,42.27,122.0
2025-01-27 20:00:00+00:00,42.27,42.27,42.035,42.24,374.0
2025-01-28 15:00:00+00:00,41.94,42.145,41.94,41.99,258.0
2025-01-28 16:00:00+00:00,41.99,42.18,41.93,42.165,197.0
2025-01-28 17:00:00+00:00,42.165,42.22,42.165,42.22,101.0
2025-01-28 18:00:00+00:00,42.22,42.515,42.22,42.41,519.0
2025-01-28 19:00:00+00:00,42.41,42.49,42.385,42.49,44.0
2025-01-28 20:00:00+00:00,42.49,42.55,42.36,42.375,997.0
2025-01-29 15:00:00+00:00,42.6,42.64,42.265,42.27,373.0
2025-01-29 16:00:00+00:00,42.27,42.27,42.08,42.14,138.0
2025-01-29 17:00:00+00:00,42.14,42.25,42.105,42.125,244.0
2025-01-29 18:00:00+00:00,42.125,42.125,42.065,42.11,15.0
2025-01-29 19:00:00+00:00,42.11,42.13,41.92,42.13,20.0
2025-01-29 20:00:00+00:00,42.13,42.24,42.04,42.2,457.0
2025-01-30 15:00:00+00:00,42.81,43.7,42.81,43.7,1009.0
2025-01-30 16:00:00+00:00,43.7,44.01,43.7,43.85,1286.0
2025-01-30 17:00:00+00:00,43.85,43.85,43.49,43.635,130.0
2025-01-30 18:00:00+00:00,43.635,43.67,43.515,43.6,151.0
2025-01-30 19:00:00+00:00,43.6,43.6,43.56,43.575,3.0
2025-01-30 20:00:00+00:00,43.575,43.61,43.25,43.54,337.0
2025-01-31 15:00:00+00:00,43.54,43.58,43.425,43.56,177.0
2025-01-31 16:00:00+00:00,43.56,44.32,43.56,44.32,215.0
2025-01-31 17:00:00+00:00,44.165,44.23,43.89,44.165,1161.0
2025-01-31 18:00:00+00:00,44.165,44.195,43.76,43.775,8.0
2025-01-31 19:00:00+00:00,43.775,43.775,43.59,43.595,3.0
2025-01-31 20:00:00+00:00,43.595,43.595,43.34,43.53,407.0
2025-02-03 15:00:00+00:00,43.39,43.69,43.39,43.55,476.0
2025-02-03 16:00:00+00:00,43.49,43.535,43.49,43.535,44.0
2025-02-03 17:00:00+00:00,43.535,43.61,43.48,43.48,174.0
2025-02-03 18:00:00+00:00,43.48,43.61,43.385,43.61,565.0
2025-02-03 19:00:00+00:00,43.61,43.85,43.61,43.785,71.0
2025-02-03 20:00:00+00:00,43.64,43.725,43.35,43.435,833.0
2025-02-04 15:00:00+00:00,43.435,44.34,43.435,44.34,43.0
2025-02-04 16:00:00+00:00,44.34,44.54,44.34,44.49,55.0
2025-02-04 17:00:00+00:00,44.49,44.49,44.2,44.21,164.0
2025-02-04 18:00:00+00:00,44.29,44.39,44.23,44.24,74.0
2025-02-04 19:00:00+00:00,44.24,44.395,44.17,44.375,113.0
2025-02-04 20:00:00+00:00,44.375,44.5,44.32,44.48,549.0
2025-02-05 15:00:00+00:00,44.49,44.49,43.9,44.185,503.0
2025-02-05 16:00:00+00:00,44.185,44.42,44.065,44.41,483.0
2025-02-05 17:00:00+00:00,44.415,44.42,44.22,44.22,485.0
2025-02-05 18:00:00+00:00,44.22,44.22,44.08,44.175,359.0
2025-02-05 19:00:00+00:00,44.175,44.175,43.96,44.03,983.0
2025-02-05 20:00:00+00:00,44.03,44.14,43.91,44.01,1738.0
2025-02-06 15:00:00+00:00,43.68,43.75,43.38,43.395,721.0
2025-02-06 16:00:00+00:00,43.395,43.52,43.32,43.32,249.0
2025-02-06 17:00:00+00:00,43.32,43.39,43.13,43.33,432.0
2025-02-06 18:00:00+00:00,43.33,43.33,43.18,43.225,319.0
2025-02-06 19:00:00+00:00,43.22,43.22,43.01,43.09,262.0
2025-02-06 20:00:00+00:00,43.09,43.185,43.06,43.1,2653.0
2025-02-07 15:00:00+00:00,43.39,43.58,43.23,43.58,274.0
2025-02-07 16:00:00+00:00,43.58,43.58,43.24,43.24,14.0
2025-02-07 17:00:00+00:00,43.24,43.295,43.16,43.235,120.0
2025-02-07 18:00:00+00:00,43.235,43.3,43.235,43.3,75.0
2025-02-07 19:00:00+00:00,43.3,43.3,43.22,43.29,210.0
2025-02-07 20:00:00+00:00,43.29,43.41,43.25,43.405,220.0
2025-02-10 15:00:00+00:00,43.405,44.51,43.405,44.4,80.0
2025-02-10 16:00:00+00:00,44.4,44.41,44.355,44.405,106.0
2025-02-10 17:00:00+00:00,44.405,44.405,44.3,44.3,117.0
2025-02-10 18:00:00+00:00,44.3,44.64,44.3,44.58,87.0
2025-02-10 19:00:00+00:00,44.615,44.625,44.31,44.31,75.0
2025-02-10 20:00:00+00:00,44.31,44.365,43.98,43.98,648.0
2025-02-11 15:00:00+00:00,42.46,43.31,42.46,43.31,311.0
2025-02-11 16:00:00+00:00,43.31,43.31,43.105,43.105,135.0
2025-02-11 17:00:00+00:00,43.105,43.11,42.75,43.04,663.0
2025-02-11 18:00:00+00:00,43.04,43.225,43.02,43.225,151.0
2025-02-11 19:00:00+00:00,43.225,43.455,43.225,43.43,321.0
2025-02-11 20:00:00+00:00,43.43,43.57,43.3,43.54,1346.0
2025-02-12 15:00:00+00:00,43.54,43.54,43.54,43.54,0.0
2025-02-12 16:00:00+00:00,43.54,43.54,43.39,43.51,12.0
2025-02-12 17:00:00+00:00,43.51,43.79,43.51,43.755,61.0
2025-02-12 18:00:00+00:00,43.755,43.755,43.57,43.57,4.0
2025-02-12 19:00:00+00:00,43.57,43.57,43.155,43.155,66.0
2025-02-12 20:00:00+00:00,43.155,43.195,43.015,43.19,678.0
2025-02-13 15:00:00+00:00,43.295,43.735,43.295,43.735,451.0
2025-02-13 16:00:00+00:00,43.735,43.95,43.735,43.85,11.0
2025-02-13 17:00:00+00:00,43.85,44.0,43.725,43.735,368.0
2025-02-13 18:00:00+00:00,43.735,43.735,43.63,43.705,23.0
2025-02-13 19:00:00+00:00,43.71,43.91,43.71,43.79,363.0
2025-02-13 20:00:00+00:00,43.79,43.96,43.79,43.94,872.0
2025-02-14 15:00:00+00:00,43.825,43.825,43.45,43.51,40.0
2025-02-14 16:00:00+00:00,43.51,43.59,43.33,43.58,300.0
2025-02-14 17:00:00+00:00,43.58,43.58,43.24,43.24,200.0
2025-02-14 18:00:00+00:00,43.24,43.24,43.11,43.15,48.0
2025-02-14 19:00:00+00:00,43.15,43.15,42.87,42.99,1241.0
2025-02-14 20:00:00+00:00,42.99,42.99,42.78,42.92,923.0
2025-02-17 15:00:00+00:00,42.92,42.92,42.92,42.92,0.0
2025-02-17 16:00:00+00:00,42.92,42.92,42.92,42.92,0.0
2025-02-17 17:00:00+00:00,42.92,42.92,42.92,42.92,0.0
2025-02-17 18:00:00+00:00,42.92,42.92,42.92,42.92,0.0
2025-02-17 19:00:00+00:00,42.92,42.92,42.92,42.92,0.0
2025-02-17 20:00:00+00:00,42.92,42.92,42.92,42.92,0.0
2025-02-18 15:00:00+00:00,42.825,42.96,42.825,42.96,31.0
2025-02-18 16:00:00+00:00,42.96,43.2,42.88,43.2,186.0
2025-02-18 17:00:00+00:00,43.2,43.25,43.2,43.25,66.0
2025-02-18 18:00:00+00:00,43.25,43.25,43.11,43.155,141.0
2025-02-18 19:00:00+00:00,43.13,43.76,43.13,43.76,631.0
2025-02-18 20:00:00+00:00,43.58,43.58,43.3,43.48,629.0
2025-02-19 15:00:00+00:00,43.39,43.39,42.705,42.77,427.0
2025-02-19 16:00:00+00:00,42.77,42.77,42.62,42.69,80.0
2025-02-19 17:00:00+00:00,42.69,42.72,42.595,42.615,107.0
2025-02-19 18:00:00+00:00,42.615,42.805,42.605,42.78,128.0
2025-02-19 19:00:00+00:00,42.78,43.085,42.78,43.075,369.0
2025-02-19 20:00:00+00:00,43.085,43.085,42.97,42.98,660.0
2025-02-20 15:00:00+00:00,42.98,43.465,42.98,43.3,224.0
2025-02-20 16:00:00+00:00,43.3,43.41,43.3,43.41,2201.0
2025-02-20 17:00:00+00:00,43.41,43.425,43.375,43.405,106.0
2025-02-20 18:00:00+00:00,43.33,43.48,43.28,43.295,478.0
2025-02-20 19:00:00+00:00,43.295,43.45,43.295,43.45,1159.0
2025-02-20 20:00:00+00:00,43.45,43.56,43.305,43.305,1271.0
2025-02-21 15:00:00+00:00,44.13,44.13,43.465,43.71,489.0
2025-02-21 16:00:00+00:00,43.71,44.3,43.71,44.275,227.0
2025-02-21 17:00:00+00:00,44.275,44.42,44.005,44.01,610.0
2025-02-21 18:00:00+00:00,44.01,44.01,43.25,43.42,311.0
2025-02-21 19:00:00+00:00,43.42,43.42,43.17,43.17,214.0
2025-02-21 20:00:00+00:00,43.17,43.395,43.16,43.26,1304.0
2025-02-24 15:00:00+00:00,43.26,43.26,42.74,42.74,127.0
2025-02-24 16:00:00+00:00,42.74,43.38,42.74,43.38,214.0
2025-02-24 17:00:00+00:00,43.38,43.395,43.135,43.135,118.0
2025-02-24 18:00:00+00:00,43.135,43.445,43.08,43.4,391.0
2025-02-24 19:00:00+00:00,43.4,43.47,43.265,43.265,147.0
2025-02-24 20:00:00+00:00,43.265,43.46,43.265,43.425,45.0
2025-02-25 15:00:00+00:00,43.425,43.425,42.53,42.62,1367.0
2025-02-25 16:00:00+00:00,42.56,42.56,42.03,42.43,569.0
2025-02-25 17:00:00+00:00,42.42,42.42,42.21,42.37,1213.0
2025-02-25 18:00:00+00:00,42.37,42.57,42.32,42.57,320.0
2025-02-25 19:00:00+00:00,42.44,42.53,42.26,42.3,2391.0
2025-02-25 20:00:00+00:00,42.3,42.765,42.3,42.765,2123.0
2025-02-26 15:00:00+00:00,43.98,43.98,43.04,43.22,659.0
2025-02-26 16:00:00+00:00,43.22,43.975,43.22,43.89,365.0
2025-02-26 17:00:00+00:00,44.53,45.025,44.19,44.19,992.0
2025-02-26 18:00:00+00:00,44.19,44.29,43.82,43.82,38.0
2025-02-26 19:00:00+00:00,43.8,43.93,43.64,43.64,423.0
2025-02-26 20:00:00+00:00,43.64,43.76,43.42,43.68,921.0
2025-02-27 15:00:00+00:00,43.065,43.17,42.71,42.71,639.0
2025-02-27 16:00:00+00:00,42.71,42.92,42.54,42.545,267.0
2025-02-27 17:00:00+00:00,42.545,42.545,42.36,42.485,213.0
2025-02-27 18:00:00+00:00,42.485,42.61,42.435,42.455,482.0
2025-02-27 19:00:00+00:00,42.455,42.69,42.36,42.68,2258.0
2025-02-27 20:00:00+00:00,42.68,42.68,42.17,42.17,906.0
2025-02-28 15:00:00+00:00,41.655,42.17,41.655,42.17,296.0
2025-02-28 16:00:00+00:00,42.17,42.17,41.91,41.95,338.0
2025-02-28 17:00:00+00:00,41.95,42.23,41.95,42.1,368.0
2025-02-28 18:00:00+00:00,42.1,42.25,41.91,41.91,742.0
2025-02-28 19:00:00+00:00,41.91,42.015,41.91,42.015,5.0
2025-02-28 20:00:00+00:00,42.015,42.48,42.015,42.455,647.0
2025-03-03 15:00:00+00:00,42.455,43.085,42.455,42.765,120.0
2025-03-03 16:00:00+00:00,42.71,42.98,42.7,42.83,156.0
2025-03-03 17:00:00+00:00,42.83,43.045,42.7,42.7,154.0
2025-03-03 18:00:00+00:00,42.7,42.765,42.39,42.63,312.0
2025-03-03 19:00:00+00:00,42.63,42.63,42.26,42.26,373.0
2025-03-03 20:00:00+00:00,42.26,42.26,41.65,41.775,784.0
2025-03-04 15:00:00+00:00,41.105,41.22,40.945,40.945,534.0
2025-03-04 16:00:00+00:00,40.945,41.11,40.9,41.11,106.0
2025-03-04 17:00:00+00:00,41.11,41.495,41.11,41.42,24.0
2025-03-04 18:00:00+00:00,41.42,41.69,41.42,41.69,73.0
2025-03-04 19:00:00+00:00,41.69,41.875,41.69,41.8,322.0
2025-03-04 20:00:00+00:00,41.8,41.88,41.54,41.73,807.0
2025-03-05 15:00:00+00:00,41.73,42.21,41.73,42.185,7.0
2025-03-05 16:00:00+00:00,42.18,42.18,42.05,42.105,220.0
2025-03-05 17:00:00+00:00,42.105,42.15,42.1,42.1,105.0
2025-03-05 18:00:00+00:00,42.1,42.205,42.07,42.155,450.0
2025-03-05 19:00:00+00:00,42.155,42.41,42.155,42.36,191.0
2025-03-05 20:00:00+00:00,42.36,42.5,42.33,42.5,992.0
2025-03-06 15:00:00+00:00,41.86,42.61,41.86,42.61,108.0
2025-03-06 16:00:00+00:00,42.68,42.85,42.52,42.73,1212.0
2025-03-06 17:00:00+00:00,42.73,42.74,42.62,42.64,1464.0
2025-03-06 18:00:00+00:00,42.64,42.675,42.445,42.57,3863.0
2025-03-06 19:00:00+00:00,42.57,42.81,42.47,42.57,1416.0
2025-03-06 20:00:00+00:00,42.57,43.04,42.51,43.04,2777.0
2025-03-07 15:00:00+00:00,44.35,44.71,43.525,43.525,1104.0
2025-03-07 16:00:00+00:00,43.525,43.645,43.27,43.49,1850.0
2025-03-07 17:00:00+00:00,43.49,44.03,43.315,44.0,2498.0
2025-03-07 18:00:00+00:00,44.0,44.545,44.0,44.545,2658.0
2025-03-07 19:00:00+00:00,44.55,44.58,44.0,44.03,1188.0
2025-03-07 20:00:00+00:00,44.03,44.675,43.96,44.675,1582.0
2025-03-10 14:00:00+00:00,43.055,43.54,42.955,43.08,507.0
2025-03-10 15:00:00+00:00,43.08,43.62,42.955,43.08,1432.0
2025-03-10 16:00:00+00:00,43.08,43.08,43.08,43.08,0.0
2025-03-10 17:00:00+00:00,43.08,43.14,42.575,42.575,120.0
2025-03-10 18:00:00+00:00,42.525,42.525,41.54,41.575,2373.0
2025-03-10 19:00:00+00:00,41.55,42.33,41.47,42.0,4461.0
2025-03-11 14:00:00+00:00,42.15,42.15,41.65,41.65,158.0
2025-03-11 15:00:00+00:00,41.65,42.09,41.59,41.59,307.0
2025-03-11 16:00:00+00:00,41.47,41.68,41.42,41.66,410.0
2025-03-11 17:00:00+00:00,41.75,41.88,41.45,41.69,1368.0
2025-03-11 18:00:00+00:00,41.84,42.18,41.84,42.18,779.0
2025-03-11 19:00:00+00:00,42.18,42.28,41.89,41.98,1083.0
2025-03-12 14:00:00+00:00,42.215,42.215,42.0,42.0,176.0
2025-03-12 15:00:00+00:00,42.0,42.055,41.99,41.99,52.0
2025-03-12 16:00:00+00:00,41.99,42.39,41.99,42.32,102.0
2025-03-12 17:00:00+00:00,42.32,42.52,42.32,42.46,95.0
2025-03-12 18:00:00+00:00,42.46,42.67,42.38,42.64,706.0
2025-03-12 19:00:00+00:00,42.64,42.87,42.62,42.79,554.0
2025-03-13 14:00:00+00:00,41.75,42.555,41.75,42.555,75.0
2025-03-13 15:00:00+00:00,42.555,42.765,42.555,42.6,337.0
2025-03-13 16:00:00+00:00,42.6,42.66,42.39,42.39,224.0
2025-03-13 17:00:00+00:00,42.39,42.42,41.87,41.935,351.0
2025-03-13 18:00:00+00:00,41.89,42.16,41.89,42.11,310.0
2025-03-13 19:00:00+00:00,42.11,42.11,41.74,41.74,480.0
2025-03-14 14:00:00+00:00,41.8,41.95,41.8,41.84,41.0
2025-03-14 15:00:00+00:00,41.84,42.25,41.84,42.14,103.0
2025-03-14 16:00:00+00:00,42.14,42.54,42.14,42.54,387.0
2025-03-14 17:00:00+00:00,42.54,42.56,42.445,42.54,114.0
2025-03-14 18:00:00+00:00,42.54,42.695,42.5,42.58,64.0
2025-03-14 19:00:00+00:00,42.58,42.67,42.5,42.5,584.0
2025-03-17 14:00:00+00:00,43.22,43.34,42.78,42.78,164.0
2025-03-17 15:00:00+00:00,42.78,42.945,42.78,42.855,103.0
2025-03-17 16:00:00+00:00,42.855,42.855,42.73,42.77,149.0
2025-03-17 17:00:00+00:00,42.77,43.015,42.77,43.015,104.0
2025-03-17 18:00:00+00:00,43.015,43.23,42.97,43.23,78.0
2025-03-17 19:00:00+00:00,43.2,43.21,43.07,43.15,682.0
2025-03-18 14:00:00+00:00,43.215,44.31,43.215,44.31,702.0
2025-03-18 15:00:00+00:00,44.31,45.03,44.31,44.4,1364.0
2025-03-18 16:00:00+00:00,44.4,44.81,44.4,44.81,485.0
2025-03-18 17:00:00+00:00,44.875,44.935,44.79,44.81,1293.0
2025-03-18 18:00:00+00:00,44.81,44.81,44.46,44.5,1136.0
2025-03-18 19:00:00+00:00,44.5,44.5,44.005,44.14,1375.0
2025-03-19 14:00:00+00:00,44.4,44.915,44.4,44.75,333.0
2025-03-19 15:00:00+00:00,44.75,44.79,44.64,44.64,220.0
2025-03-19 16:00:00+00:00,44.64,44.64,44.4,44.46,25.0
2025-03-19 17:00:00+00:00,44.46,44.46,44.24,44.39,141.0
2025-03-19 18:00:00+00:00,44.4,44.72,44.4,44.72,113.0
2025-03-19 19:00:00+00:00,44.72,44.83,44.44,44.81,375.0
2025-03-20 14:00:00+00:00,44.48,45.27,44.48,45.12,779.0
2025-03-20 15:00:00+00:00,45.12,45.44,45.12,45.415,511.0
2025-03-20 16:00:00+00:00,45.415,45.59,45.29,45.59,447.0
2025-03-20 17:00:00+00:00,45.59,45.59,45.135,45.24,214.0
2025-03-20 18:00:00+00:00,45.195,45.27,45.13,45.27,2218.0
2025-03-20 19:00:00+00:00,45.27,45.42,45.165,45.18,1608.0
2025-03-21 14:00:00+00:00,45.18,45.18,44.005,44.35,96.0
2025-03-21 15:00:00+00:00,44.35,44.35,43.91,43.91,363.0
2025-03-21 16:00:00+00:00,43.9,44.175,43.885,44.055,593.0
2025-03-21 17:00:00+00:00,44.055,44.22,44.055,44.2,170.0
2025-03-21 18:00:00+00:00,44.2,44.42,44.13,44.135,585.0
2025-03-21 19:00:00+00:00,44.135,44.42,44.1,44.4,1885.0
2025-03-24 14:00:00+00:00,44.765,44.84,44.65,44.65,178.0
2025-03-24 15:00:00+00:00,44.65,44.87,44.65,44.87,115.0
2025-03-24 16:00:00+00:00,44.87,44.87,44.52,44.525,115.0
2025-03-24 17:00:00+00:00,44.525,44.525,44.45,44.45,50.0
2025-03-24 18:00:00+00:00,44.45,44.45,44.33,44.33,361.0
2025-03-24 19:00:00+00:00,44.33,44.55,44.27,44.47,1653.0
2025-03-25 14:00:00+00:00,44.775,44.92,44.775,44.895,432.0
2025-03-25 15:00:00+00:00,44.785,44.79,44.645,44.655,726.0
2025-03-25 16:00:00+00:00,44.655,44.81,44.655,44.71,271.0
2025-03-25 17:00:00+00:00,44.72,44.82,44.69,44.73,532.0
2025-03-25 18:00:00+00:00,44.73,45.09,44.72,44.77,1590.0
2025-03-25 19:00:00+00:00,44.76,44.82,44.54,44.56,1696.0
2025-03-26 14:00:00+00:00,44.56,44.74,44.51,44.63,389.0
2025-03-26 15:00:00+00:00,44.63,44.86,44.53,44.53,175.0
2025-03-26 16:00:00+00:00,44.53,44.53,44.42,44.42,80.0
2025-03-26 17:00:00+00:00,44.42,44.42,44.28,44.41,323.0
2025-03-26 18:00:00+00:00,44.41,44.54,44.41,44.5,187.0
2025-03-26 19:00:00+00:00,44.4,44.62,44.4,44.55,496.0
2025-03-27 14:00:00+00:00,44.525,45.28,44.495,45.15,1666.0
2025-03-27 15:00:00+00:00,45.15,45.265,45.01,45.01,408.0
2025-03-27 16:00:00+00:00,45.01,45.02,44.86,44.86,82.0
2025-03-27 17:00:00+00:00,44.86,44.93,44.8,44.8,159.0
2025-03-27 18:00:00+00:00,44.8,45.0,44.8,44.97,223.0
2025-03-27 19:00:00+00:00,44.97,45.2,44.88,45.19,2343.0
2025-03-28 14:00:00+00:00,45.36,45.755,44.615,44.615,300.0
2025-03-28 15:00:00+00:00,44.615,44.97,44.55,44.605,66.0
2025-03-28 16:00:00+00:00,44.605,44.605,44.405,44.595,165.0
2025-03-28 17:00:00+00:00,44.595,44.595,44.145,44.215,428.0
2025-03-28 18:00:00+00:00,44.33,44.33,44.08,44.22,309.0
2025-03-28 19:00:00+00:00,44.22,44.4,44.16,44.27,1320.0
2025-03-31 14:00:00+00:00,43.92,44.37,43.78,44.155,1784.0
2025-03-31 15:00:00+00:00,44.165,44.72,44.165,44.565,1789.0
2025-03-31 16:00:00+00:00,44.565,44.58,44.445,44.445,339.0
2025-03-31 17:00:00+00:00,44.445,44.85,44.445,44.73,891.0
2025-03-31 18:00:00+00:00,44.78,44.95,44.78,44.94,1050.0
2025-03-31 19:00:00+00:00,44.94,44.97,44.73,44.81,872.0
2025-04-01 14:00:00+00:00,44.73,44.73,44.28,44.525,4.0
2025-04-01 15:00:00+00:00,44.525,44.885,44.525,44.765,19.0
2025-04-01 16:00:00+00:00,44.765,44.78,44.705,44.705,126.0
2025-04-01 17:00:00+00:00,44.705,44.705,44.46,44.51,256.0
2025-04-01 18:00:00+00:00,44.51,44.51,44.32,44.375,159.0
2025-04-01 19:00:00+00:00,44.375,44.78,44.375,44.76,819.0
2025-04-02 14:00:00+00:00,44.96,45.28,44.96,45.27,64.0
2025-04-02 15:00:00+00:00,45.27,45.305,45.09,45.13,290.0
2025-04-02 16:00:00+00:00,45.13,45.13,44.97,44.985,159.0
2025-04-02 17:00:00+00:00,44.985,45.035,44.87,44.87,108.0
2025-04-02 18:00:00+00:00,44.87,44.88,44.73,44.805,180.0
2025-04-02 19:00:00+00:00,44.805,44.96,44.73,44.935,1487.0
2025-04-03 14:00:00+00:00,44.185,44.29,43.92,43.95,488.0
2025-04-03 15:00:00+00:00,43.95,44.15,43.86,43.99,425.0
2025-04-03 16:00:00+00:00,43.99,44.18,43.99,44.15,695.0
2025-04-03 17:00:00+00:00,44.15,44.225,43.705,43.74,1606.0
2025-04-03 18:00:00+00:00,43.74,43.74,43.435,43.62,725.0
2025-04-03 19:00:00+00:00,43.62,43.62,43.33,43.43,1097.0
2025-04-04 14:00:00+00:00,40.82,41.265,40.225,41.265,1023.0
2025-04-04 15:00:00+00:00,41.265,41.695,40.77,40.77,207.0
2025-04-04 16:00:00+00:00,40.77,40.99,40.39,40.41,648.0
2025-04-04 17:00:00+00:00,40.41,40.765,40.2,40.74,858.0
2025-04-04 18:00:00+00:00,40.74,41.005,40.23,40.34,233.0
2025-04-04 19:00:00+00:00,40.34,40.845,40.2,40.69,4490.0
2025-04-07 14:00:00+00:00,40.45,41.79,40.41,40.985,2087.0
2025-04-07 15:00:00+00:00,40.985,40.985,40.37,40.795,741.0
2025-04-07 16:00:00+00:00,40.795,40.795,40.18,40.18,2619.0
2025-04-07 17:00:00+00:00,40.18,40.855,40.18,40.795,770.0
2025-04-07 18:00:00+00:00,40.795,40.9,40.27,40.335,4991.0
2025-04-07 19:00:00+00:00,40.45,40.62,40.245,40.455,1578.0
2025-04-08 14:00:00+00:00,41.65,41.715,41.04,41.04,726.0
2025-04-08 15:00:00+00:00,41.04,41.345,40.855,41.345,1332.0
2025-04-08 16:00:00+00:00,41.345,41.345,40.83,40.84,1067.0
2025-04-08 17:00:00+00:00,40.84,40.84,40.35,40.49,1728.0
2025-04-08 18:00:00+00:00,40.49,40.52,40.005,40.01,1395.0
2025-04-08 19:00:00+00:00,40.01,40.01,39.57,39.58,4502.0
2025-04-09 14:00:00+00:00,40.6,40.93,40.13,40.13,1391.0
2025-04-09 15:00:00+00:00,40.13,40.935,40.13,40.81,1396.0
2025-04-09 16:00:00+00:00,40.81,41.0,40.6,40.805,813.0
2025-04-09 17:00:00+00:00,40.805,42.865,40.805,42.865,695.0
2025-04-09 18:00:00+00:00,43.14,43.27,42.47,42.48,919.0
2025-04-09 19:00:00+00:00,42.48,43.165,42.48,42.93,1016.0
2025-04-10 14:00:00+00:00,43.175,43.88,42.57,43.48,973.0
2025-04-10 15:00:00+00:00,43.67,44.43,43.305,43.305,1452.0
2025-04-10 16:00:00+00:00,43.465,43.68,42.94,43.67,597.0
2025-04-10 17:00:00+00:00,43.67,44.19,43.525,44.19,631.0
2025-04-10 18:00:00+00:00,44.19,44.67,43.96,44.47,717.0
2025-04-10 19:00:00+00:00,44.47,44.64,43.85,44.15,2429.0
2025-04-11 14:00:00+00:00,45.67,46.31,45.51,45.73,2054.0
2025-04-11 15:00:00+00:00,45.73,46.515,45.59,46.5,2102.0
2025-04-11 16:00:00+00:00,46.5,46.865,46.49,46.82,2269.0
2025-04-11 17:00:00+00:00,46.82,47.315,46.715,47.22,127.0
2025-04-11 18:00:00+00:00,47.22,47.53,47.105,47.47,871.0
2025-04-11 19:00:00+00:00,47.47,47.77,47.2,47.25,5540.0
2025-04-14 14:00:00+00:00,47.035,47.705,47.035,47.56,510.0
2025-04-14 15:00:00+00:00,47.56,47.57,47.43,47.52,901.0
2025-04-14 16:00:00+00:00,47.52,47.58,47.305,47.305,1002.0
2025-04-14 17:00:00+00:00,47.305,47.635,47.2,47.2,739.0
2025-04-14 18:00:00+00:00,47.2,47.815,47.2,47.815,1394.0
2025-04-14 19:00:00+00:00,47.815,48.045,47.71,47.97,3224.0
2025-04-15 14:00:00+00:00,48.12,48.565,48.12,48.465,1795.0
2025-04-15 15:00:00+00:00,48.465,48.765,48.465,48.765,632.0
2025-04-15 16:00:00+00:00,48.765,48.795,48.66,48.67,974.0
2025-04-15 17:00:00+00:00,48.67,48.835,48.57,48.73,492.0
2025-04-15 18:00:00+00:00,48.73,48.94,48.73,48.805,1636.0
2025-04-15 19:00:00+00:00,48.805,49.08,48.72,49.06,3362.0
2025-04-16 14:00:00+00:00,50.455,51.125,50.445,50.955,1920.0
2025-04-16 15:00:00+00:00,51.105,51.56,50.85,51.42,2073.0
2025-04-16 16:00:00+00:00,51.42,52.08,51.365,51.98,4620.0
2025-04-16 17:00:00+00:00,51.98,52.285,51.875,51.875,2453.0
2025-04-16 18:00:00+00:00,51.875,52.97,51.875,52.23,5522.0
2025-04-16 19:00:00+00:00,52.115,52.115,51.195,51.575,10150.0
2025-04-17 14:00:00+00:00,51.63,51.83,51.15,51.29,1274.0
2025-04-17 15:00:00+00:00,51.29,51.66,51.29,51.4,1335.0
2025-04-17 16:00:00+00:00,51.4,52.1,51.325,51.98,982.0
2025-04-17 17:00:00+00:00,51.98,52.29,51.86,52.29,711.0
2025-04-17 18:00:00+00:00,52.29,52.53,52.29,52.45,463.0
2025-04-17 19:00:00+00:00,52.45,52.9,52.27,52.675,6577.0
2025-04-18 14:00:00+00:00,52.675,52.675,52.675,52.675,0.0
2025-04-18 15:00:00+00:00,52.675,52.675,52.675,52.675,0.0
2025-04-18 16:00:00+00:00,52.675,52.675,52.675,52.675,0.0
2025-04-18 17:00:00+00:00,52.675,52.675,52.675,52.675,0.0
2025-04-18 18:00:00+00:00,52.675,52.675,52.675,52.675,0.0
2025-04-18 19:00:00+00:00,52.675,52.675,52.675,52.675,0.0
2025-04-21 14:00:00+00:00,52.89,52.89,52.54,52.64,554.0
2025-04-21 15:00:00+00:00,52.64,52.715,52.27,52.345,353.0
2025-04-21 16:00:00+00:00,52.345,52.345,52.085,52.095,460.0
2025-04-21 17:00:00+00:00,52.095,52.3,51.895,52.14,529.0
2025-04-21 18:00:00+00:00,52.305,52.655,52.305,52.47,886.0
2025-04-21 19:00:00+00:00,52.485,52.99,52.44,52.96,2872.0
2025-04-22 14:00:00+00:00,54.315,54.41,53.82,54.065,1169.0
2025-04-22 15:00:00+00:00,54.065,54.165,53.64,54.005,1466.0
2025-04-22 16:00:00+00:00,54.005,54.005,53.275,53.34,766.0
2025-04-22 17:00:00+00:00,53.34,53.695,53.34,53.62,1836.0
2025-04-22 18:00:00+00:00,53.62,54.165,53.62,53.995,1195.0
2025-04-22 19:00:00+00:00,53.995,54.11,53.785,54.095,3925.0
2025-04-23 14:00:00+00:00,52.05,52.82,51.885,52.62,1577.0
2025-04-23 15:00:00+00:00,52.62,52.905,52.36,52.42,1073.0
2025-04-23 16:00:00+00:00,52.465,52.52,51.905,52.485,474.0
2025-04-23 17:00:00+00:00,52.28,52.53,51.98,52.045,555.0
2025-04-23 18:00:00+00:00,52.045,52.045,51.58,51.655,548.0
2025-04-23 19:00:00+00:00,51.655,51.695,51.26,51.49,3000.0
2025-04-24 14:00:00+00:00,52.01,52.23,51.37,52.13,2622.0
2025-04-24 15:00:00+00:00,52.13,52.635,52.09,52.5,471.0
2025-04-24 16:00:00+00:00,52.5,52.9,52.4,52.835,625.0
2025-04-24 17:00:00+00:00,52.835,52.88,52.69,52.72,730.0
2025-04-24 18:00:00+00:00,52.69,52.75,52.65,52.72,411.0
2025-04-24 19:00:00+00:00,52.72,52.835,52.515,52.515,1833.0
2025-04-25 14:00:00+00:00,52.325,52.535,52.165,52.215,409.0
2025-04-25 15:00:00+00:00,52.24,52.355,52.05,52.095,263.0
2025-04-25 16:00:00+00:00,52.095,52.2,52.01,52.14,266.0
2025-04-25 17:00:00+00:00,52.14,52.32,52.14,52.15,41.0
2025-04-25 18:00:00+00:00,52.15,52.53,52.15,52.26,195.0
2025-04-25 19:00:00+00:00,52.26,52.35,52.035,52.34,254.0
2025-04-28 14:00:00+00:00,52.31,52.31,52.2,52.285,3.0
2025-04-28 15:00:00+00:00,52.23,52.235,51.995,52.1,370.0
2025-04-28 16:00:00+00:00,52.1,52.105,52.055,52.09,34.0
2025-04-28 17:00:00+00:00,52.09,52.39,52.09,52.39,175.0
2025-04-28 18:00:00+00:00,52.35,52.46,52.35,52.46,3.0
2025-04-28 19:00:00+00:00,52.46,52.73,52.45,52.59,958.0
2025-04-29 14:00:00+00:00,52.59,52.59,51.94,52.24,215.0
2025-04-29 15:00:00+00:00,52.24,52.24,52.08,52.14,254.0
2025-04-29 16:00:00+00:00,52.14,52.24,51.885,51.96,730.0
2025-04-29 17:00:00+00:00,51.96,52.04,51.89,51.98,385.0
2025-04-29 18:00:00+00:00,51.98,52.27,51.92,52.27,53.0
2025-04-29 19:00:00+00:00,52.27,52.33,51.97,51.99,870.0
2025-04-30 14:00:00+00:00,51.575,51.86,51.515,51.515,407.0
2025-04-30 15:00:00+00:00,51.515,52.14,51.515,52.11,226.0
2025-04-30 16:00:00+00:00,52.11,52.13,51.97,52.1,309.0
2025-04-30 17:00:00+00:00,52.1,52.19,52.0,52.175,101.0
2025-04-30 18:00:00+00:00,52.175,52.2,51.895,51.985,349.0
2025-04-30 19:00:00+00:00,51.985,52.59,51.985,52.525,1610.0
2025-05-01 14:00:00+00:00,52.225,52.61,52.225,52.605,119.0
2025-05-01 15:00:00+00:00,52.605,52.605,52.205,52.21,118.0
2025-05-01 16:00:00+00:00,52.21,52.255,51.885,52.01,302.0
2025-05-01 17:00:00+00:00,52.01,52.055,51.74,51.81,153.0
2025-05-01 18:00:00+00:00,51.81,52.05,51.81,51.98,101.0
2025-05-01 19:00:00+00:00,51.96,52.0,51.815,51.815,472.0
2025-05-02 14:00:00+00:00,51.815,52.255,51.815,51.89,1273.0
2025-05-02 15:00:00+00:00,51.89,52.1,51.755,51.765,357.0
2025-05-02 16:00:00+00:00,51.765,51.825,51.65,51.795,748.0
2025-05-02 17:00:00+00:00,51.765,52.03,51.56,52.03,100.0
2025-05-02 18:00:00+00:00,52.03,52.03,51.4,51.425,397.0
2025-05-02 19:00:00+00:00,51.425,51.5,51.36,51.425,1427.0
2025-05-05 14:00:00+00:00,50.93,51.83,50.77,51.71,986.0
2025-05-05 15:00:00+00:00,51.71,51.76,51.58,51.64,550.0
2025-05-05 16:00:00+00:00,51.64,51.96,51.62,51.915,1625.0
2025-05-05 17:00:00+00:00,51.87,51.95,51.79,51.945,519.0
2025-05-05 18:00:00+00:00,51.945,51.98,51.86,51.98,363.0
2025-05-05 19:00:00+00:00,51.9,52.145,51.9,52.095,2029.0
2025-05-06 14:00:00+00:00,52.385,52.625,52.32,52.32,319.0
2025-05-06 15:00:00+00:00,52.32,53.38,52.32,53.38,614.0
2025-05-06 16:00:00+00:00,53.38,53.84,53.375,53.505,1581.0
2025-05-06 17:00:00+00:00,53.505,53.77,53.47,53.59,521.0
2025-05-06 18:00:00+00:00,53.59,53.94,53.59,53.94,1013.0
2025-05-06 19:00:00+00:00,53.98,53.98,53.41,53.43,5074.0
2025-05-07 14:00:00+00:00,52.75,53.99,52.75,53.99,486.0
2025-05-07 15:00:00+00:00,53.99,54.225,53.67,54.225,792.0
2025-05-07 16:00:00+00:00,54.225,54.41,54.16,54.3,873.0
2025-05-07 17:00:00+00:00,54.0,54.1,53.64,53.64,245.0
2025-05-07 18:00:00+00:00,53.64,54.09,53.64,53.8,573.0
2025-05-07 19:00:00+00:00,53.8,54.01,53.5,53.875,1517.0
2025-05-08 14:00:00+00:00,53.545,53.735,53.39,53.735,484.0
2025-05-08 15:00:00+00:00,53.735,54.0,53.735,53.955,1737.0
2025-05-08 16:00:00+00:00,53.955,54.33,53.635,54.29,1820.0
2025-05-08 17:00:00+00:00,54.29,54.29,53.77,54.06,738.0
2025-05-08 18:00:00+00:00,54.06,54.22,53.97,54.01,1854.0
2025-05-08 19:00:00+00:00,54.01,54.015,53.79,53.865,2612.0
2025-05-09 14:00:00+00:00,54.88,55.755,54.685,55.755,1556.0
2025-05-09 15:00:00+00:00,55.755,55.9,55.275,55.9,495.0
2025-05-09 16:00:00+00:00,55.91,55.91,55.62,55.62,1683.0
2025-05-09 17:00:00+00:00,55.58,55.815,55.58,55.62,141.0
2025-05-09 18:00:00+00:00,55.67,55.76,55.475,55.475,1007.0
2025-05-09 19:00:00+00:00,55.475,55.475,54.9,55.31,2920.0
2025-05-12 14:00:00+00:00,54.1,54.1,52.565,53.43,2233.0
2025-05-12 15:00:00+00:00,53.43,53.44,53.17,53.17,429.0
2025-05-12 16:00:00+00:00,53.17,53.61,53.17,53.36,1365.0
2025-05-12 17:00:00+00:00,53.36,53.45,53.17,53.45,1315.0
2025-05-12 18:00:00+00:00,53.415,53.69,53.415,53.56,1630.0
2025-05-12 19:00:00+00:00,53.53,54.36,53.5,54.36,4965.0
2025-05-13 14:00:00+00:00,53.99,54.565,53.99,54.565,908.0
2025-05-13 15:00:00+00:00,54.565,54.73,54.48,54.5,43.0
2025-05-13 16:00:00+00:00,54.5,54.6,54.44,54.45,328.0
2025-05-13 17:00:00+00:00,54.51,54.8,54.48,54.8,305.0
2025-05-13 18:00:00+00:00,54.8,54.98,54.77,54.95,600.0
2025-05-13 19:00:00+00:00,54.95,55.0,54.675,54.9,3888.0
2025-05-14 14:00:00+00:00,55.99,56.115,55.09,55.18,2926.0
2025-05-14 15:00:00+00:00,55.18,55.49,55.03,55.085,573.0
2025-05-14 16:00:00+00:00,55.175,55.42,55.035,55.32,583.0
2025-05-14 17:00:00+00:00,55.32,55.48,55.245,55.325,920.0
2025-05-14 18:00:00+00:00,55.35,55.44,55.1,55.1,701.0
2025-05-14 19:00:00+00:00,55.1,55.1,54.47,54.58,2002.0
2025-05-15 14:00:00+00:00,54.59,54.965,54.59,54.825,32.0
2025-05-15 15:00:00+00:00,54.825,55.42,54.825,55.42,182.0
2025-05-15 16:00:00+00:00,55.42,55.42,55.12,55.12,199.0
2025-05-15 17:00:00+00:00,55.12,55.28,55.1,55.13,499.0
2025-05-15 18:00:00+00:00,55.13,55.135,54.985,54.985,202.0
2025-05-15 19:00:00+00:00,54.985,55.505,54.985,55.505,1742.0
2025-05-16 14:00:00+00:00,55.75,55.915,55.37,55.67,1892.0
2025-05-16 15:00:00+00:00,55.67,55.885,55.67,55.885,160.0
2025-05-16 16:00:00+00:00,55.885,56.43,55.885,56.33,2080.0
2025-05-16 17:00:00+00:00,56.31,56.415,56.17,56.3,983.0
2025-05-16 18:00:00+00:00,56.3,56.35,56.01,56.07,352.0
2025-05-16 19:00:00+00:00,56.02,56.18,55.585,55.585,3516.0
2025-05-19 14:00:00+00:00,55.89,55.895,55.705,55.875,301.0
2025-05-19 15:00:00+00:00,55.875,55.99,55.835,55.85,28.0
2025-05-19 16:00:00+00:00,55.8,55.85,55.675,55.84,286.0
2025-05-19 17:00:00+00:00,55.84,55.98,55.825,55.825,446.0
2025-05-19 18:00:00+00:00,55.825,55.945,55.805,55.945,483.0
2025-05-19 19:00:00+00:00,55.945,56.26,55.9,56.26,1467.0
2025-05-20 14:00:00+00:00,56.24,56.355,56.15,56.26,669.0
2025-05-20 15:00:00+00:00,56.255,56.255,56.05,56.05,425.0
2025-05-20 16:00:00+00:00,56.05,56.58,56.05,56.58,450.0
2025-05-20 17:00:00+00:00,56.58,56.68,56.53,56.53,248.0
2025-05-20 18:00:00+00:00,56.53,56.605,56.23,56.43,615.0
2025-05-20 19:00:00+00:00,56.43,56.69,56.335,56.615,2352.0
2025-05-21 14:00:00+00:00,57.46,57.63,57.32,57.36,757.0
2025-05-21 15:00:00+00:00,57.54,57.54,57.28,57.44,401.0
2025-05-21 16:00:00+00:00,57.44,57.73,57.44,57.615,763.0
2025-05-21 17:00:00+00:00,57.615,57.675,57.095,57.235,434.0
2025-05-21 18:00:00+00:00,57.235,57.235,57.03,57.115,733.0
2025-05-21 19:00:00+00:00,57.12,57.31,56.975,56.975,1516.0
2025-05-22 14:00:00+00:00,56.58,56.59,56.54,56.59,67.0
2025-05-22 15:00:00+00:00,56.59,56.665,56.43,56.545,232.0
2025-05-22 16:00:00+00:00,56.545,56.8,56.545,56.8,204.0
2025-05-22 17:00:00+00:00,56.8,56.8,56.49,56.59,249.0
2025-05-22 18:00:00+00:00,56.59,56.61,56.49,56.515,323.0
2025-05-22 19:00:00+00:00,56.515,56.52,56.075,56.08,186.0
2025-05-23 14:00:00+00:00,57.595,57.855,57.485,57.725,534.0
2025-05-23 15:00:00+00:00,57.725,57.805,57.64,57.76,143.0
2025-05-23 16:00:00+00:00,57.76,57.885,57.555,57.885,484.0
2025-05-23 17:00:00+00:00,57.885,57.885,57.69,57.82,299.0
2025-05-23 18:00:00+00:00,57.82,57.905,57.665,57.88,534.0
2025-05-23 19:00:00+00:00,57.88,58.06,57.79,57.9,1962.0
2025-05-26 14:00:00+00:00,57.9,57.9,57.9,57.9,0.0
2025-05-26 15:00:00+00:00,57.9,57.9,57.9,57.9,0.0
2025-05-26 16:00:00+00:00,57.9,57.9,57.9,57.9,0.0
2025-05-26 17:00:00+00:00,57.9,57.9,57.9,57.9,0.0
2025-05-26 18:00:00+00:00,57.9,57.9,57.9,57.9,0.0
2025-05-26 19:00:00+00:00,57.9,57.9,57.9,57.9,0.0
2025-05-27 14:00:00+00:00,58.255,58.29,58.035,58.045,481.0
2025-05-27 15:00:00+00:00,58.045,58.045,57.625,57.685,183.0
2025-05-27 16:00:00+00:00,57.685,58.015,57.685,57.99,202.0
2025-05-27 17:00:00+00:00,57.99,58.155,57.96,58.035,491.0
2025-05-27 18:00:00+00:00,58.035,58.22,58.01,58.08,581.0
2025-05-27 19:00:00+00:00,58.08,58.23,58.015,58.165,2360.0
2025-05-28 14:00:00+00:00,58.275,58.62,58.24,58.48,1457.0
2025-05-28 15:00:00+00:00,58.48,58.765,58.48,58.765,709.0
2025-05-28 16:00:00+00:00,58.765,59.08,58.765,58.84,770.0
2025-05-28 17:00:00+00:00,58.81,59.0,58.775,58.95,809.0
2025-05-28 18:00:00+00:00,58.95,59.14,58.755,58.76,2258.0
2025-05-28 19:00:00+00:00,58.76,58.93,58.42,58.6,2532.0
2025-05-29 14:00:00+00:00,58.35,58.39,58.105,58.145,370.0
2025-05-29 15:00:00+00:00,58.145,58.2,58.05,58.185,745.0
2025-05-29 16:00:00+00:00,58.185,58.37,58.155,58.27,443.0
2025-05-29 17:00:00+00:00,58.19,58.19,57.89,58.105,473.0
2025-05-29 18:00:00+00:00,58.105,58.415,58.015,58.31,846.0
2025-05-29 19:00:00+00:00,58.31,58.4,58.09,58.09,1277.0
2025-05-30 14:00:00+00:00,57.425,57.87,57.425,57.84,447.0
2025-05-30 15:00:00+00:00,57.84,57.95,57.775,57.83,691.0
2025-05-30 16:00:00+00:00,57.83,57.83,57.4,57.54,689.0
2025-05-30 17:00:00+00:00,57.525,57.66,57.395,57.635,975.0
2025-05-30 18:00:00+00:00,57.73,57.87,57.7,57.83,2050.0
2025-05-30 19:00:00+00:00,57.83,58.08,57.8,57.965,3445.0
2025-06-02 14:00:00+00:00,58.85,59.2,58.795,59.17,1657.0
2025-06-02 15:00:00+00:00,59.17,59.185,58.945,59.135,682.0
2025-06-02 16:00:00+00:00,59.135,59.135,58.89,58.965,297.0
2025-06-02 17:00:00+00:00,58.965,59.145,58.965,59.0,257.0
2025-06-02 18:00:00+00:00,59.0,59.52,58.81,59.51,6051.0
2025-06-02 19:00:00+00:00,59.5,59.5,59.13,59.245,6935.0
2025-06-03 14:00:00+00:00,59.235,59.48,59.17,59.31,3099.0
2025-06-03 15:00:00+00:00,59.31,59.625,59.28,59.625,1192.0
2025-06-03 16:00:00+00:00,59.625,59.71,59.585,59.67,986.0
2025-06-03 17:00:00+00:00,59.68,59.86,59.68,59.81,562.0
2025-06-03 18:00:00+00:00,59.81,60.07,59.75,60.0,1072.0
2025-06-03 19:00:00+00:00,60.0,60.21,59.99,60.02,967.0
2025-06-04 14:00:00+00:00,60.06,60.785,60.055,60.785,1833.0
2025-06-04 15:00:00+00:00,60.78,61.21,60.78,61.13,1393.0
2025-06-04 16:00:00+00:00,61.13,61.24,60.955,61.14,2053.0
2025-06-04 17:00:00+00:00,61.14,61.37,61.005,61.005,1556.0
2025-06-04 18:00:00+00:00,61.005,61.38,60.84,61.275,2913.0
2025-06-04 19:00:00+00:00,61.275,61.34,60.95,61.02,8158.0
2025-06-05 14:00:00+00:00,62.21,62.81,62.21,62.25,1095.0
2025-06-05 15:00:00+00:00,62.25,62.41,61.74,61.74,843.0
2025-06-05 16:00:00+00:00,61.79,62.0,61.73,61.825,791.0
2025-06-05 17:00:00+00:00,61.71,62.175,61.71,62.04,796.0
2025-06-05 18:00:00+00:00,62.04,62.155,61.89,62.13,273.0
2025-06-05 19:00:00+00:00,62.13,62.23,61.92,61.98,2414.0
2025-06-06 14:00:00+00:00,61.765,61.8,61.49,61.66,3463.0
2025-06-06 15:00:00+00:00,61.66,61.895,61.6,61.895,1448.0
2025-06-06 16:00:00+00:00,61.9,62.04,61.83,61.83,735.0
2025-06-06 17:00:00+00:00,61.86,62.05,61.86,61.97,536.0
2025-06-06 18:00:00+00:00,61.97,62.16,61.97,62.16,1073.0
2025-06-06 19:00:00+00:00,62.16,62.2,61.835,61.92,1322.0
2025-06-09 14:00:00+00:00,61.92,62.34,61.86,62.34,398.0
2025-06-09 15:00:00+00:00,62.34,62.54,62.34,62.43,317.0
2025-06-09 16:00:00+00:00,62.43,62.93,62.43,62.825,386.0
2025-06-09 17:00:00+00:00,62.825,62.99,62.66,62.865,414.0
2025-06-09 18:00:00+00:00,62.865,62.875,62.68,62.75,513.0
2025-06-09 19:00:00+00:00,62.82,62.82,62.43,62.44,814.0
2025-06-10 14:00:00+00:00,62.345,62.345,61.61,61.78,2286.0
2025-06-10 15:00:00+00:00,61.705,61.76,61.415,61.73,935.0
2025-06-10 16:00:00+00:00,61.73,61.85,61.645,61.83,1116.0
2025-06-10 17:00:00+00:00,61.79,61.86,61.735,61.84,692.0
2025-06-10 18:00:00+00:00,61.84,62.03,61.755,61.92,430.0
2025-06-10 19:00:00+00:00,61.92,62.055,61.78,61.9,1587.0
2025-06-11 14:00:00+00:00,62.27,62.86,62.27,62.57,298.0
2025-06-11 15:00:00+00:00,62.57,62.605,62.31,62.36,438.0
2025-06-11 16:00:00+00:00,62.39,62.43,62.25,62.35,215.0
2025-06-11 17:00:00+00:00,62.35,62.39,62.24,62.24,206.0
2025-06-11 18:00:00+00:00,62.24,62.39,62.24,62.3,540.0
2025-06-11 19:00:00+00:00,62.255,62.65,62.24,62.615,2375.0
2025-06-12 14:00:00+00:00,63.3,63.565,63.245,63.51,529.0
2025-06-12 15:00:00+00:00,63.51,63.61,63.365,63.59,889.0
2025-06-12 16:00:00+00:00,63.59,63.83,63.5,63.52,1349.0
2025-06-12 17:00:00+00:00,63.57,63.635,63.41,63.555,893.0
2025-06-12 18:00:00+00:00,63.555,63.615,63.5,63.58,561.0
2025-06-12 19:00:00+00:00,63.555,63.62,63.325,63.33,2479.0
2025-06-13 14:00:00+00:00,62.835,63.05,62.81,63.05,544.0
2025-06-13 15:00:00+00:00,63.05,63.68,63.0,63.515,650.0
2025-06-13 16:00:00+00:00,63.61,63.71,63.53,63.6,870.0
2025-06-13 17:00:00+00:00,63.6,63.6,63.24,63.31,522.0
2025-06-13 18:00:00+00:00,63.31,63.38,63.18,63.33,640.0
2025-06-13 19:00:00+00:00,63.33,63.43,63.22,63.245,926.0
2025-06-16 14:00:00+00:00,63.285,63.945,63.285,63.87,1789.0
2025-06-16 15:00:00+00:00,63.87,64.25,63.87,64.2,1158.0
2025-06-16 16:00:00+00:00,64.2,64.59,64.165,64.59,1816.0
2025-06-16 17:00:00+00:00,64.59,64.705,64.45,64.58,2100.0
2025-06-16 18:00:00+00:00,64.58,64.62,64.42,64.51,1051.0
2025-06-16 19:00:00+00:00,64.51,64.635,64.505,64.635,1046.0
2025-06-17 14:00:00+00:00,64.84,65.3,64.65,64.93,790.0
2025-06-17 15:00:00+00:00,64.93,65.33,64.93,65.16,587.0
2025-06-17 16:00:00+00:00,65.16,65.3,65.04,65.075,748.0
2025-06-17 17:00:00+00:00,65.075,65.13,64.72,64.88,1836.0
2025-06-17 18:00:00+00:00,64.88,64.97,64.62,64.75,1856.0
2025-06-17 19:00:00+00:00,64.725,64.75,64.265,64.355,3451.0
2025-06-18 14:00:00+00:00,64.765,64.765,64.57,64.73,232.0
2025-06-18 15:00:00+00:00,64.73,65.215,64.73,65.215,129.0
2025-06-18 16:00:00+00:00,65.25,65.29,65.155,65.155,251.0
2025-06-18 17:00:00+00:00,65.155,65.245,65.105,65.225,432.0
2025-06-18 18:00:00+00:00,65.225,65.47,65.105,65.105,657.0
2025-06-18 19:00:00+00:00,65.105,65.37,65.105,65.34,1608.0
2025-06-19 14:00:00+00:00,65.34,65.34,65.34,65.34,0.0
2025-06-19 15:00:00+00:00,65.34,65.34,65.34,65.34,0.0
2025-06-19 16:00:00+00:00,65.34,65.34,65.34,65.34,0.0
2025-06-19 17:00:00+00:00,65.34,65.34,65.34,65.34,0.0
2025-06-19 18:00:00+00:00,65.34,65.34,65.34,65.34,0.0
2025-06-19 19:00:00+00:00,65.34,65.34,65.34,65.34,0.0
2025-06-20 14:00:00+00:00,65.54,65.54,64.89,65.04,2848.0
2025-06-20 15:00:00+00:00,65.03,65.29,65.03,65.03,798.0
2025-06-20 16:00:00+00:00,65.055,65.3,65.055,65.29,2333.0
2025-06-20 17:00:00+00:00,65.33,65.6,65.33,65.37,1728.0
2025-06-20 18:00:00+00:00,65.37,65.58,65.37,65.445,1290.0
2025-06-20 19:00:00+00:00,65.445,65.61,65.28,65.35,2603.0
2025-06-23 14:00:00+00:00,65.845,65.845,65.52,65.775,1028.0
2025-06-23 15:00:00+00:00,65.775,65.93,65.465,65.465,1113.0
2025-06-23 16:00:00+00:00,65.325,65.325,64.7,64.73,590.0
2025-06-23 17:00:00+00:00,64.73,65.38,64.73,65.38,527.0
2025-06-23 18:00:00+00:00,65.4,65.505,65.25,65.26,2240.0
2025-06-23 19:00:00+00:00,65.26,65.33,64.81,64.82,3490.0
2025-06-24 14:00:00+00:00,64.795,64.795,63.43,64.53,1536.0
2025-06-24 15:00:00+00:00,64.53,64.76,64.37,64.59,1727.0
2025-06-24 16:00:00+00:00,64.595,64.805,64.58,64.805,340.0
2025-06-24 17:00:00+00:00,64.805,65.005,64.805,64.975,289.0
2025-06-24 18:00:00+00:00,64.975,65.17,64.75,64.75,420.0
2025-06-24 19:00:00+00:00,64.735,64.8,64.51,64.55,2685.0
2025-06-25 14:00:00+00:00,64.86,66.765,64.86,66.76,3091.0
2025-06-25 15:00:00+00:00,66.685,66.9,66.33,66.88,2075.0
2025-06-25 16:00:00+00:00,66.88,67.395,66.64,67.28,2750.0
2025-06-25 17:00:00+00:00,67.28,67.705,67.2,67.435,1588.0
2025-06-25 18:00:00+00:00,67.53,67.82,67.53,67.56,2118.0
2025-06-25 19:00:00+00:00,67.56,67.92,67.54,67.69,5030.0
2025-06-26 14:00:00+00:00,68.415,68.47,68.015,68.47,811.0
2025-06-26 15:00:00+00:00,68.47,68.525,68.135,68.315,1167.0
2025-06-26 16:00:00+00:00,68.315,68.35,67.8,67.88,532.0
2025-06-26 17:00:00+00:00,67.88,67.88,67.69,67.69,168.0
2025-06-26 18:00:00+00:00,67.69,67.71,67.535,67.58,1344.0
2025-06-26 19:00:00+00:00,67.58,67.89,67.57,67.685,2857.0
2025-06-27 14:00:00+00:00,67.47,67.66,67.3,67.66,952.0
2025-06-27 15:00:00+00:00,67.73,67.94,67.68,67.79,1745.0
2025-06-27 16:00:00+00:00,67.79,67.88,67.6,67.6,497.0
2025-06-27 17:00:00+00:00,67.6,67.6,67.46,67.46,2.0
2025-06-27 18:00:00+00:00,67.46,67.46,66.935,67.155,1042.0
2025-06-27 19:00:00+00:00,67.155,67.31,66.97,67.08,1101.0
2025-06-30 14:00:00+00:00,67.615,68.35,67.615,68.13,1380.0
2025-06-30 15:00:00+00:00,68.04,68.535,67.785,68.535,940.0
2025-06-30 16:00:00+00:00,68.535,68.83,68.525,68.83,941.0
2025-06-30 17:00:00+00:00,68.83,68.83,68.445,68.445,909.0
2025-06-30 18:00:00+00:00,68.45,68.95,68.45,68.86,1385.0
2025-06-30 19:00:00+00:00,68.86,69.05,68.71,68.99,2995.0
2025-07-01 14:00:00+00:00,68.99,68.99,68.28,68.43,315.0
2025-07-01 15:00:00+00:00,68.43,68.43,67.86,67.87,547.0
2025-07-01 16:00:00+00:00,68.02,68.335,67.86,68.235,224.0
2025-07-01 17:00:00+00:00,68.235,68.44,68.235,68.39,427.0
2025-07-01 18:00:00+00:00,68.39,68.665,68.24,68.665,249.0
2025-07-01 19:00:00+00:00,68.665,68.665,68.3,68.355,676.0
2025-07-02 14:00:00+00:00,68.125,68.495,67.815,68.495,1097.0
2025-07-02 15:00:00+00:00,68.495,68.67,68.195,68.24,413.0
2025-07-02 16:00:00+00:00,68.24,68.36,67.9,68.35,1173.0
2025-07-02 17:00:00+00:00,68.35,68.605,68.35,68.605,533.0
2025-07-02 18:00:00+00:00,68.605,68.605,68.43,68.445,621.0
2025-07-02 19:00:00+00:00,68.445,68.58,68.265,68.35,2125.0
2025-07-03 14:00:00+00:00,68.945,69.31,68.945,69.31,207.0
2025-07-03 15:00:00+00:00,69.31,69.745,69.195,69.51,864.0
2025-07-03 16:00:00+00:00,69.54,69.895,69.35,69.89,1113.0
2025-07-03 17:00:00+00:00,69.89,69.89,69.89,69.89,0.0
2025-07-03 18:00:00+00:00,69.89,69.89,69.89,69.89,0.0
2025-07-03 19:00:00+00:00,69.89,69.89,69.89,69.89,0.0
2025-07-04 14:00:00+00:00,69.89,69.89,69.89,69.89,0.0
2025-07-04 15:00:00+00:00,69.89,69.89,69.89,69.89,0.0
2025-07-04 16:00:00+00:00,69.89,69.89,69.89,69.89,0.0
2025-07-04 17:00:00+00:00,69.89,69.89,69.89,69.89,0.0
2025-07-04 18:00:00+00:00,69.89,69.89,69.89,69.89,0.0
2025-07-04 19:00:00+00:00,69.89,69.89,69.89,69.89,0.0
2025-07-07 14:00:00+00:00,69.32,70.18,69.32,70.18,447.0
2025-07-07 15:00:00+00:00,70.105,70.15,70.02,70.04,268.0
2025-07-07 16:00:00+00:00,70.04,70.19,70.025,70.025,361.0
2025-07-07 17:00:00+00:00,70.025,70.175,69.91,70.135,200.0
2025-07-07 18:00:00+00:00,70.135,70.15,70.03,70.03,302.0
2025-07-07 19:00:00+00:00,70.03,70.32,70.03,70.11,1319.0
2025-07-08 14:00:00+00:00,70.04,70.04,67.98,67.98,1016.0
2025-07-08 15:00:00+00:00,67.895,68.025,67.43,68.025,750.0
2025-07-08 16:00:00+00:00,68.025,68.025,67.415,67.545,158.0
2025-07-08 17:00:00+00:00,67.545,68.605,67.545,68.57,428.0
2025-07-08 18:00:00+00:00,68.57,68.67,68.145,68.145,540.0
2025-07-08 19:00:00+00:00,68.145,68.375,68.145,68.34,1727.0
2025-07-09 14:00:00+00:00,67.85,68.855,67.75,68.76,877.0
2025-07-09 15:00:00+00:00,68.76,69.34,68.76,69.31,553.0
2025-07-09 16:00:00+00:00,69.31,69.505,69.24,69.37,489.0
2025-07-09 17:00:00+00:00,69.35,69.445,69.195,69.38,714.0
2025-07-09 18:00:00+00:00,69.38,69.63,69.38,69.43,671.0
2025-07-09 19:00:00+00:00,69.43,69.87,69.41,69.76,1424.0
2025-07-10 14:00:00+00:00,70.59,70.59,69.875,70.02,374.0
2025-07-10 15:00:00+00:00,70.02,70.29,70.02,70.29,428.0
2025-07-10 16:00:00+00:00,70.29,70.41,69.955,70.06,579.0
2025-07-10 17:00:00+00:00,70.06,70.285,70.04,70.085,457.0
2025-07-10 18:00:00+00:00,70.085,70.28,70.085,70.11,367.0
2025-07-10 19:00:00+00:00,70.11,70.31,70.04,70.19,1228.0
2025-07-11 14:00:00+00:00,70.44,70.75,70.25,70.51,713.0
2025-07-11 15:00:00+00:00,70.51,70.95,70.51,70.77,1318.0
2025-07-11 16:00:00+00:00,70.59,70.82,70.39,70.81,1628.0
2025-07-11 17:00:00+00:00,70.81,70.895,70.65,70.86,985.0
2025-07-11 18:00:00+00:00,70.86,71.085,70.82,71.0,913.0
2025-07-11 19:00:00+00:00,71.0,71.0,70.79,70.955,1514.0
2025-07-14 14:00:00+00:00,71.95,72.07,71.78,71.885,954.0
2025-07-14 15:00:00+00:00,71.92,72.56,71.92,72.175,213.0
2025-07-14 16:00:00+00:00,72.175,72.32,71.97,72.32,248.0
2025-07-14 17:00:00+00:00,72.32,72.32,72.095,72.095,229.0
2025-07-14 18:00:00+00:00,72.095,72.145,71.945,71.985,161.0
2025-07-14 19:00:00+00:00,71.99,72.225,71.95,72.18,920.0
2025-07-15 14:00:00+00:00,72.085,72.65,72.085,72.65,652.0
2025-07-15 15:00:00+00:00,72.405,72.84,72.11,72.245,690.0
2025-07-15 16:00:00+00:00,72.24,72.465,72.14,72.345,269.0
2025-07-15 17:00:00+00:00,72.365,72.66,72.345,72.61,435.0
2025-07-15 18:00:00+00:00,72.61,72.705,72.545,72.57,464.0
2025-07-15 19:00:00+00:00,72.57,72.57,72.38,72.39,1094.0
2025-07-16 14:00:00+00:00,72.04,72.535,72.02,72.42,410.0
2025-07-16 15:00:00+00:00,72.42,73.33,72.42,72.835,84.0
2025-07-16 16:00:00+00:00,72.835,73.41,72.835,73.41,279.0
2025-07-16 17:00:00+00:00,73.41,73.685,73.36,73.625,247.0
2025-07-16 18:00:00+00:00,73.625,73.68,73.57,73.57,270.0
2025-07-16 19:00:00+00:00,73.55,73.64,73.355,73.36,1755.0
2025-07-17 14:00:00+00:00,72.78,73.405,72.78,73.385,620.0
2025-07-17 15:00:00+00:00,73.36,73.78,73.36,73.74,273.0
2025-07-17 16:00:00+00:00,73.74,73.78,73.61,73.665,348.0
2025-07-17 17:00:00+00:00,73.665,74.105,73.665,74.07,844.0
2025-07-17 18:00:00+00:00,74.07,74.24,74.01,74.145,1141.0
2025-07-17 19:00:00+00:00,74.145,74.145,73.89,74.0,566.0
2025-07-18 14:00:00+00:00,74.47,75.08,74.47,74.66,1233.0
2025-07-18 15:00:00+00:00,74.66,75.27,74.66,75.04,1550.0
2025-07-18 16:00:00+00:00,75.04,75.41,75.03,75.41,1205.0
2025-07-18 17:00:00+00:00,75.41,75.655,75.3,75.6,1186.0
2025-07-18 18:00:00+00:00,75.6,75.81,75.515,75.515,485.0
2025-07-18 19:00:00+00:00,75.515,75.515,75.205,75.405,1446.0
