date,Open,High,Low,Close,Volume
2025-03-19 14:00:00+00:00,10.985,11.0,10.765,10.805,2972.0
2025-03-19 15:00:00+00:00,10.8,10.92,10.74,10.76,3712.0
2025-03-19 16:00:00+00:00,10.78,10.87,10.76,10.8,2985.0
2025-03-19 17:00:00+00:00,10.805,10.88,10.79,10.87,1463.0
2025-03-19 18:00:00+00:00,10.96,11.16,10.915,11.14,1969.0
2025-03-19 19:00:00+00:00,11.14,11.165,11.045,11.085,6633.0
2025-03-20 14:00:00+00:00,10.655,10.745,10.645,10.72,1283.0
2025-03-20 15:00:00+00:00,10.72,10.845,10.69,10.77,963.0
2025-03-20 16:00:00+00:00,10.745,10.75,10.685,10.71,982.0
2025-03-20 17:00:00+00:00,10.71,10.72,10.63,10.68,1720.0
2025-03-20 18:00:00+00:00,10.68,10.775,10.655,10.685,5450.0
2025-03-20 19:00:00+00:00,10.685,10.815,10.685,10.785,5049.0
2025-03-21 14:00:00+00:00,10.42,10.53,10.365,10.475,1013.0
2025-03-21 15:00:00+00:00,10.475,10.475,10.235,10.24,1127.0
2025-03-21 16:00:00+00:00,10.24,10.36,10.23,10.36,2306.0
2025-03-21 17:00:00+00:00,10.355,10.355,10.285,10.295,1041.0
2025-03-21 18:00:00+00:00,10.295,10.31,10.225,10.25,2846.0
2025-03-21 19:00:00+00:00,10.245,10.6,10.19,10.555,23760.0
2025-03-24 14:00:00+00:00,10.42,10.52,10.26,10.515,2848.0
2025-03-24 15:00:00+00:00,10.515,10.535,10.41,10.485,2045.0
2025-03-24 16:00:00+00:00,10.485,10.5,10.365,10.39,699.0
2025-03-24 17:00:00+00:00,10.39,10.415,10.28,10.29,2491.0
2025-03-24 18:00:00+00:00,10.28,10.375,10.28,10.36,7615.0
2025-03-24 19:00:00+00:00,10.36,10.36,10.215,10.22,6025.0
2025-03-25 14:00:00+00:00,10.435,10.455,10.215,10.28,3529.0
2025-03-25 15:00:00+00:00,10.28,10.3,10.115,10.16,1733.0
2025-03-25 16:00:00+00:00,10.16,10.29,10.15,10.25,1498.0
2025-03-25 17:00:00+00:00,10.25,10.3,10.23,10.23,2093.0
2025-03-25 18:00:00+00:00,10.23,10.275,10.16,10.16,2231.0
2025-03-25 19:00:00+00:00,10.155,10.22,10.105,10.125,9885.0
2025-03-26 14:00:00+00:00,9.955,10.26,9.955,10.155,2938.0
2025-03-26 15:00:00+00:00,10.155,10.215,10.115,10.13,3973.0
2025-03-26 16:00:00+00:00,10.13,10.18,10.095,10.1,2509.0
2025-03-26 17:00:00+00:00,10.1,10.12,10.05,10.05,1630.0
2025-03-26 18:00:00+00:00,10.04,10.05,9.96,9.965,4101.0
2025-03-26 19:00:00+00:00,9.975,10.02,9.945,9.95,4816.0
2025-03-27 14:00:00+00:00,10.095,10.26,10.065,10.16,1577.0
2025-03-27 15:00:00+00:00,10.16,10.27,10.11,10.15,1077.0
2025-03-27 16:00:00+00:00,10.135,10.19,10.125,10.19,1415.0
2025-03-27 17:00:00+00:00,10.18,10.3,10.18,10.275,1096.0
2025-03-27 18:00:00+00:00,10.27,10.335,10.235,10.24,1501.0
2025-03-27 19:00:00+00:00,10.24,10.375,10.24,10.375,3927.0
2025-03-28 14:00:00+00:00,10.4,10.51,10.13,10.14,1617.0
2025-03-28 15:00:00+00:00,10.14,10.245,10.115,10.13,2601.0
2025-03-28 16:00:00+00:00,10.115,10.17,9.94,9.95,7133.0
2025-03-28 17:00:00+00:00,9.95,10.06,9.825,10.06,3028.0
2025-03-28 18:00:00+00:00,10.06,10.095,10.0,10.075,2819.0
2025-03-28 19:00:00+00:00,10.075,10.14,10.06,10.08,6390.0
2025-03-31 14:00:00+00:00,10.02,10.125,9.955,10.025,2511.0
2025-03-31 15:00:00+00:00,10.035,10.09,9.995,10.0,947.0
2025-03-31 16:00:00+00:00,10.0,10.08,9.95,10.02,1591.0
2025-03-31 17:00:00+00:00,10.02,10.06,9.98,10.02,2192.0
2025-03-31 18:00:00+00:00,10.02,10.14,10.02,10.08,1901.0
2025-03-31 19:00:00+00:00,10.08,10.14,10.07,10.09,4477.0
2025-04-01 14:00:00+00:00,10.18,10.24,10.11,10.235,390.0
2025-04-01 15:00:00+00:00,10.235,10.295,10.185,10.195,524.0
2025-04-01 16:00:00+00:00,10.18,10.18,9.965,10.01,349.0
2025-04-01 17:00:00+00:00,10.01,10.055,9.945,10.03,268.0
2025-04-01 18:00:00+00:00,10.03,10.055,9.975,10.04,975.0
2025-04-01 19:00:00+00:00,10.04,10.12,10.01,10.095,1767.0
2025-04-02 14:00:00+00:00,9.59,9.765,9.455,9.605,3116.0
2025-04-02 15:00:00+00:00,9.605,9.665,9.515,9.55,6931.0
2025-04-02 16:00:00+00:00,9.55,9.59,9.445,9.505,3689.0
2025-04-02 17:00:00+00:00,9.505,9.63,9.505,9.53,5852.0
2025-04-02 18:00:00+00:00,9.53,9.76,9.53,9.74,7872.0
2025-04-02 19:00:00+00:00,9.75,9.94,9.705,9.9,14317.0
2025-04-03 14:00:00+00:00,9.76,9.94,9.71,9.835,1649.0
2025-04-03 15:00:00+00:00,9.84,9.855,9.715,9.795,1230.0
2025-04-03 16:00:00+00:00,9.795,9.875,9.74,9.77,1318.0
2025-04-03 17:00:00+00:00,9.785,9.805,9.73,9.78,2797.0
2025-04-03 18:00:00+00:00,9.78,9.83,9.73,9.79,1848.0
2025-04-03 19:00:00+00:00,9.78,9.855,9.71,9.72,3733.0
2025-04-04 14:00:00+00:00,9.215,9.215,8.6,8.825,2830.0
2025-04-04 15:00:00+00:00,8.795,8.94,8.63,8.645,5915.0
2025-04-04 16:00:00+00:00,8.645,8.73,8.635,8.69,2585.0
2025-04-04 17:00:00+00:00,8.69,8.75,8.59,8.745,673.0
2025-04-04 18:00:00+00:00,8.75,8.895,8.745,8.88,4329.0
2025-04-04 19:00:00+00:00,8.88,8.965,8.825,8.935,4413.0
2025-04-07 14:00:00+00:00,9.42,9.56,8.98,9.21,1006.0
2025-04-07 15:00:00+00:00,9.21,9.245,8.935,9.115,1204.0
2025-04-07 16:00:00+00:00,9.115,9.135,8.94,8.945,1417.0
2025-04-07 17:00:00+00:00,8.945,9.18,8.945,9.135,2258.0
2025-04-07 18:00:00+00:00,9.13,9.13,8.93,8.96,1647.0
2025-04-07 19:00:00+00:00,8.95,9.01,8.88,8.965,5344.0
2025-04-08 14:00:00+00:00,9.355,9.355,9.08,9.085,1586.0
2025-04-08 15:00:00+00:00,9.08,9.16,9.02,9.13,2108.0
2025-04-08 16:00:00+00:00,9.13,9.13,8.85,8.85,2656.0
2025-04-08 17:00:00+00:00,8.815,8.91,8.715,8.9,361.0
2025-04-08 18:00:00+00:00,8.9,8.925,8.76,8.76,1376.0
2025-04-08 19:00:00+00:00,8.745,8.755,8.525,8.625,1913.0
2025-04-09 14:00:00+00:00,8.97,8.995,8.675,8.68,1517.0
2025-04-09 15:00:00+00:00,8.68,8.92,8.635,8.85,5769.0
2025-04-09 16:00:00+00:00,8.84,8.97,8.825,8.92,4351.0
2025-04-09 17:00:00+00:00,8.92,9.365,8.905,9.365,1658.0
2025-04-09 18:00:00+00:00,9.365,9.375,9.12,9.19,1945.0
2025-04-09 19:00:00+00:00,9.18,9.32,9.165,9.24,9711.0
2025-04-10 14:00:00+00:00,9.455,10.045,9.455,10.045,3344.0
2025-04-10 15:00:00+00:00,10.045,10.165,9.93,9.935,2193.0
2025-04-10 16:00:00+00:00,10.0,10.15,9.925,10.15,837.0
2025-04-10 17:00:00+00:00,10.15,10.26,10.075,10.215,339.0
2025-04-10 18:00:00+00:00,10.205,10.445,10.205,10.435,578.0
2025-04-10 19:00:00+00:00,10.435,10.44,10.095,10.165,3988.0
2025-04-11 14:00:00+00:00,11.245,11.26,10.975,11.055,4177.0
2025-04-11 15:00:00+00:00,11.145,11.285,11.005,11.245,2587.0
2025-04-11 16:00:00+00:00,11.25,11.275,11.125,11.135,2265.0
2025-04-11 17:00:00+00:00,11.15,11.25,11.125,11.25,2755.0
2025-04-11 18:00:00+00:00,11.25,11.325,11.225,11.275,1497.0
2025-04-11 19:00:00+00:00,11.275,11.395,11.275,11.37,8419.0
2025-04-14 14:00:00+00:00,11.58,11.73,11.545,11.635,2620.0
2025-04-14 15:00:00+00:00,11.635,11.76,11.54,11.55,2172.0
2025-04-14 16:00:00+00:00,11.55,11.55,11.35,11.35,11671.0
2025-04-14 17:00:00+00:00,11.36,11.5,11.32,11.455,3490.0
2025-04-14 18:00:00+00:00,11.455,11.485,11.365,11.48,5872.0
2025-04-14 19:00:00+00:00,11.475,11.51,11.345,11.4,13340.0
2025-04-15 14:00:00+00:00,11.785,12.18,11.785,12.18,2254.0
2025-04-15 15:00:00+00:00,12.18,12.26,12.02,12.135,2035.0
2025-04-15 16:00:00+00:00,12.1,12.17,11.965,11.975,2626.0
2025-04-15 17:00:00+00:00,11.975,12.01,11.95,11.99,1862.0
2025-04-15 18:00:00+00:00,11.99,11.99,11.87,11.925,1748.0
2025-04-15 19:00:00+00:00,11.925,12.175,11.915,12.155,6142.0
2025-04-16 14:00:00+00:00,12.52,12.58,12.21,12.215,2552.0
2025-04-16 15:00:00+00:00,12.22,12.46,12.215,12.41,2368.0
2025-04-16 16:00:00+00:00,12.41,12.42,12.27,12.335,2995.0
2025-04-16 17:00:00+00:00,12.335,12.335,12.24,12.255,771.0
2025-04-16 18:00:00+00:00,12.255,12.465,12.255,12.42,1566.0
2025-04-16 19:00:00+00:00,12.42,12.505,12.42,12.485,6117.0
2025-04-17 14:00:00+00:00,12.06,12.115,11.84,11.855,1716.0
2025-04-17 15:00:00+00:00,11.855,11.98,11.815,11.935,3106.0
2025-04-17 16:00:00+00:00,12.0,12.18,11.955,12.18,2579.0
2025-04-17 17:00:00+00:00,12.18,12.205,12.08,12.175,2473.0
2025-04-17 18:00:00+00:00,12.215,12.42,12.21,12.3,4223.0
2025-04-17 19:00:00+00:00,12.3,12.365,12.265,12.32,5289.0
2025-04-18 14:00:00+00:00,12.32,12.32,12.32,12.32,0.0
2025-04-18 15:00:00+00:00,12.32,12.32,12.32,12.32,0.0
2025-04-18 16:00:00+00:00,12.32,12.32,12.32,12.32,0.0
2025-04-18 17:00:00+00:00,12.32,12.32,12.32,12.32,0.0
2025-04-18 18:00:00+00:00,12.32,12.32,12.32,12.32,0.0
2025-04-18 19:00:00+00:00,12.32,12.32,12.32,12.32,0.0
2025-04-21 14:00:00+00:00,12.495,12.525,12.21,12.215,3272.0
2025-04-21 15:00:00+00:00,12.215,12.335,12.05,12.295,2808.0
2025-04-21 16:00:00+00:00,12.305,12.32,12.065,12.125,1939.0
2025-04-21 17:00:00+00:00,12.125,12.13,12.06,12.11,2486.0
2025-04-21 18:00:00+00:00,12.105,12.255,12.05,12.22,2937.0
2025-04-21 19:00:00+00:00,12.22,12.4,12.22,12.37,3913.0
2025-04-22 14:00:00+00:00,12.415,12.43,12.24,12.345,1946.0
2025-04-22 15:00:00+00:00,12.345,12.35,12.095,12.145,865.0
2025-04-22 16:00:00+00:00,12.145,12.17,11.875,12.045,3314.0
2025-04-22 17:00:00+00:00,12.045,12.11,11.965,12.055,8089.0
2025-04-22 18:00:00+00:00,12.055,12.07,11.98,12.045,1702.0
2025-04-22 19:00:00+00:00,12.055,12.09,12.0,12.055,11845.0
2025-04-23 14:00:00+00:00,11.65,11.99,11.6,11.92,3485.0
2025-04-23 15:00:00+00:00,11.92,12.045,11.83,11.93,2373.0
2025-04-23 16:00:00+00:00,11.93,12.02,11.91,11.975,1342.0
2025-04-23 17:00:00+00:00,11.955,12.01,11.935,11.985,2226.0
2025-04-23 18:00:00+00:00,11.985,11.99,11.815,11.865,3010.0
2025-04-23 19:00:00+00:00,11.86,12.035,11.8,12.01,7815.0
2025-04-24 14:00:00+00:00,12.17,12.27,12.07,12.14,1187.0
2025-04-24 15:00:00+00:00,12.13,12.26,12.095,12.24,787.0
2025-04-24 16:00:00+00:00,12.24,12.375,12.24,12.34,1698.0
2025-04-24 17:00:00+00:00,12.345,12.51,12.34,12.46,2410.0
2025-04-24 18:00:00+00:00,12.46,12.46,12.305,12.435,2061.0
2025-04-24 19:00:00+00:00,12.42,12.455,12.35,12.42,3980.0
2025-04-25 14:00:00+00:00,12.06,12.255,12.06,12.16,886.0
2025-04-25 15:00:00+00:00,12.16,12.195,12.08,12.145,2839.0
2025-04-25 16:00:00+00:00,12.145,12.215,12.08,12.18,648.0
2025-04-25 17:00:00+00:00,12.18,12.19,12.115,12.145,609.0
2025-04-25 18:00:00+00:00,12.145,12.2,12.08,12.1,592.0
2025-04-25 19:00:00+00:00,12.1,12.165,12.085,12.1,3837.0
2025-04-28 14:00:00+00:00,11.965,12.125,11.835,11.98,3044.0
2025-04-28 15:00:00+00:00,11.975,11.985,11.795,11.805,2427.0
2025-04-28 16:00:00+00:00,11.81,11.905,11.79,11.905,5531.0
2025-04-28 17:00:00+00:00,11.9,12.09,11.9,12.06,6494.0
2025-04-28 18:00:00+00:00,12.06,12.06,11.91,11.97,3700.0
2025-04-28 19:00:00+00:00,11.96,12.08,11.95,12.075,10596.0
2025-04-29 14:00:00+00:00,11.99,12.06,11.92,11.96,844.0
2025-04-29 15:00:00+00:00,11.96,11.98,11.87,11.93,334.0
2025-04-29 16:00:00+00:00,11.93,11.965,11.87,11.92,584.0
2025-04-29 17:00:00+00:00,11.92,12.015,11.905,11.905,755.0
2025-04-29 18:00:00+00:00,11.905,11.93,11.83,11.835,723.0
2025-04-29 19:00:00+00:00,11.835,11.875,11.73,11.77,3750.0
2025-04-30 14:00:00+00:00,11.59,11.795,11.52,11.775,220.0
2025-04-30 15:00:00+00:00,11.775,11.855,11.765,11.855,636.0
2025-04-30 16:00:00+00:00,11.855,11.87,11.81,11.84,217.0
2025-04-30 17:00:00+00:00,11.84,11.875,11.78,11.825,388.0
2025-04-30 18:00:00+00:00,11.825,11.885,11.795,11.83,766.0
2025-04-30 19:00:00+00:00,11.83,11.965,11.83,11.94,2193.0
2025-05-01 14:00:00+00:00,11.41,11.555,11.295,11.38,2029.0
2025-05-01 15:00:00+00:00,11.355,11.435,11.265,11.315,1045.0
2025-05-01 16:00:00+00:00,11.315,11.32,11.215,11.27,950.0
2025-05-01 17:00:00+00:00,11.27,11.285,11.145,11.22,742.0
2025-05-01 18:00:00+00:00,11.22,11.38,11.175,11.375,1916.0
2025-05-01 19:00:00+00:00,11.37,11.43,11.29,11.29,2850.0
2025-05-02 14:00:00+00:00,11.32,11.35,11.195,11.305,1574.0
2025-05-02 15:00:00+00:00,11.31,11.32,11.16,11.215,3153.0
2025-05-02 16:00:00+00:00,11.215,11.215,11.105,11.145,8049.0
2025-05-02 17:00:00+00:00,11.145,11.405,11.135,11.33,6209.0
2025-05-02 18:00:00+00:00,11.33,11.365,11.255,11.285,3305.0
2025-05-02 19:00:00+00:00,11.285,11.285,11.21,11.23,6590.0
2025-05-05 14:00:00+00:00,11.475,11.76,11.42,11.715,3110.0
2025-05-05 15:00:00+00:00,11.715,11.83,11.67,11.77,4393.0
2025-05-05 16:00:00+00:00,11.77,11.785,11.585,11.585,3938.0
2025-05-05 17:00:00+00:00,11.585,11.815,11.56,11.815,3565.0
2025-05-05 18:00:00+00:00,11.82,11.85,11.705,11.81,1806.0
2025-05-05 19:00:00+00:00,11.81,11.99,11.79,11.98,3440.0
2025-05-06 14:00:00+00:00,12.445,12.615,12.29,12.405,6740.0
2025-05-06 15:00:00+00:00,12.415,12.735,12.41,12.7,3507.0
2025-05-06 16:00:00+00:00,12.66,12.77,12.655,12.76,2754.0
2025-05-06 17:00:00+00:00,12.76,12.815,12.675,12.725,1932.0
2025-05-06 18:00:00+00:00,12.725,12.875,12.725,12.875,4237.0
2025-05-06 19:00:00+00:00,12.875,13.11,12.86,13.1,9129.0
2025-05-07 14:00:00+00:00,13.015,13.15,12.98,13.08,1302.0
2025-05-07 15:00:00+00:00,13.08,13.14,12.895,12.995,2088.0
2025-05-07 16:00:00+00:00,12.995,13.04,12.91,12.92,2068.0
2025-05-07 17:00:00+00:00,12.94,12.95,12.76,12.785,1969.0
2025-05-07 18:00:00+00:00,12.82,12.83,12.69,12.69,3823.0
2025-05-07 19:00:00+00:00,12.78,12.785,12.61,12.73,2182.0
2025-05-08 14:00:00+00:00,12.58,12.605,12.4,12.48,520.0
2025-05-08 15:00:00+00:00,12.48,12.57,12.4,12.505,1109.0
2025-05-08 16:00:00+00:00,12.505,12.505,12.285,12.365,405.0
2025-05-08 17:00:00+00:00,12.35,12.395,12.305,12.355,783.0
2025-05-08 18:00:00+00:00,12.355,12.385,12.285,12.29,608.0
2025-05-08 19:00:00+00:00,12.29,12.33,12.215,12.315,2231.0
2025-05-09 14:00:00+00:00,12.32,12.7,12.32,12.68,4136.0
2025-05-09 15:00:00+00:00,12.68,12.73,12.58,12.685,743.0
2025-05-09 16:00:00+00:00,12.71,12.71,12.53,12.53,589.0
2025-05-09 17:00:00+00:00,12.53,12.635,12.515,12.62,584.0
2025-05-09 18:00:00+00:00,12.625,12.65,12.55,12.58,71.0
2025-05-09 19:00:00+00:00,12.58,12.64,12.53,12.585,2467.0
2025-05-12 14:00:00+00:00,11.63,11.715,11.48,11.605,4329.0
2025-05-12 15:00:00+00:00,11.6,11.69,11.6,11.685,2717.0
2025-05-12 16:00:00+00:00,11.67,11.69,11.38,11.38,2230.0
2025-05-12 17:00:00+00:00,11.385,11.52,11.3,11.5,3425.0
2025-05-12 18:00:00+00:00,11.51,11.58,11.465,11.525,6182.0
2025-05-12 19:00:00+00:00,11.525,11.69,11.5,11.51,12078.0
2025-05-13 14:00:00+00:00,11.255,11.43,11.255,11.41,2338.0
2025-05-13 15:00:00+00:00,11.41,11.435,11.22,11.245,2614.0
2025-05-13 16:00:00+00:00,11.27,11.36,11.26,11.295,2163.0
2025-05-13 17:00:00+00:00,11.32,11.34,11.25,11.305,1252.0
2025-05-13 18:00:00+00:00,11.27,11.42,11.27,11.4,763.0
2025-05-13 19:00:00+00:00,11.4,11.46,11.38,11.38,2271.0
2025-05-14 14:00:00+00:00,11.02,11.1,10.99,11.09,5765.0
2025-05-14 15:00:00+00:00,11.1,11.12,10.99,11.035,2676.0
2025-05-14 16:00:00+00:00,11.035,11.11,10.91,11.1,9050.0
2025-05-14 17:00:00+00:00,11.1,11.125,11.08,11.12,1462.0
2025-05-14 18:00:00+00:00,11.135,11.15,11.06,11.1,1630.0
2025-05-14 19:00:00+00:00,11.09,11.17,11.09,11.115,2709.0
2025-05-15 14:00:00+00:00,10.99,11.17,10.98,11.12,2516.0
2025-05-15 15:00:00+00:00,11.135,11.235,11.12,11.235,3230.0
2025-05-15 16:00:00+00:00,11.23,11.355,11.21,11.34,1472.0
2025-05-15 17:00:00+00:00,11.36,11.49,11.35,11.43,2132.0
2025-05-15 18:00:00+00:00,11.43,11.58,11.42,11.52,2625.0
2025-05-15 19:00:00+00:00,11.525,11.54,11.45,11.54,3645.0
2025-05-16 14:00:00+00:00,11.32,11.32,11.145,11.16,960.0
2025-05-16 15:00:00+00:00,11.095,11.135,10.99,11.13,523.0
2025-05-16 16:00:00+00:00,11.13,11.22,11.09,11.18,814.0
2025-05-16 17:00:00+00:00,11.175,11.315,11.16,11.175,232.0
2025-05-16 18:00:00+00:00,11.175,11.235,11.135,11.23,568.0
2025-05-16 19:00:00+00:00,11.23,11.37,11.16,11.37,2297.0
2025-05-19 14:00:00+00:00,11.79,11.815,11.62,11.705,1026.0
2025-05-19 15:00:00+00:00,11.705,12.035,11.705,12.02,1409.0
2025-05-19 16:00:00+00:00,12.02,12.02,11.895,11.905,1024.0
2025-05-19 17:00:00+00:00,11.905,11.905,11.84,11.84,724.0
2025-05-19 18:00:00+00:00,11.84,11.925,11.81,11.925,440.0
2025-05-19 19:00:00+00:00,11.925,11.95,11.86,11.94,1594.0
2025-05-20 14:00:00+00:00,11.61,11.74,11.61,11.67,3088.0
2025-05-20 15:00:00+00:00,11.66,12.0,11.66,11.985,8224.0
2025-05-20 16:00:00+00:00,11.95,12.13,11.89,12.085,9570.0
2025-05-20 17:00:00+00:00,12.105,12.215,12.105,12.17,2690.0
2025-05-20 18:00:00+00:00,12.17,12.235,12.14,12.205,3655.0
2025-05-20 19:00:00+00:00,12.205,12.32,12.14,12.32,4167.0
2025-05-21 14:00:00+00:00,12.55,12.56,12.35,12.35,1242.0
2025-05-21 15:00:00+00:00,12.395,12.58,12.395,12.45,1894.0
2025-05-21 16:00:00+00:00,12.48,12.66,12.45,12.59,3477.0
2025-05-21 17:00:00+00:00,12.59,12.63,12.49,12.525,2710.0
2025-05-21 18:00:00+00:00,12.5,12.64,12.495,12.625,2060.0
2025-05-21 19:00:00+00:00,12.6,12.71,12.57,12.66,2592.0
2025-05-22 14:00:00+00:00,12.37,12.525,12.295,12.43,1186.0
2025-05-22 15:00:00+00:00,12.425,12.505,12.35,12.47,511.0
2025-05-22 16:00:00+00:00,12.475,12.565,12.43,12.5,2863.0
2025-05-22 17:00:00+00:00,12.515,12.56,12.495,12.495,2178.0
2025-05-22 18:00:00+00:00,12.495,12.6,12.495,12.54,2598.0
2025-05-22 19:00:00+00:00,12.54,12.57,12.455,12.465,1902.0
2025-05-23 14:00:00+00:00,12.055,12.13,12.01,12.055,4383.0
2025-05-23 15:00:00+00:00,12.055,12.345,12.055,12.32,2275.0
2025-05-23 16:00:00+00:00,12.365,12.365,12.21,12.255,4948.0
2025-05-23 17:00:00+00:00,12.26,12.35,12.245,12.285,986.0
2025-05-23 18:00:00+00:00,12.285,12.325,12.27,12.3,2626.0
2025-05-23 19:00:00+00:00,12.3,12.3,12.21,12.275,4724.0
2025-05-26 14:00:00+00:00,12.275,12.275,12.275,12.275,0.0
2025-05-26 15:00:00+00:00,12.275,12.275,12.275,12.275,0.0
2025-05-26 16:00:00+00:00,12.275,12.275,12.275,12.275,0.0
2025-05-26 17:00:00+00:00,12.275,12.275,12.275,12.275,0.0
2025-05-26 18:00:00+00:00,12.275,12.275,12.275,12.275,0.0
2025-05-26 19:00:00+00:00,12.275,12.275,12.275,12.275,0.0
2025-05-27 14:00:00+00:00,12.08,12.36,12.08,12.35,3850.0
2025-05-27 15:00:00+00:00,12.35,12.35,12.06,12.15,3786.0
2025-05-27 16:00:00+00:00,12.15,12.27,12.125,12.135,3804.0
2025-05-27 17:00:00+00:00,12.135,12.19,12.125,12.165,3635.0
2025-05-27 18:00:00+00:00,12.165,12.205,12.13,12.195,2444.0
2025-05-27 19:00:00+00:00,12.215,12.275,12.145,12.195,13364.0
2025-05-28 14:00:00+00:00,12.2,12.37,12.18,12.195,2399.0
2025-05-28 15:00:00+00:00,12.195,12.205,12.125,12.125,314.0
2025-05-28 16:00:00+00:00,12.125,12.285,12.105,12.285,159.0
2025-05-28 17:00:00+00:00,12.285,12.445,12.27,12.39,1333.0
2025-05-28 18:00:00+00:00,12.39,12.43,12.325,12.325,1511.0
2025-05-28 19:00:00+00:00,12.325,12.575,12.325,12.435,5304.0
2025-05-29 14:00:00+00:00,12.59,12.865,12.59,12.68,879.0
2025-05-29 15:00:00+00:00,12.68,12.855,12.68,12.855,216.0
2025-05-29 16:00:00+00:00,12.84,12.905,12.73,12.75,1812.0
2025-05-29 17:00:00+00:00,12.75,12.82,12.63,12.65,1206.0
2025-05-29 18:00:00+00:00,12.65,12.685,12.63,12.645,1577.0
2025-05-29 19:00:00+00:00,12.645,12.67,12.585,12.585,1099.0
2025-05-30 14:00:00+00:00,12.555,12.66,12.5,12.62,502.0
2025-05-30 15:00:00+00:00,12.62,12.66,12.54,12.59,507.0
2025-05-30 16:00:00+00:00,12.59,12.59,12.415,12.48,767.0
2025-05-30 17:00:00+00:00,12.475,12.57,12.46,12.56,2127.0
2025-05-30 18:00:00+00:00,12.595,12.68,12.57,12.625,1085.0
2025-05-30 19:00:00+00:00,12.6,12.805,12.565,12.8,1495.0
2025-06-02 14:00:00+00:00,13.42,13.605,13.39,13.395,1157.0
2025-06-02 15:00:00+00:00,13.39,13.5,13.32,13.5,2920.0
2025-06-02 16:00:00+00:00,13.52,13.58,13.4,13.515,1319.0
2025-06-02 17:00:00+00:00,13.515,13.525,13.43,13.43,315.0
2025-06-02 18:00:00+00:00,13.415,13.48,13.32,13.46,563.0
2025-06-02 19:00:00+00:00,13.46,13.57,13.415,13.57,8934.0
2025-06-03 14:00:00+00:00,13.635,13.905,13.635,13.885,2263.0
2025-06-03 15:00:00+00:00,13.875,14.24,13.86,14.22,1757.0
2025-06-03 16:00:00+00:00,14.22,14.42,14.14,14.285,2451.0
2025-06-03 17:00:00+00:00,14.285,14.335,14.16,14.27,2336.0
2025-06-03 18:00:00+00:00,14.27,14.39,14.23,14.36,1135.0
2025-06-03 19:00:00+00:00,14.36,14.425,14.26,14.33,6961.0
2025-06-04 14:00:00+00:00,14.33,14.435,14.25,14.4,273.0
2025-06-04 15:00:00+00:00,14.395,14.48,14.35,14.35,1579.0
2025-06-04 16:00:00+00:00,14.34,14.405,14.305,14.35,904.0
2025-06-04 17:00:00+00:00,14.35,14.35,14.23,14.255,2413.0
2025-06-04 18:00:00+00:00,14.25,14.365,14.215,14.365,2043.0
2025-06-04 19:00:00+00:00,14.375,14.42,14.335,14.415,2396.0
2025-06-05 14:00:00+00:00,15.07,15.07,14.715,14.83,1940.0
2025-06-05 15:00:00+00:00,14.84,14.955,14.595,14.635,3040.0
2025-06-05 16:00:00+00:00,14.635,14.825,14.585,14.765,806.0
2025-06-05 17:00:00+00:00,14.765,14.92,14.765,14.845,901.0
2025-06-05 18:00:00+00:00,14.84,14.865,14.725,14.73,1476.0
2025-06-05 19:00:00+00:00,14.73,14.885,14.73,14.88,2529.0
2025-06-06 14:00:00+00:00,14.57,14.6,14.305,14.35,2603.0
2025-06-06 15:00:00+00:00,14.35,14.435,14.3,14.4,1153.0
2025-06-06 16:00:00+00:00,14.4,14.4,14.195,14.215,397.0
2025-06-06 17:00:00+00:00,14.23,14.34,14.23,14.325,1025.0
2025-06-06 18:00:00+00:00,14.34,14.36,14.315,14.325,554.0
2025-06-06 19:00:00+00:00,14.325,14.36,14.215,14.22,3853.0
2025-06-09 14:00:00+00:00,14.39,14.45,14.295,14.44,831.0
2025-06-09 15:00:00+00:00,14.445,14.545,14.385,14.525,2107.0
2025-06-09 16:00:00+00:00,14.525,14.555,14.49,14.53,536.0
2025-06-09 17:00:00+00:00,14.52,14.57,14.475,14.525,775.0
2025-06-09 18:00:00+00:00,14.52,14.57,14.49,14.52,1236.0
2025-06-09 19:00:00+00:00,14.52,14.56,14.37,14.37,4135.0
2025-06-10 14:00:00+00:00,14.54,14.54,14.09,14.17,2065.0
2025-06-10 15:00:00+00:00,14.165,14.17,13.945,14.065,1891.0
2025-06-10 16:00:00+00:00,14.1,14.14,14.045,14.11,654.0
2025-06-10 17:00:00+00:00,14.12,14.185,14.1,14.17,1179.0
2025-06-10 18:00:00+00:00,14.15,14.2,14.11,14.11,1851.0
2025-06-10 19:00:00+00:00,14.11,14.185,14.1,14.16,3930.0
2025-06-11 14:00:00+00:00,14.06,14.18,14.06,14.165,267.0
2025-06-11 15:00:00+00:00,14.125,14.17,14.015,14.065,336.0
2025-06-11 16:00:00+00:00,14.065,14.07,14.0,14.025,717.0
2025-06-11 17:00:00+00:00,13.98,14.025,13.88,13.945,1227.0
2025-06-11 18:00:00+00:00,13.93,14.01,13.91,13.91,548.0
2025-06-11 19:00:00+00:00,13.91,13.92,13.865,13.885,1372.0
2025-06-12 14:00:00+00:00,14.235,14.515,14.18,14.48,953.0
2025-06-12 15:00:00+00:00,14.465,14.505,14.375,14.48,1222.0
2025-06-12 16:00:00+00:00,14.495,14.5,14.42,14.42,2331.0
2025-06-12 17:00:00+00:00,14.42,14.445,14.33,14.4,339.0
2025-06-12 18:00:00+00:00,14.4,14.45,14.38,14.39,464.0
2025-06-12 19:00:00+00:00,14.39,14.45,14.37,14.415,4562.0
2025-06-13 14:00:00+00:00,14.73,14.785,14.58,14.615,2147.0
2025-06-13 15:00:00+00:00,14.64,14.76,14.57,14.76,545.0
2025-06-13 16:00:00+00:00,14.715,14.77,14.665,14.675,1433.0
2025-06-13 17:00:00+00:00,14.665,14.67,14.56,14.58,935.0
2025-06-13 18:00:00+00:00,14.595,14.75,14.57,14.71,1713.0
2025-06-13 19:00:00+00:00,14.71,14.76,14.67,14.705,2337.0
2025-06-16 14:00:00+00:00,14.58,14.66,14.55,14.625,4805.0
2025-06-16 15:00:00+00:00,14.625,14.795,14.605,14.705,9815.0
2025-06-16 16:00:00+00:00,14.705,14.79,14.65,14.675,1109.0
2025-06-16 17:00:00+00:00,14.675,14.68,14.57,14.58,1139.0
2025-06-16 18:00:00+00:00,14.58,14.685,14.56,14.685,1812.0
2025-06-16 19:00:00+00:00,14.685,14.76,14.61,14.74,5779.0
2025-06-17 14:00:00+00:00,14.67,14.75,14.5,14.585,1262.0
2025-06-17 15:00:00+00:00,14.585,14.73,14.585,14.62,1826.0
2025-06-17 16:00:00+00:00,14.62,14.705,14.62,14.66,1236.0
2025-06-17 17:00:00+00:00,14.66,14.705,14.625,14.625,948.0
2025-06-17 18:00:00+00:00,14.625,14.7,14.62,14.65,974.0
2025-06-17 19:00:00+00:00,14.65,14.705,14.61,14.65,2690.0
2025-06-18 14:00:00+00:00,14.605,14.705,14.465,14.67,1350.0
2025-06-18 15:00:00+00:00,14.67,14.785,14.625,14.785,3400.0
2025-06-18 16:00:00+00:00,14.785,14.935,14.785,14.83,1137.0
2025-06-18 17:00:00+00:00,14.855,14.885,14.815,14.855,1857.0
2025-06-18 18:00:00+00:00,14.85,14.965,14.745,14.78,1686.0
2025-06-18 19:00:00+00:00,14.77,14.86,14.74,14.83,7112.0
2025-06-19 14:00:00+00:00,14.83,14.83,14.83,14.83,0.0
2025-06-19 15:00:00+00:00,14.83,14.83,14.83,14.83,0.0
2025-06-19 16:00:00+00:00,14.83,14.83,14.83,14.83,0.0
2025-06-19 17:00:00+00:00,14.83,14.83,14.83,14.83,0.0
2025-06-19 18:00:00+00:00,14.83,14.83,14.83,14.83,0.0
2025-06-19 19:00:00+00:00,14.83,14.83,14.83,14.83,0.0
2025-06-20 14:00:00+00:00,15.235,15.285,14.91,15.105,4453.0
2025-06-20 15:00:00+00:00,15.105,15.29,15.105,15.25,5169.0
2025-06-20 16:00:00+00:00,15.25,15.36,15.24,15.36,4294.0
2025-06-20 17:00:00+00:00,15.36,15.36,15.17,15.185,1234.0
2025-06-20 18:00:00+00:00,15.185,15.24,15.16,15.18,2074.0
2025-06-20 19:00:00+00:00,15.18,15.3,15.02,15.05,9632.0
2025-06-23 14:00:00+00:00,15.67,16.04,15.535,16.04,1614.0
2025-06-23 15:00:00+00:00,16.04,16.095,15.645,15.65,3797.0
2025-06-23 16:00:00+00:00,15.65,15.67,15.42,15.555,3222.0
2025-06-23 17:00:00+00:00,15.565,15.615,15.48,15.58,5690.0
2025-06-23 18:00:00+00:00,15.58,15.67,15.58,15.62,2406.0
2025-06-23 19:00:00+00:00,15.62,15.63,15.51,15.61,4427.0
2025-06-24 14:00:00+00:00,14.97,15.315,14.81,15.19,2643.0
2025-06-24 15:00:00+00:00,15.195,15.445,15.195,15.275,3551.0
2025-06-24 16:00:00+00:00,15.275,15.425,15.275,15.365,1587.0
2025-06-24 17:00:00+00:00,15.365,15.41,15.29,15.305,956.0
2025-06-24 18:00:00+00:00,15.31,15.33,15.195,15.225,1762.0
2025-06-24 19:00:00+00:00,15.225,15.39,15.225,15.265,4631.0
2025-06-25 14:00:00+00:00,15.22,15.22,14.99,14.99,4884.0
2025-06-25 15:00:00+00:00,14.99,15.04,14.845,14.965,3716.0
2025-06-25 16:00:00+00:00,14.96,15.0,14.91,14.96,2099.0
2025-06-25 17:00:00+00:00,14.95,15.07,14.885,15.025,1527.0
2025-06-25 18:00:00+00:00,15.025,15.15,14.97,15.055,2253.0
2025-06-25 19:00:00+00:00,15.055,15.14,14.97,15.125,3780.0
2025-06-26 14:00:00+00:00,15.3,15.47,15.205,15.47,1216.0
2025-06-26 15:00:00+00:00,15.47,15.49,15.36,15.455,4003.0
2025-06-26 16:00:00+00:00,15.455,15.54,15.39,15.39,1728.0
2025-06-26 17:00:00+00:00,15.42,15.445,15.375,15.445,830.0
2025-06-26 18:00:00+00:00,15.445,15.56,15.44,15.55,723.0
2025-06-26 19:00:00+00:00,15.55,15.675,15.55,15.665,2178.0
2025-06-27 14:00:00+00:00,15.05,15.16,14.97,15.125,2074.0
2025-06-27 15:00:00+00:00,15.13,15.255,15.07,15.195,1230.0
2025-06-27 16:00:00+00:00,15.195,15.225,15.09,15.12,2360.0
2025-06-27 17:00:00+00:00,15.11,15.14,15.08,15.1,1570.0
2025-06-27 18:00:00+00:00,15.125,15.125,15.03,15.075,1159.0
2025-06-27 19:00:00+00:00,15.08,15.16,15.06,15.155,4199.0
2025-06-30 14:00:00+00:00,15.355,15.505,15.305,15.5,2403.0
2025-06-30 15:00:00+00:00,15.495,15.75,15.49,15.745,1611.0
2025-06-30 16:00:00+00:00,15.74,15.78,15.67,15.755,1741.0
2025-06-30 17:00:00+00:00,15.755,15.785,15.59,15.66,1622.0
2025-06-30 18:00:00+00:00,15.665,15.785,15.66,15.74,962.0
2025-06-30 19:00:00+00:00,15.75,15.92,15.75,15.91,2276.0
2025-07-01 14:00:00+00:00,16.225,16.225,15.765,15.77,1789.0
2025-07-01 15:00:00+00:00,15.77,15.79,15.645,15.68,1429.0
2025-07-01 16:00:00+00:00,15.68,15.88,15.67,15.88,853.0
2025-07-01 17:00:00+00:00,15.88,15.88,15.75,15.8,825.0
2025-07-01 18:00:00+00:00,15.8,15.825,15.665,15.67,1614.0
2025-07-01 19:00:00+00:00,15.67,15.67,15.55,15.58,3087.0
2025-07-02 14:00:00+00:00,15.965,16.14,15.855,15.9,2605.0
2025-07-02 15:00:00+00:00,15.91,15.915,15.565,15.63,3588.0
2025-07-02 16:00:00+00:00,15.63,15.73,15.6,15.725,6517.0
2025-07-02 17:00:00+00:00,15.725,15.795,15.655,15.66,3264.0
2025-07-02 18:00:00+00:00,15.67,15.7,15.585,15.65,4777.0
2025-07-02 19:00:00+00:00,15.66,15.775,15.635,15.77,16562.0
2025-07-03 14:00:00+00:00,15.605,15.605,15.35,15.43,4622.0
2025-07-03 15:00:00+00:00,15.42,15.67,15.42,15.615,5340.0
2025-07-03 16:00:00+00:00,15.635,15.82,15.6,15.805,3367.0
2025-07-03 17:00:00+00:00,15.805,15.805,15.805,15.805,0.0
2025-07-03 18:00:00+00:00,15.805,15.805,15.805,15.805,0.0
2025-07-03 19:00:00+00:00,15.805,15.805,15.805,15.805,0.0
2025-07-04 14:00:00+00:00,15.805,15.805,15.805,15.805,0.0
2025-07-04 15:00:00+00:00,15.805,15.805,15.805,15.805,0.0
2025-07-04 16:00:00+00:00,15.805,15.805,15.805,15.805,0.0
2025-07-04 17:00:00+00:00,15.805,15.805,15.805,15.805,0.0
2025-07-04 18:00:00+00:00,15.805,15.805,15.805,15.805,0.0
2025-07-04 19:00:00+00:00,15.805,15.805,15.805,15.805,0.0
2025-07-07 14:00:00+00:00,15.565,15.73,15.53,15.575,3475.0
2025-07-07 15:00:00+00:00,15.575,15.76,15.57,15.7,13264.0
2025-07-07 16:00:00+00:00,15.69,15.8,15.62,15.72,12937.0
2025-07-07 17:00:00+00:00,15.72,15.84,15.685,15.725,8801.0
2025-07-07 18:00:00+00:00,15.725,15.855,15.665,15.855,3875.0
2025-07-07 19:00:00+00:00,15.85,16.16,15.84,16.085,9458.0
2025-07-08 14:00:00+00:00,15.345,15.345,15.1,15.19,2152.0
2025-07-08 15:00:00+00:00,15.135,15.18,15.035,15.04,3583.0
2025-07-08 16:00:00+00:00,15.035,15.23,14.915,15.22,13502.0
2025-07-08 17:00:00+00:00,15.225,15.485,15.215,15.43,3228.0
2025-07-08 18:00:00+00:00,15.425,15.49,15.315,15.455,3523.0
2025-07-08 19:00:00+00:00,15.455,15.455,15.33,15.355,7201.0
2025-07-09 14:00:00+00:00,15.195,15.24,15.115,15.23,7206.0
2025-07-09 15:00:00+00:00,15.225,15.23,14.985,15.215,4809.0
2025-07-09 16:00:00+00:00,15.215,15.44,15.17,15.37,3625.0
2025-07-09 17:00:00+00:00,15.365,15.49,15.355,15.375,2030.0
2025-07-09 18:00:00+00:00,15.375,15.475,15.335,15.43,1947.0
2025-07-09 19:00:00+00:00,15.43,15.535,15.43,15.46,5690.0
2025-07-10 14:00:00+00:00,15.355,15.5,15.29,15.5,692.0
2025-07-10 15:00:00+00:00,15.5,15.675,15.47,15.675,1410.0
2025-07-10 16:00:00+00:00,15.675,15.705,15.585,15.655,863.0
2025-07-10 17:00:00+00:00,15.65,15.73,15.63,15.645,1108.0
2025-07-10 18:00:00+00:00,15.645,15.675,15.55,15.665,1638.0
2025-07-10 19:00:00+00:00,15.665,15.74,15.625,15.735,3308.0
2025-07-11 14:00:00+00:00,16.21,16.45,16.21,16.27,3333.0
2025-07-11 15:00:00+00:00,16.27,16.3,16.14,16.14,1635.0
2025-07-11 16:00:00+00:00,16.14,16.185,16.06,16.15,1552.0
2025-07-11 17:00:00+00:00,16.145,16.22,16.05,16.195,1727.0
2025-07-11 18:00:00+00:00,16.195,16.355,16.195,16.29,952.0
2025-07-11 19:00:00+00:00,16.29,16.355,16.215,16.31,4182.0
2025-07-14 14:00:00+00:00,16.625,16.95,16.49,16.59,1856.0
2025-07-14 15:00:00+00:00,16.585,16.62,16.55,16.55,1047.0
2025-07-14 16:00:00+00:00,16.55,16.55,16.39,16.39,1638.0
2025-07-14 17:00:00+00:00,16.39,16.42,16.345,16.39,1482.0
2025-07-14 18:00:00+00:00,16.39,16.495,16.345,16.495,3222.0
2025-07-14 19:00:00+00:00,16.495,16.53,16.35,16.425,3084.0
2025-07-15 14:00:00+00:00,16.28,16.43,16.19,16.295,708.0
2025-07-15 15:00:00+00:00,16.295,16.46,16.08,16.21,586.0
2025-07-15 16:00:00+00:00,16.215,16.31,16.16,16.28,291.0
2025-07-15 17:00:00+00:00,16.28,16.48,16.28,16.48,663.0
2025-07-15 18:00:00+00:00,16.51,16.57,16.505,16.53,723.0
2025-07-15 19:00:00+00:00,16.55,16.55,16.4,16.445,5081.0
2025-07-16 14:00:00+00:00,16.18,16.3,16.15,16.2,488.0
2025-07-16 15:00:00+00:00,16.2,16.675,16.2,16.545,1517.0
2025-07-16 16:00:00+00:00,16.545,16.57,16.46,16.465,650.0
2025-07-16 17:00:00+00:00,16.465,16.53,16.4,16.515,2370.0
2025-07-16 18:00:00+00:00,16.515,16.55,16.43,16.445,1679.0
2025-07-16 19:00:00+00:00,16.44,16.51,16.41,16.485,2880.0
2025-07-17 14:00:00+00:00,16.045,16.045,15.92,15.935,381.0
2025-07-17 15:00:00+00:00,15.925,16.245,15.925,16.225,754.0
2025-07-17 16:00:00+00:00,16.225,16.225,16.12,16.14,295.0
2025-07-17 17:00:00+00:00,16.14,16.24,16.12,16.235,457.0
2025-07-17 18:00:00+00:00,16.235,16.3,16.195,16.3,285.0
2025-07-17 19:00:00+00:00,16.295,16.305,16.165,16.215,1160.0
2025-07-18 14:00:00+00:00,16.3,16.48,16.3,16.315,1747.0
2025-07-18 15:00:00+00:00,16.315,16.43,16.27,16.42,493.0
2025-07-18 16:00:00+00:00,16.41,16.49,16.34,16.365,1492.0
2025-07-18 17:00:00+00:00,16.365,16.38,16.28,16.33,723.0
2025-07-18 18:00:00+00:00,16.335,16.49,16.32,16.46,2053.0
2025-07-18 19:00:00+00:00,16.46,16.46,16.21,16.27,4219.0
2025-07-21 14:00:00+00:00,16.84,17.25,16.825,17.105,2980.0
2025-07-21 15:00:00+00:00,17.105,17.135,16.85,16.85,3095.0
2025-07-21 16:00:00+00:00,16.85,16.85,16.69,16.77,3483.0
2025-07-21 17:00:00+00:00,16.77,16.77,16.635,16.68,720.0
2025-07-21 18:00:00+00:00,16.68,16.68,16.56,16.65,576.0
2025-07-21 19:00:00+00:00,16.65,16.71,16.53,16.59,4498.0
2025-07-22 14:00:00+00:00,16.405,16.665,16.405,16.555,888.0
2025-07-22 15:00:00+00:00,16.555,16.57,16.47,16.565,2889.0
2025-07-22 16:00:00+00:00,16.565,16.6,16.51,16.53,13491.0
2025-07-22 17:00:00+00:00,16.53,16.655,16.44,16.64,6721.0
2025-07-22 18:00:00+00:00,16.63,16.79,16.57,16.705,7509.0
2025-07-22 19:00:00+00:00,16.695,16.81,16.665,16.79,3627.0
2025-07-23 14:00:00+00:00,16.62,16.63,16.41,16.605,1732.0
2025-07-23 15:00:00+00:00,16.605,16.605,16.25,16.25,1158.0
2025-07-23 16:00:00+00:00,16.25,16.34,16.18,16.31,1584.0
2025-07-23 17:00:00+00:00,16.275,16.31,16.2,16.25,1418.0
2025-07-23 18:00:00+00:00,16.26,16.355,16.22,16.34,1483.0
2025-07-23 19:00:00+00:00,16.325,16.445,16.31,16.35,2718.0
2025-07-24 14:00:00+00:00,16.18,16.29,16.08,16.09,932.0
2025-07-24 15:00:00+00:00,16.09,16.11,15.94,15.94,1699.0
2025-07-24 16:00:00+00:00,15.98,16.01,15.915,15.935,1447.0
2025-07-24 17:00:00+00:00,15.935,16.0,15.91,15.96,1933.0
2025-07-24 18:00:00+00:00,15.965,16.18,15.96,16.14,4202.0
2025-07-24 19:00:00+00:00,16.14,16.165,16.05,16.08,6447.0
2025-07-25 14:00:00+00:00,15.19,15.19,14.685,14.77,2032.0
2025-07-25 15:00:00+00:00,14.775,15.05,14.67,14.78,2555.0
2025-07-25 16:00:00+00:00,14.78,15.16,14.76,15.16,4574.0
2025-07-25 17:00:00+00:00,15.16,15.34,15.11,15.235,14858.0
2025-07-25 18:00:00+00:00,15.205,15.42,15.205,15.39,13821.0
2025-07-25 19:00:00+00:00,15.39,15.45,15.32,15.44,20934.0
2025-07-28 14:00:00+00:00,14.59,14.695,14.45,14.695,2791.0
2025-07-28 15:00:00+00:00,14.69,14.715,14.5,14.6,3561.0
2025-07-28 16:00:00+00:00,14.62,14.675,14.57,14.595,5184.0
2025-07-28 17:00:00+00:00,14.6,14.725,14.57,14.69,2355.0
2025-07-28 18:00:00+00:00,14.69,14.69,14.57,14.64,1489.0
2025-07-28 19:00:00+00:00,14.65,14.76,14.6,14.725,2625.0
2025-07-29 14:00:00+00:00,14.69,14.915,14.605,14.815,5169.0
2025-07-29 15:00:00+00:00,14.815,14.815,14.57,14.57,2223.0
2025-07-29 16:00:00+00:00,14.57,14.68,14.48,14.625,2170.0
2025-07-29 17:00:00+00:00,14.64,14.815,14.64,14.815,1044.0
2025-07-29 18:00:00+00:00,14.815,15.045,14.815,14.94,3666.0
2025-07-29 19:00:00+00:00,14.95,15.01,14.82,14.925,2631.0
2025-07-30 14:00:00+00:00,14.6,14.66,14.54,14.62,2595.0
2025-07-30 15:00:00+00:00,14.62,14.66,14.37,14.465,1036.0
2025-07-30 16:00:00+00:00,14.465,14.505,14.42,14.43,1229.0
2025-07-30 17:00:00+00:00,14.43,14.46,14.32,14.4,3343.0
2025-07-30 18:00:00+00:00,14.4,14.4,14.115,14.19,2863.0
2025-07-30 19:00:00+00:00,14.18,14.19,13.875,13.99,9914.0
2025-07-31 14:00:00+00:00,14.06,14.18,13.81,13.86,1137.0
2025-07-31 15:00:00+00:00,13.87,14.02,13.865,13.985,2706.0
2025-07-31 16:00:00+00:00,13.98,14.065,13.955,14.035,1130.0
2025-07-31 17:00:00+00:00,14.035,14.07,13.98,14.025,1123.0
2025-07-31 18:00:00+00:00,14.03,14.1,14.005,14.02,1081.0
2025-07-31 19:00:00+00:00,14.04,14.145,14.04,14.065,2125.0
2025-08-01 14:00:00+00:00,14.245,14.53,14.245,14.35,961.0
2025-08-01 15:00:00+00:00,14.35,14.51,14.34,14.47,1340.0
2025-08-01 16:00:00+00:00,14.49,14.49,14.385,14.43,1450.0
2025-08-01 17:00:00+00:00,14.415,14.415,14.235,14.255,749.0
2025-08-01 18:00:00+00:00,14.255,14.31,14.205,14.27,2666.0
2025-08-01 19:00:00+00:00,14.27,14.4,14.25,14.365,2722.0
2025-08-04 14:00:00+00:00,15.0,15.0,14.835,14.91,1196.0
2025-08-04 15:00:00+00:00,14.91,14.96,14.89,14.96,591.0
2025-08-04 16:00:00+00:00,14.96,14.99,14.915,14.92,435.0
2025-08-04 17:00:00+00:00,14.92,14.955,14.865,14.92,1515.0
2025-08-04 18:00:00+00:00,14.92,14.975,14.855,14.93,467.0
2025-08-04 19:00:00+00:00,14.93,14.975,14.895,14.93,2323.0
2025-08-05 14:00:00+00:00,14.99,14.99,14.74,14.855,2360.0
2025-08-05 15:00:00+00:00,14.855,15.03,14.83,15.02,2778.0
2025-08-05 16:00:00+00:00,15.005,15.045,14.84,14.955,1158.0
2025-08-05 17:00:00+00:00,14.995,15.145,14.965,15.09,1395.0
2025-08-05 18:00:00+00:00,15.085,15.215,15.06,15.17,1015.0
2025-08-05 19:00:00+00:00,15.165,15.23,15.105,15.19,6566.0
2025-08-06 14:00:00+00:00,15.375,15.515,15.365,15.425,899.0
2025-08-06 15:00:00+00:00,15.425,15.545,15.365,15.475,1271.0
2025-08-06 16:00:00+00:00,15.475,15.57,15.43,15.465,1532.0
2025-08-06 17:00:00+00:00,15.455,15.61,15.44,15.585,1571.0
2025-08-06 18:00:00+00:00,15.59,15.65,15.56,15.635,1812.0
2025-08-06 19:00:00+00:00,15.635,15.71,15.515,15.635,6901.0
2025-08-07 14:00:00+00:00,15.83,15.9,15.68,15.845,2854.0
2025-08-07 15:00:00+00:00,15.845,15.865,15.77,15.825,1433.0
2025-08-07 16:00:00+00:00,15.825,15.91,15.77,15.78,888.0
2025-08-07 17:00:00+00:00,15.78,15.805,15.715,15.79,737.0
2025-08-07 18:00:00+00:00,15.83,15.835,15.635,15.715,1046.0
2025-08-07 19:00:00+00:00,15.695,15.76,15.695,15.75,1358.0
2025-08-08 14:00:00+00:00,15.94,16.05,15.76,15.815,1950.0
2025-08-08 15:00:00+00:00,15.815,15.875,15.66,15.685,1264.0
2025-08-08 16:00:00+00:00,15.685,15.72,15.47,15.475,1575.0
2025-08-08 17:00:00+00:00,15.47,15.525,15.36,15.36,1997.0
2025-08-08 18:00:00+00:00,15.33,15.56,15.23,15.48,4274.0
2025-08-08 19:00:00+00:00,15.485,15.51,15.235,15.305,7126.0
2025-08-11 14:00:00+00:00,15.295,15.37,15.215,15.32,752.0
2025-08-11 15:00:00+00:00,15.33,15.475,15.31,15.395,3381.0
2025-08-11 16:00:00+00:00,15.395,15.545,15.36,15.495,2388.0
2025-08-11 17:00:00+00:00,15.49,15.635,15.445,15.63,1044.0
2025-08-11 18:00:00+00:00,15.63,15.71,15.56,15.655,2821.0
2025-08-11 19:00:00+00:00,15.655,15.81,15.625,15.795,9980.0
2025-08-12 14:00:00+00:00,15.705,15.705,15.42,15.51,1556.0
2025-08-12 15:00:00+00:00,15.51,15.68,15.485,15.56,2132.0
2025-08-12 16:00:00+00:00,15.54,15.64,15.51,15.64,1683.0
2025-08-12 17:00:00+00:00,15.625,15.71,15.575,15.62,5235.0
2025-08-12 18:00:00+00:00,15.62,15.695,15.59,15.67,1762.0
2025-08-12 19:00:00+00:00,15.67,15.83,15.655,15.825,5437.0
2025-08-13 14:00:00+00:00,16.14,16.26,15.93,16.025,1218.0
2025-08-13 15:00:00+00:00,16.025,16.04,15.8,15.975,302.0
2025-08-13 16:00:00+00:00,15.975,16.03,15.905,15.93,505.0
2025-08-13 17:00:00+00:00,15.925,15.955,15.85,15.85,596.0
2025-08-13 18:00:00+00:00,15.87,15.92,15.82,15.915,901.0
2025-08-13 19:00:00+00:00,15.915,15.915,15.76,15.78,8919.0
2025-08-14 14:00:00+00:00,15.82,15.85,15.61,15.615,2107.0
2025-08-14 15:00:00+00:00,15.615,15.635,15.47,15.6,2303.0
2025-08-14 16:00:00+00:00,15.595,15.615,15.465,15.505,603.0
2025-08-14 17:00:00+00:00,15.505,15.58,15.485,15.49,648.0
2025-08-14 18:00:00+00:00,15.49,15.69,15.465,15.685,836.0
2025-08-14 19:00:00+00:00,15.69,15.74,15.575,15.655,4690.0
2025-08-15 14:00:00+00:00,15.17,15.355,15.17,15.345,1038.0
2025-08-15 15:00:00+00:00,15.345,15.46,15.34,15.37,887.0
2025-08-15 16:00:00+00:00,15.37,15.4,15.315,15.33,345.0
2025-08-15 17:00:00+00:00,15.345,15.365,15.28,15.31,452.0
2025-08-15 18:00:00+00:00,15.295,15.365,15.2,15.2,627.0
2025-08-15 19:00:00+00:00,15.2,15.22,15.11,15.13,4084.0
2025-08-18 14:00:00+00:00,14.92,15.07,14.88,14.99,983.0
2025-08-18 15:00:00+00:00,14.99,15.08,14.91,15.075,1282.0
2025-08-18 16:00:00+00:00,15.065,15.1,15.045,15.07,803.0
2025-08-18 17:00:00+00:00,15.07,15.1,15.025,15.09,333.0
2025-08-18 18:00:00+00:00,15.09,15.11,15.04,15.105,905.0
2025-08-18 19:00:00+00:00,15.105,15.185,15.08,15.18,2017.0
2025-08-19 14:00:00+00:00,14.91,14.945,14.63,14.7,489.0
2025-08-19 15:00:00+00:00,14.72,14.73,14.545,14.655,637.0
2025-08-19 16:00:00+00:00,14.655,14.82,14.61,14.78,848.0
2025-08-19 17:00:00+00:00,14.78,14.805,14.69,14.735,3639.0
2025-08-19 18:00:00+00:00,14.735,14.86,14.715,14.76,771.0
2025-08-19 19:00:00+00:00,14.76,14.805,14.69,14.765,6459.0
2025-08-20 14:00:00+00:00,14.985,15.245,14.91,15.21,2737.0
2025-08-20 15:00:00+00:00,15.205,15.21,15.05,15.075,3543.0
2025-08-20 16:00:00+00:00,15.075,15.155,15.05,15.14,6242.0
2025-08-20 17:00:00+00:00,15.14,15.175,15.045,15.095,5208.0
2025-08-20 18:00:00+00:00,15.095,15.165,15.015,15.125,8241.0
2025-08-20 19:00:00+00:00,15.125,15.25,15.125,15.22,6404.0
2025-08-21 14:00:00+00:00,15.05,15.4,15.05,15.26,2482.0
2025-08-21 15:00:00+00:00,15.26,15.31,15.09,15.1,1428.0
2025-08-21 16:00:00+00:00,15.11,15.12,15.01,15.095,1421.0
2025-08-21 17:00:00+00:00,15.095,15.14,14.98,15.0,1644.0
2025-08-21 18:00:00+00:00,15.01,15.12,14.99,15.07,1820.0
2025-08-21 19:00:00+00:00,15.07,15.15,15.035,15.08,4485.0
2025-08-22 14:00:00+00:00,14.9,15.355,14.9,15.32,3499.0
2025-08-22 15:00:00+00:00,15.33,15.435,15.22,15.29,580.0
2025-08-22 16:00:00+00:00,15.285,15.375,15.26,15.325,562.0
2025-08-22 17:00:00+00:00,15.325,15.355,15.26,15.3,1087.0
2025-08-22 18:00:00+00:00,15.3,15.39,15.25,15.33,1998.0
2025-08-22 19:00:00+00:00,15.32,15.355,15.28,15.285,5978.0
2025-08-25 14:00:00+00:00,15.38,15.515,15.285,15.355,6899.0
2025-08-25 15:00:00+00:00,15.355,15.405,15.305,15.36,964.0
2025-08-25 16:00:00+00:00,15.36,15.375,15.3,15.35,1414.0
2025-08-25 17:00:00+00:00,15.35,15.36,15.31,15.33,899.0
2025-08-25 18:00:00+00:00,15.33,15.56,15.33,15.47,794.0
2025-08-25 19:00:00+00:00,15.465,15.465,15.315,15.33,4399.0
2025-08-26 14:00:00+00:00,15.54,15.78,15.54,15.7,1372.0
2025-08-26 15:00:00+00:00,15.68,15.76,15.62,15.69,1563.0
2025-08-26 16:00:00+00:00,15.69,15.76,15.605,15.725,975.0
2025-08-26 17:00:00+00:00,15.72,15.72,15.595,15.625,1922.0
2025-08-26 18:00:00+00:00,15.615,15.765,15.605,15.765,1664.0
2025-08-26 19:00:00+00:00,15.765,15.93,15.735,15.89,6169.0
2025-08-27 14:00:00+00:00,15.54,15.84,15.54,15.75,1387.0
2025-08-27 15:00:00+00:00,15.755,15.81,15.67,15.68,1937.0
2025-08-27 16:00:00+00:00,15.67,15.8,15.655,15.8,1548.0
2025-08-27 17:00:00+00:00,15.8,15.82,15.72,15.8,1274.0
2025-08-27 18:00:00+00:00,15.8,15.825,15.745,15.815,2091.0
2025-08-27 19:00:00+00:00,15.82,15.86,15.76,15.78,3146.0
2025-08-28 14:00:00+00:00,15.82,15.82,15.695,15.745,1846.0
2025-08-28 15:00:00+00:00,15.745,15.82,15.725,15.81,1660.0
2025-08-28 16:00:00+00:00,15.8,15.935,15.8,15.905,550.0
2025-08-28 17:00:00+00:00,15.905,15.97,15.87,15.89,2182.0
2025-08-28 18:00:00+00:00,15.885,15.89,15.735,15.745,1210.0
2025-08-28 19:00:00+00:00,15.745,15.78,15.595,15.65,3887.0
2025-08-29 14:00:00+00:00,16.12,16.39,16.09,16.18,1672.0
2025-08-29 15:00:00+00:00,16.185,16.635,16.155,16.56,1255.0
2025-08-29 16:00:00+00:00,16.56,16.84,16.56,16.84,1152.0
2025-08-29 17:00:00+00:00,16.83,16.84,16.605,16.7,1135.0
2025-08-29 18:00:00+00:00,16.7,16.865,16.7,16.735,2106.0
2025-08-29 19:00:00+00:00,16.735,16.79,16.7,16.76,2742.0
2025-09-01 14:00:00+00:00,16.76,16.76,16.76,16.76,0.0
2025-09-01 15:00:00+00:00,16.76,16.76,16.76,16.76,0.0
2025-09-01 16:00:00+00:00,16.76,16.76,16.76,16.76,0.0
2025-09-01 17:00:00+00:00,16.76,16.76,16.76,16.76,0.0
2025-09-01 18:00:00+00:00,16.76,16.76,16.76,16.76,0.0
2025-09-01 19:00:00+00:00,16.76,16.76,16.76,16.76,0.0
2025-09-02 14:00:00+00:00,17.05,17.48,17.05,17.28,4581.0
2025-09-02 15:00:00+00:00,17.28,17.4,17.16,17.185,2698.0
2025-09-02 16:00:00+00:00,17.21,17.39,17.18,17.34,2070.0
2025-09-02 17:00:00+00:00,17.34,17.36,17.27,17.31,1878.0
2025-09-02 18:00:00+00:00,17.31,17.36,17.095,17.3,1978.0
2025-09-02 19:00:00+00:00,17.3,17.385,17.24,17.355,3581.0
2025-09-03 14:00:00+00:00,17.42,17.6,17.335,17.335,1622.0
2025-09-03 15:00:00+00:00,17.33,17.49,17.325,17.4,1680.0
2025-09-03 16:00:00+00:00,17.39,17.39,17.19,17.25,1541.0
2025-09-03 17:00:00+00:00,17.25,17.31,17.15,17.18,633.0
2025-09-03 18:00:00+00:00,17.18,17.26,16.97,17.075,1949.0
2025-09-03 19:00:00+00:00,17.075,17.24,16.975,17.17,6023.0
2025-09-04 14:00:00+00:00,17.1,17.235,16.88,16.9,2218.0
2025-09-04 15:00:00+00:00,16.91,17.0,16.825,16.94,740.0
2025-09-04 16:00:00+00:00,16.94,16.945,16.84,16.87,1025.0
2025-09-04 17:00:00+00:00,16.88,16.97,16.85,16.855,1857.0
2025-09-04 18:00:00+00:00,16.855,16.87,16.78,16.78,1611.0
2025-09-04 19:00:00+00:00,16.775,16.875,16.76,16.77,1923.0
2025-09-05 14:00:00+00:00,17.09,17.325,16.86,16.96,656.0
2025-09-05 15:00:00+00:00,16.98,17.18,16.825,17.155,1691.0
2025-09-05 16:00:00+00:00,17.155,17.39,17.15,17.32,1650.0
2025-09-05 17:00:00+00:00,17.32,17.355,17.23,17.235,341.0
2025-09-05 18:00:00+00:00,17.23,17.25,17.095,17.19,174.0
2025-09-05 19:00:00+00:00,17.19,17.35,17.19,17.335,1687.0
2025-09-08 14:00:00+00:00,17.7,17.71,17.37,17.67,1899.0
2025-09-08 15:00:00+00:00,17.675,17.705,17.455,17.55,5120.0
2025-09-08 16:00:00+00:00,17.55,17.67,17.5,17.665,5457.0
2025-09-08 17:00:00+00:00,17.665,17.7,17.62,17.67,3831.0
2025-09-08 18:00:00+00:00,17.685,17.7,17.565,17.59,3160.0
2025-09-08 19:00:00+00:00,17.615,17.635,17.515,17.52,10200.0
2025-09-09 14:00:00+00:00,17.655,17.795,17.5,17.665,812.0
2025-09-09 15:00:00+00:00,17.69,17.73,17.53,17.61,1637.0
2025-09-09 16:00:00+00:00,17.61,17.625,17.54,17.54,1779.0
2025-09-09 17:00:00+00:00,17.56,17.56,17.445,17.45,1551.0
2025-09-09 18:00:00+00:00,17.45,17.55,17.385,17.395,4875.0
2025-09-09 19:00:00+00:00,17.395,17.45,17.36,17.37,5033.0
2025-09-10 14:00:00+00:00,17.585,17.94,17.585,17.88,1971.0
2025-09-10 15:00:00+00:00,17.91,17.91,17.685,17.89,2388.0
2025-09-10 16:00:00+00:00,17.89,17.915,17.72,17.835,1228.0
2025-09-10 17:00:00+00:00,17.835,17.835,17.72,17.755,1491.0
2025-09-10 18:00:00+00:00,17.755,17.895,17.73,17.88,1593.0
2025-09-10 19:00:00+00:00,17.88,17.92,17.81,17.88,4183.0
2025-09-11 14:00:00+00:00,17.685,17.85,17.62,17.77,1755.0
2025-09-11 15:00:00+00:00,17.77,17.79,17.7,17.745,619.0
2025-09-11 16:00:00+00:00,17.745,17.85,17.635,17.64,578.0
2025-09-11 17:00:00+00:00,17.61,17.66,17.525,17.53,665.0
2025-09-11 18:00:00+00:00,17.54,17.575,17.41,17.515,750.0
2025-09-11 19:00:00+00:00,17.515,17.59,17.465,17.48,1460.0
2025-09-12 14:00:00+00:00,17.66,17.72,17.46,17.56,5758.0
2025-09-12 15:00:00+00:00,17.56,17.56,17.34,17.515,2991.0
2025-09-12 16:00:00+00:00,17.52,17.595,17.485,17.58,1393.0
2025-09-12 17:00:00+00:00,17.575,17.63,17.555,17.58,957.0
2025-09-12 18:00:00+00:00,17.595,17.63,17.56,17.62,1747.0
2025-09-12 19:00:00+00:00,17.61,17.615,17.495,17.535,5443.0
2025-09-15 14:00:00+00:00,18.14,18.5,18.13,18.45,4389.0
2025-09-15 15:00:00+00:00,18.42,18.72,18.42,18.685,3299.0
2025-09-15 16:00:00+00:00,18.695,18.71,18.43,18.51,4464.0
2025-09-15 17:00:00+00:00,18.495,18.59,18.495,18.565,2128.0
2025-09-15 18:00:00+00:00,18.565,18.645,18.485,18.5,2081.0
2025-09-15 19:00:00+00:00,18.5,18.745,18.48,18.7,7580.0
2025-09-16 14:00:00+00:00,18.87,18.89,18.36,18.36,2812.0
2025-09-16 15:00:00+00:00,18.36,18.48,18.215,18.47,7046.0
2025-09-16 16:00:00+00:00,18.475,18.595,18.37,18.48,1665.0
2025-09-16 17:00:00+00:00,18.475,18.53,18.365,18.475,1325.0
2025-09-16 18:00:00+00:00,18.475,18.525,18.38,18.475,1527.0
2025-09-16 19:00:00+00:00,18.475,18.475,18.295,18.34,4325.0
2025-09-17 14:00:00+00:00,18.895,18.895,18.42,18.5,1787.0
2025-09-17 15:00:00+00:00,18.48,18.585,18.41,18.54,3452.0
2025-09-17 16:00:00+00:00,18.54,18.54,18.375,18.465,2778.0
2025-09-17 17:00:00+00:00,18.465,18.57,18.39,18.56,1298.0
2025-09-17 18:00:00+00:00,18.585,18.87,18.3,18.435,3287.0
2025-09-17 19:00:00+00:00,18.435,18.505,18.25,18.29,5608.0
2025-09-18 14:00:00+00:00,17.74,17.8,17.44,17.61,1810.0
2025-09-18 15:00:00+00:00,17.615,17.655,17.395,17.46,3673.0
2025-09-18 16:00:00+00:00,17.505,17.57,17.115,17.175,5851.0
2025-09-18 17:00:00+00:00,17.175,17.385,17.105,17.18,4337.0
2025-09-18 18:00:00+00:00,17.185,17.305,17.095,17.195,6195.0
2025-09-18 19:00:00+00:00,17.2,17.225,17.025,17.145,12300.0
2025-09-19 14:00:00+00:00,17.77,17.885,17.615,17.86,6315.0
2025-09-19 15:00:00+00:00,17.86,18.08,17.855,17.99,7184.0
2025-09-19 16:00:00+00:00,18.0,18.02,17.92,17.945,5124.0
2025-09-19 17:00:00+00:00,17.945,18.07,17.925,17.94,2828.0
2025-09-19 18:00:00+00:00,17.95,18.015,17.935,17.99,4160.0
2025-09-19 19:00:00+00:00,18.0,18.11,17.9,18.02,10221.0
2025-09-22 14:00:00+00:00,18.575,19.01,18.43,18.91,8820.0
2025-09-22 15:00:00+00:00,18.91,19.035,18.8,18.81,12245.0
2025-09-22 16:00:00+00:00,18.83,18.83,18.6,18.645,5341.0
2025-09-22 17:00:00+00:00,18.635,18.79,18.615,18.78,4085.0
2025-09-22 18:00:00+00:00,18.78,18.865,18.775,18.84,9752.0
2025-09-22 19:00:00+00:00,18.83,18.86,18.705,18.77,17140.0
2025-09-23 14:00:00+00:00,18.95,19.005,18.66,18.67,3363.0
2025-09-23 15:00:00+00:00,18.68,18.73,18.61,18.625,1510.0
2025-09-23 16:00:00+00:00,18.625,18.79,18.47,18.735,1953.0
2025-09-23 17:00:00+00:00,18.735,18.82,18.63,18.69,3405.0
2025-09-23 18:00:00+00:00,18.69,18.75,18.535,18.54,2973.0
2025-09-23 19:00:00+00:00,18.54,18.7,18.49,18.595,5561.0
2025-09-24 14:00:00+00:00,18.275,18.345,18.14,18.155,2223.0
2025-09-24 15:00:00+00:00,18.155,18.23,18.005,18.02,1937.0
2025-09-24 16:00:00+00:00,18.02,18.19,17.96,18.16,4666.0
2025-09-24 17:00:00+00:00,18.165,18.27,18.085,18.09,2255.0
2025-09-24 18:00:00+00:00,18.11,18.12,17.98,18.02,1996.0
2025-09-24 19:00:00+00:00,18.02,18.025,17.8,17.8,3564.0
2025-09-25 14:00:00+00:00,18.05,18.305,18.025,18.27,2354.0
2025-09-25 15:00:00+00:00,18.275,18.345,18.19,18.345,1843.0
2025-09-25 16:00:00+00:00,18.34,18.35,17.98,17.99,3042.0
2025-09-25 17:00:00+00:00,17.99,18.055,17.975,17.975,882.0
2025-09-25 18:00:00+00:00,17.975,18.08,17.87,17.975,1101.0
2025-09-25 19:00:00+00:00,17.99,18.06,17.94,18.055,3908.0
2025-09-26 14:00:00+00:00,18.23,18.81,18.23,18.77,7408.0
2025-09-26 15:00:00+00:00,18.78,18.84,18.665,18.755,11248.0
2025-09-26 16:00:00+00:00,18.75,18.82,18.605,18.66,3424.0
2025-09-26 17:00:00+00:00,18.655,18.84,18.655,18.74,16936.0
2025-09-26 18:00:00+00:00,18.74,18.8,18.64,18.75,10052.0
2025-09-26 19:00:00+00:00,18.75,18.775,18.595,18.74,8837.0
2025-09-29 14:00:00+00:00,18.7,19.0,18.345,18.93,4186.0
2025-09-29 15:00:00+00:00,18.935,19.05,18.79,18.905,1258.0
2025-09-29 16:00:00+00:00,18.89,19.035,18.89,18.935,1344.0
2025-09-29 17:00:00+00:00,18.94,18.94,18.51,18.555,1510.0
2025-09-29 18:00:00+00:00,18.56,18.66,18.53,18.59,2309.0
2025-09-29 19:00:00+00:00,18.59,18.61,18.43,18.56,4265.0
2025-09-30 14:00:00+00:00,18.57,18.69,18.44,18.48,1371.0
2025-09-30 15:00:00+00:00,18.52,18.535,18.3,18.375,3074.0
2025-09-30 16:00:00+00:00,18.375,18.41,18.18,18.27,661.0
2025-09-30 17:00:00+00:00,18.265,18.37,18.2,18.275,635.0
2025-09-30 18:00:00+00:00,18.28,18.28,18.155,18.255,1160.0
2025-09-30 19:00:00+00:00,18.235,18.43,18.185,18.425,3789.0
2025-10-01 14:00:00+00:00,18.755,18.755,18.43,18.57,3547.0
2025-10-01 15:00:00+00:00,18.57,18.63,18.4,18.435,1078.0
2025-10-01 16:00:00+00:00,18.435,18.65,18.375,18.605,1004.0
2025-10-01 17:00:00+00:00,18.61,18.645,18.39,18.45,2838.0
2025-10-01 18:00:00+00:00,18.45,18.595,18.365,18.495,1272.0
2025-10-01 19:00:00+00:00,18.49,18.51,18.355,18.365,4356.0
2025-10-02 14:00:00+00:00,17.06,17.13,16.855,17.015,10600.0
2025-10-02 15:00:00+00:00,17.015,17.12,16.945,17.05,7120.0
2025-10-02 16:00:00+00:00,17.05,17.23,17.05,17.17,12159.0
2025-10-02 17:00:00+00:00,17.17,17.215,17.05,17.16,5026.0
2025-10-02 18:00:00+00:00,17.16,17.255,17.145,17.19,11730.0
2025-10-02 19:00:00+00:00,17.19,17.39,17.175,17.36,25114.0
2025-10-03 14:00:00+00:00,17.47,17.56,17.365,17.53,3214.0
2025-10-03 15:00:00+00:00,17.545,17.65,17.47,17.64,3898.0
2025-10-03 16:00:00+00:00,17.64,17.66,17.52,17.55,2011.0
2025-10-03 17:00:00+00:00,17.57,17.57,17.36,17.405,1210.0
2025-10-03 18:00:00+00:00,17.42,17.535,17.38,17.52,4391.0
2025-10-03 19:00:00+00:00,17.52,17.555,17.47,17.475,6762.0
2025-10-06 14:00:00+00:00,18.31,18.41,17.96,18.05,18531.0
2025-10-06 15:00:00+00:00,18.05,18.45,18.02,18.44,13750.0
2025-10-06 16:00:00+00:00,18.455,18.49,18.22,18.27,7499.0
2025-10-06 17:00:00+00:00,18.27,18.295,18.115,18.21,9489.0
2025-10-06 18:00:00+00:00,18.215,18.325,18.18,18.21,9071.0
2025-10-06 19:00:00+00:00,18.21,18.3,18.065,18.13,21540.0
2025-10-07 14:00:00+00:00,18.035,18.04,17.885,18.01,4028.0
2025-10-07 15:00:00+00:00,18.01,18.01,17.51,17.54,2708.0
2025-10-07 16:00:00+00:00,17.54,17.66,17.445,17.605,1828.0
2025-10-07 17:00:00+00:00,17.595,17.66,17.52,17.565,1580.0
2025-10-07 18:00:00+00:00,17.56,17.71,17.475,17.71,934.0
2025-10-07 19:00:00+00:00,17.73,17.75,17.475,17.555,4506.0
2025-10-08 14:00:00+00:00,17.625,17.91,17.44,17.895,4378.0
2025-10-08 15:00:00+00:00,17.885,17.965,17.755,17.965,7897.0
2025-10-08 16:00:00+00:00,17.965,18.61,17.965,18.61,21450.0
2025-10-08 17:00:00+00:00,18.625,18.865,18.52,18.57,19817.0
2025-10-08 18:00:00+00:00,18.54,18.885,18.475,18.835,4823.0
2025-10-08 19:00:00+00:00,18.835,18.9,18.7,18.78,12985.0
2025-10-09 14:00:00+00:00,18.165,18.165,17.76,18.02,3182.0
2025-10-09 15:00:00+00:00,18.03,18.325,17.93,18.275,3307.0
2025-10-09 16:00:00+00:00,18.26,18.4,17.955,17.995,3091.0
2025-10-09 17:00:00+00:00,17.995,18.015,17.685,17.69,2765.0
2025-10-09 18:00:00+00:00,17.7,17.775,17.625,17.68,3291.0
2025-10-09 19:00:00+00:00,17.68,18.0,17.67,17.95,14622.0
2025-10-10 14:00:00+00:00,18.505,18.505,18.18,18.215,3142.0
2025-10-10 15:00:00+00:00,18.22,18.97,18.22,18.89,2548.0
2025-10-10 16:00:00+00:00,18.89,18.89,18.32,18.335,3398.0
2025-10-10 17:00:00+00:00,18.335,18.47,18.285,18.33,4313.0
2025-10-10 18:00:00+00:00,18.33,18.43,18.265,18.285,2843.0
2025-10-10 19:00:00+00:00,18.3,18.335,18.21,18.29,5915.0
2025-10-13 14:00:00+00:00,18.29,18.29,18.29,18.29,0.0
2025-10-13 15:00:00+00:00,18.29,18.29,18.29,18.29,0.0
2025-10-13 16:00:00+00:00,18.29,18.29,18.29,18.29,0.0
2025-10-13 17:00:00+00:00,18.29,20.625,18.29,20.58,564.0
2025-10-13 18:00:00+00:00,20.57,20.66,20.37,20.375,5934.0
2025-10-13 19:00:00+00:00,20.375,20.56,20.3,20.545,29396.0
