date,Close,High,Low,Open,Volume
2022-01-03 00:00:00+00:00,15.1970261293,15.2836784607,14.805596632,14.805596632,77034625
2022-01-04 00:00:00+00:00,15.3225226093,15.4659471579,15.2030021521,15.3284986322,72918142
2022-01-05 00:00:00+00:00,15.6631559122,16.0276335464,15.5376594322,15.5376594322,125368020
2022-01-06 00:00:00+00:00,15.6033956837,16.009765238,15.5018032951,15.9619570552,93758175
2022-01-07 00:00:00+00:00,16.0217172838,16.1588373442,15.7048175885,15.7901367372,98164708
2022-01-10 00:00:00+00:00,16.1253191072,16.2321508698,15.9668692596,16.0826595328,77030674
2022-01-11 00:00:00+00:00,16.0521884083,16.2898631797,15.9303039101,16.2411093805,59980206
2022-01-12 00:00:00+00:00,16.1192248823,16.1557902317,15.936398135,16.0156230589,48477775
2022-01-13 00:00:00+00:00,16.3325227541,16.4970668266,16.041828226,16.1496960068,65005487
2022-01-14 00:00:00+00:00,16.5641033006,16.5945744251,16.1283662197,16.2228267057,72617226
2022-01-18 00:00:00+00:00,16.6433282244,16.7377887105,16.3995592281,16.5823859753,79775722
2022-01-19 00:00:00+00:00,16.6250455497,16.7469300478,16.3203343043,16.7286473731,66378734
2022-01-20 00:00:00+00:00,16.4665957021,16.7042704735,16.4300303526,16.5336321761,55659248
2022-01-21 00:00:00+00:00,16.2167324808,16.4544072522,16.1161777698,16.3568996537,79715443
2022-01-24 00:00:00+00:00,16.0521884083,16.1984498061,15.7170060383,15.9607750347,103016446
2022-01-25 00:00:00+00:00,16.137507557,16.2167324808,15.6621580142,15.94249236,115467389
2022-01-26 00:00:00+00:00,14.7784954025,16.4422188024,14.6627051292,16.4422188024,188252828
2022-01-27 00:00:00+00:00,14.6992704787,14.9460865875,14.3579938838,14.6627051292,116707201
2022-01-28 00:00:00+00:00,15.3635409937,15.3818236684,14.5895744303,14.6687993541,102063274
2022-01-31 00:00:00+00:00,15.540273516,15.5646504156,15.0039817241,15.2172795959,129691740
2022-02-01 00:00:00+00:00,14.8820972259,14.9917932743,14.6992704787,14.741930053,172591390
2022-02-02 00:00:00+00:00,14.9552279248,15.0527355234,14.6687993541,14.7541185028,93834946
2022-02-03 00:00:00+00:00,14.9674163746,15.177667134,14.8912385633,14.9308510252,63825652
2022-02-04 00:00:00+00:00,14.674893579,14.9551669826,14.61395133,14.9369452501,69719190
2022-02-07 00:00:00+00:00,14.5834802054,14.674893579,14.4037005706,14.6505166794,73169502
2022-02-08 00:00:00+00:00,14.5895744303,14.6962233662,14.5178454032,14.5530090809,42150683
2022-02-09 00:00:00+00:00,14.9308510252,14.9613221497,14.61395133,14.6322340047,53029970
2022-02-10 00:00:00+00:00,14.7784954025,15.0222643988,14.7541185028,14.9064741256,58431841
2022-02-11 00:00:00+00:00,14.7053647036,14.9064741256,14.6322340047,14.7876367398,60084638
2022-02-14 00:00:00+00:00,14.6566109043,14.7906838523,14.5286321812,14.647469567,57458231
2022-02-15 00:00:00+00:00,14.8333434267,14.9034270131,14.6931762538,14.7297416032,43614192
2022-02-16 00:00:00+00:00,14.5895744303,14.8302963142,14.4920668318,14.7297416032,60662446
2022-02-17 00:00:00+00:00,14.479878382,14.5956686552,14.3823707834,14.5225379563,61712499
2022-02-18 00:00:00+00:00,14.546914856,14.6017628801,14.3518996589,14.4494072574,62595462
2022-02-22 00:00:00+00:00,14.4737841571,14.6870820289,14.3640881087,14.4859726069,61891019
2022-02-23 00:00:00+00:00,14.3275227593,14.5834802054,14.2665805102,14.5042552816,50233184
2022-02-24 00:00:00+00:00,14.1568844618,14.193388869,13.8034194172,13.9923403893,92965766
2022-02-25 00:00:00+00:00,14.5712917556,14.691043275,14.2848631849,14.2909574098,59026978
2022-02-28 00:00:00+00:00,14.4372188076,14.4737841571,14.2665805102,14.3762765585,62788500
2022-03-01 00:00:00+00:00,14.3397112091,14.479878382,14.1203191124,14.3884650084,57663367
2022-03-02 00:00:00+00:00,14.5164437314,14.6535637919,14.3397112091,14.3579938838,45624784
2022-03-03 00:00:00+00:00,14.5712917556,14.6840349164,14.4311245827,14.5956686552,49218663
2022-03-04 00:00:00+00:00,14.546914856,14.5591033058,14.2848631849,14.4433130325,48198779
2022-03-07 00:00:00+00:00,14.3640881087,14.5438677435,14.3092400845,14.4250303578,50113466
2022-03-08 00:00:00+00:00,14.016717289,14.4006534582,14.016717289,14.3275227593,67277028
2022-03-09 00:00:00+00:00,14.1751671366,14.3336169842,14.1386017871,14.1934498113,58010968
2022-03-10 00:00:00+00:00,14.1325075622,14.1507902369,13.9801519395,14.1507902369,53623030
2022-03-11 00:00:00+00:00,14.1325075622,14.4433130325,14.1081306626,14.3823707834,72142203
2022-03-14 00:00:00+00:00,13.949680815,14.1629786867,13.9009270157,14.1507902369,65683369
2022-03-15 00:00:00+00:00,14.0715653131,14.1386017871,13.9618692648,14.0045288391,47089211
2022-03-16 00:00:00+00:00,14.1325075622,14.1904026988,13.9984346142,14.1081306626,49791110
2022-03-17 00:00:00+00:00,14.1325075622,14.1812613615,13.977104827,14.0898479878,41109028
2022-03-18 00:00:00+00:00,14.1507902369,14.2300151607,14.0289057388,14.1386017871,87206463
2022-03-21 00:00:00+00:00,14.1142248875,14.3275227593,14.0715653131,14.1507902369,50116001
2022-03-22 00:00:00+00:00,14.144696012,14.3153343095,14.1264133373,14.1751671366,39392558
2022-03-23 00:00:00+00:00,14.144696012,14.2909574098,14.1203191124,14.144696012,38180266
2022-03-24 00:00:00+00:00,14.2178267109,14.2300151607,14.1142248875,14.1629786867,37218476
2022-03-25 00:00:00+00:00,14.5286321812,14.5286321812,14.2178267109,14.2604862853,41809604
2022-03-28 00:00:00+00:00,14.546914856,14.6687993541,14.4494072574,14.6261397798,50968756
2022-03-29 00:00:00+00:00,14.6200455549,14.6627051292,14.5347264062,14.5895744303,43979883
2022-03-30 00:00:00+00:00,14.7114589285,14.7175531534,14.5773859805,14.6566109043,42385132
2022-03-31 00:00:00+00:00,14.4006534582,14.7114589285,14.3945592333,14.6261397798,69574666
2022-04-01 00:00:00+00:00,14.61395133,14.6261397798,14.2543920604,14.4555014823,53381480
2022-04-04 00:00:00+00:00,14.7358358281,14.7480242779,14.3640881087,14.5347264062,47210179
2022-04-05 00:00:00+00:00,14.5591033058,14.7145060409,14.5347264062,14.607857105,43471967
2022-04-06 00:00:00+00:00,14.6444224545,14.7114589285,14.379323671,14.4920668318,49327245
2022-04-07 00:00:00+00:00,14.4615957073,14.61395133,14.3823707834,14.5712917556,62815699
2022-04-08 00:00:00+00:00,14.7114589285,14.7724011776,14.345805434,14.4250303578,73121073
2022-04-11 00:00:00+00:00,15.8389636672,15.9519262201,15.2096008725,15.2418758876,157485278
2022-04-12 00:00:00+00:00,15.7824823908,16.2343326024,15.7421386219,15.9357887126,104795879
2022-04-13 00:00:00+00:00,15.8934277552,15.9507161148,15.5742497519,15.6479062142,64100538
2022-04-14 00:00:00+00:00,15.9916363716,16.0325566285,15.7215626765,15.8115872415,52731119
2022-04-18 00:00:00+00:00,15.9261639607,16.0161885257,15.7870350874,15.9016118066,54812748
2022-04-19 00:00:00+00:00,15.9507161148,16.0734768853,15.8688756011,15.9507161148,57496030
2022-04-20 00:00:00+00:00,15.9016118066,16.0325566285,15.7952191388,15.9752682689,47841451
2022-04-21 00:00:00+00:00,16.5399678132,16.6545445324,16.0652928339,16.1062130908,81259770
2022-04-22 00:00:00+00:00,15.9752682689,16.4090229914,15.9589001662,16.4049309657,68483566
2022-04-25 00:00:00+00:00,15.9670842175,16.2739861438,15.6397221628,16.1757775274,71861412
2022-04-26 00:00:00+00:00,15.7952191388,16.0816609367,15.7952191388,15.9179799093,50578523
2022-04-27 00:00:00+00:00,15.6069859574,15.844323447,15.5415135464,15.7379307792,66767014
2022-04-28 00:00:00+00:00,15.8934277552,16.0325566285,15.6315381115,15.754298882,67479409
2022-04-29 00:00:00+00:00,15.4351208787,15.8525074984,15.3942006218,15.844323447,70195438
2022-05-02 00:00:00+00:00,15.6479062142,15.8688756011,15.4351208787,15.5496975978,67551591
2022-05-03 00:00:00+00:00,15.8197712929,16.1062130908,15.5824338033,15.6970105224,62675309
2022-05-04 00:00:00+00:00,16.3271824777,16.3476426061,15.7236086893,15.7788510361,60580740
2022-05-05 00:00:00+00:00,16.3271824777,16.3599186832,16.1103051165,16.155317399,55503880
2022-05-06 00:00:00+00:00,16.3926548886,16.4581272996,16.089844988,16.2044217072,51506825
2022-05-09 00:00:00+00:00,15.999820423,16.4009207805,15.9343480121,16.3517346318,51563301
2022-05-10 00:00:00+00:00,15.844323447,16.245341964,15.7461148306,16.089844988,42465876
2022-05-11 00:00:00+00:00,15.9016118066,16.089844988,15.7870350874,15.9589001662,50074173
2022-05-12 00:00:00+00:00,16.1389492962,16.155317399,15.8688756011,15.8770596525,52686961
2022-05-13 00:00:00+00:00,16.2371579126,16.2535260154,15.9916363716,16.155317399,34107316
2022-05-16 00:00:00+00:00,16.5972561728,16.6790966865,16.1021210651,16.3108143749,40026961
2022-05-17 00:00:00+00:00,16.8345936625,16.9164341761,16.5645199673,16.6954647892,42938444
2022-05-18 00:00:00+00:00,16.556335916,16.8836979707,16.4704033766,16.7854893542,43342780
2022-05-19 00:00:00+00:00,16.5399678132,16.646360481,16.2944462722,16.3026303236,41588106
2022-05-20 00:00:00+00:00,16.6954647892,16.7118328919,16.4417591968,16.5399678132,47415765
2022-05-23 00:00:00+00:00,16.9737225357,17.1128514089,16.7118328919,16.801857457,46775082
2022-05-24 00:00:00+00:00,17.3174526931,17.3715492727,16.8591458166,17.0228268439,49841239
2022-05-25 00:00:00+00:00,17.4320294123,17.4893177718,17.2356121794,17.2847164877,40179427
2022-05-26 00:00:00+00:00,17.448397515,17.6202625937,17.4074772582,17.4975018232,28495526
2022-05-27 00:00:00+00:00,17.4238453609,17.5220539773,17.3092686418,17.4402134636,34169573
2022-05-31 00:00:00+00:00,17.4238453609,17.53842208,17.1619557171,17.3420048472,61515254
2022-06-01 00:00:00+00:00,17.3665570013,17.5711582855,17.2847164877,17.5466061314,35928933
2022-06-02 00:00:00+00:00,17.3420048472,17.3992932068,17.137403563,17.3992932068,27085159
2022-06-03 00:00:00+00:00,17.1046673576,17.3073863099,17.0228268439,17.2356121794,27796852
2022-06-06 00:00:00+00:00,17.137403563,17.2274281281,17.047378998,17.1210354603,22002924
2022-06-07 00:00:00+00:00,17.3010845904,17.3379128215,16.9982746898,17.1046673576,24977744
2022-06-08 00:00:00+00:00,17.2274281281,17.3460968729,17.1783238199,17.2601643336,20732913
2022-06-09 00:00:00+00:00,17.0882992548,17.3174526931,17.0801152035,17.202875974,24941249
2022-06-10 00:00:00+00:00,16.9328022789,17.0637471007,16.8836979707,16.9246182275,33584188
2022-06-13 00:00:00+00:00,16.1716855017,16.7691212515,16.1021210651,16.6954647892,56215858
2022-06-14 00:00:00+00:00,15.9179799093,16.3353665291,15.7964467465,16.2698941181,42638297
2022-06-15 00:00:00+00:00,15.909795858,16.1307652449,15.6970105224,16.0407406798,38941850
2022-06-16 00:00:00+00:00,15.5169613923,15.7870350874,15.2796239027,15.7788510361,67896413
2022-06-17 00:00:00+00:00,15.8606915497,15.8934277552,15.5496975978,15.6642743169,97645449
2022-06-21 00:00:00+00:00,16.3353665291,16.4090229914,15.9343480121,16.077568911,49307689
2022-06-22 00:00:00+00:00,16.6299923783,16.8182255597,16.2207898099,16.245341964,46613865
2022-06-23 00:00:00+00:00,16.8673298679,17.0064587412,16.433656986,16.7200169433,51713608
2022-06-24 00:00:00+00:00,17.1783238199,17.2356121794,16.7854893542,16.9409863302,47641663
2022-06-27 00:00:00+00:00,17.0064587412,17.215152051,16.9164341761,17.1455876144,32339898
2022-06-28 00:00:00+00:00,16.8673298679,17.2356121794,16.8591458166,17.1292195117,26760572
2022-06-29 00:00:00+00:00,17.1455876144,17.202875974,16.8100415084,16.9164341761,26585678
2022-06-30 00:00:00+00:00,17.1537716658,17.3092686418,16.9819065871,17.0146427925,37655687
2022-07-01 00:00:00+00:00,17.4402134636,17.5015938489,17.0801152035,17.1619557171,32762530
2022-07-05 00:00:00+00:00,17.3256367445,17.3379128215,17.0023667155,17.292900539,36980603
2022-07-06 00:00:00+00:00,17.2601643336,17.3747410527,17.0964833062,17.3256367445,27644985
2022-07-07 00:00:00+00:00,17.3092686418,17.448397515,17.2110600253,17.3256367445,27015412
2022-07-08 00:00:00+00:00,17.2499342693,17.4655584477,17.2084680812,17.3577463585,22366311
2022-07-11 00:00:00+00:00,17.1338289425,17.2956300087,17.1089492296,17.1752951307,23340969
2022-07-12 00:00:00+00:00,17.0840695168,17.2996936951,16.9596709523,17.1089492296,26448049
2022-07-13 00:00:00+00:00,16.9596709523,17.0840695168,16.7772197245,16.9596709523,25213051
2022-07-14 00:00:00+00:00,16.8601521008,16.876738576,16.6237948283,16.6942873482,26620991
2022-07-15 00:00:00+00:00,17.0591898039,17.0757762791,16.7606332492,17.034310091,23838015
2022-07-18 00:00:00+00:00,17.0260168533,17.1587086554,17.0094303781,17.1089492296,22507373
2022-07-19 00:00:00+00:00,17.2499342693,17.2996936951,17.0260168533,17.0840695168,21813064
2022-07-20 00:00:00+00:00,16.9845506652,17.2748139822,16.9182047642,17.2665207446,34207151
2022-07-21 00:00:00+00:00,15.690805595,15.8566703476,15.1268654362,15.7903244466,123409020
2022-07-22 00:00:00+00:00,15.2595572383,15.5000611295,15.1351586738,15.4751814166,72016305
2022-07-25 00:00:00+00:00,15.3673693274,15.466888179,15.2015045749,15.242970763,39493055
2022-07-26 00:00:00+00:00,15.176624862,15.2968768076,15.0771060104,15.2595572383,38885023
2022-07-27 00:00:00+00:00,15.2512640006,15.3341963769,15.1185721986,15.2180910501,36607436
2022-07-28 00:00:00+00:00,15.4088355156,15.5664070306,15.1641850055,15.176624862,41940101
2022-07-29 00:00:00+00:00,15.5747002682,15.6327529316,15.3259031393,15.3507828522,40819755
2022-08-01 00:00:00+00:00,15.53323408,15.6493394068,15.4337152285,15.6327529316,37087767
2022-08-02 00:00:00+00:00,15.2263842877,15.5415273177,15.1932113372,15.5249408424,43625163
2022-08-03 00:00:00+00:00,15.2346775254,15.3466362334,15.1849180996,15.2761437135,35524333
2022-08-04 00:00:00+00:00,15.1517451491,15.242970763,15.1102789609,15.1849180996,28287824
2022-08-05 00:00:00+00:00,15.2180910501,15.2263842877,15.0024668717,15.1517451491,32726396
2022-08-08 00:00:00+00:00,14.9278277331,15.2637038571,14.9278277331,15.2263842877,44081700
2022-08-09 00:00:00+00:00,15.0107601094,15.1102789609,14.9610006836,14.9610006836,33257462
2022-08-10 00:00:00+00:00,14.9361209707,15.1351586738,14.9195344955,15.1102789609,50229507
2022-08-11 00:00:00+00:00,14.9610006836,15.0688127728,14.9361209707,14.9775871589,40798898
2022-08-12 00:00:00+00:00,15.1517451491,15.1517451491,15.0024668717,15.0107601094,25822303
2022-08-15 00:00:00+00:00,15.2512640006,15.309316664,15.085399248,15.085399248,28845380
2022-08-16 00:00:00+00:00,15.400542278,15.5083543671,15.2346775254,15.2346775254,34240980
2022-08-17 00:00:00+00:00,15.2761437135,15.4337152285,15.1932113372,15.2761437135,23772331
2022-08-18 00:00:00+00:00,15.2844369512,15.3673693274,15.0771060104,15.1434519115,33817371
2022-08-19 00:00:00+00:00,15.2844369512,15.3507828522,15.1932113372,15.242970763,27161443
2022-08-22 00:00:00+00:00,15.0356398223,15.2015045749,14.9858803965,15.1849180996,32057068
2022-08-23 00:00:00+00:00,14.9775871589,15.085399248,14.9444142083,15.019053347,27298198
2022-08-24 00:00:00+00:00,14.9361209707,14.9858803965,14.8158690251,14.9858803965,30647745
2022-08-25 00:00:00+00:00,15.0024668717,15.0107601094,14.8780683073,14.9692939212,25198614
2022-08-26 00:00:00+00:00,14.8366021192,15.0024668717,14.8034291686,14.9444142083,30590663
2022-08-29 00:00:00+00:00,14.7453765052,14.861481832,14.6873238418,14.7702562181,25388175
2022-08-30 00:00:00+00:00,14.7785494558,14.8448953568,14.7204967923,14.7702562181,32481912
2022-08-31 00:00:00+00:00,14.5463388021,14.8117224063,14.5173124704,14.7785494558,46669909
2022-09-01 00:00:00+00:00,14.5131658516,14.6541508913,14.4385267129,14.504872614,30623244
2022-09-02 00:00:00+00:00,14.2560754851,14.6085380843,14.2311957722,14.571218515,36489608
2022-09-06 00:00:00+00:00,13.9243459799,14.2892484356,13.9160527423,14.2643687227,56595783
2022-09-07 00:00:00+00:00,13.990691881,14.2104626781,13.833120366,13.899466267,55566578
2022-09-08 00:00:00+00:00,13.9077595047,14.0404513067,13.8463895462,13.9823986433,49770857
2022-09-09 00:00:00+00:00,14.123383683,14.1565566335,13.9823986433,14.0321580691,55150785
2022-09-12 00:00:00+00:00,14.4136470001,14.4302334753,14.123383683,14.1565566335,43425012
2022-09-13 00:00:00+00:00,13.9575189304,14.3638875743,13.9160527423,14.2477822475,42274585
2022-09-14 00:00:00+00:00,13.9077595047,14.0319922043,13.8497068413,14.0072783562,41000337
2022-09-15 00:00:00+00:00,13.899466267,14.0321580691,13.7916541778,13.9575189304,38637255
2022-09-16 00:00:00+00:00,13.8828797918,13.9409324552,13.7253082768,13.8248271284,69825935
2022-09-19 00:00:00+00:00,13.899466267,13.9823986433,13.7501879897,13.7916541778,33805281
2022-09-20 00:00:00+00:00,13.7336015144,13.8082406531,13.6506691381,13.8082406531,36187487
2022-09-21 00:00:00+00:00,13.4765111479,13.8165338907,13.4765111479,13.7501879897,38815583
2022-09-22 00:00:00+00:00,13.4682179103,13.5843232371,13.385285534,13.4848043856,37716959
2022-09-23 00:00:00+00:00,13.2774734448,13.3769922964,13.1447816427,13.3521125835,46225624
2022-09-26 00:00:00+00:00,12.9955033654,13.2525937319,12.9208642267,13.1945410685,46841195
2022-09-27 00:00:00+00:00,13.0452627912,13.2940599201,12.9955033654,13.1116086922,41183424
2022-09-28 00:00:00+00:00,13.1281951675,13.2028343061,13.0286763159,13.0867289793,42670752
2022-09-29 00:00:00+00:00,12.8793980386,13.0618492664,12.779879187,12.9955033654,51308347
2022-09-30 00:00:00+00:00,12.7218265236,13.003796603,12.7218265236,12.8793980386,63932744
2022-10-03 00:00:00+00:00,13.1862478309,13.4143118657,12.9872101278,13.0452627912,59540471
2022-10-04 00:00:00+00:00,13.3438193459,13.3935787716,13.1779545933,13.2608869696,46876220
2022-10-05 00:00:00+00:00,13.2111275438,13.385285534,13.0701425041,13.2443004943,38250090
2022-10-06 00:00:00+00:00,12.9353773926,13.3491068262,12.9269339348,13.2055680431,52923865
2022-10-07 00:00:00+00:00,12.6145259951,12.8690962486,12.5807521638,12.8593862721,53446897
2022-10-10 00:00:00+00:00,12.5807521638,12.7749516939,12.4625437542,12.6651867421,43852638
2022-10-11 00:00:00+00:00,12.5047610434,12.5891956216,12.3949960916,12.5385348747,49661493
2022-10-12 00:00:00+00:00,12.3527788025,12.6103042662,12.3443353446,12.4625437542,46719587
2022-10-13 00:00:00+00:00,12.766508236,12.7918386095,12.2092400194,12.2345703929,60354521
2022-10-14 00:00:00+00:00,12.6567432843,12.8931601035,12.6398563686,12.8256124408,47240338
2022-10-17 00:00:00+00:00,12.9269339348,13.0029250552,12.7327344047,12.7833951517,44240705
2022-10-18 00:00:00+00:00,13.1717942118,13.2562287901,13.0451423444,13.1380203805,49420243
2022-10-19 00:00:00+00:00,13.1211334648,13.306889537,13.0029250552,13.0535858022,47349092
2022-10-20 00:00:00+00:00,14.1343484042,14.488973633,13.6108540188,13.6868451393,117495741
2022-10-21 00:00:00+00:00,14.438312886,14.6916166208,14.1596787777,14.2103395246,81050681
2022-10-24 00:00:00+00:00,14.7844946569,15.0715722231,14.683173163,14.7169469943,69196482
2022-10-25 00:00:00+00:00,14.9364768979,15.1053460544,14.7760511991,14.8013815726,58235104
2022-10-26 00:00:00+00:00,15.3164325001,15.3967297841,14.9955811026,15.0715722231,65201017
2022-10-27 00:00:00+00:00,15.223554464,15.4937451145,15.1897806327,15.4937451145,53975498
2022-10-28 00:00:00+00:00,15.6035100663,15.6963881024,15.3924236206,15.4346409097,55833922
2022-10-31 00:00:00+00:00,15.3924236206,15.5275189458,15.3079890423,15.4937451145,47573949
2022-11-01 00:00:00+00:00,15.4937451145,15.6879446445,15.4040755924,15.6795011867,48025723
2022-11-02 00:00:00+00:00,15.5612927771,15.8737007168,15.421975723,15.4261974519,49201073
2022-11-03 00:00:00+00:00,15.3417628736,15.4768581988,15.2573282953,15.3417628736,41249439
2022-11-04 00:00:00+00:00,15.468414741,15.5444058615,15.274215211,15.4853016567,39458723
2022-11-07 00:00:00+00:00,15.5021885723,15.5359624036,15.3248759579,15.4853016567,39985216
2022-11-08 00:00:00+00:00,15.6795011867,15.814596512,15.4473060964,15.519075488,43210379
2022-11-09 00:00:00+00:00,15.519075488,15.8061530541,15.519075488,15.6035100663,41838444
2022-11-10 00:00:00+00:00,15.9074745481,16.0172394998,15.6879446445,15.8990310903,46482727
2022-11-11 00:00:00+00:00,16.0847871625,16.1523348251,15.8568138011,15.8905876324,52519514
2022-11-14 00:00:00+00:00,16.0932306203,16.3465343551,16.0763437046,16.105895807,37316467
2022-11-15 00:00:00+00:00,16.059456789,16.3718647286,15.8821441746,16.1438913673,49339280
2022-11-16 00:00:00+00:00,15.9834656685,16.0847871625,15.8568138011,16.0425698733,32155441
2022-11-17 00:00:00+00:00,16.0003525842,16.0341264155,15.6372838976,15.7977095963,36007803
2022-11-18 00:00:00+00:00,16.0172394998,16.1438913673,15.9750222107,16.0763437046,34211309
2022-11-21 00:00:00+00:00,15.9074745481,16.105895807,15.8399268855,16.0214612288,31911448
2022-11-22 00:00:00+00:00,16.0425698733,16.0763437046,15.9496918372,15.958135295,33770953
2022-11-23 00:00:00+00:00,16.1185609938,16.1396696384,15.9496918372,15.9834656685,21486024
2022-11-25 00:00:00+00:00,16.1438913673,16.2832084214,16.0974523492,16.1861086564,13782713
2022-11-28 00:00:00+00:00,15.8905876324,16.1692217407,15.8483703433,16.1227827227,27787847
2022-11-29 00:00:00+00:00,16.0510133312,16.0679002468,15.8314834276,15.8652572589,24087955
2022-11-30 00:00:00+00:00,16.2789866925,16.2789866925,15.8737007168,15.9919091264,59293423
2022-12-01 00:00:00+00:00,16.2029955721,16.3803081864,16.1143392649,16.2874301503,31615469
2022-12-02 00:00:00+00:00,16.059456789,16.0932306203,15.9201397348,16.0847871625,33479648
2022-12-05 00:00:00+00:00,15.8314834276,16.0256829577,15.7808226807,15.9750222107,28698037
2022-12-06 00:00:00+00:00,16.1861086564,16.1945521142,15.8821441746,15.9496918372,45858132
2022-12-07 00:00:00+00:00,16.2958736082,16.3971951021,16.0425698733,16.0847871625,45381037
2022-12-08 00:00:00+00:00,16.1438913673,16.4816296804,16.059456789,16.4056385599,45761101
2022-12-09 00:00:00+00:00,16.1185609938,16.3380908973,16.0679002468,16.1016740781,29815562
2022-12-12 00:00:00+00:00,16.2958736082,16.304317066,16.1016740781,16.1607782829,31333483
2022-12-13 00:00:00+00:00,16.1438913673,16.4647427647,16.1016740781,16.3887516443,54142090
2022-12-14 00:00:00+00:00,15.958135295,16.1270044516,15.8399268855,16.0847871625,44027741
2022-12-15 00:00:00+00:00,15.5950666084,15.8821441746,15.5021885723,15.7343836626,47282183
2022-12-16 00:00:00+00:00,15.6119535241,15.6288404398,15.3797584338,15.4979668434,76412515
2022-12-19 00:00:00+00:00,15.0800156809,15.468414741,14.8900378798,15.421975723,62216947
2022-12-20 00:00:00+00:00,15.2573282953,15.274215211,15.0546853074,15.0715722231,40922709
2022-12-21 00:00:00+00:00,15.3248759579,15.4261974519,15.2573282953,15.3502063314,42316196
2022-12-22 00:00:00+00:00,15.4261974519,15.4346409097,15.1306764279,15.2066675483,32614993
2022-12-23 00:00:00+00:00,15.4599712832,15.468414741,15.2827431034,15.3417628736,25164051
2022-12-27 00:00:00+00:00,15.5866231506,15.6372838976,15.3839801627,15.4093105362,30382455
2022-12-28 00:00:00+00:00,15.3839801627,15.6583925422,15.3586497893,15.5781796928,26632293
2022-12-29 00:00:00+00:00,15.5781796928,15.6626142711,15.4008670784,15.4261974519,23765855
2022-12-30 00:00:00+00:00,15.5444058615,15.6035100663,15.3839801627,15.5528493193,26204237
2023-01-03 00:00:00+00:00,15.8230399698,15.9159180059,15.5444058615,15.6288404398,42149170
2023-01-04 00:00:00+00:00,16.1607782829,16.354977813,15.8821441746,15.9328049216,43926755
2023-01-05 00:00:00+00:00,16.2198824877,16.3127605238,16.008796042,16.1607782829,31081839
2023-01-06 00:00:00+00:00,16.4900731382,16.7096030417,16.3296474395,16.3380908973,36050329
2023-01-09 00:00:00+00:00,16.3106496594,16.4819800129,16.2592505533,16.4776967541,51981064
2023-01-10 00:00:00+00:00,16.6790099195,16.6875764372,16.4477139422,16.5762117074,32869494
2023-01-11 00:00:00+00:00,16.6276108135,16.6961429549,16.4905465306,16.6790099195,30010227
2023-01-12 00:00:00+00:00,16.6276108135,16.7646750963,16.5933447428,16.6875764372,31740354
2023-01-13 00:00:00+00:00,16.747542061,16.7818081317,16.5205293425,16.6061945193,25479977
2023-01-17 00:00:00+00:00,16.559078672,16.7646750963,16.5033963071,16.747542061,38801049
2023-01-18 00:00:00+00:00,16.293516624,16.559078672,16.2506840356,16.5248126013,38023707
2023-01-19 00:00:00+00:00,16.2249844826,16.293516624,16.0922034586,16.2164179649,40180782
2023-01-20 00:00:00+00:00,16.4734134953,16.4734134953,16.0793536821,16.2421175179,37836624
2023-01-23 00:00:00+00:00,16.3620487654,16.6190442958,16.2592505533,16.4734134953,32890784
2023-01-24 00:00:00+00:00,16.4134478715,18.4437125613,16.0193880583,16.2506840356,32858500
2023-01-25 00:00:00+00:00,17.492829099,17.544228205,16.9103058968,16.9188724145,73582116
2023-01-26 00:00:00+00:00,17.1330353565,17.4071639222,16.9702715206,17.3643313338,47400914
2023-01-27 00:00:00+00:00,17.0902027681,17.2187005333,16.9702715206,17.0902027681,37093996
2023-01-30 00:00:00+00:00,17.2700996393,17.3557648161,17.038803662,17.0645032151,37245959
2023-01-31 00:00:00+00:00,17.4499965106,17.4585630283,17.1930009802,17.2700996393,36575932
2023-02-01 00:00:00+00:00,17.2872326747,17.5613612404,17.1930009802,17.5356616874,40172549
2023-02-02 00:00:00+00:00,17.3728978515,17.5527947227,17.1673014272,17.2187005333,34968831
2023-02-03 00:00:00+00:00,16.9874045559,17.3557648161,16.9402887087,17.3214987454,31599941
2023-02-06 00:00:00+00:00,16.773241614,16.9274389322,16.6961429549,16.9188724145,30929765
2023-02-07 00:00:00+00:00,16.4905465306,16.7389755433,16.3534822478,16.6961429549,36534418
2023-02-08 00:00:00+00:00,16.4134478715,16.4648469776,16.2892333652,16.3534822478,29805219
2023-02-09 00:00:00+00:00,16.2506840356,16.4905465306,16.1821518942,16.4562804599,28320910
2023-02-10 00:00:00+00:00,16.3363492124,16.3706152831,16.1307527881,16.3020831417,24931150
2023-02-13 00:00:00+00:00,16.4991130483,16.5505121544,16.267817071,16.2849501063,21668665
2023-02-14 00:00:00+00:00,16.4048813538,16.5762117074,16.3020831417,16.533379119,23195192
2023-02-15 00:00:00+00:00,16.4905465306,16.507679566,16.2635338121,16.2849501063,31155538
2023-02-16 00:00:00+00:00,16.4991130483,16.6318940723,16.2164179649,16.3106496594,35161148
2023-02-17 00:00:00+00:00,16.6533103665,16.7132759902,16.3877483185,16.4991130483,29997547
2023-02-21 00:00:00+00:00,16.4562804599,16.5847782251,16.3877483185,16.4648469776,28220330
2023-02-22 00:00:00+00:00,16.6019112604,16.6447438488,16.4605637187,16.4648469776,25308792
2023-02-23 00:00:00+00:00,16.5762117074,16.773241614,16.4991130483,16.6361773311,24845773
2023-02-24 00:00:00+00:00,16.4819800129,16.507679566,16.2549672945,16.4991130483,29138136
2023-02-27 00:00:00+00:00,16.3020831417,16.5676451897,16.2849501063,16.533379119,22981105
2023-02-28 00:00:00+00:00,16.1992849296,16.3020831417,16.1393193058,16.293516624,34154826
2023-03-01 00:00:00+00:00,15.9851219876,16.1564523412,15.8994568108,16.1307527881,23339850
2023-03-02 00:00:00+00:00,15.9851219876,16.0622206467,15.8480577047,15.8737572578,24188168
2023-03-03 00:00:00+00:00,16.1136197528,16.1478858235,15.9936885053,16.0193880583,23501477
2023-03-06 00:00:00+00:00,16.0793536821,16.2421175179,16.0793536821,16.1478858235,24072147
2023-03-07 00:00:00+00:00,16.027954576,16.2164179649,15.9337228815,16.1050532351,27944036
2023-03-08 00:00:00+00:00,15.9422893992,15.9679889522,15.573929139,15.9080233285,31510317
2023-03-09 00:00:00+00:00,15.6938603865,16.0193880583,15.6852938689,16.0193880583,24711104
2023-03-10 00:00:00+00:00,15.788092081,15.8394911871,15.6253282451,15.6595943158,32018524
2023-03-13 00:00:00+00:00,15.6767273512,15.9847793269,15.6081952098,15.6510277981,39834982
2023-03-14 00:00:00+00:00,15.7966585987,15.8566242224,15.5996286921,15.7366929749,32076205
2023-03-15 00:00:00+00:00,15.6852938689,15.7109934219,15.4668476681,15.5910621744,34436388
2023-03-16 00:00:00+00:00,15.7538260103,15.7868927685,15.4754141857,15.6167617274,31733375
2023-03-17 00:00:00+00:00,15.5310965506,15.7195599396,15.4454313739,15.6938603865,58728602
2023-03-20 00:00:00+00:00,15.8394911871,15.9165898462,15.6081952098,15.6510277981,27382101
2023-03-21 00:00:00+00:00,15.8823237755,16.0365210937,15.7923753398,15.9979717641,24313184
2023-03-22 00:00:00+00:00,15.7538260103,16.0365210937,15.7452594926,15.9422893992,21071095
2023-03-23 00:00:00+00:00,15.813791634,15.9080233285,15.7109934219,15.7709590456,28957808
2023-03-24 00:00:00+00:00,15.9422893992,15.9851219876,15.7195599396,15.8052251164,32061597
2023-03-27 00:00:00+00:00,16.1650188588,16.2335510003,16.0236713171,16.053654129,26650453
2023-03-28 00:00:00+00:00,16.0365210937,16.267817071,16.0365210937,16.1393193058,21547161
2023-03-29 00:00:00+00:00,16.2763835887,16.319216177,16.1307527881,16.1564523412,23149448
2023-03-30 00:00:00+00:00,16.3449157301,16.3963148362,16.2592505533,16.2806668475,19736256
2023-03-31 00:00:00+00:00,16.4905465306,16.4905465306,16.3020831417,16.3791818008,27130925
2023-04-03 00:00:00+00:00,16.6104777781,16.6832931784,16.4477139422,16.507679566,31102535
2023-04-04 00:00:00+00:00,16.8246407201,16.8332072377,16.6104777781,16.7218425079,34207621
2023-04-05 00:00:00+00:00,17.0302371443,17.0730697327,16.7775248728,16.8075076847,38673247
2023-04-06 00:00:00+00:00,17.0709281033,17.1925530364,16.9493031703,17.0709281033,29722558
2023-04-10 00:00:00+00:00,17.0014281416,17.0274906272,16.8711157133,16.9145531894,23617542
2023-04-11 00:00:00+00:00,17.1056780842,17.296802979,17.0057718892,17.018803132,24664840
2023-04-12 00:00:00+00:00,17.1751780459,17.2707404933,17.0709281033,17.1925530364,28179531
2023-04-13 00:00:00+00:00,17.3402404551,17.3576154455,17.0796155985,17.2446780077,25253874
2023-04-14 00:00:00+00:00,17.3141779694,17.3663029407,17.1751780459,17.3315529599,24948446
2023-04-17 00:00:00+00:00,17.1925530364,17.3054904742,17.0709281033,17.2881154838,23433911
2023-04-18 00:00:00+00:00,17.218615522,17.2620529981,17.0709281033,17.2273030172,28517402
2023-04-19 00:00:00+00:00,17.1143655794,17.2273030172,17.0361781224,17.1838655411,31537199
2023-04-20 00:00:00+00:00,15.3334290597,16.262991048,15.2552416028,16.2543035528,129904844
2023-04-21 00:00:00+00:00,15.8286162871,15.9849912011,15.4898039736,15.5245539545,76810214
2023-04-24 00:00:00+00:00,15.2291791171,15.7408725854,15.2118041267,15.7156788493,60001379
2023-04-25 00:00:00+00:00,15.2118041267,15.4376790023,15.1596791554,15.2118041267,46691792
2023-04-26 00:00:00+00:00,14.9424917749,15.3421165549,14.9338042797,15.1075541841,42589870
2023-04-27 00:00:00+00:00,15.2986790788,15.3160540693,15.0814916984,15.0988666888,36926914
2023-04-28 00:00:00+00:00,15.3508040502,15.4159602643,15.0988666888,15.1336166697,40675800
2023-05-01 00:00:00+00:00,15.2031166314,15.4246477595,15.1944291362,15.4116165167,35510207
2023-05-02 00:00:00+00:00,14.8295543371,15.1423041649,14.7948043562,15.0814916984,39398107
2023-05-03 00:00:00+00:00,14.8469293275,14.985929251,14.8295543371,14.8990542988,32213142
2023-05-04 00:00:00+00:00,14.6905544136,14.836938708,14.6384294423,14.786116861,27422691
2023-05-05 00:00:00+00:00,14.8816793084,14.8816793084,14.6644919279,14.7513668801,23712264
2023-05-08 00:00:00+00:00,14.8729918132,14.9164292893,14.7253043945,14.7774293658,32091038
2023-05-09 00:00:00+00:00,14.786116861,14.8643043179,14.6905544136,14.8556168227,29058356
2023-05-10 00:00:00+00:00,14.8034918514,14.8556168227,14.6471169375,14.8208668419,32892425
2023-05-11 00:00:00+00:00,14.7339918897,14.7687418706,14.6644919279,14.7253043945,21332611
2023-05-12 00:00:00+00:00,14.7948043562,14.9338042797,14.7253043945,14.7687418706,27280574
2023-05-15 00:00:00+00:00,14.7253043945,14.8512730751,14.7166168992,14.7687418706,28697250
2023-05-16 00:00:00+00:00,14.3604295953,14.7166168992,14.3430546049,14.707929404,31200292
2023-05-17 00:00:00+00:00,14.4733670331,14.5515544901,14.3778045857,14.4733670331,34154737
2023-05-18 00:00:00+00:00,14.3778045857,14.4646795379,14.2214296718,14.4212420618,39142046
2023-05-19 00:00:00+00:00,14.1693047005,14.4646795379,14.1519297101,14.4125545666,46679368
2023-05-22 00:00:00+00:00,14.230117167,14.2735546431,14.0389922722,14.2040546814,42251592
2023-05-23 00:00:00+00:00,13.9868673009,14.1606172053,13.9608048153,14.1258672244,45314834
2023-05-24 00:00:00+00:00,13.8565548727,14.0042422914,13.8565548727,13.9955547962,34236861
2023-05-25 00:00:00+00:00,13.1615552552,13.6133050066,13.031242827,13.6133050066,102758196
2023-05-26 00:00:00+00:00,13.4656175879,13.5698675305,13.1876177409,13.231055217,50164934
2023-05-30 00:00:00+00:00,13.5872425209,13.630679997,13.3961176261,13.4569300926,35346736
2023-05-31 00:00:00+00:00,13.6654299779,13.7870549109,13.5698675305,13.6046175113,67735068
2023-06-01 00:00:00+00:00,13.7349299396,13.7870549109,13.5742112781,13.6828049683,31363773
2023-06-02 00:00:00+00:00,13.2136802265,13.3961176261,12.9009303987,13.1007427887,105292874
2023-06-05 00:00:00+00:00,13.3700551405,13.4134926165,13.2484302074,13.3179301691,39528290
2023-06-06 00:00:00+00:00,13.6133050066,13.6828049683,13.3439926548,13.430867607,39037180
2023-06-07 00:00:00+00:00,13.9868673009,14.0042422914,13.5264300544,13.5785550257,43584209
2023-06-08 00:00:00+00:00,13.9608048153,13.9680154363,13.7957424061,13.9347423296,32833653
2023-06-09 00:00:00+00:00,13.8565548727,14.0129297866,13.8218048918,13.908679844,24666316
2023-06-12 00:00:00+00:00,13.8391798822,13.8999923488,13.7436174348,13.8565548727,27544049
2023-06-13 00:00:00+00:00,13.7436174348,13.8739298631,13.6176487542,13.7262424444,41578194
2023-06-14 00:00:00+00:00,13.7609924253,13.9130235916,13.7436174348,13.8131173966,26782423
2023-06-15 00:00:00+00:00,13.9260548344,13.9868673009,13.7189449484,13.7957424061,30535162
2023-06-16 00:00:00+00:00,13.9521173201,14.0129297866,13.8652423679,13.9868673009,64149044
2023-06-20 00:00:00+00:00,13.708867454,13.9694923105,13.7001799587,13.9173673392,35360536
2023-06-21 00:00:00+00:00,13.5611800353,13.6567424826,13.4569300926,13.6393674922,40676424
2023-06-22 00:00:00+00:00,13.5351175496,13.5872425209,13.4395551022,13.5264300544,30281623
2023-06-23 00:00:00+00:00,13.4221801118,13.6654299779,13.3961176261,13.5785550257,37408525
2023-06-26 00:00:00+00:00,13.5785550257,13.5959300161,13.4048051213,13.430867607,28616621
2023-06-27 00:00:00+00:00,13.7609924253,13.8044299014,13.4916800735,13.5090550639,31456985
2023-06-28 00:00:00+00:00,13.708867454,13.7609924253,13.5611800353,13.7349299396,26156374
2023-06-29 00:00:00+00:00,13.8826173583,13.908679844,13.6741174731,13.6741174731,27298284
2023-06-30 00:00:00+00:00,13.8565548727,13.930398582,13.75230493,13.8999923488,40465311
2023-07-03 00:00:00+00:00,14.0042422914,14.0042422914,13.8565548727,13.8565548727,18424159
2023-07-05 00:00:00+00:00,13.9608048153,14.0998047388,13.8999923488,13.9694923105,32988063
2023-07-06 00:00:00+00:00,13.7870549109,13.9260548344,13.7609924253,13.908679844,33351015
2023-07-07 00:00:00+00:00,13.8022580276,13.9260450951,13.7315225604,13.7403644938,28998267
2023-07-10 00:00:00+00:00,13.5016322922,13.7447854605,13.4574226252,13.722680627,45305500
2023-07-11 00:00:00+00:00,13.4662645586,13.5679467926,13.3601613579,13.519316159,39687999
2023-07-12 00:00:00+00:00,13.3690032913,13.4972113255,13.3513194245,13.475106492,46478345
2023-07-13 00:00:00+00:00,13.3690032913,13.4132129582,13.2717420239,13.3822661914,40508184
2023-07-14 00:00:00+00:00,12.8208034209,13.0949033561,12.6351228196,13.0860614227,101745447
2023-07-17 00:00:00+00:00,11.9631358817,12.5643873524,11.9189262147,12.4848099519,160933417
2023-07-18 00:00:00+00:00,11.8924004145,12.3698648178,11.8747165477,11.9631358817,132538732
2023-07-19 00:00:00+00:00,12.9003808214,12.9445904884,12.6174389528,12.6616486198,142144700
2023-07-20 00:00:00+00:00,12.9622743552,12.9622743552,12.7780084632,12.9003808214,76867898
2023-07-21 00:00:00+00:00,13.0506936891,13.0683775559,12.9092227548,12.9180646882,49225391
2023-07-24 00:00:00+00:00,13.2186904236,13.3424774911,13.0683775559,13.0683775559,49475738
2023-07-25 00:00:00+00:00,13.0860614227,13.3601613579,13.0153259555,13.3336355577,59669837
2023-07-26 00:00:00+00:00,13.1656388232,13.2363742904,12.847329221,13.18332269,63191544
2023-07-27 00:00:00+00:00,12.8296453542,13.1921646234,12.8208034209,13.1656388232,65495958
2023-07-28 00:00:00+00:00,12.7765937539,12.9711162885,12.7677518205,12.9003808214,51420561
2023-07-31 00:00:00+00:00,12.8384872876,12.9003808214,12.7412260203,12.7854356873,47585574
2023-08-01 00:00:00+00:00,12.643964753,12.8826969546,12.6085970194,12.8738550212,46332985
2023-08-02 00:00:00+00:00,12.6881744199,12.8738550212,12.5643873524,12.6351228196,41739077
2023-08-03 00:00:00+00:00,12.4582841517,12.6085970194,12.4052325513,12.5909131526,40848091
2023-08-04 00:00:00+00:00,12.3787067512,12.4759680185,12.3787067512,12.4229164181,38965007
2023-08-07 00:00:00+00:00,12.3875486846,12.4582841517,12.2814454838,12.3875486846,38109902
2023-08-08 00:00:00+00:00,12.5378615523,12.555545419,12.3256551508,12.3256551508,39075057
2023-08-09 00:00:00+00:00,12.6174389528,12.6881744199,12.5113357521,12.5290196189,33951700
2023-08-10 00:00:00+00:00,12.5290196189,12.6881744199,12.5290196189,12.6351228196,33556423
2023-08-11 00:00:00+00:00,12.7058582867,12.7323840869,12.4848099519,12.5069147854,31237083
2023-08-14 00:00:00+00:00,12.6085970194,12.7058582867,12.5378615523,12.6528066864,26901398
2023-08-15 00:00:00+00:00,12.5024938187,12.5643873524,12.4671260851,12.555545419,26393583
2023-08-16 00:00:00+00:00,12.4671260851,12.5467034856,12.3875486846,12.5113357521,29440328
2023-08-17 00:00:00+00:00,12.3875486846,12.5157567188,12.3698648178,12.4936518853,36036709
2023-08-18 00:00:00+00:00,12.4229164181,12.5024938187,12.3344970842,12.352180951,32213555
2023-08-21 00:00:00+00:00,12.4671260851,12.5024938187,12.307971284,12.396390618,47841439
2023-08-22 00:00:00+00:00,12.6085970194,12.6616486198,12.4052325513,12.4582841517,43201018
2023-08-23 00:00:00+00:00,12.5201776855,12.6881744199,12.5024938187,12.6085970194,29371062
2023-08-24 00:00:00+00:00,12.5113357521,12.6262808862,12.4140744847,12.4140744847,29780078
2023-08-25 00:00:00+00:00,12.4759680185,12.5643873524,12.4229164181,12.5290196189,22107740
2023-08-28 00:00:00+00:00,12.5643873524,12.6130179861,12.4759680185,12.5378615523,30173724
2023-08-29 00:00:00+00:00,13.0595356225,13.0949033561,12.7765937539,12.7765937539,45429008
2023-08-30 00:00:00+00:00,13.0241678889,13.2540581571,12.9976420887,13.1567968898,26065343
2023-08-31 00:00:00+00:00,13.0772194893,13.1567968898,12.9976420887,13.0860614227,45406173
2023-09-01 00:00:00+00:00,12.9534324218,13.139113023,12.9445904884,13.0949033561,20292900
2023-09-05 00:00:00+00:00,12.8031195541,13.0418517557,12.7942776207,12.9534324218,28402921
2023-09-06 00:00:00+00:00,12.9180646882,13.0418517557,12.6616486198,12.7589098871,43010140
2023-09-07 00:00:00+00:00,12.9180646882,13.0506936891,12.8650130878,12.9092227548,30699115
2023-09-08 00:00:00+00:00,12.7323840869,12.9180646882,12.6970163533,12.9180646882,28287768
2023-09-11 00:00:00+00:00,12.8384872876,12.9003808214,12.7633308538,12.7942776207,28625021
2023-09-12 00:00:00+00:00,12.7854356873,12.8826969546,12.7147002201,12.847329221,27383338
2023-09-13 00:00:00+00:00,12.9269066216,12.9755372552,12.7942776207,12.8650130878,30916587
2023-09-14 00:00:00+00:00,13.3159516909,13.3999500581,13.1435339897,13.1744807566,55154996
2023-09-15 00:00:00+00:00,13.4662645586,13.5281580923,13.2231113903,13.2629000905,80594245
2023-09-18 00:00:00+00:00,13.3424774911,13.4574226252,13.2805839573,13.4132129582,29972535
2023-09-19 00:00:00+00:00,13.4485806918,13.4795274587,13.3026887908,13.3159516909,33196722
2023-09-20 00:00:00+00:00,13.7492064272,13.9083612283,13.5016322922,13.5104742256,45303595
2023-09-21 00:00:00+00:00,13.5370000257,13.7403644938,13.519316159,13.6254193597,33709196
2023-09-22 00:00:00+00:00,13.3690032913,13.5812096927,13.3071097575,13.5546838925,33967661
2023-09-25 00:00:00+00:00,13.3159516909,13.3601613579,13.1302710896,13.3071097575,30428694
2023-09-26 00:00:00+00:00,13.2805839573,13.3336355577,12.9749183199,13.0860614227,35411976
2023-09-27 00:00:00+00:00,13.1479549564,13.2717420239,13.0860614227,13.2717420239,27561603
2023-09-28 00:00:00+00:00,13.2717420239,13.2805839573,13.1567968898,13.1656388232,27817623
2023-09-29 00:00:00+00:00,13.2805839573,13.3513194245,13.18332269,13.2982678241,29640866
2023-10-02 00:00:00+00:00,12.9711162885,13.3380565244,12.9622743552,13.2982678241,36600218
2023-10-03 00:00:00+00:00,13.0683775559,13.1037452894,12.891538888,12.9711162885,36830846
2023-10-04 00:00:00+00:00,12.9534324218,13.0241678889,12.7765937539,12.9622743552,37089003
2023-10-05 00:00:00+00:00,13.1125872228,13.1567968898,12.9313275883,12.935748555,32171501
2023-10-06 00:00:00+00:00,13.0219574056,13.0760278169,12.724570143,12.9949221999,53313473
2023-10-09 00:00:00+00:00,13.274285992,13.2923094624,13.0309691408,13.039980876,30659763
2023-10-10 00:00:00+00:00,13.4815559022,13.4995793727,13.238239051,13.238239051,35746767
2023-10-11 00:00:00+00:00,13.3103329329,13.5626615193,13.2292273158,13.472544167,31793518
2023-10-12 00:00:00+00:00,13.0219574056,13.2202155806,12.8724527181,13.1931803749,38543666
2023-10-13 00:00:00+00:00,12.9408517885,13.1841686397,12.9048048476,13.0489926112,34127248
2023-10-16 00:00:00+00:00,12.9859104646,13.0670160817,12.8236992305,12.9768987294,31727891
2023-10-17 00:00:00+00:00,13.1391099635,13.1481216988,12.8732637743,12.9048048476,34771816
2023-10-18 00:00:00+00:00,12.9048048476,13.0895454198,12.8957931124,13.039980876,36230867
2023-10-19 00:00:00+00:00,13.7519079591,14.1078715006,13.6617906068,13.8510370466,97636470
2023-10-20 00:00:00+00:00,13.8600487818,14.337670749,13.6888258125,13.6888258125,68058403
2023-10-23 00:00:00+00:00,13.472544167,13.8600487818,13.3914385499,13.8510370466,53938564
2023-10-24 00:00:00+00:00,13.9952248103,14.0312717512,13.6798140773,13.6798140773,66404198
2023-10-25 00:00:00+00:00,13.6888258125,14.044789354,13.5806849897,13.9681896046,42605757
2023-10-26 00:00:00+00:00,13.6257436659,13.7789431648,13.4995793727,13.670802342,41165135
2023-10-27 00:00:00+00:00,13.355391609,13.6798140773,13.2832977272,13.6077201954,35849207
2023-10-30 00:00:00+00:00,13.7519079591,13.8600487818,13.4364972261,13.472544167,41832169
2023-10-31 00:00:00+00:00,13.8780722523,13.9141191932,13.7428962239,13.7699314295,33688413
2023-11-01 00:00:00+00:00,14.0402834864,14.1484243092,13.905107458,13.9591778693,41502824
2023-11-02 00:00:00+00:00,14.1754595148,14.220518191,14.0222600159,14.0763304273,35788829
2023-11-03 00:00:00+00:00,14.3106355433,14.4548233069,14.2655768671,14.3286590137,42807495
2023-11-06 00:00:00+00:00,14.1934829853,14.3241531461,14.0943538978,14.2655768671,32805461
2023-11-07 00:00:00+00:00,14.2745886024,14.3827294251,14.1574360444,14.1574360444,26425500
2023-11-08 00:00:00+00:00,14.103365633,14.2745886024,14.0402834864,14.2745886024,28224458
2023-11-09 00:00:00+00:00,14.0853421626,14.1934829853,14.0132482807,14.1304008387,26080804
2023-11-10 00:00:00+00:00,14.0943538978,14.1844712501,13.9321426637,14.1304008387,23758927
2023-11-13 00:00:00+00:00,14.0402834864,14.1844712501,13.9772013398,14.0673186921,23875999
2023-11-14 00:00:00+00:00,14.0853421626,14.1934829853,13.9817072074,14.1484243092,31504201
2023-11-15 00:00:00+00:00,14.2024947205,14.2385416614,14.0943538978,14.103365633,25233515
2023-11-16 00:00:00+00:00,14.3106355433,14.3556942194,14.1934829853,14.3106355433,26214176
2023-11-17 00:00:00+00:00,14.3286590137,14.3827294251,14.2745886024,14.337670749,27168806
2023-11-20 00:00:00+00:00,14.5088937183,14.5719758649,14.2836003376,14.3286590137,30874061
2023-11-21 00:00:00+00:00,14.5899993354,14.6440697467,14.4413057041,14.4818585126,25679977
2023-11-22 00:00:00+00:00,14.5719758649,14.6711049524,14.5088937183,14.6440697467,21305890
2023-11-24 00:00:00+00:00,14.6080228058,14.7071518933,14.5990110706,14.6080228058,12431028
2023-11-27 00:00:00+00:00,14.6080228058,14.6620932172,14.4953761155,14.5899993354,29976190
2023-11-28 00:00:00+00:00,14.5809876001,14.5990110706,14.4458115717,14.5719758649,24258389
2023-11-29 00:00:00+00:00,14.6891284229,14.7161636286,14.5539523944,14.5899993354,26623537
2023-11-30 00:00:00+00:00,14.9324452741,14.9594804797,14.6801166876,14.6801166876,50629978
2023-12-01 00:00:00+00:00,15.1036682434,15.1126799786,14.8918924655,14.9594804797,35407190
2023-12-04 00:00:00+00:00,15.0135508911,15.1126799786,14.9144218036,14.9594804797,40542461
2023-12-05 00:00:00+00:00,15.5182080639,15.6263488867,15.283902948,15.3019264184,72090992
2023-12-06 00:00:00+00:00,15.2658794775,15.5722784753,15.1892797281,15.4731493878,44810527
2023-12-07 00:00:00+00:00,15.401055506,15.4371024469,15.2298325366,15.3379733593,31309051
2023-12-08 00:00:00+00:00,15.2478560071,15.4190789764,15.1487269195,15.401055506,42137245
2023-12-11 00:00:00+00:00,14.9775039502,15.2658794775,14.8963983331,15.2388442718,43835029
2023-12-12 00:00:00+00:00,14.7882575104,14.9414570093,14.7251753638,14.9234335388,41348839
2023-12-13 00:00:00+00:00,14.8243044513,14.8693631275,14.5088937183,14.7161636286,53889673
2023-12-14 00:00:00+00:00,15.0045391559,15.1487269195,14.8783748627,14.8783748627,54484997
2023-12-15 00:00:00+00:00,14.8873865979,15.0090450235,14.8243044513,14.8873865979,65906461
2023-12-18 00:00:00+00:00,14.8333161865,15.0946565082,14.7882575104,14.9594804797,34621756
2023-12-19 00:00:00+00:00,14.968492215,14.9775039502,14.7882575104,14.8062809809,28051319
2023-12-20 00:00:00+00:00,14.7792457752,14.9693933885,14.7792457752,14.9324452741,33476305
2023-12-21 00:00:00+00:00,14.8603513922,14.8783748627,14.734187099,14.8423279218,36327852
2023-12-22 00:00:00+00:00,14.9144218036,15.0766330377,14.8693631275,14.8693631275,26740353
2023-12-26 00:00:00+00:00,14.9324452741,14.968492215,14.8152927161,14.8693631275,22750428
2023-12-27 00:00:00+00:00,14.9414570093,14.9748004296,14.8243044513,14.8603513922,27515361
2023-12-28 00:00:00+00:00,15.0856447729,15.2027973309,14.8963983331,14.9054100684,32112904
2023-12-29 00:00:00+00:00,15.1216917139,15.16675039,14.968492215,14.9865156854,33285405
2024-01-02 00:00:00+00:00,15.5452432696,15.6623958276,15.16675039,15.1757621252,47624336
2024-01-03 00:00:00+00:00,15.5272197992,15.65788996,15.5182080639,15.6083254162,33612390
2024-01-04 00:00:00+00:00,15.4551259173,15.5903019458,15.4551259173,15.5542550048,35703716
2024-01-05 00:00:00+00:00,15.7435014446,15.7840542532,15.4055613736,15.4641376526,32550223
2024-01-08 00:00:00+00:00,15.6083254162,15.7570190475,15.5362315344,15.7254779742,41215142
2024-01-09 00:00:00+00:00,15.5249668653,15.5524446828,15.4150555955,15.5432854103,30338374
2024-01-10 00:00:00+00:00,15.4516926855,15.4791705029,15.3509406881,15.4791705029,26893778
2024-01-11 00:00:00+00:00,14.8654992463,15.387577778,14.7922250664,15.387577778,59137543
2024-01-12 00:00:00+00:00,15.0944810585,15.2227108733,14.9525123349,14.9662512436,32658909
2024-01-16 00:00:00+00:00,15.0578439685,15.2043923283,14.9662512436,15.0395254235,39033389
2024-01-17 00:00:00+00:00,15.0303661511,15.2318701458,14.9754105161,15.0028883336,39261027
2024-01-18 00:00:00+00:00,15.0212068786,15.0395254235,14.8288621563,14.9204548812,35127800
2024-01-19 00:00:00+00:00,15.2685072357,15.3692592331,15.0166272423,15.2593479632,52563031
2024-01-22 00:00:00+00:00,15.387577778,15.4791705029,15.2410294183,15.3143035981,44093358
2024-01-23 00:00:00+00:00,15.744789405,15.79974504,15.5524446828,15.6074003177,59713018
2024-01-24 00:00:00+00:00,15.2776665082,15.6064843905,15.0761625135,15.1677552384,78194183
2024-01-25 00:00:00+00:00,15.7356301325,15.744789405,15.2868257807,15.3600999606,54457867
2024-01-26 00:00:00+00:00,15.8363821299,15.9188155823,15.6806744976,15.7081523151,38567314
2024-01-29 00:00:00+00:00,15.79974504,15.8272228574,15.6165595902,15.7722672225,38264848
2024-01-30 00:00:00+00:00,16.0562046696,16.1111603045,15.7356301325,15.79974504,54946431
2024-01-31 00:00:00+00:00,16.2027530294,16.3218235717,16.0287268521,16.0378861246,52968145
2024-02-01 00:00:00+00:00,16.5233275664,16.6286592,16.3218235717,16.5691239289,71660403
2024-02-02 00:00:00+00:00,16.3309828442,16.4683719315,16.2622883005,16.4271552053,33248497
2024-02-05 00:00:00+00:00,16.2393901193,16.3676199341,16.102001032,16.2210715744,31496929
2024-02-06 00:00:00+00:00,16.1294788495,16.2760272093,16.0745232146,16.1752752119,25743430
2024-02-07 00:00:00+00:00,15.8730192198,16.138638122,15.8455414024,16.120319577,33871777
2024-02-08 00:00:00+00:00,15.405896323,15.8455414024,15.3326221431,15.8455414024,66974946
2024-02-09 00:00:00+00:00,15.424214868,15.4608519579,15.1769145108,15.3784185056,44427074
2024-02-12 00:00:00+00:00,15.5890817728,15.6257188627,15.3509406881,15.424214868,31151245
2024-02-13 00:00:00+00:00,15.4791705029,15.7539486775,15.3417814156,15.5890817728,29734584
2024-02-14 00:00:00+00:00,15.4883297754,15.6531966802,15.424214868,15.5432854103,26468112
2024-02-15 00:00:00+00:00,15.6531966802,15.7722672225,15.5158075929,15.5158075929,25926733
2024-02-16 00:00:00+00:00,15.5432854103,15.6348781352,15.3509406881,15.5249668653,28848846
2024-02-20 00:00:00+00:00,15.4883297754,15.6898337701,15.4516926855,15.4608519579,29103904
2024-02-21 00:00:00+00:00,15.5707632278,15.5799225003,15.424214868,15.4974890479,22650729
2024-02-22 00:00:00+00:00,15.1952330558,15.3600999606,15.0395254235,15.3600999606,59974528
2024-02-23 00:00:00+00:00,15.387577778,15.442533413,15.1494366934,15.2318701458,32270949
2024-02-26 00:00:00+00:00,15.2043923283,15.4150555955,15.1311181484,15.387577778,26815920
2024-02-27 00:00:00+00:00,15.4150555955,15.4333741405,15.1494366934,15.2135516008,28350791
2024-02-28 00:00:00+00:00,15.5341261378,15.6074003177,15.3967370505,15.405896323,33531091
2024-02-29 00:00:00+00:00,15.5066483204,15.6806744976,15.4883297754,15.5890817728,46155245
2024-03-01 00:00:00+00:00,15.5524446828,15.6165595902,15.3967370505,15.4516926855,27552693
2024-03-04 00:00:00+00:00,15.387577778,15.557024319,15.3051443257,15.4516926855,32690451
2024-03-05 00:00:00+00:00,15.7264708601,15.8959174011,15.5707632278,15.5982410452,43337915
2024-03-06 00:00:00+00:00,15.7356301325,15.7722672225,15.593661409,15.6623559526,35356730
2024-03-07 00:00:00+00:00,15.6165595902,15.8455414024,15.5799225003,15.744789405,27325108
2024-03-08 00:00:00+00:00,15.7539486775,15.8638599474,15.5478650466,15.6257188627,30812923
2024-03-11 00:00:00+00:00,15.8730192198,15.9737712172,15.7722672225,15.7722672225,29434075
2024-03-12 00:00:00+00:00,15.7539486775,15.8821784923,15.7264708601,15.8455414024,34661159
2024-03-13 00:00:00+00:00,15.744789405,15.969191581,15.6898337701,15.8180635849,30668952
2024-03-14 00:00:00+00:00,15.5799225003,15.7264708601,15.4150555955,15.7081523151,35705267
2024-03-15 00:00:00+00:00,15.6165595902,15.6989930426,15.4654315942,15.4700112304,93104732
2024-03-18 00:00:00+00:00,15.8455414024,15.8638599474,15.5066483204,15.6623559526,35176970
2024-03-19 00:00:00+00:00,15.7264708601,15.8592803111,15.7127319513,15.8455414024,26144590
2024-03-20 00:00:00+00:00,15.76310795,15.8547006749,15.6440374077,15.6806744976,28961656
2024-03-21 00:00:00+00:00,15.7173115876,15.8179719922,15.6257188627,15.744789405,34446667
2024-03-22 00:00:00+00:00,15.5524446828,15.7539486775,15.5524446828,15.744789405,26169942
2024-03-25 00:00:00+00:00,15.6806744976,15.6898337701,15.5387057741,15.6028206815,30944596
2024-03-26 00:00:00+00:00,15.7356301325,15.8272228574,15.611979954,15.6898337701,33048622
2024-03-27 00:00:00+00:00,16.0745232146,16.1111603045,15.8363821299,15.8363821299,37488391
2024-03-28 00:00:00+00:00,16.120319577,16.2119123019,16.0470453971,16.0745232146,33461501
2024-04-01 00:00:00+00:00,16.0287268521,16.0607843058,15.7081523151,15.744789405,31223391
2024-04-02 00:00:00+00:00,16.0470453971,16.2073326656,16.0104083072,16.0104083072,36012724
2024-04-03 00:00:00+00:00,16.1294788495,16.2210715744,16.0195675796,16.1111603045,35255306
2024-04-04 00:00:00+00:00,16.0928417595,16.3767792066,16.083682487,16.138638122,31569159
2024-04-05 00:00:00+00:00,15.9554526722,16.0653639421,15.8272228574,16.0470453971,37676958
2024-04-08 00:00:00+00:00,15.79974504,15.9920897622,15.7676875862,15.9371341273,27309048
2024-04-09 00:00:00+00:00,15.7333403144,15.9009143533,15.649553295,15.8264370027,31520123
2024-04-10 00:00:00+00:00,15.5750759444,15.6309339573,15.3702632302,15.6123146197,39046811
2024-04-11 00:00:00+00:00,15.2864762108,15.5424921035,15.2864762108,15.5192179314,40831195
2024-04-12 00:00:00+00:00,15.1840698537,15.3237148861,15.130539258,15.277166542,41785200
2024-04-15 00:00:00+00:00,15.118902172,15.3981922367,15.0164958149,15.3237148861,40249909
2024-04-16 00:00:00+00:00,14.9792571396,15.1095925031,14.8397052039,15.1002828343,56368796
2024-04-17 00:00:00+00:00,15.0071861461,15.1282118408,14.9513281331,14.9978764772,27177523
2024-04-18 00:00:00+00:00,15.2026891914,15.2166536946,14.9792571396,14.9978764772,29566457
2024-04-19 00:00:00+00:00,15.3702632302,15.3842277335,15.1375215096,15.2026891914,45820353
2024-04-22 00:00:00+00:00,15.1840698537,15.5750759444,15.0537344902,15.5378372691,54178101
2024-04-23 00:00:00+00:00,15.3609535614,15.3888825679,15.1654505161,15.2492375355,47804980
2024-04-24 00:00:00+00:00,15.649553295,15.8543660091,15.2492375355,15.7333403144,74197830
2024-04-25 00:00:00+00:00,15.435430912,15.8264370027,15.3609535614,15.5471469379,46680422
2024-04-26 00:00:00+00:00,15.593695282,15.7147209768,15.2585472043,15.3330245549,37852681
2024-04-29 00:00:00+00:00,15.8450563403,16.0871077298,15.8171273338,15.8171273338,43593396
2024-04-30 00:00:00+00:00,15.7240306456,15.807817665,15.6402436262,15.7426499832,31822752
2024-05-01 00:00:00+00:00,15.7519596521,15.9195336909,15.6216242885,15.6681726326,39355576
2024-05-02 00:00:00+00:00,15.6588629638,15.8171273338,15.5750759444,15.8171273338,32204956
2024-05-03 00:00:00+00:00,15.6867919703,15.7519596521,15.5750759444,15.6588629638,24023192
2024-05-06 00:00:00+00:00,15.8171273338,15.863675678,15.7426499832,15.7798886585,24182291
2024-05-07 00:00:00+00:00,15.9009143533,16.021940048,15.8264370027,15.8822950156,28086765
2024-05-08 00:00:00+00:00,15.9288433598,16.0126303792,15.8264370027,15.8543660091,25292093
2024-05-09 00:00:00+00:00,15.9940110415,16.0033207104,15.863675678,15.9195336909,22547745
2024-05-10 00:00:00+00:00,15.9847013727,16.0312497168,15.9381530286,16.0126303792,19229583
2024-05-13 00:00:00+00:00,16.0684883921,16.1429657427,15.9660820351,15.9940110415,28014807
2024-05-14 00:00:00+00:00,16.1057270674,16.1429657427,16.0312497168,16.0871077298,23545315
2024-05-15 00:00:00+00:00,16.1336560739,16.236062431,15.9940110415,16.1522754116,30877916
2024-05-16 00:00:00+00:00,16.1057270674,16.1708947492,15.9660820351,16.1150367363,24686192
2024-05-17 00:00:00+00:00,16.1988237557,16.2081334245,16.0684883921,16.1988237557,25891151
2024-05-20 00:00:00+00:00,16.3105397816,16.3477784569,16.156930246,16.180204418,28266552
2024-05-21 00:00:00+00:00,16.077798061,16.3105397816,15.9567723662,16.3012301128,31173261
2024-05-22 00:00:00+00:00,16.2919204439,16.3012301128,15.9986658759,16.0033207104,30647457
2024-05-23 00:00:00+00:00,16.2639914375,16.3012301128,16.1243464051,16.1988237557,32477713
2024-05-24 00:00:00+00:00,16.2919204439,16.394326801,16.21753619,16.2826107751,24995960
2024-05-28 00:00:00+00:00,16.077798061,16.315194616,16.0126303792,16.2546817686,25458305
2024-05-29 00:00:00+00:00,15.9381530286,16.1150367363,15.9288433598,16.0591787233,23503818
2024-05-30 00:00:00+00:00,16.4036364698,16.4222558075,15.9753917039,15.9847013727,33266527
2024-05-31 00:00:00+00:00,16.9622165993,17.0087649435,16.2639914375,16.3198494504,67619456
2024-06-03 00:00:00+00:00,16.766713554,17.0646229564,16.7201652099,16.8784295799,38332732
2024-06-04 00:00:00+00:00,17.0832422941,17.0925519629,16.6643071969,16.7294748787,30089135
2024-06-05 00:00:00+00:00,17.0366939499,17.0553132876,16.9063585864,17.0460036188,28101804
2024-06-06 00:00:00+00:00,17.0180746123,17.1763389823,16.9622165993,17.0273842811,22319231
2024-06-07 00:00:00+00:00,16.8505005734,16.9622165993,16.7294748787,16.9622165993,36626732
2024-06-10 00:00:00+00:00,16.6270685216,16.7946425605,16.5246621646,16.7574038852,32419553
2024-06-11 00:00:00+00:00,16.6270685216,16.7108555411,16.5013879925,16.608449184,29956969
2024-06-12 00:00:00+00:00,16.394326801,16.7946425605,16.3570881257,16.7480942164,35652177
2024-06-13 00:00:00+00:00,16.450184814,16.4594944828,16.2174430933,16.3338139536,30691967
2024-06-14 00:00:00+00:00,16.4222558075,16.5200073301,16.2826107751,16.3757074634,22652283
2024-06-17 00:00:00+00:00,16.450184814,16.4781138204,16.2826107751,16.3477784569,27451581
2024-06-18 00:00:00+00:00,16.8039522293,16.9435972617,16.6270685216,16.6456878593,33711093
2024-06-20 00:00:00+00:00,16.8598102423,16.9063585864,16.6643071969,16.7015458722,32100613
2024-06-21 00:00:00+00:00,17.1297906382,17.1809938167,16.822571567,16.9156682552,72567207
2024-06-24 00:00:00+00:00,17.3625323588,17.4090807029,17.1297906382,17.1484099758,42162152
2024-06-25 00:00:00+00:00,17.3997710341,17.4370097094,17.2508163329,17.35322269,34090642
2024-06-26 00:00:00+00:00,17.4649387159,17.51148706,17.3252936835,17.35322269,32029654
2024-06-27 00:00:00+00:00,17.4556290471,17.4928677224,17.3252936835,17.4835580535,28916349
2024-06-28 00:00:00+00:00,17.7907771248,17.8093964624,17.4835580535,17.5021773912,52825162
2024-07-01 00:00:00+00:00,17.66975143,17.9862801701,17.5301063977,17.9118028195,36095656
2024-07-02 00:00:00+00:00,17.5207967288,17.6883707677,17.3904613653,17.66975143,31606880
2024-07-03 00:00:00+00:00,17.3904613653,17.6092385827,17.3718420276,17.5766547418,19462997
2024-07-05 00:00:00+00:00,17.4742483847,17.5021773912,17.3578775244,17.4090807029,30727771
2024-07-08 00:00:00+00:00,17.51148706,17.5952740794,17.3997710341,17.5394160665,23277383
2024-07-09 00:00:00+00:00,17.5021773912,17.66975143,17.4137355374,17.5207967288,27840906
2024-07-10 00:00:00+00:00,17.7046626881,17.7141102136,17.4401319756,17.5440547555,33408233
2024-07-11 00:00:00+00:00,17.8180329935,17.827480519,17.5912923828,17.6668725863,23633151
2024-07-12 00:00:00+00:00,17.7707953663,17.8085854681,17.5582260437,17.6857676372,37919378
2024-07-15 00:00:00+00:00,17.553502281,17.827480519,17.5062646537,17.8085854681,33910860
2024-07-16 00:00:00+00:00,17.8085854681,17.8180329935,17.5393309928,17.5676735692,23923649
2024-07-17 00:00:00+00:00,18.1014587569,18.1298013333,17.8085854681,17.8558230953,40611458
2024-07-18 00:00:00+00:00,18.0920112315,18.2620666895,17.9408508243,18.0447736042,34793874
2024-07-19 00:00:00+00:00,18.0636686551,18.1770389605,17.9314032989,18.0636686551,29910308
2024-07-22 00:00:00+00:00,17.5251597046,17.7330052645,17.2984190939,17.6668725863,44083637
2024-07-23 00:00:00+00:00,17.2039438394,17.5818448573,17.1378111613,17.5440547555,70161843
2024-07-24 00:00:00+00:00,18.1014587569,18.1675914351,17.723557739,17.8747181462,64464984
2024-07-25 00:00:00+00:00,18.1298013333,18.6494152329,18.0447736042,18.0920112315,54049737
2024-07-26 00:00:00+00:00,17.9597458752,18.2337241132,17.8463755698,18.1014587569,30844174
2024-07-29 00:00:00+00:00,17.8558230953,17.9644696379,17.7802428917,17.9502983498,30788259
2024-07-30 00:00:00+00:00,17.9314032989,17.9786409261,17.7944141799,17.9030607225,27854987
2024-07-31 00:00:00+00:00,18.1864864859,18.2526191641,17.8369280444,17.8558230953,39522008
2024-08-01 00:00:00+00:00,18.3943320458,18.5454924529,18.0731161806,18.2431716386,44379272
2024-08-02 00:00:00+00:00,18.2998567913,18.885603369,18.1298013333,18.5549399784,45240116
2024-08-05 00:00:00+00:00,17.8652706207,18.0636686551,17.6101874337,17.7613478408,50898443
2024-08-06 00:00:00+00:00,18.1298013333,18.2337241132,17.8180329935,17.8416518071,33775980
2024-08-07 00:00:00+00:00,18.1864864859,18.4414751978,18.0400498415,18.1392488587,30036720
2024-08-08 00:00:00+00:00,18.3281993677,18.4037795712,18.1486963842,18.1912102487,25588147
2024-08-09 00:00:00+00:00,18.4132270967,18.5124261139,18.2053815368,18.3187518422,22819613
2024-08-12 00:00:00+00:00,18.356541944,18.4793597748,18.2337241132,18.4604647239,22979921
2024-08-13 00:00:00+00:00,18.441569673,18.4793597748,18.2904092659,18.3470944186,21508021
2024-08-14 00:00:00+00:00,18.5454924529,18.5738350293,18.3484170721,18.4037795712,19158619
2024-08-15 00:00:00+00:00,18.0353260788,18.493531063,17.9219557734,18.4699122494,42608086
2024-08-16 00:00:00+00:00,18.271514215,18.2904092659,18.0258785533,18.0636686551,24724429
2024-08-19 00:00:00+00:00,18.4132270967,18.4321221476,18.271514215,18.2809617404,20506740
2024-08-20 00:00:00+00:00,18.4132270967,18.4982548257,18.3140280795,18.3848845203,20260887
2024-08-21 00:00:00+00:00,18.4604647239,18.5077023512,18.3481336464,18.441569673,20055497
2024-08-22 00:00:00+00:00,18.4321221476,18.4982548257,18.3281993677,18.4793597748,17596666
2024-08-23 00:00:00+00:00,18.6399677074,18.6683102838,18.4321221476,18.4604647239,21519295
2024-08-26 00:00:00+00:00,18.6683102838,18.8383657418,18.614931765,18.6683102838,22599676
2024-08-27 00:00:00+00:00,18.5643875038,18.7013766228,18.5124261139,18.6494152329,20321899
2024-08-28 00:00:00+00:00,18.7249954364,18.8100231655,18.5832825547,18.5927300802,20435528
2024-08-29 00:00:00+00:00,18.6683102838,18.7533380128,18.5360449275,18.7061003855,20775554
2024-08-30 00:00:00+00:00,18.80057564,18.8100231655,18.6116251311,18.6683102838,29362657
2024-09-03 00:00:00+00:00,19.3012944887,19.3201895396,18.8194706909,18.8289182164,50352595
2024-09-04 00:00:00+00:00,19.433559845,19.7169856084,19.1312390307,19.3579796414,57480217
2024-09-05 00:00:00+00:00,19.5091400486,19.6791955066,19.3863222177,19.5658252012,44199090
2024-09-06 00:00:00+00:00,19.8114608629,19.8398034392,19.5091400486,19.5091400486,53079539
2024-09-09 00:00:00+00:00,20.3121797116,20.4066549661,19.7689469984,19.8020133374,58958375
2024-09-10 00:00:00+00:00,20.510577746,20.6522906277,20.1521386305,20.2649420843,60944519
2024-09-11 00:00:00+00:00,20.2649420843,20.4208262542,20.06654405,20.4208262542,37328455
2024-09-12 00:00:00+00:00,20.3972074406,20.4444450678,20.0004113718,20.151571779,34568175
2024-09-13 00:00:00+00:00,20.4444450678,20.4727876442,20.2507707962,20.3783123897,31451268
2024-09-16 00:00:00+00:00,21.039639171,21.1057718491,20.5861579495,20.6333955768,53733360
2024-09-17 00:00:00+00:00,20.5767104241,20.8790312384,20.510577746,20.8506886621,29304421
2024-09-18 00:00:00+00:00,20.5294727969,20.7798322212,20.4444450678,20.6333955768,27825576
2024-09-19 00:00:00+00:00,20.1799143553,20.5011302205,20.0098588973,20.4538925933,40942189
2024-09-20 00:00:00+00:00,20.3499698134,20.4255500169,20.0570965245,20.1232292026,94156523
2024-09-23 00:00:00+00:00,20.3027321861,20.4019312033,20.1799143553,20.3499698134,25550282
2024-09-24 00:00:00+00:00,20.3972074406,20.4633401187,20.1326767281,20.1988094062,25905467
2024-09-25 00:00:00+00:00,20.3688648643,20.5389203223,20.3310747625,20.4255500169,28334844
2024-09-26 00:00:00+00:00,20.4538925933,20.5578153732,20.2460470334,20.3027321861,25497511
2024-09-27 00:00:00+00:00,20.6900807295,20.7231470685,20.4851639025,20.5200252714,23577660
2024-09-30 00:00:00+00:00,20.7845559839,20.8459648993,20.4680638815,20.7873902416,26272691
2024-10-01 00:00:00+00:00,20.9073738148,20.9262688656,20.6286718141,20.7184233058,32705539
2024-10-02 00:00:00+00:00,20.9640589674,21.0112965947,20.7845559839,20.8317936112,29820074
2024-10-03 00:00:00+00:00,20.8317936112,20.9971253065,20.7562134076,20.9073738148,28894730
2024-10-04 00:00:00+00:00,20.6995282549,20.765660933,20.2932846607,20.5011302205,24545359
2024-10-07 00:00:00+00:00,20.5767104241,20.6995282549,20.4727876442,20.6995282549,23116341
2024-10-08 00:00:00+00:00,20.6522906277,20.765660933,20.5200252714,20.7089757804,22716402
2024-10-09 00:00:00+00:00,20.7184233058,20.7845559839,20.5814341868,20.6617381531,25365377
2024-10-10 00:00:00+00:00,20.3098178302,20.7500872083,20.3002467568,20.6735186208,28738527
2024-10-11 00:00:00+00:00,20.4533839317,20.5251669825,20.3116363342,20.3863864177,25249822
2024-10-14 00:00:00+00:00,20.348102124,20.4916682255,20.3433165872,20.4438128583,33512226
2024-10-15 00:00:00+00:00,20.5873789598,20.6830896942,20.3193889037,20.4725260786,35942564
2024-10-16 00:00:00+00:00,20.7788004286,20.8266557957,20.5586657395,20.5969500333,23926948
2024-10-17 00:00:00+00:00,20.7979425754,20.8362268692,20.6065211067,20.635234327,25471185
2024-10-18 00:00:00+00:00,20.9127954567,21.1137879988,20.7022318411,20.7979425754,27277372
2024-10-21 00:00:00+00:00,20.7309450614,21.0276483379,20.7213739879,20.941508677,29366229
2024-10-22 00:00:00+00:00,20.5778078864,20.6926607676,20.1471095818,20.3385310505,47781946
2024-10-23 00:00:00+00:00,21.5253441565,21.6114838175,20.1471095818,20.3289599771,71932604
2024-10-24 00:00:00+00:00,21.2477830269,21.5157730831,21.1137879988,21.4392044956,38783140
2024-10-25 00:00:00+00:00,20.8936533098,21.448775569,20.8745111629,21.3434937613,26050390
2024-10-28 00:00:00+00:00,21.161643366,21.1999276597,20.8842736578,20.9797929707,27923763
2024-10-29 00:00:00+00:00,21.22864088,21.4009202019,20.9797929707,21.0467904848,32711091
2024-10-30 00:00:00+00:00,21.0755037051,21.3004239308,20.9606508238,21.1807855129,36264938
2024-10-31 00:00:00+00:00,21.5731995237,21.6258404276,21.0850747785,21.1137879988,59566746
2024-11-01 00:00:00+00:00,21.1712144394,21.755049919,21.1233590722,21.5636284503,37169974
2024-11-04 00:00:00+00:00,20.9797929707,21.2956383941,20.855369016,21.1903565863,24318470
2024-11-05 00:00:00+00:00,21.1042169254,21.2190698066,20.8948975493,20.9606508238,26461793
2024-11-06 00:00:00+00:00,21.3626359081,21.4296334222,21.0276483379,21.161643366,32259156
2024-11-07 00:00:00+00:00,21.0946458519,21.4296334222,21.0180772644,21.4296334222,31471825
2024-11-08 00:00:00+00:00,21.381778055,21.4679177159,21.1042169254,21.1042169254,29901560
2024-11-11 00:00:00+00:00,21.3530648347,21.5157730831,21.2908528574,21.3243516144,23464952
2024-11-12 00:00:00+00:00,21.1999276597,21.3339226878,20.855369016,21.2573541003,39579538
2024-11-13 00:00:00+00:00,21.3434937613,21.4296334222,21.1137879988,21.2190698066,29345575
2024-11-14 00:00:00+00:00,21.2956383941,21.4966309362,21.2669251738,21.3434937613,20825101
2024-11-15 00:00:00+00:00,21.7071945518,21.7741920659,21.2429974902,21.2860673206,40207263
2024-11-18 00:00:00+00:00,22.0038978283,22.2048903705,21.8029052862,21.8076908229,35675532
2024-11-19 00:00:00+00:00,21.755049919,21.9369003143,21.7071945518,21.8986160205,24727693
2024-11-20 00:00:00+00:00,21.8507606533,21.9177581674,21.7598354557,21.822047433,20423059
2024-11-21 00:00:00+00:00,21.9943267549,22.1570350033,21.755049919,21.822047433,23080891
2024-11-22 00:00:00+00:00,22.1857482236,22.2910300314,21.9512569244,22.0613242689,35732870
2024-11-25 00:00:00+00:00,22.1091796361,22.3197432517,21.9656135346,22.1570350033,64729771
2024-11-26 00:00:00+00:00,22.0996085627,22.1187507095,21.8890449471,21.9560424611,30080346
2024-11-27 00:00:00+00:00,22.2718878845,22.3771696923,22.0230399752,22.2048903705,33206296
2024-11-29 00:00:00+00:00,22.1666060767,22.3101721782,22.0230399752,22.2718878845,19673928
2024-12-02 00:00:00+00:00,21.7263366987,22.1666060767,21.6689102581,22.1570350033,44160559
2024-12-03 00:00:00+00:00,22.721728336,22.9992894656,22.3771696923,22.4058829126,63128687
2024-12-04 00:00:00+00:00,22.5207357938,22.8030824602,22.3675986189,22.6547308219,41534169
2024-12-05 00:00:00+00:00,22.8078679969,22.8652944375,22.568591161,22.5925188446,40155616
2024-12-06 00:00:00+00:00,22.8557233641,22.8748655109,22.5494490141,22.8030824602,34218763
2024-12-09 00:00:00+00:00,22.3675986189,22.9610051719,22.3388853986,22.8748655109,38385903
2024-12-10 00:00:00+00:00,22.501593647,22.6451597485,22.1187507095,22.4058829126,32851500
2024-12-11 00:00:00+00:00,22.4728804266,22.5302111565,22.1474639298,22.4250250595,38518059
2024-12-12 00:00:00+00:00,22.3580275454,22.721728336,22.3580275454,22.568591161,22014960
2024-12-13 00:00:00+00:00,22.6164465282,22.6547308219,22.2623168111,22.3675986189,33693907
2024-12-16 00:00:00+00:00,21.8603317268,22.78872585,21.6401970378,22.6930151157,48018072
2024-12-17 00:00:00+00:00,21.8507606533,21.9943267549,21.6992505609,21.822047433,39844716
2024-12-18 00:00:00+00:00,21.5157730831,21.9991122916,21.4966309362,21.8239616477,38897364
2024-12-19 00:00:00+00:00,21.601912744,21.7071945518,21.448775569,21.5397007667,43160753
2024-12-20 00:00:00+00:00,21.7741920659,21.7741920659,21.5540573768,21.6210548909,93983992
2024-12-23 00:00:00+00:00,21.8603317268,21.8890449471,21.6210548909,21.6976234784,24655636
2024-12-24 00:00:00+00:00,21.9656135346,22.0033235639,21.7837631393,21.8603317268,9605933
2024-12-26 00:00:00+00:00,21.975184608,22.1570350033,21.8938304838,21.9464713877,16445916
2024-12-27 00:00:00+00:00,21.8794738736,22.0804664158,21.8364040432,21.8986160205,18547501
2024-12-30 00:00:00+00:00,21.6401970378,21.8029052862,21.4774887894,21.8029052862,25419992
2024-12-31 00:00:00+00:00,21.7933342127,21.8699028002,21.6306259643,21.6497681112,22342840
2025-01-02 00:00:00+00:00,21.8507606533,22.1761771501,21.822047433,21.8507606533,27108202
2025-01-03 00:00:00+00:00,21.6976234784,21.975184608,21.6784813315,21.9177581674,26879830
2025-01-06 00:00:00+00:00,21.6306259643,21.7933342127,21.5636284503,21.7789776026,34416015
2025-01-07 00:00:00+00:00,21.2477830269,21.6736957948,21.2094987332,21.5731995237,37143499
2025-01-08 00:00:00+00:00,21.22864088,21.2908528574,20.7309450614,21.1807855129,35517848
2025-01-10 00:00:00+00:00,21.0252555695,21.364528942,20.831385071,21.2094325432,41572438
2025-01-13 00:00:00+00:00,20.8992397455,21.0155620446,20.7441433466,20.96709442,37865591
2025-01-14 00:00:00+00:00,21.1318843437,21.1512713936,20.7247562967,20.8604656457,25627303
2025-01-15 00:00:00+00:00,21.2385131179,21.4129965667,21.2094325432,21.3063677924,50559890
2025-01-16 00:00:00+00:00,21.3451418922,21.4517706664,21.1706584434,21.3257548423,25639592
2025-01-17 00:00:00+00:00,21.6068670652,21.6844152646,21.3063677924,21.4129965667,33638001
2025-01-21 00:00:00+00:00,21.8007375638,21.8492051884,21.5293188658,21.5293188658,36777555
2025-01-22 00:00:00+00:00,21.63594764,21.7861972764,21.3451418922,21.6941087896,31676416
2025-01-23 00:00:00+00:00,21.8395116635,21.9655274876,21.5390123907,21.6553346899,32125222
2025-01-24 00:00:00+00:00,22.0236886371,22.0915433116,21.8492051884,21.8588987134,44409176
2025-01-27 00:00:00+00:00,23.400169177,23.6182734878,22.6343807076,22.7797835815,92445184
2025-01-28 00:00:00+00:00,23.6522008251,23.8266842738,23.1869116285,23.3226209775,55731396
2025-01-29 00:00:00+00:00,23.4874109013,24.2144252709,23.4583303265,23.9527000979,34420436
2025-01-30 00:00:00+00:00,23.2838468778,23.4874109013,23.0463555171,23.4244029893,45653010
2025-01-31 00:00:00+00:00,23.0027346549,23.400169177,22.9348799804,23.2741533529,40347633
2025-02-03 00:00:00+00:00,23.5067979512,23.6812813999,22.9445735053,22.9639605552,59555827
2025-02-04 00:00:00+00:00,23.5067979512,23.6812813999,23.3360949772,23.4680238515,30540243
2025-02-05 00:00:00+00:00,23.7200554996,23.8218375113,23.535878526,23.7103619747,29511716
2025-02-06 00:00:00+00:00,23.7006684497,23.807297224,23.5552655758,23.7491360744,24522477
2025-02-07 00:00:00+00:00,23.7879101741,23.9720871477,23.5019511887,23.7006684497,26290096
2025-02-10 00:00:00+00:00,24.0981029718,24.1756511712,23.8460713237,23.8509180861,31913392
2025-02-11 00:00:00+00:00,24.3792151947,24.4082957695,24.0399418222,24.1368770715,35150255
2025-02-12 00:00:00+00:00,24.5827792182,24.6021662681,24.2871267079,24.3792151947,38970312
2025-02-13 00:00:00+00:00,24.8445043913,24.946286403,24.5827792182,24.6894079924,35115139
2025-02-14 00:00:00+00:00,25.0771489896,25.1353101391,24.8154238165,24.883278491,31687786
2025-02-18 00:00:00+00:00,25.2710194881,25.3776482623,24.9220525907,24.9220525907,52442460
2025-02-19 00:00:00+00:00,25.4358094119,25.5424381861,25.2710194881,25.4164223621,30551542
2025-02-20 00:00:00+00:00,25.3485676876,25.4745835116,25.1450036641,25.3970353122,32753934
2025-02-21 00:00:00+00:00,25.8041633592,25.9010986085,25.1740842388,25.2807130131,58421456
2025-02-24 00:00:00+00:00,25.9204856583,26.2936863681,25.7847763093,25.7993165967,54549587
2025-02-25 00:00:00+00:00,25.833243934,26.3276137053,25.4551964618,26.0465014824,52497244
2025-02-26 00:00:00+00:00,25.7556957345,26.0077273827,25.6199863855,25.7460022096,39296511
2025-02-27 00:00:00+00:00,26.0755820572,26.1385899692,25.7556957345,25.823550409,32943311
2025-02-28 00:00:00+00:00,26.5699518285,26.6475000279,26.1725173065,26.1725173065,62510756
2025-03-03 00:00:00+00:00,26.8704511013,27.0061604503,26.3566942801,26.4342424795,45078608
2025-03-04 00:00:00+00:00,25.4164223621,27.1127892245,25.3194871128,26.9479993007,89479652
2025-03-05 00:00:00+00:00,25.3776482623,25.5812122858,25.0383748898,25.2661727257,42010125
2025-03-06 00:00:00+00:00,25.9107921334,25.968953283,25.2564792007,25.4164223621,32211563
2025-03-07 00:00:00+00:00,26.2888396056,26.37608133,25.7847763093,25.8526309838,35341922
2025-03-10 00:00:00+00:00,26.4439360045,26.6184194532,25.8623245088,26.2791460807,57495912
2025-03-11 00:00:00+00:00,25.2128583386,26.0028806202,24.8057302916,25.6587604853,74574312
2025-03-12 00:00:00+00:00,24.9317461156,25.0674554646,24.1271835466,24.8445043913,62383222
2025-03-13 00:00:00+00:00,25.290406538,25.6490669603,24.9705202153,24.9996007901,37698480
2025-03-14 00:00:00+00:00,25.7653892595,25.833243934,24.9608266904,25.0092943151,37591277
2025-03-17 00:00:00+00:00,26.0077273827,26.104662632,25.4455029368,25.7556957345,45569996
2025-03-18 00:00:00+00:00,25.7944698343,26.1531302566,25.7460022096,25.9738000454,30365554
2025-03-19 00:00:00+00:00,26.0174209076,26.1095093944,25.6396642412,25.833243934,30145684
2025-03-20 00:00:00+00:00,25.968953283,26.104662632,25.8623245088,26.0755820572,27272269
2025-03-21 00:00:00+00:00,26.1919043563,26.37608133,25.823550409,25.9883403328,91268550
2025-03-24 00:00:00+00:00,26.1337432067,26.3857748549,26.0125741451,26.0368079575,26863268
2025-03-25 00:00:00+00:00,26.4730165792,26.7153547024,26.1434367317,26.1434367317,42339650
2025-03-26 00:00:00+00:00,26.8025964268,26.9867734004,26.5214842039,26.5651050661,42607090
2025-03-27 00:00:00+00:00,27.3357402979,27.5489978463,26.7929029019,26.9189187259,43000103
2025-03-28 00:00:00+00:00,27.316353248,27.6362395706,27.2018727186,27.4811431718,35085252
2025-03-31 00:00:00+00:00,27.4132884973,27.6847071953,27.3454338228,27.3939014474,50156533
2025-04-01 00:00:00+00:00,27.6071589959,27.7331748199,27.3551273477,27.5296107964,43986376
2025-04-02 00:00:00+00:00,27.2775791483,27.7137877701,27.1515633242,27.5393043214,41574761
2025-04-03 00:00:00+00:00,27.723481295,28.1403028669,27.5780784211,27.6653201454,48912278
2025-04-04 00:00:00+00:00,25.823550409,27.5586913712,25.7169216348,27.1418697993,61360982
2025-04-07 00:00:00+00:00,26.0077273827,26.3906216173,24.3307475701,24.4082957695,74875359
2025-04-08 00:00:00+00:00,25.5812122858,26.3566942801,25.2322453884,26.1919043563,55717140
2025-04-09 00:00:00+00:00,25.6587604853,26.031961195,24.4276828194,25.290406538,77738749
2025-04-10 00:00:00+00:00,25.8502076026,26.2126394636,25.3702302731,25.703275767,51467892
2025-04-11 00:00:00+00:00,26.2420258307,26.3497758435,25.8254250997,26.036321261,32057593
2025-04-14 00:00:00+00:00,26.6436395146,26.7905713502,26.0314235331,26.0852985395,27042809
2025-04-15 00:00:00+00:00,26.9375031857,27.0648441099,26.7024122488,26.9375031857,25721334
2025-04-16 00:00:00+00:00,26.4673213119,27.2117759454,26.3889576663,27.1725941226,27835881
2025-04-17 00:00:00+00:00,26.5946622361,26.92770773,26.4575258562,26.6240486032,24870252
2025-04-21 00:00:00+00:00,25.7914348684,26.7220031602,25.6249121214,26.6044576918,46225990
2025-04-22 00:00:00+00:00,26.4085485777,26.8003668059,25.4485939187,25.4681848301,50906760
2025-04-23 00:00:00+00:00,26.6338440589,26.7611849831,25.5857302986,25.9922417103,43351001
2025-04-24 00:00:00+00:00,26.9668895528,27.260753224,26.5850626895,26.6142531475,43640821
2025-04-25 00:00:00+00:00,26.2616167422,26.9570940971,26.0804008116,26.8983213629,37050292
2025-04-28 00:00:00+00:00,26.7024122488,26.7073099767,26.2469235586,26.3497758435,24156015
2025-04-29 00:00:00+00:00,26.7415940716,26.8787304515,26.4967076791,26.5407872297,25015767
2025-04-30 00:00:00+00:00,27.1334122998,27.3195259582,26.7611849831,27.0354577428,38877132
2025-05-01 00:00:00+00:00,27.0746395656,27.2117759454,26.7122077045,26.9375031857,37367601
2025-05-02 00:00:00+00:00,27.0452531985,27.2117759454,26.8003668059,27.0354577428,22928350
2025-05-05 00:00:00+00:00,26.9472986414,27.1236168441,26.6044576918,26.99627592,21335346
2025-05-06 00:00:00+00:00,27.5840032622,27.65746918,26.9375031857,26.9766850085,32491681
2025-05-07 00:00:00+00:00,27.525230528,27.8141964712,27.3782986924,27.4664577937,28358125
2025-05-08 00:00:00+00:00,26.9081168186,27.4664577937,26.8885259072,27.4272759709,30141462
2025-05-09 00:00:00+00:00,27.2705486797,27.4468668823,26.8638413588,26.99627592,29206946
2025-05-12 00:00:00+00:00,26.4575258562,26.7415940716,26.1244803623,26.5358895019,57106063
2025-05-13 00:00:00+00:00,25.9089803368,26.5750713247,25.771843957,26.4967076791,58767134
2025-05-14 00:00:00+00:00,25.8991848811,26.0461167167,25.7620485013,25.8893894254,31519450
2025-05-15 00:00:00+00:00,26.7709804388,26.8395486287,26.0510144445,26.0559121724,35278664
2025-05-16 00:00:00+00:00,27.1530032112,27.2006091259,26.565275869,26.8101622616,31105982
2025-05-19 00:00:00+00:00,27.4468668823,27.4664577937,27.1432077555,27.192185034,30996583
2025-05-20 00:00:00+00:00,27.2117759454,27.6770600914,27.1823895783,27.4762532494,24966613
2025-05-21 00:00:00+00:00,26.9081168186,27.1970827619,26.8493440844,27.1138213884,29684175
2025-05-22 00:00:00+00:00,26.6730258817,27.1432077555,26.6534349703,27.0158668314,25901603
2025-05-23 00:00:00+00:00,26.8591395401,26.9668895528,26.6044576918,26.9130145465,31766316
2025-05-27 00:00:00+00:00,26.829753173,27.0648441099,26.7611849831,26.795469078,33329202
2025-05-28 00:00:00+00:00,26.9375031857,27.0549506996,26.7513895274,26.8150599894,32270173
2025-05-29 00:00:00+00:00,26.8199577173,26.9424009136,26.7122077045,26.9179122743,27192328
2025-05-30 00:00:00+00:00,27.2313668568,27.2313668568,26.7905713502,26.829753173,47964949
2025-06-02 00:00:00+00:00,27.358707781,27.3880941481,27.0354577428,27.0844350213,26935164
2025-06-03 00:00:00+00:00,27.3880941481,27.5546168951,27.0795372934,27.3195259582,26085931
2025-06-04 00:00:00+00:00,26.8003668059,27.3978896038,26.663230426,27.3831964203,33913507
2025-06-05 00:00:00+00:00,27.192185034,27.2784829988,26.7709804388,26.8689349958,29189994
2025-06-06 00:00:00+00:00,27.5056396166,27.525230528,27.2019804897,27.2019804897,22403085
2025-06-09 00:00:00+00:00,27.2901395911,27.5056396166,27.260753224,27.260753224,23353581
2025-06-10 00:00:00+00:00,27.8386851105,28.0247987689,27.2803441354,27.3391168696,39959081
2025-06-11 00:00:00+00:00,27.7603214649,28.0247987689,27.6672646357,27.8974578447,32164490
2025-06-12 00:00:00+00:00,27.6917532749,27.887662389,27.5448214394,27.887662389,23311737
2025-06-13 00:00:00+00:00,27.6133896293,27.7603214649,27.5350259837,27.6525714521,22428227
2025-06-16 00:00:00+00:00,27.3978896038,27.8092987434,27.2117759454,27.5742078065,32761406
2025-06-17 00:00:00+00:00,27.0844350213,27.392991876,27.0256622871,27.2803441354,35258619
2025-06-18 00:00:00+00:00,27.094230477,27.260753224,27.0256622871,27.192185034,27985482
2025-06-20 00:00:00+00:00,27.2019804897,27.5350259837,27.0550486542,27.1138213884,51495228
2025-06-23 00:00:00+00:00,27.623185085,27.7162419142,27.2313668568,27.2313668568,32957212
2025-06-24 00:00:00+00:00,27.7015487306,27.7701169206,27.4517646102,27.5791055343,26007027
2025-06-25 00:00:00+00:00,27.3489123253,27.7701169206,27.3048327746,27.5644123508,26189420
2025-06-26 00:00:00+00:00,27.4272759709,27.525230528,27.2313668568,27.4076850595,25118495
2025-06-27 00:00:00+00:00,27.5056396166,27.6035941736,27.324423686,27.4272759709,37337226
2025-06-30 00:00:00+00:00,28.3480488071,28.4264124527,27.525230528,27.5448214394,42590802
2025-07-01 00:00:00+00:00,28.2892760729,28.5929351997,28.1129578702,28.3970260856,25976356
2025-07-02 00:00:00+00:00,27.7309350977,28.4362079084,27.7113441863,28.2207078829,47012268
2025-07-03 00:00:00+00:00,27.7799123763,27.8288896548,27.5546168951,27.7113441863,21085177
2025-07-07 00:00:00+00:00,27.8288896548,27.887662389,27.6458125877,27.8386851105,22448669
2025-07-08 00:00:00+00:00,27.7113441863,27.8778669333,27.5056396166,27.6623669078,24955428
2025-07-09 00:00:00+00:00,27.525230528,27.7995032877,27.3880941481,27.7505260092,34453790
2025-07-10 00:00:00+00:00,27.32687255,27.5247499761,27.1883583517,27.4653867483,25058997
2025-07-11 00:00:00+00:00,26.683770915,27.2526685152,26.3325384836,27.2526685152,42713336
2025-07-14 00:00:00+00:00,26.8717544698,27.2180399656,26.7282933359,26.7332402715,30746998
2025-07-15 00:00:00+00:00,26.7332402715,26.8321789846,26.5007342958,26.6392484941,32266225
2025-07-16 00:00:00+00:00,26.6639831724,26.8222851133,26.5947260732,26.7332402715,21934373
2025-07-17 00:00:00+00:00,26.7035586576,26.7629218855,26.4858934889,26.5155751028,24546391
2025-07-18 00:00:00+00:00,26.6540893011,26.7530280142,26.5155751028,26.683770915,27427897
2025-07-21 00:00:00+00:00,27.0894196386,27.425811263,26.9607993116,27.1636236734,36229541
2025-07-22 00:00:00+00:00,27.1289951238,27.4653867483,26.9311176977,27.1586767377,35255755
2025-07-23 00:00:00+00:00,27.4554928769,27.4554928769,25.5756573286,26.0208815374,65616334
2025-07-24 00:00:00+00:00,27.6236886892,27.8710354718,27.3961296491,27.4752806196,47332696
2025-07-25 00:00:00+00:00,27.7028396596,28.0491251554,27.4554928769,27.6137948179,33987753
2025-07-28 00:00:00+00:00,27.3070848073,27.6335825605,27.2427746438,27.6335825605,29164422
2025-07-29 00:00:00+00:00,27.1191012525,27.6334836218,27.0300564107,27.3862357778,34202391
2025-07-30 00:00:00+00:00,27.2081460943,27.4145322497,26.9509054403,27.0498441534,30096121
2025-07-31 00:00:00+00:00,27.1191012525,27.425811263,27.0201625394,27.0597380247,34119967
2025-08-01 00:00:00+00:00,27.4554928769,27.6335825605,27.0498441534,27.3466602926,38817012
2025-08-04 00:00:00+00:00,27.3862357778,27.6236886892,27.2774031934,27.4950683622,29972358
2025-08-05 00:00:00+00:00,27.4752806196,27.6731580457,27.3763419065,27.425811263,25317437
2025-08-06 00:00:00+00:00,27.198252223,27.7622028875,27.1537298021,27.6434764318,39247208
2025-08-07 00:00:00+00:00,27.7622028875,27.811672244,26.9954278612,27.1537298021,35331424
2025-08-08 00:00:00+00:00,27.7819906301,27.9501864423,27.7325212735,27.7720967588,23598154
2025-08-11 00:00:00+00:00,27.8413538579,27.9798680562,27.7819906301,27.8809293431,20602416
2025-08-12 00:00:00+00:00,28.1777454824,28.3954106511,27.8413538579,27.8413538579,30756695
2025-08-13 00:00:00+00:00,28.0985945119,28.2865780667,28.0590190267,28.197533225,26382734
2025-08-14 00:00:00+00:00,28.4448800076,28.4646677503,28.1084883832,28.2766841954,24530249
2025-08-15 00:00:00+00:00,28.5636064633,28.7713777608,28.3409943589,28.4349861363,37020394
2025-08-18 00:00:00+00:00,28.6130758199,28.8406348599,28.5586595277,28.6724390477,20420634
2025-08-19 00:00:00+00:00,28.6724390477,28.8505287312,28.4943493642,28.5636064633,18890585
2025-08-20 00:00:00+00:00,28.9692551869,29.0681939,28.7070675973,28.7911655034,34842990
2025-08-21 00:00:00+00:00,29.1275571278,29.2462835835,28.8999980878,28.939573573,32991030
2025-08-22 00:00:00+00:00,28.4646677503,29.3353284253,28.3756229085,29.1572387418,34011975
2025-08-25 00:00:00+00:00,28.4349861363,28.6724390477,28.4151983937,28.4646677503,19405025
2025-08-26 00:00:00+00:00,28.2568964528,28.6526513051,27.9106109571,28.5240309781,49407917
2025-08-27 00:00:00+00:00,28.7515900182,28.7713777608,28.197533225,28.197533225,28026226
2025-08-28 00:00:00+00:00,28.6328635625,28.7120145329,28.4448800076,28.7120145329,24658067
2025-08-29 00:00:00+00:00,28.9791490582,29.0187245435,28.6427574338,28.7120145329,26562388
2025-09-02 00:00:00+00:00,28.7713777608,29.0834304618,28.6922267903,28.9890429295,31571062
2025-09-03 00:00:00+00:00,28.7318022756,28.7713777608,28.1431169328,28.7021206616,27233942
2025-09-04 00:00:00+00:00,29.2660713261,29.3847977818,28.7219084042,28.8703164739,31845438
2025-09-05 00:00:00+00:00,29.2759651974,29.4738426236,29.1077693852,29.2660713261,25105947
2025-09-08 00:00:00+00:00,28.5932880773,28.8307409886,27.9798680562,28.197533225,40649265
2025-09-09 00:00:00+00:00,29.1077693852,29.2660713261,28.5240309781,28.5883411416,35105455
2025-09-10 00:00:00+00:00,28.8901042165,29.1275571278,28.5932880773,28.9346266373,25689401
2025-09-11 00:00:00+00:00,29.1770264844,29.1869203557,28.8060063104,28.9791490582,23580997
2025-09-12 00:00:00+00:00,29.2561774548,29.2858590687,28.9839970552,29.1077693852,22794041
2025-09-15 00:00:00+00:00,29.3056468114,29.4738426236,29.1869203557,29.2908060044,31486362
2025-09-16 00:00:00+00:00,29.0187245435,29.3353284253,28.8950511521,29.3056468114,28118184
2025-09-17 00:00:00+00:00,29.2264958409,29.2660713261,28.939573573,29.0187245435,25967168
2025-09-18 00:00:00+00:00,28.8901042165,29.1522918061,28.8307409886,29.0385122861,30142883
2025-09-19 00:00:00+00:00,28.7021206616,28.9989368008,28.6180227555,28.9494674443,62155663
2025-09-22 00:00:00+00:00,28.6130758199,28.7614838895,28.4300392007,28.6279166268,25835321
2025-09-23 00:00:00+00:00,28.4844554929,28.7021206616,28.2519495172,28.6130758199,28805796
2025-09-24 00:00:00+00:00,28.0194435414,28.4448800076,27.8710354718,28.3805698442,28858698
2025-09-25 00:00:00+00:00,27.9996557988,28.4448800076,27.9897619275,28.197533225,25658505
2025-09-26 00:00:00+00:00,28.0095496701,28.2627338369,27.9501864423,28.0788067693,25455102
2025-09-29 00:00:00+00:00,27.7720967588,28.0392312841,27.5791662683,27.9501864423,28739585
2025-09-30 00:00:00+00:00,27.940292571,28.0491251554,27.7523090162,27.8413538579,34049547
2025-10-01 00:00:00+00:00,27.2576154508,27.8610426618,27.2279338369,27.7523090162,38415117
2025-10-02 00:00:00+00:00,26.7233464002,27.1388889951,26.5947260732,27.1092073812,39597187
2025-10-03 00:00:00+00:00,26.7728157568,26.9311176977,26.7035586576,26.7332402715,34891703
2025-10-06 00:00:00+00:00,25.5954450712,26.4364241323,25.5657634573,26.2583344488,63474346
2025-10-07 00:00:00+00:00,25.8823673391,26.0207825987,25.5756573286,25.6449144278,43249551
2025-10-08 00:00:00+00:00,25.9714121809,26.070350894,25.7473159958,25.9466775026,36913235
2025-10-09 00:00:00+00:00,25.8230041113,26.1940242853,25.81311024,25.9664652452,33129232
2025-10-10 00:00:00+00:00,25.87,26.24,25.71,25.84,37980075
2025-10-13 00:00:00+00:00,25.59,25.845,25.35,25.68,36313723
2025-10-14 00:00:00+00:00,26.13,26.15,25.575,25.575,43644889
2025-10-15 00:00:00+00:00,26.07,26.1851,25.94,26.05,34673983
2025-10-16 00:00:00+00:00,26.2,26.3899,26.05,26.1,49513137
2025-10-17 00:00:00+00:00,26.34,26.48,26.195,26.39,61491831
2025-10-20 00:00:00+00:00,26.1,26.44,25.83,26.34,66161100
2025-10-21 00:00:00+00:00,26.05,26.23,25.9,26.15,100445653
