date,Close,High,Low,Open,Volume
2022-01-03 00:00:00+00:00,105.7516343238,107.413104696,104.9094407213,107.2698744915,150552
2022-01-04 00:00:00+00:00,105.3792357921,106.5346261084,103.7082167396,106.0858381343,154154
2022-01-05 00:00:00+00:00,100.0892669058,105.789829045,100.0033287831,105.6656962011,112471
2022-01-06 00:00:00+00:00,97.7211941914,99.554540809,95.2671833543,99.5163460878,462592
2022-01-07 00:00:00+00:00,98.1508848049,99.7837091362,97.2246628158,97.6829994702,263949
2022-01-10 00:00:00+00:00,94.3600587258,96.8236182432,92.0731497939,96.8236182432,281318
2022-01-11 00:00:00+00:00,95.735068689,95.8878475738,93.2428631307,94.1977311607,230033
2022-01-12 00:00:00+00:00,94.2741206031,96.7567774811,94.0449522759,96.4703170721,187830
2022-01-13 00:00:00+00:00,94.3791560864,94.8947848226,92.5744555097,94.1213417183,121152
2022-01-14 00:00:00+00:00,92.2020569779,93.7107484654,91.31402971,93.443385417,213777
2022-01-18 00:00:00+00:00,90.8079496541,92.2402516991,89.7384974605,91.8296584462,206932
2022-01-19 00:00:00+00:00,95.1907939119,95.7111969882,91.123056104,91.3569987714,305080
2022-01-20 00:00:00+00:00,95.4390595997,99.5067974075,95.4199622391,96.4798657524,313515
2022-01-21 00:00:00+00:00,92.2688977401,95.3913161982,92.2020569779,93.7584918669,285172
2022-01-24 00:00:00+00:00,92.2688977401,92.4407739855,86.4823974782,89.4138423303,350995
2022-01-25 00:00:00+00:00,89.3851962894,91.695976922,87.7332745975,91.3044810297,211748
2022-01-26 00:00:00+00:00,89.7194000999,93.3097038928,89.6430106575,90.2732235573,223719
2022-01-27 00:00:00+00:00,87.8001153596,90.9989232601,87.0362209356,90.6360734087,212567
2022-01-28 00:00:00+00:00,89.8053382226,89.8053382226,87.0553182962,87.6091417536,132175
2022-01-31 00:00:00+00:00,91.9537912901,91.9919860113,89.3947449697,90.5119405648,123794
2022-02-01 00:00:00+00:00,95.6777766072,95.9164936147,92.9468540414,93.5006774988,189296
2022-02-02 00:00:00+00:00,95.544095083,97.4156364218,94.7992980196,96.0024317374,813569
2022-02-03 00:00:00+00:00,93.0996329262,95.1144044695,93.0041461232,94.3123153243,163566
2022-02-04 00:00:00+00:00,93.8921733911,94.1213417183,92.0397294128,92.2688977401,162899
2022-02-07 00:00:00+00:00,92.2020569779,94.1308903986,91.7819150447,94.1308903986,225153
2022-02-08 00:00:00+00:00,99.3253724818,100.3279839134,94.9807229453,98.0649466822,538601
2022-02-09 00:00:00+00:00,105.0832267028,105.5893067587,101.3783387464,101.5693123524,386612
2022-02-10 00:00:00+00:00,104.071066591,104.4434651227,102.7056053081,103.2594287655,352749
2022-02-11 00:00:00+00:00,102.2377199734,104.7728945931,101.9130648432,104.2047481152,839362
2022-02-14 00:00:00+00:00,102.0085516462,103.784606182,101.8271267205,102.4859856612,266360
2022-02-15 00:00:00+00:00,102.2854633749,104.7741359215,101.970356925,103.5267918139,275921
2022-02-16 00:00:00+00:00,100.4807627982,102.2854633749,98.8670358274,102.2854633749,226065
2022-02-17 00:00:00+00:00,99.1630449167,100.6239930027,98.9959430115,99.3349211621,194611
2022-02-18 00:00:00+00:00,97.6639021096,99.5306691083,97.4968002044,98.9147792289,101896
2022-02-22 00:00:00+00:00,96.0788211798,97.9503625186,95.8401041723,97.1291760128,156221
2022-02-23 00:00:00+00:00,95.9546883359,98.1508848049,95.7446173693,97.0145918492,139862
2022-02-24 00:00:00+00:00,97.1769194143,97.3487956597,92.4598713461,93.0136948035,233180
2022-02-25 00:00:00+00:00,98.7810977047,99.6691249726,97.0575609106,97.3869903809,199649
2022-02-28 00:00:00+00:00,99.5831868499,99.8600985786,98.31321237,99.2107883182,206721
2022-03-01 00:00:00+00:00,98.3514070912,100.729028486,97.7211941914,99.1057528349,126981
2022-03-02 00:00:00+00:00,101.2542059025,101.6647991554,98.504185976,98.5614780578,142223
2022-03-03 00:00:00+00:00,101.0918783374,103.5554378548,100.7481258466,101.779383319,175752
2022-03-04 00:00:00+00:00,98.5901240987,101.0584579563,96.8045208826,100.4330193967,253007
2022-03-07 00:00:00+00:00,90.6169760481,98.504185976,90.2254801558,97.5111232248,269621
2022-03-08 00:00:00+00:00,86.8070526084,90.6169760481,85.6850826731,90.6169760481,278225
2022-03-09 00:00:00+00:00,91.1039587434,91.4381625539,87.8956021626,88.6117531851,234575
2022-03-10 00:00:00+00:00,90.741108892,91.3426757509,89.1752208096,89.9294710665,132191
2022-03-11 00:00:00+00:00,88.5735584639,91.7723663644,88.5640097836,91.7723663644,142601
2022-03-14 00:00:00+00:00,89.4902317727,91.3617731115,88.7740807502,91.3617731115,272638
2022-03-15 00:00:00+00:00,92.965951402,93.4720314579,90.6838168102,90.7697549329,189016
2022-03-16 00:00:00+00:00,97.9694598792,98.3227610503,94.207279841,94.207279841,188521
2022-03-17 00:00:00+00:00,99.5831868499,99.6595762923,96.594449916,97.5588666263,159645
2022-03-18 00:00:00+00:00,102.5337290627,102.6483132263,98.5805754184,99.5927355302,249688
2022-03-21 00:00:00+00:00,104.3193322788,104.4052704015,101.6934451963,103.3453668882,531314
2022-03-22 00:00:00+00:00,106.5728208296,106.7255997144,104.2668145371,104.3766243606,272287
2022-03-23 00:00:00+00:00,105.2551029482,107.183840882,105.1405187846,105.7134396026,159343
2022-03-24 00:00:00+00:00,105.3887844724,105.5415633572,103.7559601411,105.407881833,162353
2022-03-25 00:00:00+00:00,100.7672232072,106.0380947328,99.6022842105,106.0380947328,197823
2022-03-28 00:00:00+00:00,101.9608082447,102.0944897689,99.0962041546,100.8340639693,290055
2022-03-29 00:00:00+00:00,103.8228009032,104.5968169283,101.8939674826,103.1257472413,122478
2022-03-30 00:00:00+00:00,103.1543932822,104.4754127953,101.3738887211,103.0203768098,180841
2022-03-31 00:00:00+00:00,101.9578176363,104.0925085886,101.8716641898,103.1256754667,233794
2022-04-01 00:00:00+00:00,96.1089558791,102.915078153,93.8593936648,102.6566178135,729636
2022-04-04 00:00:00+00:00,92.0118808675,96.1951093256,91.9927356572,95.8122051189,753909
2022-04-05 00:00:00+00:00,87.3308769407,93.1701660928,87.2255782839,92.9691413842,415488
2022-04-06 00:00:00+00:00,83.7124321875,87.0245535754,82.7838894863,86.0098574277,628679
2022-04-07 00:00:00+00:00,83.3869636118,84.2389254717,81.9511685628,83.5592705048,241112
2022-04-08 00:00:00+00:00,79.0410008659,81.7979111541,78.6676692644,81.7979111541,505113
2022-04-11 00:00:00+00:00,80.0556970136,80.3715929842,77.2949576834,78.3422006887,409851
2022-04-12 00:00:00+00:00,78.6580966592,82.7551716708,78.3230554784,80.8502232425,329885
2022-04-13 00:00:00+00:00,80.3333025635,80.6444122314,78.3230554784,78.6006610282,236066
2022-04-14 00:00:00+00:00,77.7582717735,80.3428751687,77.3562223565,79.8642449103,207162
2022-04-18 00:00:00+00:00,77.7774169838,78.6580966592,75.4799917437,77.3083593306,518101
2022-04-19 00:00:00+00:00,79.7780914638,80.1992860911,77.8348526148,77.8348526148,340670
2022-04-20 00:00:00+00:00,83.3295279808,83.5784157152,80.1227052498,80.7544971908,252399
2022-04-21 00:00:00+00:00,82.5637195675,85.7131066675,82.3914126744,84.0570459735,277637
2022-04-22 00:00:00+00:00,79.5292037294,82.6115825933,79.4239050726,81.9989358626,276041
2022-04-25 00:00:00+00:00,82.4488483054,82.453634608,78.8974117884,78.8974117884,423867
2022-04-26 00:00:00+00:00,76.9446003343,81.9606454419,76.8115411225,81.9606454419,262292
2022-04-27 00:00:00+00:00,75.786315109,78.131603375,75.0157203931,76.6095591534,361171
2022-04-28 00:00:00+00:00,79.9695435671,80.074842224,75.6905890574,75.9969124227,421122
2022-04-29 00:00:00+00:00,77.040326386,83.9613199219,76.7818660464,83.9613199219,421331
2022-05-02 00:00:00+00:00,76.3128083932,77.9210060613,74.6567476993,76.9924633601,379185
2022-05-03 00:00:00+00:00,79.8546723051,80.4577464307,76.2936631829,76.3223809984,358333
2022-05-04 00:00:00+00:00,82.5732921726,82.7360264605,79.3308593504,79.7972366741,282969
2022-05-05 00:00:00+00:00,80.6779163495,81.9415002316,79.5579215449,81.2427000544,336773
2022-05-06 00:00:00+00:00,80.4481738255,81.8744919954,78.1986116112,80.649198534,261770
2022-05-09 00:00:00+00:00,76.6191317586,79.9312531465,76.4372522604,79.4526228881,269323
2022-05-10 00:00:00+00:00,76.5999865483,79.2803159951,75.2215314042,78.4283541352,281452
2022-05-11 00:00:00+00:00,74.0441009686,77.3945127771,73.8047858394,76.6287043638,376869
2022-05-12 00:00:00+00:00,74.6854655148,75.8341781349,72.4167580902,72.9623965847,350081
2022-05-13 00:00:00+00:00,77.3753675668,79.0314282607,75.7575972935,75.8628959504,235584
2022-05-16 00:00:00+00:00,76.1787919209,77.8157074045,74.7237559355,76.6574221793,302740
2022-05-17 00:00:00+00:00,80.7927876115,80.8310780322,78.1028855595,78.1028855595,202077
2022-05-18 00:00:00+00:00,73.6133337361,79.5866393604,73.3357281862,79.5866393604,348989
2022-05-19 00:00:00+00:00,75.9490493969,77.3466497513,73.1059856622,73.5750433154,273126
2022-05-20 00:00:00+00:00,75.9394767917,77.1647702531,73.6899145774,76.9063099136,212091
2022-05-23 00:00:00+00:00,77.2317784893,77.3839829115,75.4321287179,76.6765673896,90543
2022-05-24 00:00:00+00:00,73.2974377656,76.4946878914,72.1487251455,76.4946878914,233633
2022-05-25 00:00:00+00:00,74.752473751,75.4895643489,73.0964130571,73.2974377656,179910
2022-05-26 00:00:00+00:00,76.6382769689,77.7774169838,74.5418764373,74.5418764373,254099
2022-05-27 00:00:00+00:00,77.8827156407,78.1120752605,76.4563974708,77.3370771461,208404
2022-05-31 00:00:00+00:00,78.5432253972,79.1367269176,75.9873398176,77.4232305926,259477
2022-06-01 00:00:00+00:00,77.9210060613,81.0129575304,77.1934880686,79.5004859139,170442
2022-06-02 00:00:00+00:00,80.5630450875,80.7353519805,77.4710936185,77.4710936185,249389
2022-06-03 00:00:00+00:00,80.7544971908,81.0321027407,78.3900637145,79.5004859139,139457
2022-06-06 00:00:00+00:00,81.5394508146,82.5445743571,80.7162067702,81.6064590507,202254
2022-06-07 00:00:00+00:00,81.5873138404,82.2765414124,77.9305786665,79.8163818845,213242
2022-06-08 00:00:00+00:00,77.1169072273,80.6109081133,76.9733181498,80.6109081133,229624
2022-06-09 00:00:00+00:00,75.7958877142,78.2560472422,75.556572585,76.7818660464,233059
2022-06-10 00:00:00+00:00,73.7473502084,75.0875149318,73.4123090276,74.2834160978,194652
2022-06-13 00:00:00+00:00,71.9381278318,72.809234902,70.8659960531,72.3401772488,243099
2022-06-14 00:00:00+00:00,72.2253059868,73.5271802896,71.0478755513,71.9955634628,211747
2022-06-15 00:00:00+00:00,73.4984624741,75.2981122455,72.636928009,73.3644460017,207746
2022-06-16 00:00:00+00:00,70.0810424294,72.5603471677,69.4971135142,72.5603471677,179061
2022-06-17 00:00:00+00:00,69.8704451157,70.6984754627,68.5685708129,69.8704451157,374033
2022-06-21 00:00:00+00:00,71.5169332045,73.752136511,71.5073605993,72.3880402747,206693
2022-06-22 00:00:00+00:00,70.8659960531,72.1295799352,70.4735192412,70.5883905032,148965
2022-06-23 00:00:00+00:00,71.8424017801,72.5603471677,70.7606973962,71.2201824443,138861
2022-06-24 00:00:00+00:00,75.2311040093,75.7097342677,72.5890649832,72.6560732194,150729
2022-06-27 00:00:00+00:00,76.2840905777,77.6338279063,75.2789670352,75.9586220021,207104
2022-06-28 00:00:00+00:00,74.9343532492,78.2656198474,74.867345013,78.2560472422,149631
2022-06-29 00:00:00+00:00,74.8003367768,75.3382613767,73.1001108092,75.1173280589,177763
2022-06-30 00:00:00+00:00,77.1153337157,77.4755510817,73.0520818271,73.7148817806,197989
2022-07-01 00:00:00+00:00,78.6618669405,79.2214045823,76.0490903123,76.7503134515,167083
2022-07-05 00:00:00+00:00,77.2594206621,78.0374901727,76.154754073,76.8175540265,278795
2022-07-06 00:00:00+00:00,77.7012872978,78.6042321619,75.7609164195,77.3074496443,284964
2022-07-07 00:00:00+00:00,80.3332755188,80.9480464901,77.7204988906,78.133548137,215633
2022-07-08 00:00:00+00:00,81.8125681685,81.8990203364,79.6800813617,79.9202262724,180246
2022-07-11 00:00:00+00:00,81.3226725507,81.7597362882,79.8625914938,80.8135653401,163441
2022-07-12 00:00:00+00:00,83.1861970576,84.185199886,80.6886899866,81.2938551615,256555
2022-07-13 00:00:00+00:00,81.0441044543,81.9182319292,80.5446030401,81.8125681685,206863
2022-07-14 00:00:00+00:00,80.6886899866,80.9672580829,78.5081741976,79.4975712296,256011
2022-07-15 00:00:00+00:00,82.2928579899,82.5522144934,81.1401624186,81.6588754257,223650
2022-07-18 00:00:00+00:00,81.5820290543,83.9066317896,81.3658986347,83.1573796683,168535
2022-07-19 00:00:00+00:00,86.5770431963,86.7211301427,82.8307825898,82.9844753326,438159
2022-07-20 00:00:00+00:00,86.4425620463,86.9516692569,84.8095766537,86.8556112927,212740
2022-07-21 00:00:00+00:00,88.9977038959,89.2570603994,86.4617736392,86.7787649213,294299
2022-07-22 00:00:00+00:00,86.682706957,89.7469560172,86.3176866928,89.4779937172,271501
2022-07-25 00:00:00+00:00,87.8354025282,88.1139706246,86.4041388606,86.7883707177,145157
2022-07-26 00:00:00+00:00,86.6731011606,87.1245735926,84.9824809894,87.1245735926,250992
2022-07-27 00:00:00+00:00,87.268660539,87.7537532586,85.2418374929,87.2878721319,167132
2022-07-28 00:00:00+00:00,91.0053153491,91.0925359807,87.604863414,87.7201329711,387603
2022-07-29 00:00:00+00:00,95.9907236947,96.1732338268,92.868839856,93.8774484808,458774
2022-08-01 00:00:00+00:00,96.874456966,97.931094573,95.4768135859,96.1252048447,249888
2022-08-02 00:00:00+00:00,95.4527990948,97.3067178052,94.8092107342,96.1059932518,380893
2022-08-03 00:00:00+00:00,98.5650771371,98.6035003229,95.0205382556,96.0291468804,219352
2022-08-04 00:00:00+00:00,99.6601379298,100.3325436797,97.6813438659,98.4594133764,442368
2022-08-05 00:00:00+00:00,102.0519812401,102.272914558,97.3259293981,97.7485844409,284096
2022-08-08 00:00:00+00:00,101.5812972152,103.3007347756,101.0241610224,102.9645319007,218911
2022-08-09 00:00:00+00:00,99.1222133299,101.1298247831,98.7667988621,101.1298247831,309274
2022-08-10 00:00:00+00:00,102.3305493365,102.6763580079,100.8224392975,100.8704682796,108864
2022-08-11 00:00:00+00:00,103.0894072542,104.7315181534,101.8742740062,102.8300507507,136391
2022-08-12 00:00:00+00:00,103.3199463685,103.7233898184,102.1192218151,103.7233898184,105827
2022-08-15 00:00:00+00:00,101.2931233224,102.8204449543,100.7551987225,101.8598653116,207102
2022-08-16 00:00:00+00:00,102.9741376971,103.848265172,101.0625842082,101.2450943403,184264
2022-08-17 00:00:00+00:00,99.3623582406,102.1192218151,98.85325103,102.1192218151,259066
2022-08-18 00:00:00+00:00,99.4680220013,100.4382074404,98.85325103,98.85325103,151411
2022-08-19 00:00:00+00:00,98.0079409444,99.0261553656,97.2682946195,99.0261553656,165075
2022-08-22 00:00:00+00:00,97.2586888231,97.4123815659,95.4047701127,96.6823410375,303003
2022-08-23 00:00:00+00:00,99.4488104084,99.7177727084,96.739975816,97.2586888231,229643
2022-08-24 00:00:00+00:00,100.6879581475,100.947314651,99.0261553656,99.5256567798,231025
2022-08-25 00:00:00+00:00,104.0595926934,104.1460448612,101.2450943403,101.6197204009,128661
2022-08-26 00:00:00+00:00,103.0990130507,103.9923521184,101.6966628303,103.9923521184,718912
2022-08-29 00:00:00+00:00,96.7015526303,101.9078942937,94.17522817,101.9078942937,631785
2022-08-30 00:00:00+00:00,96.7015526303,97.6813438659,95.1165962199,97.6813438659,210280
2022-08-31 00:00:00+00:00,95.8562425447,97.6333148837,95.6064918376,97.2875062124,271372
2022-09-01 00:00:00+00:00,99.2759060727,101.081795801,94.6843353806,94.9340860877,583591
2022-09-02 00:00:00+00:00,99.237482887,101.7445957545,98.9685205871,100.6111117761,376750
2022-09-06 00:00:00+00:00,96.2404744018,100.0443697869,96.0963874554,99.1126075335,253059
2022-09-07 00:00:00+00:00,96.7783990017,97.3547467873,94.3289209128,96.0483584733,198060
2022-09-08 00:00:00+00:00,98.6131061193,98.651529305,95.8466367483,95.9330889162,162136
2022-09-09 00:00:00+00:00,100.4670248297,100.7840161118,99.4199930191,99.4199930191,123865
2022-09-12 00:00:00+00:00,101.9463174794,102.5034536722,101.0433726153,101.0433726153,143949
2022-09-13 00:00:00+00:00,98.786010455,100.0059466012,98.4690191729,99.170242312,157534
2022-09-14 00:00:00+00:00,97.594891698,98.8340394371,95.9234831197,98.8148278442,162734
2022-09-15 00:00:00+00:00,96.0291468804,99.1126075335,95.3135150466,97.4411989552,162306
2022-09-16 00:00:00+00:00,91.1686138884,93.2434659166,89.6508980529,92.3789442382,375021
2022-09-19 00:00:00+00:00,94.7707875485,95.1502165074,89.6220806636,89.6989270351,200062
2022-09-20 00:00:00+00:00,92.7919934845,93.656515163,91.610480524,93.589274588,121763
2022-09-21 00:00:00+00:00,91.7161442847,94.0791702057,91.6969326919,93.0801673773,148447
2022-09-22 00:00:00+00:00,90.0831588921,91.9370776025,89.2666661958,91.3799414098,224209
2022-09-23 00:00:00+00:00,87.4127474854,89.0073096923,86.3080808963,88.3060865531,247069
2022-09-26 00:00:00+00:00,88.1427880139,90.236851635,86.4329562499,86.5194084177,213283
2022-09-27 00:00:00+00:00,89.3243009744,90.5586458153,88.4021445174,89.247454603,201179
2022-09-28 00:00:00+00:00,91.7929906561,91.946683399,88.459779296,88.9688865066,138938
2022-09-29 00:00:00+00:00,90.822805217,90.8998716618,89.031010375,90.4952728265,129326
2022-09-30 00:00:00+00:00,87.1621490882,91.1985041355,87.1043492546,90.7650053834,271428
2022-10-03 00:00:00+00:00,92.1425680845,92.614600059,88.3085124548,88.5589784005,228809
2022-10-04 00:00:00+00:00,95.9091905749,97.286753276,94.0788625105,94.3004285394,310050
2022-10-05 00:00:00+00:00,93.9343629265,94.9651266259,93.365997896,94.1559289553,289006
2022-10-06 00:00:00+00:00,93.3948978128,94.1173957329,92.3352341965,93.0769987279,171130
2022-10-07 00:00:00+00:00,90.8035386058,92.8939659215,89.6957084616,92.566433531,178049
2022-10-10 00:00:00+00:00,92.1233014733,92.3930340302,90.4085730761,91.8921021388,161597
2022-10-11 00:00:00+00:00,91.5164032204,93.3370979792,89.6282753223,91.1310709963,224563
2022-10-12 00:00:00+00:00,92.3641341133,93.1925983951,90.3411399369,91.2177707467,168593
2022-10-13 00:00:00+00:00,93.4237977296,94.1848288722,89.0695435974,90.8902383562,276579
2022-10-14 00:00:00+00:00,89.5415755719,94.3485950674,89.5030423495,94.0981291217,212009
2022-10-17 00:00:00+00:00,94.0306959825,94.5123612626,91.3044704971,91.477869998,316570
2022-10-18 00:00:00+00:00,93.7224302033,96.3330560214,92.9132325327,95.3311922388,234259
2022-10-19 00:00:00+00:00,92.0751349453,93.4526976464,90.9480381898,93.0288321999,122756
2022-10-20 00:00:00+00:00,87.4222483394,92.1714680013,86.998382893,91.5164032204,209779
2022-10-21 00:00:00+00:00,89.83057474,89.8883745736,85.6978866367,86.7286503361,190390
2022-10-24 00:00:00+00:00,93.1347985615,93.3756312016,89.5993754055,89.9847076296,183856
2022-10-25 00:00:00+00:00,94.1270290385,95.2994023303,92.5760668366,93.1347985615,255326
2022-10-26 00:00:00+00:00,95.10962621,95.9380904917,92.9132325327,93.4237977296,199967
2022-10-27 00:00:00+00:00,91.2370373579,95.8224908245,90.9576714954,95.6490913237,381934
2022-10-28 00:00:00+00:00,85.5533870526,90.5627059657,84.4166569916,90.5627059657,865928
2022-10-31 00:00:00+00:00,87.6919808963,89.3778093767,82.7115619,84.4359236028,461027
2022-11-01 00:00:00+00:00,89.3007429319,91.1503376075,86.9116831425,88.3470456773,380479
2022-11-02 00:00:00+00:00,88.1062130372,91.0347379403,87.8268471747,88.9154107078,531532
2022-11-03 00:00:00+00:00,86.3240515008,87.1814156994,85.5582037054,86.7960834753,391638
2022-11-04 00:00:00+00:00,88.7227445957,90.2688901449,87.5378480067,88.0676798148,285531
2022-11-07 00:00:00+00:00,92.4123006414,92.8650660047,88.8576108742,89.2622097095,310560
2022-11-08 00:00:00+00:00,94.7531939027,95.3408255444,92.566433531,93.0577321167,380743
2022-11-09 00:00:00+00:00,92.614600059,95.1674260436,91.6801694156,93.9247296209,442616
2022-11-10 00:00:00+00:00,97.19042022,98.2500838363,95.7935909077,96.342689327,331690
2022-11-11 00:00:00+00:00,100.1285784287,102.0167063267,97.045920636,97.6239189721,732420
2022-11-14 00:00:00+00:00,99.3097474525,100.8318097376,97.9803512794,100.1189451231,285702
2022-11-15 00:00:00+00:00,101.3423749345,101.5156781023,99.2904808413,100.8992428768,259725
2022-11-16 00:00:00+00:00,99.3868138973,100.9763093217,98.3656835035,100.4079442911,332125
2022-11-17 00:00:00+00:00,98.8666153948,98.9147819228,96.5738886615,97.5661191385,224175
2022-11-18 00:00:00+00:00,100.9570427105,101.0630090721,98.2597171419,98.78954895,206871
2022-11-21 00:00:00+00:00,101.1786087393,101.4483412962,99.3290140637,100.4464775135,287819
2022-11-22 00:00:00+00:00,101.9300065763,103.4279855974,101.4483412962,101.8240402147,302244
2022-11-23 00:00:00+00:00,101.8529401315,102.613971274,100.87034296,101.7084405474,124857
2022-11-25 00:00:00+00:00,102.2960721892,102.6717711076,101.3423749345,101.3423749345,63926
2022-11-28 00:00:00+00:00,100.4079442911,102.8548039141,99.7673294686,100.7162100704,296563
2022-11-29 00:00:00+00:00,100.7354766816,101.3616415458,99.2134143965,101.0244758497,259428
2022-11-30 00:00:00+00:00,104.5695323113,104.8392648681,100.0226120671,100.9377760993,332594
2022-12-01 00:00:00+00:00,102.8451706085,104.9259646185,101.1689754337,104.5791656169,303382
2022-12-02 00:00:00+00:00,101.9396398819,103.0282034149,101.1882420449,101.718073853,219135
2022-12-05 00:00:00+00:00,98.2115506138,101.7566070754,97.6913521113,101.7084405474,223519
2022-12-06 00:00:00+00:00,97.4697860825,98.3078836699,96.4582889943,98.1152175578,164841
2022-12-07 00:00:00+00:00,97.9803512794,99.637279843,97.5564858329,97.5564858329,143968
2022-12-08 00:00:00+00:00,100.0611452895,101.380908157,98.8521654364,99.4446137309,251778
2022-12-09 00:00:00+00:00,100.0611452895,100.7932765152,98.3945834203,99.9455456222,258121
2022-12-12 00:00:00+00:00,101.0630090721,101.9107399651,99.3290140637,100.0996785119,254422
2022-12-13 00:00:00+00:00,102.9993034981,104.8657564585,101.6313741026,102.7777374693,269390
2022-12-14 00:00:00+00:00,104.3864995048,105.7833288171,102.9511369701,102.9511369701,198911
2022-12-15 00:00:00+00:00,101.9011066595,103.1438030821,101.0581924193,102.9607702757,178086
2022-12-16 00:00:00+00:00,101.6602740194,102.5947046628,100.774009904,101.3327416289,296615
2022-12-19 00:00:00+00:00,98.7702823388,102.6043379684,97.286753276,101.9878064099,258161
2022-12-20 00:00:00+00:00,96.2367229654,98.5968828379,96.2078230486,97.9803512794,138168
2022-12-21 00:00:00+00:00,99.2904808413,99.6276465374,95.7550576853,95.7550576853,136455
2022-12-22 00:00:00+00:00,97.1615203032,98.8184488668,95.7935909077,98.6643159772,144140
2022-12-23 00:00:00+00:00,97.7202520281,97.8551183066,96.6991216343,97.1807869144,63641
2022-12-27 00:00:00+00:00,97.6720855001,98.7991822556,97.094087164,97.1133537752,60470
2022-12-28 00:00:00+00:00,95.2348591828,98.2693504475,94.7146606803,97.5468525273,145675
2022-12-29 00:00:00+00:00,97.7587852505,98.3484506219,95.9511225548,96.3861215993,89404
2022-12-30 00:00:00+00:00,96.8984538071,97.7297853143,96.2991217904,96.627787735,133667
2023-01-03 00:00:00+00:00,96.7921207074,98.3871172036,95.3227906018,96.9467870343,170119
2023-01-04 00:00:00+00:00,98.5804501122,98.9284493478,97.1884531701,98.396783849,227086
2023-01-05 00:00:00+00:00,96.2507885632,97.2657863335,95.3614571835,97.2657863335,130244
2023-01-06 00:00:00+00:00,100.2721130628,100.8907783704,97.1014533612,97.1014533612,238116
2023-01-09 00:00:00+00:00,101.8961094953,103.0851068834,99.8564473092,99.8564473092,169283
2023-01-10 00:00:00+00:00,101.934776077,102.4567749303,99.8999472137,102.1184423402,167020
2023-01-11 00:00:00+00:00,103.6457723184,103.9551049723,101.7221098775,103.3171063738,140223
2023-01-12 00:00:00+00:00,105.7047677954,106.1107669035,102.4954415121,103.9164383905,281810
2023-01-13 00:00:00+00:00,103.8874384542,105.3954351416,103.2687731466,104.4384372438,104254
2023-01-17 00:00:00+00:00,101.9927759496,103.278439792,101.6786099731,103.1527734014,113973
2023-01-18 00:00:00+00:00,102.9207739111,107.0774314467,102.2731086671,102.2731086671,347088
2023-01-19 00:00:00+00:00,102.2731086671,103.1914399832,101.016444761,102.4664415758,136479
2023-01-20 00:00:00+00:00,104.2934375624,104.6994366705,101.8187763319,102.8144408113,143905
2023-01-23 00:00:00+00:00,105.540434823,106.7584321474,104.0904380083,104.4577705347,276517
2023-01-24 00:00:00+00:00,105.7241010863,106.3959329438,104.4577705347,104.8637696428,97022
2023-01-25 00:00:00+00:00,103.8197719362,104.6511034433,103.2494398557,104.2644376261,135017
2023-01-26 00:00:00+00:00,102.9304405565,104.8541029974,100.8617784341,104.6801033796,154932
2023-01-27 00:00:00+00:00,105.5017682413,106.9517650561,101.8767762044,102.3117752489,198783
2023-01-30 00:00:00+00:00,103.6651056093,105.830434186,103.3847728918,104.5641036344,134500
2023-01-31 00:00:00+00:00,107.5897636546,107.8120964995,103.4137728281,103.8777718088,182479
2023-02-01 00:00:00+00:00,111.6497547359,111.988087326,107.3674308096,107.6090969454,390751
2023-02-02 00:00:00+00:00,115.0717472187,116.1254115707,111.5434216361,111.6400880904,354384
2023-02-03 00:00:00+00:00,114.9267475372,116.1834114433,112.5004195339,113.2157512958,331113
2023-02-06 00:00:00+00:00,112.4037530795,114.4724152019,112.2297534618,113.7764167308,320554
2023-02-07 00:00:00+00:00,120.543068533,120.6687349236,113.6024171131,116.6957436512,879725
2023-02-08 00:00:00+00:00,120.3980688515,121.1617338406,117.4690752857,120.3594022698,442288
2023-02-09 00:00:00+00:00,120.6494016328,122.1380650292,120.0742362296,121.1520671952,424090
2023-02-10 00:00:00+00:00,120.7364014416,121.6933993394,119.489404181,120.1274027794,325443
2023-02-13 00:00:00+00:00,123.1047295724,123.1240628633,120.6494016328,120.833067896,178789
2023-02-14 00:00:00+00:00,123.588061844,123.7523948163,121.1810671315,122.5247308465,177305
2023-02-15 00:00:00+00:00,123.230395963,123.4817287442,121.8577323117,122.244398129,169057
2023-02-16 00:00:00+00:00,123.520395326,124.6320595506,121.2004004224,121.7997324391,187263
2023-02-17 00:00:00+00:00,121.7320659211,123.5010620351,120.9780675774,123.5010620351,299646
2023-02-21 00:00:00+00:00,119.489404181,120.7654013779,119.064071782,120.7654013779,318940
2023-02-22 00:00:00+00:00,120.0404029706,121.6112328532,119.5764039898,119.5764039898,201623
2023-02-23 00:00:00+00:00,119.9437365162,121.4323999127,119.0737384274,121.3550667493,181138
2023-02-24 00:00:00+00:00,118.2714068566,118.5517395741,117.1404093411,118.1747404022,178807
2023-02-27 00:00:00+00:00,118.8127390007,119.5667373444,118.5614062195,119.199404818,280780
2023-02-28 00:00:00+00:00,117.9717408482,118.9190721005,116.8987432053,118.7257391919,284373
2023-03-01 00:00:00+00:00,119.0157385548,120.6725049153,117.2032425364,117.5657417401,170482
2023-03-02 00:00:00+00:00,120.4270687878,120.7267347962,117.9620742028,118.1554071114,225417
2023-03-03 00:00:00+00:00,121.4033999764,121.4710664945,119.2767379815,120.7364014416,207836
2023-03-06 00:00:00+00:00,121.393733331,121.8577323117,120.6880682145,121.3357334584,151593
2023-03-07 00:00:00+00:00,121.2874002313,122.3507312287,120.1080694886,120.6784015691,190349
2023-03-08 00:00:00+00:00,120.8524011868,121.5918995623,119.3734044358,121.1230672589,232253
2023-03-09 00:00:00+00:00,119.3444044995,122.0897318021,119.2187381089,121.2100670678,133265
2023-03-10 00:00:00+00:00,117.2274091499,120.1660693612,116.8310766872,118.9384053914,140007
2023-03-13 00:00:00+00:00,113.9504163486,116.44441087,113.689416922,115.5454128448,220511
2023-03-14 00:00:00+00:00,115.4100798088,119.1800715271,114.2887489387,116.1737447979,558709
2023-03-15 00:00:00+00:00,114.317748875,115.1780803184,112.1137537166,113.3124177501,243189
2023-03-16 00:00:00+00:00,115.033080637,117.5850750309,113.331751041,113.4864173679,434087
2023-03-17 00:00:00+00:00,112.2587533981,116.2220780251,111.6884213176,114.7624145649,311377
2023-03-20 00:00:00+00:00,114.1534159027,114.3274155204,112.3650864978,112.6550858608,160302
2023-03-21 00:00:00+00:00,114.743081274,116.0982482971,114.5207484291,115.2940800636,263217
2023-03-22 00:00:00+00:00,112.548752761,115.1490803821,112.5197528247,114.5884149471,155441
2023-03-23 00:00:00+00:00,110.4510907023,113.0707516143,109.3974263503,112.9547518691,237518
2023-03-24 00:00:00+00:00,108.5080949706,109.2330933779,105.7241010863,109.2330933779,243207
2023-03-27 00:00:00+00:00,110.5960903838,111.205089046,109.1170936328,109.3877597049,225964
2023-03-28 00:00:00+00:00,112.3554198524,112.8677520603,110.9924228465,110.9924228465,143837
2023-03-29 00:00:00+00:00,114.1050826755,114.5110817836,112.8870853511,113.2930844593,267227
2023-03-30 00:00:00+00:00,115.8064122715,116.3784154799,114.4103366443,115.3895285773,212211
2023-03-31 00:00:00+00:00,115.6512927574,116.7856042045,115.1665442757,116.4753651762,163338
2023-04-03 00:00:00+00:00,113.7995535574,116.586857327,113.5668742862,115.6512927574,149299
2023-04-04 00:00:00+00:00,110.7359431532,113.755926194,110.503263882,113.6153491343,190157
2023-04-05 00:00:00+00:00,108.6127448035,110.900757637,108.1570812307,110.212414793,201781
2023-04-06 00:00:00+00:00,108.0213516558,109.0974932851,107.9244019595,108.0504365647,139611
2023-04-10 00:00:00+00:00,110.900757637,110.9492324851,107.9195544747,108.3994554715,179460
2023-04-11 00:00:00+00:00,112.5682924139,112.7331068977,110.2414997019,110.7553330925,113440
2023-04-12 00:00:00+00:00,111.560015572,113.5280944076,111.1334369082,113.5280944076,110936
2023-04-13 00:00:00+00:00,112.0835439322,113.1887704705,110.8135029103,111.9478143574,180927
2023-04-14 00:00:00+00:00,113.915893193,114.206742282,111.5503206024,111.5503206024,130059
2023-04-17 00:00:00+00:00,113.043345926,114.5363712495,112.0350690841,114.0225378589,104174
2023-04-18 00:00:00+00:00,113.9546730715,115.5107156977,113.1306006527,113.1306006527,112286
2023-04-19 00:00:00+00:00,114.575151128,115.0114247615,113.1790755008,113.7801636181,222652
2023-04-20 00:00:00+00:00,115.2344090631,116.2669233291,113.4505346506,113.6638239825,217939
2023-04-21 00:00:00+00:00,115.476783304,116.2232959657,114.9047800956,115.3410537291,241917
2023-04-24 00:00:00+00:00,115.6319028181,117.1637080202,114.5072863406,115.3992235469,166615
2023-04-25 00:00:00+00:00,111.5212356935,114.6430159155,110.5226538213,114.6430159155,318493
2023-04-26 00:00:00+00:00,98.8886902611,104.6668921627,98.6850958988,103.2126467176,798976
2023-04-27 00:00:00+00:00,98.4524166276,100.2265960705,98.1712625083,98.1712625083,461914
2023-04-28 00:00:00+00:00,104.5117726485,105.0304535239,97.8804134193,97.8804134193,514445
2023-05-01 00:00:00+00:00,105.1322507051,106.9161251176,104.2209235595,104.5214676182,292528
2023-05-02 00:00:00+00:00,103.7361750779,104.9092664035,103.2999014443,104.5505525271,257038
2023-05-03 00:00:00+00:00,103.4744108977,105.1615295134,102.9411875679,103.7361750779,238249
2023-05-04 00:00:00+00:00,100.5756149773,103.9397694402,100.4495803721,102.7472881752,149517
2023-05-05 00:00:00+00:00,102.9605775072,103.1350869606,100.8276841878,101.3221276391,190378
2023-05-08 00:00:00+00:00,102.7569831449,104.7250619805,101.9910805438,103.5810555637,163795
2023-05-09 00:00:00+00:00,102.8442378716,103.5955980182,101.4869421229,102.146200058,151948
2023-05-10 00:00:00+00:00,103.7264801082,105.7187963679,102.8539328412,104.3954330129,251007
2023-05-11 00:00:00+00:00,102.9508825375,104.075499015,102.0783352705,103.2417316265,111317
2023-05-12 00:00:00+00:00,103.7361750779,105.3843199155,103.1156970213,103.2126467176,290675
2023-05-15 00:00:00+00:00,103.7652599868,104.2209235595,102.330404481,103.997939258,132697
2023-05-16 00:00:00+00:00,102.912102659,103.6877002297,102.1171151491,103.1156970213,113040
2023-05-17 00:00:00+00:00,106.2568671825,106.3829017878,102.9605775072,103.387156171,159195
2023-05-18 00:00:00+00:00,106.1890023951,107.7208075972,104.7929267679,106.4507665752,192441
2023-05-19 00:00:00+00:00,105.6848639742,107.4202635386,105.1904205229,106.4410716056,177926
2023-05-22 00:00:00+00:00,107.1584993585,108.3509806234,106.0532728202,106.8191754213,139288
2023-05-23 00:00:00+00:00,106.4604615448,107.6432478401,105.238895371,106.7900905124,244296
2023-05-24 00:00:00+00:00,102.6309485396,105.927238215,102.039555392,105.927238215,256916
2023-05-25 00:00:00+00:00,104.2015336203,104.5020776789,102.4273541773,102.5727787218,228612
2023-05-26 00:00:00+00:00,105.3940148852,106.5864961501,103.7458700475,103.7458700475,191360
2023-05-30 00:00:00+00:00,105.3649299763,106.6252760286,105.0353010087,105.4327947637,188065
2023-05-31 00:00:00+00:00,102.0686403009,105.5006595511,101.8844358779,105.5006595511,230336
2023-06-01 00:00:00+00:00,104.6087223449,107.7547399909,104.022176682,104.7541468894,253949
2023-06-02 00:00:00+00:00,107.0809396014,107.7886723846,105.0353010087,105.0353010087,250705
2023-06-05 00:00:00+00:00,106.3925967574,107.2748389941,106.0435778506,107.2748389941,221100
2023-06-06 00:00:00+00:00,106.6446659679,107.1003295407,104.8898764642,106.2762571218,284656
2023-06-07 00:00:00+00:00,105.4715746422,106.7076832705,104.8317066464,106.5283263323,217793
2023-06-08 00:00:00+00:00,104.3954330129,105.9126957606,104.1433638025,105.054690948,160759
2023-06-09 00:00:00+00:00,101.7971811512,104.8607915553,101.6759940307,104.6765871323,252555
2023-06-12 00:00:00+00:00,100.8955489753,102.3207095114,99.8000174067,102.3207095114,217942
2023-06-13 00:00:00+00:00,101.642061637,101.9765380894,100.4204954632,100.9731087323,267450
2023-06-14 00:00:00+00:00,102.7569831449,104.075499015,101.5838918192,101.9232157564,323740
2023-06-15 00:00:00+00:00,102.912102659,103.5616656245,101.5063320622,102.1171151491,714977
2023-06-16 00:00:00+00:00,103.0090523553,104.7929267679,102.0298604224,103.5713605941,497705
2023-06-20 00:00:00+00:00,101.3996873962,102.6018636307,100.8955489753,102.5243038737,268536
2023-06-21 00:00:00+00:00,101.9813855742,102.6503384789,100.9197863993,101.273652791,358177
2023-06-22 00:00:00+00:00,103.0769171428,103.8622096831,101.2251779428,101.8941308475,312622
2023-06-23 00:00:00+00:00,102.4273541773,103.9009895616,101.9038258171,102.4661340559,283772
2023-06-26 00:00:00+00:00,103.600445503,104.0658040454,102.5824736915,102.5824736915,232466
2023-06-27 00:00:00+00:00,111.5891004809,112.5658686715,103.5907505334,103.8815996224,505850
2023-06-28 00:00:00+00:00,111.0558771511,112.1465612349,109.630716615,111.2206916349,559377
2023-06-29 00:00:00+00:00,112.2386634464,112.7540549871,110.8189056173,111.0522904659,439958
2023-06-30 00:00:00+00:00,110.8189056173,113.0456888042,110.3813090262,112.7151575123,437932
2023-07-03 00:00:00+00:00,112.6373625628,113.7264918563,110.8189056173,110.8189056173,91815
2023-07-05 00:00:00+00:00,108.0863580148,111.081463572,106.9777799839,111.081463572,302621
2023-07-06 00:00:00+00:00,107.921043747,108.5190924216,106.6666001857,106.6666001857,222710
2023-07-07 00:00:00+00:00,109.1268654648,110.9744955164,107.8626975349,108.3489159695,268708
2023-07-10 00:00:00+00:00,108.9226537223,110.1187510715,108.2516722825,108.8351344041,209524
2023-07-11 00:00:00+00:00,107.1333698829,109.438045263,106.4137665997,109.3602503135,236048
2023-07-12 00:00:00+00:00,106.4234909684,108.7281663485,105.7330607912,108.4947814999,146457
2023-07-13 00:00:00+00:00,107.288959782,107.6293126862,105.898375059,106.4818371805,647586
2023-07-14 00:00:00+00:00,106.3845934936,107.8189378757,105.2079448819,107.0264018273,248514
2023-07-17 00:00:00+00:00,107.162542989,107.8238000601,105.7816826347,106.3845934936,169649
2023-07-18 00:00:00+00:00,113.6486969068,115.6081571983,107.8724219035,108.8837562475,451726
2023-07-19 00:00:00+00:00,119.3957988039,119.4055231726,114.3342648996,114.4363707708,404634
2023-07-20 00:00:00+00:00,120.2418188801,121.8657884517,118.4817081468,119.0554458997,566968
2023-07-21 00:00:00+00:00,118.4039131973,120.8933515825,117.7037586514,120.4168575166,278491
2023-07-24 00:00:00+00:00,119.2304845361,119.8139466577,114.747550569,115.2337690036,270017
2023-07-25 00:00:00+00:00,119.9598121881,121.0100440068,119.2304845361,119.2304845361,250556
2023-07-26 00:00:00+00:00,124.9970351707,125.1623494384,119.5319399656,119.7653248142,657631
2023-07-27 00:00:00+00:00,122.0019296134,125.619394767,121.3795700171,125.6096703983,354426
2023-07-28 00:00:00+00:00,123.9857008267,125.0067595394,123.2563731747,123.3536168617,459278
2023-07-31 00:00:00+00:00,124.8122721655,125.3373880749,123.5870017103,123.8884571397,369783
2023-08-01 00:00:00+00:00,127.8462751975,129.1104431275,119.804222289,121.5546086536,917875
2023-08-02 00:00:00+00:00,127.4961979246,128.1282818896,125.52215108,126.4265173684,345065
2023-08-03 00:00:00+00:00,128.7603658546,128.935404491,125.5804972922,127.8268264601,399245
2023-08-04 00:00:00+00:00,127.6128903489,130.0926043654,126.8154921161,128.9937507032,331933
2023-08-07 00:00:00+00:00,129.1298918649,129.703532374,127.5934416115,128.27414742,195708
2023-08-08 00:00:00+00:00,128.9256801223,129.2368599205,126.7474215353,128.5172566373,145290
2023-08-09 00:00:00+00:00,128.0310382027,130.1120531028,127.6906852984,130.1120531028,211627
2023-08-10 00:00:00+00:00,127.4475760811,129.0861322058,126.5140366867,128.5950515868,282827
2023-08-11 00:00:00+00:00,128.8381608041,129.2952061327,126.4265173684,126.4265173684,150359
2023-08-14 00:00:00+00:00,129.2563086579,129.820322042,127.8073777227,128.9743019658,148422
2023-08-15 00:00:00+00:00,126.154235045,128.6874330894,125.619394767,128.3422180008,299023
2023-08-16 00:00:00+00:00,126.5626585301,128.4491860564,125.8819527217,126.3681711563,310324
2023-08-17 00:00:00+00:00,126.0667157268,127.7587558793,125.4735292366,126.504312318,403762
2023-08-18 00:00:00+00:00,126.4459661058,127.2530887073,125.3471124436,125.3471124436,303521
2023-08-21 00:00:00+00:00,126.8154921161,127.4378517124,126.0715779112,126.7182484292,137900
2023-08-22 00:00:00+00:00,126.3389980502,126.8252164848,125.6242569513,126.8252164848,178089
2023-08-23 00:00:00+00:00,125.9694720399,127.4281273437,125.0553813828,126.4265173684,189147
2023-08-24 00:00:00+00:00,123.9079058771,126.1931325198,123.8592840337,126.1931325198,189646
2023-08-25 00:00:00+00:00,123.8203865589,124.5983360543,120.8787650295,124.4913679987,220600
2023-08-28 00:00:00+00:00,125.6874653478,125.8941081825,123.6356235537,123.6356235537,139725
2023-08-29 00:00:00+00:00,129.8592195168,129.917565729,124.6664066351,125.240144388,321573
2023-08-30 00:00:00+00:00,131.590157144,131.9791318917,129.8105976733,129.8105976733,331450
2023-08-31 00:00:00+00:00,132.601491488,133.4377871956,131.1622849216,131.4151185076,282698
2023-09-01 00:00:00+00:00,133.739242625,133.992076211,131.8673016518,133.6225502007,293466
2023-09-05 00:00:00+00:00,131.7846445179,133.7003451503,129.820322042,133.1849536096,378644
2023-09-06 00:00:00+00:00,130.958073179,134.3518778526,130.549649694,132.5917671193,227138
2023-09-07 00:00:00+00:00,130.2190211584,131.8916125735,129.9710497568,131.84299073,292470
2023-09-08 00:00:00+00:00,128.0018650966,131.0066950225,127.6906852984,131.0066950225,233498
2023-09-11 00:00:00+00:00,128.7603658546,129.9856363098,127.6128903489,129.2076868144,169590
2023-09-12 00:00:00+00:00,127.136396283,129.9224279133,126.912735803,128.8478851728,273918
2023-09-13 00:00:00+00:00,127.3308836568,129.7230783551,126.6015560049,127.1461206517,524418
2023-09-14 00:00:00+00:00,126.7279727979,129.3341036074,125.6096703983,128.5950515868,344684
2023-09-15 00:00:00+00:00,127.5059222933,127.8559995662,125.2984906001,127.1752937577,264293
2023-09-18 00:00:00+00:00,129.0909943901,130.4913034818,127.768480248,127.894897041,183981
2023-09-19 00:00:00+00:00,127.6615121924,130.1898480523,127.3503323942,129.31465487,147291
2023-09-20 00:00:00+00:00,127.4961979246,129.4994178752,127.418402975,128.2644230513,96422
2023-09-21 00:00:00+00:00,124.48164363,127.2044668638,124.384399943,126.6890753231,279559
2023-09-22 00:00:00+00:00,126.9613576465,127.0294282274,124.5399898421,124.7539259534,170582
2023-09-25 00:00:00+00:00,128.0602113087,129.4799691378,126.5723828988,126.659902217,125026
2023-09-26 00:00:00+00:00,123.1688538565,127.418402975,122.5464942602,127.2822618134,282570
2023-09-27 00:00:00+00:00,123.5870017103,125.0456570141,122.964642114,124.0343226701,264392
2023-09-28 00:00:00+00:00,126.1445106764,126.3882776059,124.2626299806,124.2626299806,237985
2023-09-29 00:00:00+00:00,125.2084456671,128.182402207,125.0524348322,127.207334489,425350
2023-10-02 00:00:00+00:00,122.8585324667,125.637475463,122.7317736634,124.6721584222,312522
2023-10-03 00:00:00+00:00,121.8737140716,124.8379199342,120.9571504166,122.4782560567,459280
2023-10-04 00:00:00+00:00,118.9485109176,121.5909444333,118.1684567432,121.191166669,552975
2023-10-05 00:00:00+00:00,118.3634702868,120.513494605,118.3000908851,119.2117792014,593220
2023-10-06 00:00:00+00:00,121.6689498508,122.6635189231,117.9149391365,118.1782074204,353007
2023-10-09 00:00:00+00:00,125.257199053,125.5692207227,120.3428577543,120.4403645261,298775
2023-10-10 00:00:00+00:00,124.9939307691,126.4077789602,123.3948197116,124.3211340437,439119
2023-10-11 00:00:00+00:00,122.8000284036,125.5789713999,122.1077303239,124.9939307691,310329
2023-10-12 00:00:00+00:00,120.3136057228,123.1218007506,119.4165434222,123.1218007506,225322
2023-10-13 00:00:00+00:00,118.265963515,121.08390922,117.7881803332,120.7328848415,259548
2023-10-16 00:00:00+00:00,120.6548794241,121.8361739644,119.0460176894,119.0460176894,345093
2023-10-17 00:00:00+00:00,120.9181477079,121.5421910474,118.5243564603,120.1575948879,211744
2023-10-18 00:00:00+00:00,116.0623104723,120.7231341643,115.6137793221,120.7231341643,222002
2023-10-19 00:00:00+00:00,114.2194324853,116.2865760475,113.7806520122,116.0623104723,217876
2023-10-20 00:00:00+00:00,115.5942779677,116.5108416226,114.7752210846,114.7752210846,300316
2023-10-23 00:00:00+00:00,113.7611506579,116.2865760475,113.6928959176,115.1164947859,335277
2023-10-24 00:00:00+00:00,104.0982295726,112.9908471607,103.5326902962,112.5033133017,1297755
2023-10-25 00:00:00+00:00,106.1166197488,106.5261481904,102.2943542943,103.3669287841,640086
2023-10-26 00:00:00+00:00,105.7948474019,106.7016603796,104.9660398416,105.4438230234,440840
2023-10-27 00:00:00+00:00,104.8490317155,107.5597199715,104.17623499,106.2141265206,335797
2023-10-30 00:00:00+00:00,107.6084733574,108.6127931069,105.8240994334,105.8240994334,271083
2023-10-31 00:00:00+00:00,107.861990964,108.4470315948,106.2726305837,107.9204950271,284771
2023-11-01 00:00:00+00:00,108.944316131,109.514730746,107.9497470587,108.0960072164,242531
2023-11-02 00:00:00+00:00,109.7633730141,111.001709016,109.5098554074,109.8121264,248044
2023-11-03 00:00:00+00:00,111.1772212052,112.6885761681,110.7384407321,110.7481914093,272700
2023-11-06 00:00:00+00:00,110.1046467154,112.166914939,109.2270857692,111.3624840716,180285
2023-11-07 00:00:00+00:00,110.0168906208,110.4459204167,108.0082511217,109.2660884779,182899
2023-11-08 00:00:00+00:00,108.9150640995,110.828634496,108.4665329492,110.5434271885,151411
2023-11-09 00:00:00+00:00,106.8869232461,109.2953405095,106.8576712145,109.2953405095,183561
2023-11-10 00:00:00+00:00,108.8078066505,108.8078066505,106.6236549622,107.7352321607,154199
2023-11-13 00:00:00+00:00,109.6171128564,109.6853675967,107.5012159084,108.0862565392,209656
2023-11-14 00:00:00+00:00,113.4198769566,114.6094595725,110.8456981811,110.8456981811,161432
2023-11-15 00:00:00+00:00,113.8586574297,116.6473511031,113.4588796653,113.9269121699,206871
2023-11-16 00:00:00+00:00,112.9225924204,113.9756655558,110.7676927637,113.3613728935,166448
2023-11-17 00:00:00+00:00,110.3191616134,113.985416233,108.778554619,113.985416233,486899
2023-11-20 00:00:00+00:00,111.8207658991,112.2887984037,109.8413784316,110.0461426523,344591
2023-11-21 00:00:00+00:00,112.0937848601,112.9713458063,111.274727977,111.8207658991,214002
2023-11-22 00:00:00+00:00,112.7763322627,113.5758877915,111.5282455837,111.7135084501,178785
2023-11-24 00:00:00+00:00,114.4631994148,115.0238633527,113.2589907831,113.3808742479,91716
2023-11-27 00:00:00+00:00,114.0049175874,114.3559419659,112.9225924204,113.712397272,207641
2023-11-28 00:00:00+00:00,112.0060287655,113.9464135243,111.0114596932,113.9464135243,232063
2023-11-29 00:00:00+00:00,113.7709013351,114.4631994148,112.3082997581,112.3082997581,334276
2023-11-30 00:00:00+00:00,115.233502912,116.3840828193,113.2736167989,113.8489067525,345021
2023-12-01 00:00:00+00:00,118.6852426337,118.8510041458,115.3895137469,116.3255787562,158294
2023-12-04 00:00:00+00:00,118.8217521142,120.6188019185,117.8369337191,117.8369337191,217040
2023-12-05 00:00:00+00:00,114.2974379028,117.9831938768,114.2486845169,117.9831938768,262403
2023-12-06 00:00:00+00:00,112.035280797,115.4382671328,109.5586087933,114.5119528007,524016
2023-12-07 00:00:00+00:00,113.0005978378,113.390624925,111.4502401662,112.3668038212,380874
2023-12-08 00:00:00+00:00,112.4253078842,114.7752210846,112.4253078842,112.9225924204,279272
2023-12-11 00:00:00+00:00,112.7470802312,114.2194324853,111.8597686078,112.2107929863,269794
2023-12-12 00:00:00+00:00,110.6604353147,112.5910693963,110.133898747,112.5910693963,256603
2023-12-13 00:00:00+00:00,111.8500179306,112.5813187191,108.9345654538,110.6116819288,317879
2023-12-14 00:00:00+00:00,115.7015354167,116.8618660011,112.6690748137,112.6690748137,368284
2023-12-15 00:00:00+00:00,115.7892915113,118.1294540345,115.4285164556,116.1403158898,280586
2023-12-18 00:00:00+00:00,114.9214812423,117.5692776305,114.7264676987,116.8911180326,173245
2023-12-19 00:00:00+00:00,118.7827494055,118.8997575317,115.0677414,115.6137793221,197854
2023-12-20 00:00:00+00:00,117.8271830419,120.5281206207,117.4956600178,117.9344404909,280856
2023-12-21 00:00:00+00:00,119.3775407135,119.5335515484,117.7735543174,118.3342182553,135042
2023-12-22 00:00:00+00:00,129.0209604444,129.1477192478,119.4457954538,119.9333293128,949555
2023-12-26 00:00:00+00:00,130.298299155,130.3275511865,127.6363642849,128.2214049157,176656
2023-12-27 00:00:00+00:00,134.2960767987,134.3838328934,129.5669983665,130.4543099899,389021
2023-12-28 00:00:00+00:00,132.794472513,134.7014555118,131.9436647136,134.3005001121,241602
2023-12-29 00:00:00+00:00,132.9802811129,133.6061627125,132.1392527135,132.7260167131,256736
2024-01-02 00:00:00+00:00,130.7505779144,132.9509429129,130.3398431147,132.1783703134,211568
2024-01-03 00:00:00+00:00,128.7458009157,130.0757993148,128.1101399161,129.5770499152,372701
2024-01-04 00:00:00+00:00,129.1858739154,130.5549899145,127.9243313162,130.1051375148,236177
2024-01-05 00:00:00+00:00,128.5795511158,130.0660199148,128.1492575161,128.1492575161,158162
2024-01-08 00:00:00+00:00,131.4938123139,131.4938123139,127.6896257164,127.9634489162,234324
2024-01-09 00:00:00+00:00,130.8092543143,131.0244011142,129.4444412512,130.3007255147,166803
2024-01-10 00:00:00+00:00,130.7896955144,131.6698415138,130.5012032145,131.327562514,154449
2024-01-11 00:00:00+00:00,131.0537393142,131.5964960138,129.6846233151,130.5354311145,177526
2024-01-12 00:00:00+00:00,133.7724125124,134.1635885121,131.1613127141,131.1613127141,244430
2024-01-16 00:00:00+00:00,132.3935171133,132.9998399129,130.9559453142,132.9998399129,252222
2024-01-17 00:00:00+00:00,128.1199193161,131.0146217142,127.1615381167,131.0146217142,263179
2024-01-18 00:00:00+00:00,128.7751391157,130.2518285147,128.5599923158,128.7555803157,244465
2024-01-19 00:00:00+00:00,128.8435949156,129.2494400154,127.8656549163,128.9120507156,409751
2024-01-22 00:00:00+00:00,131.337341914,132.809141613,130.1735933148,130.9657247142,293797
2024-01-23 00:00:00+00:00,131.6307239138,132.0903557135,130.8874895143,131.376459514,118385
2024-01-24 00:00:00+00:00,130.6234457145,132.9998399129,130.6234457145,132.9998399129,196635
2024-01-25 00:00:00+00:00,131.6894003138,131.7187385137,129.733520315,131.5622681139,112227
2024-01-26 00:00:00+00:00,131.2297685141,132.7260167131,129.811755515,132.2468261134,133621
2024-01-29 00:00:00+00:00,133.5474863126,133.5474863126,131.2493273141,132.0610175135,175902
2024-01-30 00:00:00+00:00,130.4082989146,133.9093241123,130.3985195146,132.4228553133,492268
2024-01-31 00:00:00+00:00,128.5697717158,131.4595844139,128.247051516,130.2616079147,486101
2024-02-01 00:00:00+00:00,127.6896257164,129.6063881151,125.8217603176,128.8924919156,303471
2024-02-02 00:00:00+00:00,129.9193289149,130.6821221144,126.1200320174,127.1908763167,488113
2024-02-05 00:00:00+00:00,128.6969039157,129.831314315,127.7971991163,128.9413889156,480082
2024-02-06 00:00:00+00:00,132.3641789133,132.9705017129,129.0196241155,129.0196241155,640102
2024-02-07 00:00:00+00:00,137.2440995101,138.0166721096,132.3152819134,132.3641789133,618639
2024-02-08 00:00:00+00:00,138.3785099094,139.7965229085,136.5986591106,137.40056991,626109
2024-02-09 00:00:00+00:00,139.1608619089,141.8012999071,132.7651343131,139.6791701085,810155
2024-02-12 00:00:00+00:00,140.6668895079,140.8820363077,138.1927013095,138.945715109,396721
2024-02-13 00:00:00+00:00,137.7526283098,139.3173323088,136.3541741107,138.4469657093,304204
2024-02-14 00:00:00+00:00,141.7621823072,142.2609317068,137.8895399097,138.906597509,273817
2024-02-15 00:00:00+00:00,142.3293875068,142.6521077066,140.7060071079,142.1826965069,204811
2024-02-16 00:00:00+00:00,142.6814459066,144.6862229053,141.6692780072,141.8697557071,294497
2024-02-20 00:00:00+00:00,141.3221093075,141.6350501073,140.1681401082,141.2340947075,184896
2024-02-21 00:00:00+00:00,141.3416681074,142.1973656069,140.1710739282,140.9896097077,148993
2024-02-22 00:00:00+00:00,144.5199731054,144.5786495053,142.2511523069,142.3587257068,163524
2024-02-23 00:00:00+00:00,145.4196779048,145.5468101047,144.2461499055,144.5884289053,189974
2024-02-26 00:00:00+00:00,146.9648231038,147.9623219031,144.5053040054,145.3414427048,242371
2024-02-27 00:00:00+00:00,145.2729869049,147.6102635033,144.7155611052,146.7985733039,228444
2024-02-28 00:00:00+00:00,141.7621823072,144.9404873051,141.7524029072,144.4123997054,386660
2024-02-29 00:00:00+00:00,144.5590907053,145.057840105,142.4369609067,142.4369609067,274207
2024-03-01 00:00:00+00:00,145.096957705,145.5614792047,143.7180623059,144.1483559056,167066
2024-03-04 00:00:00+00:00,145.2045311049,146.1042359043,144.6960023053,144.7840169052,137683
2024-03-05 00:00:00+00:00,144.6568847053,146.3633900042,144.3928409054,144.3928409054,177715
2024-03-06 00:00:00+00:00,147.1995287036,148.079674703,145.3414427048,145.3414427048,277402
2024-03-07 00:00:00+00:00,147.9036455032,148.6762181026,147.0381686037,147.6591605033,390146
2024-03-08 00:00:00+00:00,145.3805603048,148.9598207025,145.2534281049,148.3828361028,176608
2024-03-11 00:00:00+00:00,145.077398905,146.4073973041,143.9332091058,144.7351199052,183937
2024-03-12 00:00:00+00:00,147.1799699036,147.7569545032,145.2534281049,145.6739423046,189466
2024-03-13 00:00:00+00:00,147.2484257036,148.3926155028,146.2411475042,146.2411475042,138981
2024-03-14 00:00:00+00:00,147.7862927032,147.9916601031,145.6837217046,147.4537931034,235227
2024-03-15 00:00:00+00:00,147.7471751033,152.1772433004,147.2728742036,149.1162911024,235025
2024-03-18 00:00:00+00:00,147.7373957033,149.4879083021,147.4000064035,147.6493811033,156575
2024-03-19 00:00:00+00:00,150.1822457017,150.4169513015,146.8083527039,147.2190875036,240510
2024-03-20 00:00:00+00:00,154.1526820991,154.5242992988,149.5270259021,149.5270259021,343031
2024-03-21 00:00:00+00:00,157.5559132968,158.1720154964,154.172240899,154.8763576986,397420
2024-03-22 00:00:00+00:00,157.4776780969,157.9275304966,156.2063560977,157.301648897,318609
2024-03-25 00:00:00+00:00,155.8738564979,158.4067210963,155.815180098,158.4067210963,222155
2024-03-26 00:00:00+00:00,155.3653276983,157.370104697,155.2968718983,155.9814298979,300678
2024-03-27 00:00:00+00:00,155.8836358979,156.5110920424,153.7855794148,156.5110920424,140977
2024-03-28 00:00:00+00:00,156.3346200018,157.3346282321,155.1875517376,155.1875517376,137792
2024-04-01 00:00:00+00:00,155.7953998776,157.8150243427,154.1091114893,157.1581561914,131949
2024-04-02 00:00:00+00:00,155.0306877015,155.3885337839,152.4277251021,155.0208836992,227765
2024-04-03 00:00:00+00:00,155.2365717489,157.9326723698,154.4718595728,154.4718595728,125330
2024-04-04 00:00:00+00:00,154.9032356722,156.913056135,154.3738195502,155.1973557399,204586
2024-04-05 00:00:00+00:00,155.7953998776,157.3738442411,154.5306835864,154.5306835864,112891
2024-04-08 00:00:00+00:00,157.3542362366,158.0797324037,155.5797118279,156.0208919295,87657
2024-04-09 00:00:00+00:00,158.9130725956,158.9522886046,154.746371636,158.3640484691,187902
2024-04-10 00:00:00+00:00,155.9522639137,158.319930459,154.9914716925,156.6385440718,127692
2024-04-11 00:00:00+00:00,154.971863688,157.1385481869,153.8836194373,157.1385481869,221512
2024-04-12 00:00:00+00:00,153.0796912522,153.5208713538,151.5208548932,153.491459347,239777
2024-04-15 00:00:00+00:00,152.4522351077,155.9914799228,151.8836029768,155.0208836992,266093
2024-04-16 00:00:00+00:00,151.6090909136,152.8247871935,151.2610488334,151.3443828526,258818
2024-04-17 00:00:00+00:00,141.5011645858,150.8835947465,138.6285919243,148.8443622769,681644
2024-04-18 00:00:00+00:00,138.8736919808,144.1090291864,138.3638838634,144.1090291864,381455
2024-04-19 00:00:00+00:00,140.1580162765,140.8737084413,138.8491819751,139.187420053,284688
2024-04-22 00:00:00+00:00,142.305092771,144.1188331886,139.7462481817,140.8344924323,201818
2024-04-23 00:00:00+00:00,144.4717772699,145.7070815544,142.4227407981,142.609016841,223076
2024-04-24 00:00:00+00:00,137.7070157121,144.9570753817,136.7560274931,143.1972569764,529441
2024-04-25 00:00:00+00:00,137.9815277753,138.7658479559,135.9717073125,137.5599556782,375125
2024-04-26 00:00:00+00:00,135.1383671206,135.3932711793,129.4770460168,133.177566669,971033
2024-04-29 00:00:00+00:00,133.1187426555,135.4520951928,131.92265438,134.9618950799,532042
2024-04-30 00:00:00+00:00,127.736345416,132.5206985178,127.6285013911,132.5206985178,353700
2024-05-01 00:00:00+00:00,127.2069292941,129.5598898359,126.4177071123,127.8637974453,347662
2024-05-02 00:00:00+00:00,129.7853818878,130.8344101294,127.8785034487,128.2559575356,464992
2024-05-03 00:00:00+00:00,131.883438371,133.6089427684,130.9520581565,131.5108862852,319863
2024-05-06 00:00:00+00:00,131.5893183033,133.9692398513,131.1187261949,132.5991305358,478412
2024-05-07 00:00:00+00:00,131.7853983484,133.6971787887,131.2069622152,132.1383424297,372495
2024-05-08 00:00:00+00:00,131.9324583823,133.1677626668,130.3932300278,130.3932300278,171309
2024-05-09 00:00:00+00:00,133.7756108067,134.5501269851,131.883438371,131.9030463755,315921
2024-05-10 00:00:00+00:00,134.9716990822,136.3148473915,134.05012287,134.5893429941,207682
2024-05-13 00:00:00+00:00,135.1775831296,135.4422911906,134.1873789016,135.0697391048,204889
2024-05-14 00:00:00+00:00,134.2167909083,136.3491613994,133.7658068045,135.5697432199,198317
2024-05-15 00:00:00+00:00,134.1775748993,135.8932752944,133.13835066,135.4324871883,191023
2024-05-16 00:00:00+00:00,133.5403147526,134.0207108632,132.3834424861,133.6677667819,162694
2024-05-17 00:00:00+00:00,130.5991140752,133.9226708406,130.2951900052,133.9226708406,184559
2024-05-20 00:00:00+00:00,130.8344101294,131.2461782242,129.3687117919,130.7755861159,118258
2024-05-21 00:00:00+00:00,129.334397784,130.3932300278,128.9226296892,130.3932300278,172788
2024-05-22 00:00:00+00:00,130.246169994,130.6971540978,128.8245896666,129.6873418653,329729
2024-05-23 00:00:00+00:00,129.3638097908,130.7069581001,128.765765653,130.1187179646,230597
2024-05-24 00:00:00+00:00,130.8638221362,131.1481382017,129.1775337479,129.5108698246,120853
2024-05-28 00:00:00+00:00,130.5991140752,131.4814742784,130.4814660481,131.197158213,171315
2024-05-29 00:00:00+00:00,129.5794978404,130.8344101294,129.4226338043,129.4226338043,180079
2024-05-30 00:00:00+00:00,129.295181775,130.4079360312,128.4471355797,129.5794978404,413680
2024-05-31 00:00:00+00:00,129.6873418653,130.2559739962,127.6579133979,130.2559739962,362790
2024-06-03 00:00:00+00:00,128.8638056756,130.5991140752,128.2951735447,130.5991140752,204074
2024-06-04 00:00:00+00:00,131.8050063529,133.0403106374,129.4667518145,130.2363659917,298678
2024-06-05 00:00:00+00:00,132.5501105245,132.5599145268,130.3834260256,131.8050063529,136947
2024-06-06 00:00:00+00:00,137.2560316082,137.2658356105,131.8344183597,132.5501105245,562573
2024-06-07 00:00:00+00:00,138.236431834,139.2756560733,135.8148432763,135.8148432763,426285
2024-06-10 00:00:00+00:00,140.5991963781,141.0109644729,135.8981772955,137.3834836376,647594
2024-06-11 00:00:00+00:00,138.8344759717,140.2756643036,137.6089756895,140.0697802562,387306
2024-06-12 00:00:00+00:00,138.1874118227,140.9521404594,137.7266237166,140.7168444052,175808
2024-06-13 00:00:00+00:00,135.8148432763,138.1678038182,134.8148350461,137.8344677414,153948
2024-06-14 00:00:00+00:00,134.9030710664,134.9716990822,132.9030546058,134.8050310438,164332
2024-06-17 00:00:00+00:00,135.5109192064,135.8246472786,134.0207108632,134.6775790145,178723
2024-06-18 00:00:00+00:00,134.4226749558,136.0207273238,133.9618868496,134.9226790709,239092
2024-06-20 00:00:00+00:00,134.7265990257,135.5305272109,132.9520746171,134.4226749558,147858
2024-06-21 00:00:00+00:00,134.1579668948,134.8246390483,133.1187426555,134.393262949,258322
2024-06-24 00:00:00+00:00,137.3344636263,137.5795636827,134.05012287,134.05012287,232680
2024-06-25 00:00:00+00:00,136.9226955315,137.1874035924,134.4618909648,137.1874035924,176543
2024-06-26 00:00:00+00:00,137.0893635699,138.7952599627,135.9128832989,136.5599474479,139855
2024-06-27 00:00:00+00:00,138.6972199401,138.805063965,137.1775995902,137.2560316082,167511
2024-06-28 00:00:00+00:00,142.7070568635,143.1002975824,139.0007630886,139.6102862027,289015
2024-07-01 00:00:00+00:00,143.3755660855,143.542693391,141.6256448868,142.8053670432,129770
2024-07-02 00:00:00+00:00,142.539929558,143.8720324931,141.7337860844,143.0019874027,317168
2024-07-03 00:00:00+00:00,145.233628482,145.577714111,142.4416193783,142.9135082409,165731
2024-07-05 00:00:00+00:00,144.4864711162,145.7554589159,143.3853971035,144.4471470444,158878
2024-07-08 00:00:00+00:00,143.7884688403,145.6760242907,142.0877027314,145.0075150687,161848
2024-07-09 00:00:00+00:00,142.559591594,143.4148901574,141.2225731499,143.0216494386,154467
2024-07-10 00:00:00+00:00,147.1211839324,147.428403244,142.4711124322,143.1986077621,238137
2024-07-11 00:00:00+00:00,147.2096630941,149.5297833352,146.4919987823,147.3472973457,402692
2024-07-12 00:00:00+00:00,147.1113529144,149.4806282454,147.0621978246,148.1436098014,246971
2024-07-15 00:00:00+00:00,152.6855401039,153.6047402841,148.1534408193,149.8738689642,273311
2024-07-16 00:00:00+00:00,155.8707899264,156.2443686093,152.4594266905,152.4594266905,199602
2024-07-17 00:00:00+00:00,151.4566628575,153.4228664517,149.9967566889,153.4228664517,254964
2024-07-18 00:00:00+00:00,150.6996744738,152.1251720795,149.613346988,151.8204105224,245816
2024-07-19 00:00:00+00:00,151.0142670488,152.0465239358,149.9770946529,150.9159568691,137416
2024-07-22 00:00:00+00:00,153.1475979485,153.2557391462,150.2081235752,150.8962948332,136889
2024-07-23 00:00:00+00:00,151.3583526778,154.2978270511,150.965111959,152.626553996,186036
2024-07-24 00:00:00+00:00,150.4145749526,152.5184127984,149.4428771364,150.3359268088,189696
2024-07-25 00:00:00+00:00,153.3638803438,155.2317737583,150.267109683,150.4440680065,370036
2024-07-26 00:00:00+00:00,151.1813943543,156.1558894475,148.2910750709,152.3807785468,632267
2024-07-29 00:00:00+00:00,148.4385403405,152.7887657925,148.2124269272,150.611195312,272405
2024-07-30 00:00:00+00:00,150.5522092042,151.2305494442,148.4778644124,148.5073574663,250988
2024-07-31 00:00:00+00:00,153.1181048946,155.1039705247,149.4019801016,151.3288596239,243768
2024-08-01 00:00:00+00:00,150.0115032158,154.8139554945,149.0185704008,153.3540493259,153562
2024-08-02 00:00:00+00:00,144.3979919545,148.4483713585,142.549760576,148.4483713585,139063
2024-08-05 00:00:00+00:00,141.3700384195,143.6016794989,138.1061404532,138.1061404532,174257
2024-08-06 00:00:00+00:00,145.8431515962,147.1310149504,142.3826332705,142.4219573424,114595
2024-08-07 00:00:00+00:00,142.3236471627,147.602903813,142.1368578212,147.4751005794,138613
2024-08-08 00:00:00+00:00,143.7294827325,144.6437674038,142.1319423122,143.1494526722,164946
2024-08-09 00:00:00+00:00,141.881251354,143.6360880618,140.9964597366,143.3460730316,138972
2024-08-12 00:00:00+00:00,142.4514503963,142.8446911151,140.9374736288,142.6677327917,124215
2024-08-13 00:00:00+00:00,143.6311725528,143.8376239302,142.1761818931,143.552524409,105068
2024-08-14 00:00:00+00:00,143.1199596183,144.1522165052,142.4219573424,144.1030614154,116317
2024-08-15 00:00:00+00:00,145.4007557875,147.593072795,144.6093588409,145.6661932727,212034
2024-08-16 00:00:00+00:00,144.240695667,146.0102789017,143.8179618942,144.5454572241,106005
2024-08-19 00:00:00+00:00,144.7322465655,146.3052094408,143.9900047087,144.2898507568,175097
2024-08-20 00:00:00+00:00,144.3586678826,145.4892349493,143.3067489598,145.0763321945,316445
2024-08-21 00:00:00+00:00,145.2729525539,146.0790960275,143.88677902,144.8403877632,236569
2024-08-22 00:00:00+00:00,145.1156562664,146.3150404588,143.8376239302,145.8824756681,237357
2024-08-23 00:00:00+00:00,147.593072795,147.8830878251,145.0075150687,145.0075150687,205086
2024-08-26 00:00:00+00:00,148.930091239,149.8836999822,146.934394591,147.6127348309,172542
2024-08-27 00:00:00+00:00,146.590308962,148.8219500413,146.5608159081,148.6646537538,217734
2024-08-28 00:00:00+00:00,146.0496029736,147.607819322,145.3122766258,145.5973761469,226235
2024-08-29 00:00:00+00:00,146.3248714768,147.4701850704,145.5285590211,147.2391561481,251328
2024-08-30 00:00:00+00:00,145.6268692008,146.7033656686,143.6803276426,146.7033656686,220831
2024-09-03 00:00:00+00:00,143.7688068044,144.4569780623,142.4956899772,144.4569780623,226643
2024-09-04 00:00:00+00:00,143.6901586606,144.3684989006,141.1832490781,143.0904665644,165365
2024-09-05 00:00:00+00:00,139.2563695558,143.9654271638,138.4109020103,143.6803276426,267173
2024-09-06 00:00:00+00:00,137.4474622492,140.2296403349,135.9531475176,139.1383973401,117114
2024-09-09 00:00:00+00:00,137.8013788961,139.6004551848,137.6539136266,138.2732677587,255041
2024-09-10 00:00:00+00:00,135.9924715895,137.8013788961,134.2523814087,137.8013788961,304179
2024-09-11 00:00:00+00:00,140.2394713529,140.5049088381,133.4167448812,136.3168951825,246863
2024-09-12 00:00:00+00:00,140.5147398561,140.7113602155,138.0717318903,140.5835569819,288061
2024-09-13 00:00:00+00:00,140.5638949459,141.9697305157,139.6692723106,141.1439250062,234046
2024-09-16 00:00:00+00:00,142.2941541088,142.4022953064,140.0821750653,141.3503763836,95983
2024-09-17 00:00:00+00:00,145.587545129,145.8824756681,141.861589318,143.3264109957,285753
2024-09-18 00:00:00+00:00,144.4766400983,146.9442256089,144.2701887209,144.6732604577,328173
2024-09-19 00:00:00+00:00,147.248987166,149.1365426164,145.7841654884,146.4821677643,381042
2024-09-20 00:00:00+00:00,142.893846205,146.3150404588,142.3531402166,146.3150404588,462262
2024-09-23 00:00:00+00:00,143.6704966247,143.7638912954,142.1368578212,143.1199596183,147560
2024-09-24 00:00:00+00:00,144.6044433319,145.4499108774,143.3952281215,143.5328623731,189753
2024-09-25 00:00:00+00:00,141.7141240485,144.3488368647,140.6720361436,143.6901586606,153174
2024-09-26 00:00:00+00:00,140.4950778201,144.2603577029,140.2689644068,143.0118184206,215606
2024-09-27 00:00:00+00:00,135.5304137449,140.8096703952,134.9208906307,140.8096703952,326510
2024-09-30 00:00:00+00:00,134.9700457205,136.1433553444,133.4023463072,135.9264409601,417434
2024-10-01 00:00:00+00:00,133.372767073,135.2954172969,132.3374938755,132.8994993255,314678
2024-10-02 00:00:00+00:00,133.4516450309,135.0785029127,132.7910421334,132.958657794,309919
2024-10-03 00:00:00+00:00,133.5108034993,133.8756140546,131.9135248517,133.3826268177,356905
2024-10-04 00:00:00+00:00,133.9249127783,135.5714901496,132.2388964281,135.3151367864,289252
2024-10-07 00:00:00+00:00,131.3613791464,134.3587415468,130.7599347174,133.6291204362,287095
2024-10-08 00:00:00+00:00,133.9446322678,134.2108453757,131.3416596569,132.2980548965,245730
2024-10-09 00:00:00+00:00,134.1122479283,135.7588252996,133.106553965,133.3037488598,213699
2024-10-10 00:00:00+00:00,132.5741277492,134.4671987389,131.6177325096,133.7079983941,189377
2024-10-11 00:00:00+00:00,137.3166649682,137.7997924604,132.958657794,132.958657794,276189
2024-10-14 00:00:00+00:00,138.0068470999,138.2139017394,135.2856561496,138.0857250578,118070
2024-10-15 00:00:00+00:00,137.3659636919,138.3519381657,136.2419527918,138.0462860788,230788
2024-10-16 00:00:00+00:00,138.6575902526,140.3633260923,138.154743271,138.6280110184,247811
2024-10-17 00:00:00+00:00,136.2025138128,139.1801567237,135.0489236785,139.1801567237,227791
2024-10-18 00:00:00+00:00,135.7785447891,137.0652414774,134.8320092942,136.9814336471,203398
2024-10-21 00:00:00+00:00,132.8206213676,135.5024719364,132.6431459623,135.5024719364,558458
2024-10-22 00:00:00+00:00,133.9840712467,135.5123316811,124.2327837007,128.6893883223,642715
2024-10-23 00:00:00+00:00,129.833118712,136.4736567931,129.833118712,131.6275922543,555290
2024-10-24 00:00:00+00:00,133.0671149861,133.2840293703,129.606344583,130.1782097778,408856
2024-10-25 00:00:00+00:00,131.9431040859,134.4770584836,131.1099556556,133.5403827335,163158
2024-10-28 00:00:00+00:00,134.2404246099,134.3784610363,132.0121222991,132.2093171939,114680
2024-10-29 00:00:00+00:00,133.5502424783,134.4080402705,133.3136086045,134.4080402705,149086
2024-10-30 00:00:00+00:00,132.5938472387,135.7884045338,131.9628235754,133.0473954966,236840
2024-10-31 00:00:00+00:00,131.9431040859,133.2988189874,131.7853481701,131.7853481701,170050
2024-11-01 00:00:00+00:00,130.2176487568,133.3924865624,130.0993318199,132.3670731097,244202
2024-11-04 00:00:00+00:00,132.4065120886,133.3678372006,129.833118712,129.833118712,273541
2024-11-05 00:00:00+00:00,133.560102223,133.6094009467,132.1945275768,132.3374938755,213754
2024-11-06 00:00:00+00:00,147.3538851117,147.8887762637,136.6807114326,137.2279272656,722312
2024-11-07 00:00:00+00:00,145.0664243324,147.1369707274,144.5734370955,146.6341237458,294104
2024-11-08 00:00:00+00:00,143.5085846638,145.381936164,143.0451766611,145.2636192272,237002
2024-11-11 00:00:00+00:00,145.8650636562,147.9306801788,143.9374835599,143.9424134323,227434
2024-11-12 00:00:00+00:00,145.007265864,147.5609397512,144.1100290928,145.1058633114,212140
2024-11-13 00:00:00+00:00,145.8847831457,147.0186537906,143.8339562401,144.2776447534,268878
2024-11-14 00:00:00+00:00,144.1889070507,146.2988924247,143.8240964954,145.3227776956,180490
2024-11-15 00:00:00+00:00,141.6450929083,144.0114316454,141.0239289898,142.9761584479,217725
2024-11-18 00:00:00+00:00,141.4478980135,142.8874207453,140.6196794555,141.7042513767,222409
2024-11-19 00:00:00+00:00,140.8563133292,140.8809626911,139.2294554474,140.5506612423,129156
2024-11-20 00:00:00+00:00,142.4240127426,142.7296648295,138.8449254026,140.2450091555,199336
2024-11-21 00:00:00+00:00,145.9636611036,148.1032257118,142.52261019,143.8733952191,228580
2024-11-22 00:00:00+00:00,146.6439834905,146.85103813,145.9636611036,146.0721182957,163699
2024-11-25 00:00:00+00:00,147.7285554117,149.7005043593,147.3341656222,147.3341656222,229356
2024-11-26 00:00:00+00:00,147.1369707274,147.2799370261,144.4018775371,146.9003368537,265920
2024-11-27 00:00:00+00:00,145.3030582061,147.3834643459,145.1551620351,146.5552457879,119312
2024-11-29 00:00:00+00:00,149.5526081883,150.1244733831,147.0087940458,147.077812259,94039
2024-12-02 00:00:00+00:00,150.5090034279,150.6568995989,148.3694388197,150.0357356804,175675
2024-12-03 00:00:00+00:00,148.8131273329,151.1597465806,147.8715217104,151.1597465806,184787
2024-12-04 00:00:00+00:00,150.2723695542,150.4005462358,148.1673140526,149.1089196751,153289
2024-12-05 00:00:00+00:00,150.6076008753,152.4316536518,150.3315280226,151.1597465806,209026
2024-12-06 00:00:00+00:00,149.8089615515,152.3478458215,149.2075171224,151.1203076016,152532
2024-12-09 00:00:00+00:00,149.6807848699,152.5992693124,149.6586004442,150.6766190884,178833
2024-12-10 00:00:00+00:00,151.5048376464,152.3256613959,148.6997402684,149.335693804,176452
2024-12-11 00:00:00+00:00,151.7513312649,152.9443603782,151.633014328,151.820349478,110133
2024-12-12 00:00:00+00:00,150.3808267463,151.8400689675,149.601906912,151.2780635174,183541
2024-12-13 00:00:00+00:00,150.7061983226,151.7611910096,150.4498449594,150.4794241937,197088
2024-12-16 00:00:00+00:00,149.9962967015,151.4949779017,149.9962967015,149.9962967015,156895
2024-12-17 00:00:00+00:00,147.7482749012,149.8681200199,147.3193760051,149.1779378882,262481
2024-12-18 00:00:00+00:00,142.4338724873,147.9849087749,142.1282204004,147.6891164328,331389
2024-12-19 00:00:00+00:00,140.1266922186,144.1691875612,139.6337049817,143.2719507901,318692
2024-12-20 00:00:00+00:00,136.3109710049,140.5506612423,136.3109710049,139.3872113632,516988
2024-12-23 00:00:00+00:00,136.8039582418,137.6913352683,135.9165812154,135.9165812154,261465
2024-12-24 00:00:00+00:00,139.3674918738,139.3674918738,136.7226153478,137.2476467551,64612
2024-12-26 00:00:00+00:00,138.7561877,139.4751602863,138.3519381657,138.9336631053,103676
2024-12-27 00:00:00+00:00,135.7785447891,139.0224008079,135.310206914,137.6617560341,196692
2024-12-30 00:00:00+00:00,133.1262734545,134.9503262311,132.7121641755,134.9503262311,477967
2024-12-31 00:00:00+00:00,133.6389801809,135.2811498981,132.6596139038,134.5392057488,407103
2025-01-02 00:00:00+00:00,130.3348555691,134.2819984437,130.3051778032,134.242428089,269035
2025-01-03 00:00:00+00:00,132.2045548255,132.6892916697,130.1666815619,130.5821702856,251752
2025-01-06 00:00:00+00:00,134.4106020962,135.7856719197,133.490591351,133.490591351,180501
2025-01-07 00:00:00+00:00,132.6596139038,134.8755537631,131.5368050911,134.8755537631,236463
2025-01-08 00:00:00+00:00,131.7593883359,132.8574656769,130.8393775907,132.1748770595,136637
2025-01-10 00:00:00+00:00,131.9473475204,132.8871434429,129.4049522353,129.4049522353,155341
2025-01-13 00:00:00+00:00,131.8978845771,132.016595641,130.3447481578,131.1856181937,210040
2025-01-14 00:00:00+00:00,133.9951133726,134.0643614932,131.3438996122,132.4320843646,214128
2025-01-15 00:00:00+00:00,134.4600650395,136.5177234804,133.6290875922,136.2011606433,170263
2025-01-16 00:00:00+00:00,133.9357578406,134.4897428055,133.1641359253,133.9060800747,131620
2025-01-17 00:00:00+00:00,132.7882175563,134.1731799684,132.6398287264,133.7972615994,144548
2025-01-21 00:00:00+00:00,133.925865252,134.8458759972,133.3966117588,134.2819984437,143479
2025-01-22 00:00:00+00:00,133.4114506418,134.5688835147,133.3224173438,133.4213432304,138452
2025-01-23 00:00:00+00:00,133.86650972,135.2217943662,133.4609135851,135.2217943662,252605
2025-01-24 00:00:00+00:00,134.1336096138,134.5194205715,132.6793990811,133.9456504293,164751
2025-01-27 00:00:00+00:00,138.6248448645,138.842481815,133.5301617057,133.6290875922,235835
2025-01-28 00:00:00+00:00,136.6067567783,138.7534485171,136.0834388383,138.1005376657,187988
2025-01-29 00:00:00+00:00,136.5375086577,137.6949415307,135.0635129476,136.3198717072,202433
2025-01-30 00:00:00+00:00,136.3891198278,137.3289157503,133.9604893123,136.3495494732,204879
2025-01-31 00:00:00+00:00,130.3942111011,136.4979383031,129.9600253849,136.4979383031,305888
2025-02-03 00:00:00+00:00,125.7150166658,127.6143936882,123.0242325509,125.0423206371,342082
2025-02-04 00:00:00+00:00,128.573974788,130.8344312964,126.4173904606,126.4173904606,180306
2025-02-05 00:00:00+00:00,129.2071004621,130.3645333351,128.7520413838,129.0488190436,175484
2025-02-06 00:00:00+00:00,128.9400005683,131.3142218463,127.9804194685,130.1172186187,267338
2025-02-07 00:00:00+00:00,127.8814935819,129.5335558878,127.6391251598,129.1576375188,243632
2025-02-10 00:00:00+00:00,128.3563378375,128.7520413838,127.7528899294,128.5047266674,218015
2025-02-11 00:00:00+00:00,128.603652554,128.8905376251,126.724060709,128.1584860644,184525
2025-02-12 00:00:00+00:00,128.5146192561,129.9144205512,126.7438458863,126.7438458863,205135
2025-02-13 00:00:00+00:00,127.9408491139,129.5731262425,127.9408491139,128.7520413838,110288
2025-02-14 00:00:00+00:00,127.5550381562,129.2862411714,127.2582604965,128.7520413838,236761
2025-02-18 00:00:00+00:00,126.2393238647,129.1081745755,125.7941573751,127.1494420212,669686
2025-02-19 00:00:00+00:00,126.2393238647,127.1741734929,124.9335021619,125.9227610277,353145
2025-02-20 00:00:00+00:00,100.3899897014,119.8783893576,99.6877148325,118.2955751723,1625605
2025-02-21 00:00:00+00:00,93.6927071799,99.9151454458,91.664726505,99.9151454458,1350671
2025-02-24 00:00:00+00:00,89.5279273549,93.6234590593,87.8066169284,93.6234590593,1281938
2025-02-25 00:00:00+00:00,91.348163668,94.6127179251,89.8741679579,91.0118156536,1201677
2025-02-26 00:00:00+00:00,90.2896566815,92.4660261863,90.0225567878,91.5658006184,446723
2025-02-27 00:00:00+00:00,88.2319982407,90.8535342351,88.1825352974,90.2896566815,277867
2025-02-28 00:00:00+00:00,89.6763161848,90.1511604403,88.0440390562,88.0440390562,520727
2025-03-03 00:00:00+00:00,85.2840068206,90.9475138273,83.9583999404,90.3391196248,721241
2025-03-04 00:00:00+00:00,81.0005159317,83.8001185219,79.3286684485,83.8001185219,1170037
2025-03-05 00:00:00+00:00,82.7317189468,84.5222774939,81.1587973502,81.4951453646,888581
2025-03-06 00:00:00+00:00,82.9196781313,83.6121593374,80.7334160379,81.9205266769,727967
2025-03-07 00:00:00+00:00,82.9394633087,83.6913000467,81.9106340882,82.2469821026,632433
2025-03-10 00:00:00+00:00,82.0788080954,83.9089369971,81.1390121729,81.801815613,866931
2025-03-11 00:00:00+00:00,80.8125567472,81.7226749037,80.0607200092,81.6138564285,618653
2025-03-12 00:00:00+00:00,82.3162302232,82.5734375283,80.7433086266,81.9205266769,432484
2025-03-13 00:00:00+00:00,81.0104085203,83.0779595499,80.5652420307,82.1381636274,388397
2025-03-14 00:00:00+00:00,81.6435341945,81.9650433258,80.6315223747,81.7919230243,344175
2025-03-17 00:00:00+00:00,82.3558005778,82.7613967128,81.5396620135,81.9304192655,352096
2025-03-18 00:00:00+00:00,82.3459079892,82.7416115355,81.020301109,81.9897747975,501330
2025-03-19 00:00:00+00:00,82.2469821026,83.0235503122,81.2874010028,82.7119337695,759301
2025-03-20 00:00:00+00:00,82.4844042304,83.0581743726,81.5050379532,81.6138564285,709316
2025-03-21 00:00:00+00:00,81.049978875,82.1084858614,80.7828789812,81.6039638398,496528
2025-03-24 00:00:00+00:00,83.3153816777,83.725924107,81.8117082016,82.3558005778,690943
2025-03-25 00:00:00+00:00,82.7613967128,84.3837812527,81.9403118542,83.681407458,427856
2025-03-26 00:00:00+00:00,83.0482817839,83.364844621,82.0441840351,82.1579488047,413923
2025-03-27 00:00:00+00:00,81.1587973502,82.9790336633,80.5553494421,82.7218263582,400794
2025-03-28 00:00:00+00:00,76.1531474893,80.9015900451,76.0344364254,80.5751346194,620781
2025-03-31 00:00:00+00:00,77.0632656458,77.2622669774,73.6361642144,75.0434021305,909284
2025-04-01 00:00:00+00:00,76.9140146471,77.9289214381,75.0235019973,76.1777097204,639532
2025-04-02 00:00:00+00:00,80.3965379494,80.4263881491,75.6702563249,75.7498568575,468539
2025-04-03 00:00:00+00:00,75.4712549933,78.6304011318,73.7598435419,77.6602696405,838318
2025-04-04 00:00:00+00:00,79.063229028,79.9537599867,71.660379494,73.0732889481,1193367
2025-04-07 00:00:00+00:00,76.068258988,80.4363382157,73.7498934754,76.705063249,783751
2025-04-08 00:00:00+00:00,73.381741012,78.8642276964,71.7897303595,78.754776964,560072
2025-04-09 00:00:00+00:00,82.0283488682,83.6004593875,72.6205609188,72.9538881491,821060
2025-04-10 00:00:00+00:00,80.854241012,81.7895472703,78.7647270306,80.8442909454,701838
2025-04-11 00:00:00+00:00,80.9736418109,81.749747004,78.4065246338,81.1726431425,593406
2025-04-14 00:00:00+00:00,78.9637283622,82.3567010652,78.2274234354,81.9984986684,432038
2025-04-15 00:00:00+00:00,76.9040645806,79.8592343542,76.3070605859,78.8940778961,541724
2025-04-16 00:00:00+00:00,76.1677596538,77.4413681758,74.655349534,76.1976098535,549439
2025-04-17 00:00:00+00:00,77.3617676431,77.9985719041,76.446361518,76.6453628495,493189
2025-04-21 00:00:00+00:00,76.5259620506,76.9886401465,74.6851997337,76.6752130493,379606
2025-04-22 00:00:00+00:00,78.1876231691,79.2025299601,76.4961118509,77.083165779,499194
2025-04-23 00:00:00+00:00,78.0383721704,82.645252996,77.7498202397,80.1975366178,434725
2025-04-24 00:00:00+00:00,84.107912783,84.107912783,74.5260981691,75.3717543276,788787
2025-04-25 00:00:00+00:00,79.4413315579,83.4313082557,78.237373502,81.8691478029,747158
2025-04-28 00:00:00+00:00,79.4313814913,80.2373368842,78.6702013981,79.5408322237,501606
2025-04-29 00:00:00+00:00,80.5557390146,81.5855709055,78.9836284953,78.9836284953,576720
2025-04-30 00:00:00+00:00,80.923891478,81.1527430093,78.5260249334,79.2920805593,276552
2025-05-01 00:00:00+00:00,79.7796338216,81.7696471372,79.1030292943,81.6900466045,246467
2025-05-02 00:00:00+00:00,81.9885486019,83.1328062583,80.8641910786,80.9537416778,517391
2025-05-05 00:00:00+00:00,81.4412949401,82.9636551265,81.3417942743,81.491045273,275373
2025-05-06 00:00:00+00:00,80.2472869507,81.9139231025,79.8642093875,80.6353395473,260155
2025-05-07 00:00:00+00:00,80.9338415446,81.5308455393,80.1577363515,80.9835918775,302492
2025-05-08 00:00:00+00:00,82.008448735,84.7845173103,81.7646721039,81.7994973369,605302
2025-05-09 00:00:00+00:00,82.1676498003,82.6651531292,81.4412949401,82.127849534,591714
2025-05-12 00:00:00+00:00,89.1724966711,89.9038265646,84.7646171771,85.9088748336,1295763
2025-05-13 00:00:00+00:00,89.8192509987,90.7943575233,88.3565912117,89.600349534,1159769
2025-05-14 00:00:00+00:00,91.271960719,92.0480659121,88.9336950732,89.1923968043,768140
2025-05-15 00:00:00+00:00,89.9486018642,91.461011984,89.4013482024,91.0530592543,402811
2025-05-16 00:00:00+00:00,89.7695006658,90.2869041278,89.2122969374,89.5406491345,335927
2025-05-19 00:00:00+00:00,89.1127962716,89.1127962716,87.8690379494,88.6152929427,257226
2025-05-20 00:00:00+00:00,89.29189747,90.7694823569,88.6451431425,89.1127962716,425668
2025-05-21 00:00:00+00:00,87.0829826897,89.2819474035,87.0829826897,88.7545938748,364583
2025-05-22 00:00:00+00:00,86.3168275632,87.6302363515,86.3168275632,86.8441810919,290045
2025-05-23 00:00:00+00:00,85.9785252996,86.7546304927,84.5855159787,84.884017976,373680
2025-05-27 00:00:00+00:00,85.8093741678,87.4461601198,85.5058971372,86.7844806924,475629
2025-05-28 00:00:00+00:00,85.6501731025,86.7745306258,85.2919707057,85.9387250333,527413
2025-05-29 00:00:00+00:00,86.1874766977,87.1924334221,85.9371330226,86.4262782956,820306
2025-05-30 00:00:00+00:00,85.6004227696,85.9586251664,84.8442177097,85.9586251664,328845
2025-06-02 00:00:00+00:00,84.555665779,86.0680758988,83.9785619174,85.709873502,447170
2025-06-03 00:00:00+00:00,86.4063781625,86.6949300932,83.8877178096,84.6750665779,317576
2025-06-04 00:00:00+00:00,86.9237816245,87.5605858855,86.1277762983,86.346677763,362971
2025-06-05 00:00:00+00:00,86.1277762983,87.4909354194,85.8491744341,86.7844806924,201400
2025-06-06 00:00:00+00:00,87.2819840213,87.7197869507,86.6551298269,87.2620838881,276649
2025-06-09 00:00:00+00:00,87.4511351531,87.9685386152,86.9237816245,87.8889380826,812145
2025-06-10 00:00:00+00:00,91.3316611185,91.8490645806,87.6401864181,88.0282390146,1603722
2025-06-11 00:00:00+00:00,89.9187516644,91.9983155792,89.4610486019,91.9983155792,248574
2025-06-12 00:00:00+00:00,90.9933588549,91.132659787,88.8341944075,89.2520972037,274714
2025-06-13 00:00:00+00:00,89.4709986684,91.1227097204,89.3018475366,90.0381524634,496054
2025-06-16 00:00:00+00:00,90.6849067909,91.5903628495,89.3117976032,90.4361551265,254438
2025-06-17 00:00:00+00:00,87.500885486,90.8839081225,87.3217842876,90.2172536618,320577
2025-06-18 00:00:00+00:00,88.3466411451,89.1525965379,87.4610852197,87.7794873502,464698
2025-06-20 00:00:00+00:00,87.6003861518,89.3416478029,87.3814846871,89.3416478029,236610
2025-06-23 00:00:00+00:00,88.6749933422,88.8242443409,87.0133322237,87.1327330226,608311
2025-06-24 00:00:00+00:00,89.8789513981,90.306804261,89.1426464714,89.6600499334,283977
2025-06-25 00:00:00+00:00,86.7048801598,89.7595505992,86.4660785619,89.5903994674,341732
2025-06-26 00:00:00+00:00,88.207340213,88.2869407457,87.2322336884,87.2322336884,240186
2025-06-27 00:00:00+00:00,89.8391511318,90.1575532623,87.9058531957,88.5555925433,421600
2025-06-30 00:00:00+00:00,89.67,90.11,89.1,89.85,725146
2025-07-01 00:00:00+00:00,92.09,95.15,89.34,89.6,441061
2025-07-02 00:00:00+00:00,94.13,94.58,92.04,92.04,446097
2025-07-03 00:00:00+00:00,93.98,95.05,93.39,94.24,260968
2025-07-07 00:00:00+00:00,91.01,93.72,90.71,93.39,436859
2025-07-08 00:00:00+00:00,92.01,93.24,90.82,91.46,302173
2025-07-09 00:00:00+00:00,93.46,93.83,91.47,91.92,352765
2025-07-10 00:00:00+00:00,92.42,93.64,90.44,91.9,344515
2025-07-11 00:00:00+00:00,90.04,91.85,89.87,91.34,501118
