date,Close,High,Low,Open,Volume
2022-01-03 00:00:00+00:00,12.3369037059,12.8399619153,11.4984733569,12.5620821425,9700
2022-01-04 00:00:00+00:00,11.724035076,11.8817558022,11.5460962008,11.5771420788,15057
2022-01-05 00:00:00+00:00,12.0687976355,12.0733970248,11.8434275577,11.8434275577,27366
2022-01-06 00:00:00+00:00,11.5395803992,11.8338454965,11.5395803992,11.8338454965,8500
2022-01-07 00:00:00+00:00,11.9344571384,12.0982912196,11.7624591411,12.0796253645,9067
2022-01-10 00:00:00+00:00,11.9105019856,12.159635575,11.7476069463,12.159635575,17810
2022-01-11 00:00:00+00:00,12.4470974089,12.5132136307,12.0733970248,12.0733970248,18772
2022-01-12 00:00:00+00:00,12.6328935742,12.8339252167,12.5189628674,12.642571456,15250
2022-01-13 00:00:00+00:00,12.6123879634,12.7234440519,12.6047223145,12.6491830781,10053
2022-01-14 00:00:00+00:00,12.3225306142,12.6290607498,12.2267100029,12.5811504441,23402
2022-01-18 00:00:00+00:00,11.8280962598,13.1082596269,11.5176374792,13.1082596269,58052
2022-01-19 00:00:00+00:00,12.015904658,12.1270565671,11.8912420427,11.8912420427,12062
2022-01-20 00:00:00+00:00,12.0685101736,12.2218231517,11.751152309,12.0733970248,75223
2022-01-21 00:00:00+00:00,12.0723429981,12.0733970248,11.9256416422,12.0063225969,41997
2022-01-24 00:00:00+00:00,11.5942939683,11.7092787018,11.35474244,11.6130748081,17807
2022-01-25 00:00:00+00:00,11.5941981476,11.5942939683,11.4887954752,11.4887954752,12092
2022-01-26 00:00:00+00:00,11.6901145796,11.8050993131,11.6331013158,11.648336793,3599
2022-01-27 00:00:00+00:00,11.3378780124,11.5032643875,11.2999330503,11.4712603033,22640
2022-01-28 00:00:00+00:00,11.2493397675,11.3068321343,11.1056088506,11.3068321343,13449
2022-01-31 00:00:00+00:00,11.3757271539,11.3757271539,10.9043855668,10.9043855668,5551
2022-02-01 00:00:00+00:00,11.4026527456,11.5558699031,11.3930706845,11.4661818109,21831
2022-02-02 00:00:00+00:00,11.4026527456,11.8817558022,11.4026527456,11.8817558022,1357
2022-02-03 00:00:00+00:00,11.2350624965,11.4026527456,11.1918474008,11.1918474008,11803
2022-02-04 00:00:00+00:00,11.3259962566,11.3355783177,11.2589218287,11.2589218287,7950
2022-02-07 00:00:00+00:00,11.5710862162,11.795517252,11.4870707042,11.795517252,9481
2022-02-08 00:00:00+00:00,12.0638149637,12.1030055937,12.0638149637,12.0733970248,2910
2022-02-09 00:00:00+00:00,12.2937844308,14.3826737573,12.2075458806,14.3826737573,13694
2022-02-10 00:00:00+00:00,12.6195745093,12.7920516096,12.2937844308,12.2937844308,3882
2022-02-11 00:00:00+00:00,12.6052014176,14.0377195566,12.5901575816,12.9453645877,13054
2022-02-14 00:00:00+00:00,12.5716642036,12.9357825266,12.4662615312,12.9357825266,12660
2022-02-15 00:00:00+00:00,12.4854256534,12.7153951206,12.4854256534,12.5237538979,15516
2022-02-16 00:00:00+00:00,12.6122921428,12.6122921428,12.5908283259,12.5908283259,360
2022-02-17 00:00:00+00:00,12.8687080987,12.8687080987,12.4087691644,12.6339476009,10387
2022-02-18 00:00:00+00:00,12.4821677526,12.5981106923,12.4483430768,12.5981106923,3835
2022-02-22 00:00:00+00:00,12.3896050421,12.4633869128,12.3268425417,12.45667947,3481
2022-02-23 00:00:00+00:00,12.3415989158,12.4389526569,12.303845595,12.4389526569,7120
2022-02-24 00:00:00+00:00,11.9775764135,12.2705000223,11.8733235884,12.2705000223,7951
2022-02-25 00:00:00+00:00,11.7684958396,11.9775764135,11.7380248852,11.9775764135,2200
2022-02-28 00:00:00+00:00,11.8338454965,12.0542329025,11.7510564884,11.8848220617,5605
2022-03-01 00:00:00+00:00,11.8667119662,11.8667119662,11.7571890075,11.8338454965,23750
2022-03-02 00:00:00+00:00,11.7571890075,11.9248750773,11.7571890075,11.7715620992,4555
2022-03-03 00:00:00+00:00,11.7609260113,11.9475401943,11.5897988817,11.6911861749,14078
2022-03-04 00:00:00+00:00,12.0193000811,12.1134729085,12.0117970366,12.105969864,2155
2022-03-07 00:00:00+00:00,12.3896426606,12.3896426606,12.2645919195,12.2933535899,1405
2022-03-08 00:00:00+00:00,12.7755203899,12.7755203899,12.4493784377,12.4569776751,3400
2022-03-09 00:00:00+00:00,13.0293156787,13.0293156787,12.9571806396,12.9571806396,2560
2022-03-10 00:00:00+00:00,13.6593886476,13.7025792497,13.3900485897,13.4285257409,7160
2022-03-11 00:00:00+00:00,13.1659191845,13.467002892,13.1659191845,13.467002892,875
2022-03-14 00:00:00+00:00,12.5724091284,12.986038503,12.5724091284,12.986038503,1396
2022-03-15 00:00:00+00:00,12.6717571326,12.6970077631,12.317690388,12.505074114,810
2022-03-16 00:00:00+00:00,12.9180301384,13.1534141104,12.7936527474,12.7936527474,5850
2022-03-17 00:00:00+00:00,13.2842364242,13.6723746861,13.2842364242,13.6723746861,12016
2022-03-18 00:00:00+00:00,13.553576482,13.5631957698,13.467002892,13.4958607553,1870
2022-03-21 00:00:00+00:00,13.553576482,13.7352848282,13.5072115149,13.6874769679,1870
2022-03-22 00:00:00+00:00,13.7074850865,13.8411931866,13.4958607553,13.8411931866,8765
2022-03-23 00:00:00+00:00,13.5187546602,13.5631957698,13.5187546602,13.5631957698,4671
2022-03-24 00:00:00+00:00,13.8517744032,13.9215238589,13.401687928,13.5631957698,24600
2022-03-25 00:00:00+00:00,13.8517744032,13.8517744032,13.7459622376,13.7555815254,13150
2022-03-28 00:00:00+00:00,14.2173073388,14.2199045465,13.6497693598,13.7647198488,9990
2022-03-29 00:00:00+00:00,14.1306375559,14.1306375559,14.0441601588,14.0537794466,5105
2022-03-30 00:00:00+00:00,14.1595916121,14.1595916121,14.1595916121,14.1595916121,710
2022-03-31 00:00:00+00:00,14.0595510192,14.2065337365,14.0595510192,14.1884494755,1785
2022-04-01 00:00:00+00:00,14.2173073388,14.2654037777,14.164401256,14.1884494755,7421
2022-04-04 00:00:00+00:00,14.2173073388,14.2173073388,14.2173073388,14.2173073388,10
2022-04-05 00:00:00+00:00,14.5096374945,14.5096374945,14.4104626374,14.4748156727,6921
2022-04-06 00:00:00+00:00,14.3904545189,14.3904545189,14.1947020125,14.2461652022,1361
2022-04-07 00:00:00+00:00,14.3553441185,14.4193123822,14.3135002166,14.3327387922,3350
2022-04-08 00:00:00+00:00,14.8294788131,14.8294788131,14.4778938448,14.4778938448,5150
2022-04-11 00:00:00+00:00,14.8137031812,14.8425610445,14.8137031812,14.8425610445,5130
2022-04-12 00:00:00+00:00,15.5447690525,15.6794390814,15.5447690525,15.5793984885,1010
2022-04-13 00:00:00+00:00,15.871824837,15.9640257103,15.6602005058,15.6966576065,22925
2022-04-14 00:00:00+00:00,15.7371548081,15.8910634125,15.7275355203,15.8629750922,2929
2022-04-18 00:00:00+00:00,15.6217233547,15.7727461728,15.0933358769,15.7727461728,2423
2022-04-19 00:00:00+00:00,15.9295405637,15.9295405637,15.2534681606,15.3716218724,2070
2022-04-20 00:00:00+00:00,15.2446472737,15.6208576188,15.1816409388,15.6208576188,1200
2022-04-21 00:00:00+00:00,14.4962666844,14.9579924979,14.4962666844,14.9579924979,2020
2022-04-22 00:00:00+00:00,14.5636016989,14.5636016989,14.5636016989,14.5636016989,500
2022-04-25 00:00:00+00:00,14.1916238404,14.4944390198,14.0441601588,14.4944390198,3200
2022-04-26 00:00:00+00:00,14.1916238404,14.2332849758,14.1108218231,14.2332849758,3200
2022-04-27 00:00:00+00:00,13.8633175485,14.1018758855,13.8325358276,14.1018758855,5560
2022-04-28 00:00:00+00:00,13.881017038,13.881017038,13.761353098,13.8036779643,2655
2022-04-29 00:00:00+00:00,13.8168275307,14.055029954,13.8168275307,14.0441601588,1925
2022-05-02 00:00:00+00:00,13.6593886476,13.8132972521,13.5247186187,13.8132972521,4538
2022-05-03 00:00:00+00:00,14.0537794466,14.0579272834,13.8594698334,13.8594698334,3166
2022-05-04 00:00:00+00:00,13.9931779335,14.0441601588,13.9121835304,13.9623000198,6334
2022-05-05 00:00:00+00:00,14.0441601588,14.0441601588,13.6679690523,14.0441601588,9249
2022-05-06 00:00:00+00:00,13.8421551154,13.9806728594,13.3130942875,13.9806728594,7433
2022-05-09 00:00:00+00:00,12.5624050691,13.7280703623,12.5624050691,13.5631957698,8244
2022-05-10 00:00:00+00:00,13.0822313808,13.0822313808,13.0822313808,13.0822313808,515
2022-05-11 00:00:00+00:00,13.0629928052,13.1784242586,13.0252851971,13.0822313808,3678
2022-05-12 00:00:00+00:00,12.197256905,12.8321298985,12.197256905,12.8192400529,8105
2022-05-13 00:00:00+00:00,12.2164954806,12.2551650175,12.028823176,12.0659536268,6322
2022-05-16 00:00:00+00:00,11.9279168472,12.3319269339,11.9279168472,12.3319269339,25839
2022-05-17 00:00:00+00:00,11.9182975594,11.9279168472,11.716292516,11.716292516,12609
2022-05-18 00:00:00+00:00,11.4925478823,11.5161632338,11.4925478823,11.5161632338,385
2022-05-19 00:00:00+00:00,11.937536135,12.0481579444,11.9086782716,12.0052559209,3705
2022-05-20 00:00:00+00:00,11.7643889549,12.0914447394,11.5623839115,12.082306416,2565
2022-05-23 00:00:00+00:00,11.7643889549,11.7643889549,11.7643889549,11.7643889549,0
2022-05-24 00:00:00+00:00,11.8014232129,11.8015194058,11.7114828721,11.752557231,2490
2022-05-25 00:00:00+00:00,11.6008610627,11.6009572555,11.6008610627,11.6009572555,220
2022-05-26 00:00:00+00:00,11.6008610627,11.6008610627,11.6008610627,11.6008610627,0
2022-05-27 00:00:00+00:00,12.1958140119,12.1958140119,12.1958140119,12.1958140119,500
2022-05-31 00:00:00+00:00,12.1683990417,12.1683990417,12.1683990417,12.1683990417,192
2022-06-01 00:00:00+00:00,12.1887919318,12.1887919318,12.1887919318,12.1887919318,200
2022-06-02 00:00:00+00:00,12.6589827185,12.7455563085,12.4623644762,12.4968977194,1377
2022-06-03 00:00:00+00:00,12.6589827185,12.6589827185,12.6589827185,12.6589827185,20
2022-06-06 00:00:00+00:00,12.9090842007,13.0533735174,12.5855875527,12.6108862796,2800
2022-06-07 00:00:00+00:00,12.7405542788,12.7405542788,12.7405542788,12.7405542788,100
2022-06-08 00:00:00+00:00,12.6339725702,12.6721611427,12.6339725702,12.6721611427,677
2022-06-09 00:00:00+00:00,12.6339725702,12.6339725702,12.6339725702,12.6339725702,0
2022-06-10 00:00:00+00:00,12.6878405818,12.6878405818,12.6218522676,12.6218522676,1376
2022-06-13 00:00:00+00:00,12.9861346959,12.9965235267,12.7668149345,12.7668149345,850
2022-06-14 00:00:00+00:00,12.3896426606,12.5323928913,12.312207394,12.4363923992,3803
2022-06-15 00:00:00+00:00,12.3896426606,12.3896426606,12.3896426606,12.3896426606,100
2022-06-16 00:00:00+00:00,12.2307320265,12.2959507976,12.0048711494,12.2645919195,2815
2022-06-17 00:00:00+00:00,12.283830495,12.283830495,12.283830495,12.283830495,944
2022-06-21 00:00:00+00:00,12.283830495,12.283830495,12.283830495,12.283830495,0
2022-06-22 00:00:00+00:00,12.8157771093,12.8167390381,12.6108862796,12.6301248551,934
2022-06-23 00:00:00+00:00,12.5339319773,12.5724091284,12.5339319773,12.5531705529,2850
2022-06-24 00:00:00+00:00,12.5339319773,12.5339319773,12.5339319773,12.5339319773,70
2022-06-27 00:00:00+00:00,12.3681916489,12.5674070988,12.2453533439,12.5170020308,8978
2022-06-28 00:00:00+00:00,12.3681916489,12.3681916489,12.3681916489,12.3681916489,99
2022-06-29 00:00:00+00:00,12.5335953022,12.5335953022,12.5335953022,12.5335953022,185
2022-06-30 00:00:00+00:00,12.5527857814,12.5527857814,12.5165210664,12.5165210664,425
2022-07-01 00:00:00+00:00,12.5527857814,12.5527857814,12.5527857814,12.5527857814,40
2022-07-05 00:00:00+00:00,11.3026631415,12.3896426606,11.3026631415,12.3511655095,2190
2022-07-06 00:00:00+00:00,11.3026631415,11.5239067604,11.3002583195,11.5239067604,4185
2022-07-07 00:00:00+00:00,11.2242659461,11.2242659461,10.581216558,11.0814195225,11856
2022-07-08 00:00:00+00:00,11.1330750979,11.321901717,11.1296121543,11.321901717,1000
2022-07-11 00:00:00+00:00,10.8962482328,11.2930438537,10.6454734004,10.6454734004,4168
2022-07-12 00:00:00+00:00,10.802363984,10.9515591375,10.7736023136,10.8216987525,9500
2022-07-13 00:00:00+00:00,11.6792582581,11.7208135813,11.4303110903,11.4303110903,4100
2022-07-14 00:00:00+00:00,11.4421428143,11.4421428143,11.0581408461,11.0581408461,700
2022-07-15 00:00:00+00:00,11.4180945948,11.4180945948,11.1482735726,11.2768834502,4700
2022-07-18 00:00:00+00:00,11.062180947,11.5335260482,11.062180947,11.3260380108,4136
2022-07-19 00:00:00+00:00,10.6698101984,10.6705797415,10.4989716475,10.4989716475,17228
2022-07-20 00:00:00+00:00,10.3407343635,10.4330795262,10.3407343635,10.4330795262,13085
2022-07-21 00:00:00+00:00,10.2878282807,10.5715972702,10.2398280347,10.2398280347,9300
2022-07-22 00:00:00+00:00,10.7062672991,10.7736023136,10.7062672991,10.7736023136,1034
2022-07-25 00:00:00+00:00,10.4468351077,10.5523586946,9.9652935614,10.2556036666,2355
2022-07-26 00:00:00+00:00,10.1188173944,10.1277537127,10.0999635904,10.0999635904,3125
2022-07-27 00:00:00+00:00,10.1964450468,10.1964450468,10.1964450468,10.1964450468,1400
2022-07-28 00:00:00+00:00,10.4850236802,10.4850236802,10.2492549367,10.2567579812,1163
2022-07-29 00:00:00+00:00,11.3026631415,11.3026631415,10.6812571509,10.7382033346,4500
2022-08-01 00:00:00+00:00,11.3988560193,11.4084753071,11.3988560193,11.4084753071,1193
2022-08-02 00:00:00+00:00,11.3507595804,11.3988560193,11.3026631415,11.3026631415,2700
2022-08-03 00:00:00+00:00,10.6867305256,11.062180947,10.6867305256,11.062180947,520
2022-08-04 00:00:00+00:00,10.6774094358,10.8697951914,10.5991084333,10.6241185815,8604
2022-08-05 00:00:00+00:00,10.6774094358,10.6774094358,10.6774094358,10.6774094358,100
2022-08-08 00:00:00+00:00,10.7351251625,10.7351251625,10.7098264356,10.7098264356,380
2022-08-09 00:00:00+00:00,10.4850236802,10.4851198731,10.4441417071,10.4851198731,2115
2022-08-10 00:00:00+00:00,10.5058975347,10.6774094358,10.3849830873,10.4850236802,53493
2022-08-11 00:00:00+00:00,10.6774094358,10.6774094358,10.5730401634,10.6774094358,2295
2022-08-12 00:00:00+00:00,10.6219061453,10.6713492845,10.6219061453,10.6713492845,5615
2022-08-15 00:00:00+00:00,10.4369272413,10.5715972702,10.4369272413,10.5283104752,4361
2022-08-16 00:00:00+00:00,10.4369272413,10.4850236802,10.4204782592,10.4273079535,2825
2022-08-17 00:00:00+00:00,10.4369272413,10.4369272413,10.4369272413,10.4369272413,145
2022-08-18 00:00:00+00:00,10.2638762541,10.4490475439,10.2637800612,10.273399349,18625
2022-08-19 00:00:00+00:00,10.2541607735,10.4527990661,10.2541607735,10.4527990661,15930
2022-08-22 00:00:00+00:00,10.2445414857,10.2903292955,10.2310744828,10.2840767585,9146
2022-08-23 00:00:00+00:00,10.3695922268,10.4657851046,10.2830186368,10.2830186368,10051
2022-08-24 00:00:00+00:00,10.4273079535,10.4369272413,10.4042216628,10.4273079535,10671
2022-08-25 00:00:00+00:00,10.7872617022,10.7872617022,10.6966480113,10.6966480113,579
2022-08-26 00:00:00+00:00,10.7736023136,10.8794144792,10.5619779824,10.8541157523,5100
2022-08-29 00:00:00+00:00,10.4561658168,10.8216987525,10.4561658168,10.8216987525,3075
2022-08-30 00:00:00+00:00,10.9659880692,10.9659880692,10.4176886657,10.4176886657,13302
2022-08-31 00:00:00+00:00,11.6874346527,12.7070791574,10.9371302058,10.9371302058,87500
2022-09-01 00:00:00+00:00,11.543145336,11.6489575016,11.3122824293,11.543145336,34171
2022-09-02 00:00:00+00:00,12.1203026028,12.1876376172,11.6393382138,11.6393382138,4030
2022-09-06 00:00:00+00:00,11.8124853938,12.1203026028,11.7355310916,12.1203026028,26876
2022-09-07 00:00:00+00:00,12.0337290128,12.1299218906,11.6489575016,11.6874346527,23147
2022-09-08 00:00:00+00:00,12.1876376172,12.2357340561,11.9471554227,11.9471554227,17545
2022-09-09 00:00:00+00:00,11.9856325739,12.3125921655,11.9856325739,12.2164954806,15347
2022-09-12 00:00:00+00:00,12.1491604661,12.2645919195,11.8509625449,11.8702011205,24382
2022-09-13 00:00:00+00:00,12.3511655095,12.3896426606,12.197256905,12.197256905,970
2022-09-14 00:00:00+00:00,12.2357340561,12.5146934018,12.1203026028,12.5146934018,2025
2022-09-15 00:00:00+00:00,11.8798204083,12.2164954806,11.8798204083,12.2164954806,4763
2022-09-16 00:00:00+00:00,12.0144904372,12.0433483005,11.8605818327,11.8990589838,1072
2022-09-19 00:00:00+00:00,12.024109725,12.1010640272,11.9086782716,11.9086782716,8237
2022-09-20 00:00:00+00:00,11.7691985988,11.9952518616,11.7691985988,11.9567747105,6641
2022-09-21 00:00:00+00:00,11.8317239694,12.0481579444,11.802866106,11.802866106,2862
2022-09-22 00:00:00+00:00,12.0722061639,12.0722061639,11.7643889549,12.0337290128,2876
2022-09-23 00:00:00+00:00,11.6249092821,12.024109725,11.621061567,12.024109725,30678
2022-09-26 00:00:00+00:00,11.4084753071,11.6585767893,11.4084753071,11.543145336,2735
2022-09-27 00:00:00+00:00,11.3122824293,11.4180945948,11.3122824293,11.4180945948,964
2022-09-28 00:00:00+00:00,11.5841235019,11.5912417749,11.4084753071,11.5335260482,2135
2022-09-29 00:00:00+00:00,11.7932468183,11.9633158262,11.6874346527,11.8317239694,6211
2022-09-30 00:00:00+00:00,12.1683990417,12.4637111765,11.9567747105,11.9567747105,1689
2022-10-03 00:00:00+00:00,12.4858355384,12.4858355384,12.3030690706,12.3223076462,3980
2022-10-04 00:00:00+00:00,12.4088812362,12.7926908186,12.3992619484,12.5531705529,2565
2022-10-05 00:00:00+00:00,12.2645919195,12.3800233728,12.2548764388,12.3800233728,2201
2022-10-06 00:00:00+00:00,12.2453533439,12.283830495,12.0818254517,12.2645919195,2113
2022-10-07 00:00:00+00:00,11.5602676682,11.9279168472,11.5239067604,11.9279168472,9404
2022-10-10 00:00:00+00:00,11.445509565,11.5046681849,11.445509565,11.5046681849,425
2022-10-11 00:00:00+00:00,11.2930438537,11.3796174437,11.0429423714,11.3507595804,22236
2022-10-12 00:00:00+00:00,11.2401377709,11.3699981559,11.1295159614,11.3122824293,12618
2022-10-13 00:00:00+00:00,11.3411402926,11.3411402926,10.9659880692,11.1391352492,5284
2022-10-14 00:00:00+00:00,11.2257088392,11.3507595804,11.2160895515,11.3507595804,12558
2022-10-17 00:00:00+00:00,11.235328127,11.235328127,11.0910388103,11.0910388103,1813
2022-10-18 00:00:00+00:00,11.1391352492,11.2257088392,10.5619779824,11.2257088392,15935
2022-10-19 00:00:00+00:00,10.9852266447,11.1102773859,10.9178916303,11.1006580981,39965
2022-10-20 00:00:00+00:00,11.1320169763,11.1728027565,10.975607357,10.975607357,1030
2022-10-21 00:00:00+00:00,11.1872316881,11.1872316881,10.9371302058,11.0140845081,23765
2022-10-24 00:00:00+00:00,10.8697951914,11.1872316881,10.7736023136,11.1872316881,14794
2022-10-25 00:00:00+00:00,10.8216987525,10.9178916303,10.7534980021,10.8505566158,11284
2022-10-26 00:00:00+00:00,10.754363738,11.0140845081,10.7158865869,10.7928408891,5740
2022-10-27 00:00:00+00:00,10.7639830258,10.7639830258,10.7639830258,10.7639830258,225
2022-10-28 00:00:00+00:00,10.8515185446,10.9371302058,10.581216558,10.581216558,1776
2022-10-31 00:00:00+00:00,11.062180947,11.062180947,11.062180947,11.062180947,1204
2022-11-01 00:00:00+00:00,10.8313180403,11.0429423714,10.7832216014,11.0429423714,1787
2022-11-02 00:00:00+00:00,11.0429423714,11.7740082427,10.8697951914,11.0333230836,23443
2022-11-03 00:00:00+00:00,10.7639830258,11.0525616592,10.7639830258,11.0525616592,6181
2022-11-04 00:00:00+00:00,11.2449474148,11.2449474148,10.6004551335,11.023607603,12639
2022-11-07 00:00:00+00:00,10.8313180403,11.3555692243,10.8313180403,11.3555692243,13431
2022-11-08 00:00:00+00:00,10.7832216014,10.8784525504,10.581216558,10.8313180403,20679
2022-11-09 00:00:00+00:00,10.4754043924,10.7928408891,10.4754043924,10.7928408891,7552
2022-11-10 00:00:00+00:00,10.8313180403,10.9659880692,10.2926379246,10.5523586946,229178
2022-11-11 00:00:00+00:00,10.8024601769,10.9659880692,10.5331201191,10.9178916303,66148
2022-11-14 00:00:00+00:00,10.5331201191,11.0333230836,10.4850236802,11.0333230836,48440
2022-11-15 00:00:00+00:00,10.8697951914,10.9563687814,10.5908358458,10.5908358458,55186
2022-11-16 00:00:00+00:00,10.6293129969,11.0044652203,10.581216558,10.7736023136,41047
2022-11-17 00:00:00+00:00,10.8910538174,10.9852266447,10.5619779824,10.7062672991,25138
2022-11-18 00:00:00+00:00,10.7639830258,11.0140845081,10.7149246581,10.975607357,19651
2022-11-21 00:00:00+00:00,10.6966480113,10.8697951914,10.581216558,10.8697951914,13251
2022-11-22 00:00:00+00:00,11.235328127,11.2641859904,10.7736023136,10.7736023136,24084
2022-11-23 00:00:00+00:00,11.1102773859,11.2891961386,11.0718002348,11.2641859904,22875
2022-11-25 00:00:00+00:00,11.1583738248,11.543145336,11.1391352492,11.543145336,81182
2022-11-28 00:00:00+00:00,11.1872316881,11.5239067604,11.0333230836,11.321901717,60260
2022-11-29 00:00:00+00:00,11.5720031993,11.678256985,11.2049446671,11.349836193,62125
2022-11-30 00:00:00+00:00,12.2481636534,12.4703306597,11.68791642,11.7845107706,87273
2022-12-01 00:00:00+00:00,13.194788289,13.3300203799,12.3061202637,12.3061202637,156860
2022-12-02 00:00:00+00:00,13.0788750683,13.5425279511,12.8518783445,13.1464911138,82428
2022-12-05 00:00:00+00:00,12.4123740494,13.2624043344,12.3640768741,13.2044477241,65767
2022-12-06 00:00:00+00:00,12.3833957442,12.4510117896,12.2264299245,12.4413523545,26607
2022-12-07 00:00:00+00:00,12.7504542764,12.8373891919,12.4124706437,12.5089683999,37570
2022-12-08 00:00:00+00:00,12.4896495298,13.0402373281,12.344758004,13.0402373281,59064
2022-12-09 00:00:00+00:00,12.518627835,13.0112590229,12.344758004,12.344758004,65704
2022-12-12 00:00:00+00:00,12.344758004,12.5765844453,12.2674825235,12.5572655752,48114
2022-12-13 00:00:00+00:00,12.5476061402,12.8277297568,12.4799900948,12.6345410557,30451
2022-12-14 00:00:00+00:00,12.4606712246,12.692497666,12.2674825235,12.4220334844,111288
2022-12-15 00:00:00+00:00,12.3833957442,12.5959033155,12.3157796988,12.5379467051,112003
2022-12-16 00:00:00+00:00,13.1175128086,13.2430854643,12.2964608287,12.2964608287,110263
2022-12-19 00:00:00+00:00,13.3010420747,13.34933925,12.9436429775,13.34933925,74154
2022-12-20 00:00:00+00:00,13.1754694189,13.6487817368,13.1175128086,13.2044477241,38118
2022-12-21 00:00:00+00:00,13.4942307758,13.6198034316,13.0112590229,13.0112590229,89552
2022-12-22 00:00:00+00:00,13.523209081,13.5908251264,13.3155312273,13.5908251264,55900
2022-12-23 00:00:00+00:00,13.6487817368,13.7163977822,13.1754694189,13.523209081,20088
2022-12-27 00:00:00+00:00,14.0737968793,14.2476667103,13.7646949575,13.8033326977,16599
2022-12-28 00:00:00+00:00,14.0737968793,14.1897101,13.3909714151,14.1897101,88685
2022-12-29 00:00:00+00:00,13.7550355224,14.5664280673,13.7163977822,14.2283478402,90960
2022-12-30 00:00:00+00:00,13.2913826396,13.7163977822,13.1368316787,13.7163977822,82055
2023-01-03 00:00:00+00:00,13.4169552954,13.9868619638,13.3300203799,13.5715062563,77313
2023-01-04 00:00:00+00:00,13.6198034316,13.7453760873,13.3300203799,13.5715062563,97960
2023-01-05 00:00:00+00:00,13.687419477,13.7453760873,13.1416613962,13.3300203799,188887
2023-01-06 00:00:00+00:00,13.3300203799,13.7646949575,13.0595561982,13.7646949575,161362
2023-01-09 00:00:00+00:00,13.4362741655,13.6391223017,13.2624043344,13.5328685161,127784
2023-01-10 00:00:00+00:00,13.6970789121,13.7212274997,13.1464911138,13.3976364253,135828
2023-01-11 00:00:00+00:00,13.6294628666,13.851629873,13.5425279511,13.8129921327,59329
2023-01-12 00:00:00+00:00,13.6487817368,13.8129921327,13.4749119057,13.6584411718,75447
2023-01-13 00:00:00+00:00,13.2044477241,13.523209081,12.9919401528,13.1658099839,167341
2023-01-17 00:00:00+00:00,13.0112590229,13.2913826396,12.8953458022,13.2913826396,57721
2023-01-18 00:00:00+00:00,13.0595561982,13.2527448994,12.9787067268,13.0112590229,60768
2023-01-19 00:00:00+00:00,13.3638284026,13.5038902109,12.9629618477,12.9629618477,154270
2023-01-20 00:00:00+00:00,13.3300203799,13.7163977822,12.856708062,13.4652524707,397462
2023-01-23 00:00:00+00:00,13.0015995879,13.513549646,12.9629618477,13.4459336005,238657
2023-01-24 00:00:00+00:00,12.9436429775,13.194788289,12.7504542764,13.1754694189,237545
2023-01-25 00:00:00+00:00,12.8856863672,12.8953458022,12.4703306597,12.5476061402,431631
2023-01-26 00:00:00+00:00,12.856708062,12.9567798092,12.5282872701,12.7311354063,213911
2023-01-27 00:00:00+00:00,12.8277297568,13.0112590229,12.5765844453,12.5765844453,125904
2023-01-30 00:00:00+00:00,13.1754694189,13.687419477,12.682838231,12.682838231,212954
2023-01-31 00:00:00+00:00,13.0402373281,13.34933925,12.847048627,13.1078533735,182055
2023-02-01 00:00:00+00:00,13.2430854643,13.34933925,12.856708062,13.0402373281,278300
2023-02-02 00:00:00+00:00,13.1658099839,13.3879769902,12.9146646724,13.2334260293,220073
2023-02-03 00:00:00+00:00,13.0112590229,13.2382557468,12.7987514517,12.9726212827,142304
2023-02-06 00:00:00+00:00,13.4362741655,13.6101439965,12.7794325816,12.7987514517,406734
2023-02-07 00:00:00+00:00,13.5618468212,13.8033326977,13.3203609448,13.3203609448,186849
2023-02-08 00:00:00+00:00,13.5521873862,13.7163977822,13.4942307758,13.5618468212,126762
2023-02-09 00:00:00+00:00,13.4459336005,13.5715062563,13.2720637695,13.5521873862,125945
2023-02-10 00:00:00+00:00,13.5618468212,13.5715062563,13.3203609448,13.3686581201,184252
2023-02-13 00:00:00+00:00,13.0981939385,13.6391223017,12.9629618477,13.6391223017,132960
2023-02-14 00:00:00+00:00,13.5811656914,13.5811656914,12.9339835425,12.9629618477,90950
2023-02-15 00:00:00+00:00,13.3300203799,13.5811656914,13.2430854643,13.5811656914,81906
2023-02-16 00:00:00+00:00,13.4845713408,13.4845713408,13.0849605124,13.3010420747,77614
2023-02-17 00:00:00+00:00,13.5425279511,13.7550355224,13.2817232046,13.5521873862,102636
2023-02-21 00:00:00+00:00,13.3976364253,13.9173140314,13.194788289,13.513549646,123540
2023-02-22 00:00:00+00:00,12.7021571011,13.2817232046,12.3640768741,13.1175128086,198465
2023-02-23 00:00:00+00:00,12.7987514517,12.856708062,12.5765844453,12.6538599258,113572
2023-02-24 00:00:00+00:00,12.7601137114,12.7987514517,12.5959033155,12.6152221856,76320
2023-02-27 00:00:00+00:00,13.0015995879,13.0788750683,12.6345410557,12.6345410557,79590
2023-02-28 00:00:00+00:00,13.0402373281,13.0788750683,12.6248816206,12.9436429775,132181
2023-03-01 00:00:00+00:00,13.3396798149,13.4266147304,13.1658099839,13.185128854,169943
2023-03-02 00:00:00+00:00,13.3107015097,13.3979530127,13.1168092809,13.1168092809,184920
2023-03-03 00:00:00+00:00,13.4173422356,13.4755099042,13.2137553953,13.2913122869,155171
2023-03-06 00:00:00+00:00,13.1361985038,13.5094410443,13.097420058,13.4755099042,143230
2023-03-07 00:00:00+00:00,12.8938332177,13.0004739436,12.6902463775,13.0004739436,99786
2023-03-08 00:00:00+00:00,12.7968871033,12.9713901093,12.7484140461,12.8938332177,85729
2023-03-09 00:00:00+00:00,12.7193302118,12.9520008864,12.6902463775,12.7968871033,71747
2023-03-10 00:00:00+00:00,12.5836056516,13.1943661724,12.5290249892,12.8162763262,113710
2023-03-13 00:00:00+00:00,12.9616954978,13.1895188667,12.8065817148,12.8065817148,552722
2023-03-14 00:00:00+00:00,12.9326116635,13.0392523894,12.8065817148,13.0392523894,421762
2023-03-15 00:00:00+00:00,12.1279589138,12.7484140461,11.9922343536,12.7484140461,542580
2023-03-16 00:00:00+00:00,12.3800188113,12.4091026456,12.0116235765,12.0116235765,358828
2023-03-17 00:00:00+00:00,12.0310127994,12.8453601605,11.9825397422,12.593300263,2666091
2023-03-20 00:00:00+00:00,12.6223840974,12.8065817148,12.3218511427,12.4187972571,273394
2023-03-21 00:00:00+00:00,12.1085696909,12.6417733202,12.021318188,12.6417733202,284933
2023-03-22 00:00:00+00:00,12.3703241999,12.5448272058,11.9922343536,12.0310127994,155142
2023-03-23 00:00:00+00:00,12.8744439949,13.0004739436,12.350934977,12.350934977,157110
2023-03-24 00:00:00+00:00,13.0586416122,13.0877254466,12.7484140461,12.7484140461,88446
2023-03-27 00:00:00+00:00,13.3979530127,13.4173422356,12.8938332177,13.097420058,159242
2023-03-28 00:00:00+00:00,13.9408512535,14.0668812022,13.2428392296,13.4464260699,158438
2023-03-29 00:00:00+00:00,14.4061926027,14.4837494942,13.8642638231,13.9602404763,218466
2023-03-30 00:00:00+00:00,14.5322225514,14.6388632773,14.2219949853,14.4643602713,149797
2023-03-31 00:00:00+00:00,14.4934441056,14.6873363345,14.192911151,14.6485578887,163312
2023-04-03 00:00:00+00:00,14.9878692892,15.0460369578,14.3577195455,14.3771087683,318305
2023-04-04 00:00:00+00:00,15.026647735,15.0751207922,14.5031387171,14.9490908434,211245
2023-04-05 00:00:00+00:00,15.0751207922,15.3223333839,14.8327555061,15.0169531235,397798
2023-04-06 00:00:00+00:00,15.2787076324,15.4047375812,15.026647735,15.026647735,232277
2023-04-10 00:00:00+00:00,15.3659591354,15.3659591354,15.1235938494,15.2884022439,157502
2023-04-11 00:00:00+00:00,15.3853483583,15.8313004846,15.2787076324,15.4241268041,233051
2023-04-12 00:00:00+00:00,15.5404621414,15.6955759244,15.3465699125,15.59862981,173292
2023-04-13 00:00:00+00:00,16.3160310567,16.519617897,15.8991627647,16.2578633881,589320
2023-04-14 00:00:00+00:00,16.4420610055,16.6058029927,16.2287795538,16.5002286741,372657
2023-04-17 00:00:00+00:00,15.8022166503,16.6068694,15.7149651473,16.6068694,204070
2023-04-18 00:00:00+00:00,16.190001108,16.3257256682,15.6761867016,15.9767196563,181547
2023-04-19 00:00:00+00:00,15.7828274274,16.277252611,15.6374082558,16.277252611,123754
2023-04-20 00:00:00+00:00,15.8506897075,16.1996957194,15.6567974787,15.8313004846,139503
2023-04-21 00:00:00+00:00,15.7925220389,15.8506897075,15.5210729185,15.8506897075,163535
2023-04-24 00:00:00+00:00,16.1318334393,16.2966418338,15.5889351986,15.6471028672,184815
2023-04-25 00:00:00+00:00,16.2287795538,16.3402675853,15.9573304334,16.1803064965,235488
2023-04-26 00:00:00+00:00,15.6277136444,16.3424003998,15.5210729185,16.277252611,300249
2023-04-27 00:00:00+00:00,16.102749605,16.5487017313,15.9961088791,15.9961088791,715019
2023-04-28 00:00:00+00:00,15.7246597588,16.3305729739,15.7052705359,16.0930549936,336017
2023-05-01 00:00:00+00:00,15.7246597588,16.1803064965,15.7246597588,15.9961088791,390218
2023-05-02 00:00:00+00:00,16.2869472224,16.2869472224,15.5501567528,15.7634382045,397859
2023-05-03 00:00:00+00:00,16.4517556169,16.8007616288,16.277252611,16.2869472224,438027
2023-05-04 00:00:00+00:00,16.4614502284,16.7614984525,16.3645041139,16.5002286741,302233
2023-05-05 00:00:00+00:00,16.694120903,16.7910670174,15.9767196563,16.4517556169,220745
2023-05-08 00:00:00+00:00,16.5002286741,16.7328993487,16.3354202796,16.694120903,156607
2023-05-09 00:00:00+00:00,16.4614502284,16.5826328714,16.2578633881,16.3548095025,191353
2023-05-10 00:00:00+00:00,15.7343543702,16.3305729739,15.026647735,16.2869472224,596154
2023-05-11 00:00:00+00:00,14.6194740544,15.5501567528,14.5419171629,15.511378307,463215
2023-05-12 00:00:00+00:00,14.5806956086,14.9878692892,14.5322225514,14.5419171629,188153
2023-05-15 00:00:00+00:00,14.6000848315,14.7745878375,14.542014109,14.6970309459,123357
2023-05-16 00:00:00+00:00,14.348024934,14.6873363345,14.1638273166,14.6873363345,257619
2023-05-17 00:00:00+00:00,14.3674141569,14.4255818256,14.1735219281,14.4255818256,144832
2023-05-18 00:00:00+00:00,13.8729889734,14.4255818256,13.8245159162,14.4255818256,210331
2023-05-19 00:00:00+00:00,14.0668812022,14.1444380937,13.7518063303,13.8632943619,181914
2023-05-22 00:00:00+00:00,14.018408145,14.2394452859,13.9893243107,14.105659648,77862
2023-05-23 00:00:00+00:00,13.6597075216,13.9699350878,13.6306236873,13.9214620306,167532
2023-05-24 00:00:00+00:00,13.4076476242,13.82441897,13.3155488155,13.6209290759,185142
2023-05-25 00:00:00+00:00,13.1943661724,13.3882584013,13.1652823381,13.3494799555,220553
2023-05-26 00:00:00+00:00,13.3203961212,13.4755099042,13.1458931152,13.4561206814,160390
2023-05-30 00:00:00+00:00,13.271923064,13.3594944038,12.9021774068,13.2232723196,209911
2023-05-31 00:00:00+00:00,13.8168114009,13.8460018475,13.3789547016,13.4178752971,242992
2023-06-01 00:00:00+00:00,13.8654621453,14.0357397506,13.6319385723,13.9335731874,144683
2023-06-02 00:00:00+00:00,13.8168114009,13.9724937829,13.6528583924,13.8460018475,82845
2023-06-05 00:00:00+00:00,13.7000496144,13.8362716987,13.5735576791,13.6416687212,97590
2023-06-06 00:00:00+00:00,13.729240061,13.7973511032,13.6222084234,13.6222084234,80037
2023-06-07 00:00:00+00:00,13.5151767858,13.8605970708,13.4859863392,13.8168114009,95039
2023-06-08 00:00:00+00:00,13.7195099122,13.786161432,13.5930179768,13.5930179768,63975
2023-06-09 00:00:00+00:00,13.8265415498,13.9141128896,13.6465337956,13.9141128896,94752
2023-06-12 00:00:00+00:00,13.8168114009,13.9043827408,13.6319385723,13.8946525919,187423
2023-06-13 00:00:00+00:00,13.9238430385,14.0843904949,13.7885939692,13.9141128896,184684
2023-06-14 00:00:00+00:00,13.7973511032,14.1476364626,13.6708591678,14.0892555694,194682
2023-06-15 00:00:00+00:00,13.3886848505,13.8168114009,13.3011135106,13.7195099122,148518
2023-06-16 00:00:00+00:00,13.2816532128,13.6319385723,13.2816532128,13.4665260414,392785
2023-06-20 00:00:00+00:00,12.882717109,13.271923064,12.8437965135,13.1065105331,162503
2023-06-21 00:00:00+00:00,12.8535266624,12.9313678534,12.6005427917,12.9021774068,116664
2023-06-22 00:00:00+00:00,13.0578597887,13.0578597887,12.727034727,12.727034727,89524
2023-06-23 00:00:00+00:00,12.9897487466,13.1454311286,12.8340663646,13.1357009797,78453
2023-06-26 00:00:00+00:00,13.0481296399,13.1454311286,12.9410980023,12.9897487466,99709
2023-06-27 00:00:00+00:00,13.0092090444,13.1454311286,12.7757827729,13.1259708309,74357
2023-06-28 00:00:00+00:00,12.9119075556,13.0481296399,12.7513600992,12.9216377045,124154
2023-06-29 00:00:00+00:00,13.0773200865,13.1259708309,12.7464950248,12.8243362158,113931
2023-06-30 00:00:00+00:00,13.4081451482,13.4859863392,13.0578597887,13.1746215752,195671
2023-07-03 00:00:00+00:00,13.6513988701,13.6805893167,13.3789547016,13.427605446,28300
2023-07-05 00:00:00+00:00,12.9313678534,13.6416687212,12.9216377045,13.4859863392,140664
2023-07-06 00:00:00+00:00,12.6978442804,12.9021774068,12.6200030894,12.7464950248,122901
2023-07-07 00:00:00+00:00,12.7562251737,12.9994788955,12.7075744293,12.8632568113,276767
2023-07-10 00:00:00+00:00,12.8924472579,13.0189391932,12.649193536,12.649193536,201244
2023-07-11 00:00:00+00:00,12.9800185978,13.1357009797,12.8729869601,12.8729869601,121537
2023-07-12 00:00:00+00:00,13.5638275302,13.6222084234,12.9994788955,13.0870502354,168119
2023-07-13 00:00:00+00:00,13.4762561903,13.6708591678,13.2816532128,13.3789547016,182608
2023-07-14 00:00:00+00:00,13.6027481257,13.7681606565,13.4713911159,13.4762561903,136368
2023-07-17 00:00:00+00:00,13.7000496144,13.7681606565,13.427605446,13.4470657437,126126
2023-07-18 00:00:00+00:00,13.7681606565,13.8168114009,13.5832878279,13.6513988701,66271
2023-07-19 00:00:00+00:00,13.729240061,13.8654621453,13.5832878279,13.8168114009,101747
2023-07-20 00:00:00+00:00,13.5832878279,13.7681606565,13.3400341061,13.7681606565,97757
2023-07-21 00:00:00+00:00,13.5735576791,13.5832878279,13.3886848505,13.4859863392,70532
2023-07-24 00:00:00+00:00,13.4470657437,13.5346370836,13.1950548879,13.4665260414,120694
2023-07-25 00:00:00+00:00,13.6222084234,13.729240061,13.2524627662,13.2816532128,313911
2023-07-26 00:00:00+00:00,13.3303039572,13.6416687212,13.0675899376,13.5346370836,230808
2023-07-27 00:00:00+00:00,12.8340663646,13.3400341061,12.8146060669,13.3303039572,113210
2023-07-28 00:00:00+00:00,13.1454311286,13.2038120219,12.7951457691,12.8924472579,100542
2023-07-31 00:00:00+00:00,13.4178752971,13.5249069347,13.194081873,13.3400341061,180581
2023-08-01 00:00:00+00:00,12.8243362158,13.3108436595,12.804875918,13.1843517241,72767
2023-08-02 00:00:00+00:00,12.5810824939,12.9313678534,12.3864795164,12.9313678534,114482
2023-08-03 00:00:00+00:00,12.6200030894,12.649193536,12.4740508563,12.4935111541,156958
2023-08-04 00:00:00+00:00,12.4059398142,12.6686538338,12.3864795164,12.6297332383,112055
2023-08-07 00:00:00+00:00,12.5227016007,12.6200030894,12.2839237473,12.347558921,55681
2023-08-08 00:00:00+00:00,12.4059398142,12.5420645969,12.26971773,12.3086383255,100531
2023-08-09 00:00:00+00:00,12.9897487466,13.0773200865,12.4351302608,12.4643207074,239858
2023-08-10 00:00:00+00:00,12.7464950248,13.1551612775,12.6881141315,13.0578597887,227045
2023-08-11 00:00:00+00:00,13.116240682,13.194081873,12.7562251737,12.9508281511,90286
2023-08-14 00:00:00+00:00,13.3108436595,13.4081451482,12.9410980023,13.0286693421,103769
2023-08-15 00:00:00+00:00,13.2330024685,13.3789547016,13.1259708309,13.2232723196,101370
2023-08-16 00:00:00+00:00,13.1843517241,13.427605446,13.116240682,13.4178752971,133195
2023-08-17 00:00:00+00:00,13.0189391932,13.3108436595,12.9313678534,13.1357009797,135502
2023-08-18 00:00:00+00:00,13.271923064,13.3177520652,12.882717109,12.882717109,125070
2023-08-21 00:00:00+00:00,13.194081873,13.4092154646,13.0777092924,13.3303039572,52217
2023-08-22 00:00:00+00:00,13.3011135106,13.349764255,13.2038120219,13.2038120219,45617
2023-08-23 00:00:00+00:00,13.6708591678,13.8119463265,13.3789547016,13.3789547016,141940
2023-08-24 00:00:00+00:00,13.3692245527,13.6708591678,13.3303039572,13.5735576791,87945
2023-08-25 00:00:00+00:00,13.1454311286,13.5054466369,13.0189391932,13.4373355948,52712
2023-08-28 00:00:00+00:00,13.3303039572,13.3400341061,13.0967803842,13.194081873,91744
2023-08-29 00:00:00+00:00,13.5346370836,13.5346370836,13.194081873,13.194081873,86592
2023-08-30 00:00:00+00:00,13.517609323,13.6738822632,13.4687740292,13.5859787344,91615
2023-08-31 00:00:00+00:00,13.4199387354,13.5957457931,13.234364619,13.5078422643,467287
2023-09-01 00:00:00+00:00,13.3418022654,13.7129504982,13.3027340303,13.5859787344,115839
2023-09-05 00:00:00+00:00,12.6874093285,13.273432854,12.6385740347,13.273432854,135310
2023-09-06 00:00:00+00:00,12.4725340358,12.7753128573,12.4139316832,12.6483410934,112533
2023-09-07 00:00:00+00:00,12.5213693296,12.5604375646,12.3260281544,12.4334658007,86427
2023-09-08 00:00:00+00:00,12.7167105048,12.9218187387,12.4529999183,12.4529999183,94061
2023-09-11 00:00:00+00:00,12.7655457986,12.951119915,12.7264775635,12.7264775635,99299
2023-09-12 00:00:00+00:00,12.7948469748,12.8046140336,12.6483410934,12.7264775635,87684
2023-09-13 00:00:00+00:00,12.8046140336,12.9022846212,12.7167105048,12.746011681,74700
2023-09-14 00:00:00+00:00,12.8925175624,12.951119915,12.746011681,12.9218187387,94383
2023-09-15 00:00:00+00:00,12.8632163862,13.1464610902,12.8436822686,12.91205168,252875
2023-09-18 00:00:00+00:00,12.9706540325,13.0683246201,12.8632163862,12.8632163862,62151
2023-09-19 00:00:00+00:00,12.951119915,13.0878587376,12.8827505037,13.0878587376,62102
2023-09-20 00:00:00+00:00,12.8925175624,13.1464610902,12.8632163862,12.9999552088,82979
2023-09-21 00:00:00+00:00,12.8925175624,12.9218187387,12.6971763872,12.7850799161,115866
2023-09-22 00:00:00+00:00,12.7753128573,13.0097222675,12.7557787398,12.8827505037,65553
2023-09-25 00:00:00+00:00,12.9022846212,12.951119915,12.6581081522,12.706943446,95504
2023-09-26 00:00:00+00:00,12.6874093285,12.8729834449,12.6581081522,12.7948469748,111678
2023-09-27 00:00:00+00:00,12.2576587431,12.746011681,12.0818516854,12.6483410934,233392
2023-09-28 00:00:00+00:00,12.3553293307,12.3943975657,12.1306869792,12.2576587431,99469
2023-09-29 00:00:00+00:00,12.7655457986,12.8339152099,12.462766977,12.5018352121,312744
2023-10-02 00:00:00+00:00,12.3846305069,12.6971763872,12.2381246256,12.5897387409,227816
2023-10-03 00:00:00+00:00,12.4823010945,12.5067187414,12.2576587431,12.2674258018,151483
2023-10-04 00:00:00+00:00,12.3943975657,12.5213693296,12.2576587431,12.5213693296,86610
2023-10-05 00:00:00+00:00,12.3748634482,12.5506705059,12.3260281544,12.3357952131,76323
2023-10-06 00:00:00+00:00,12.6288069759,12.6483410934,12.2478916843,12.3357952131,65088
2023-10-09 00:00:00+00:00,12.8046140336,12.8729834449,12.7215940341,12.746011681,57022
2023-10-10 00:00:00+00:00,12.8436822686,12.91205168,12.6971763872,12.7655457986,83411
2023-10-11 00:00:00+00:00,12.9413528562,12.99018815,12.8046140336,12.8827505037,60262
2023-10-12 00:00:00+00:00,12.5409034471,12.9315857975,12.3162610956,12.9315857975,112576
2023-10-13 00:00:00+00:00,12.9413528562,13.0878587376,12.6971763872,12.7655457986,128985
2023-10-16 00:00:00+00:00,12.5799716821,12.9608869737,12.5799716821,12.8729834449,114489
2023-10-17 00:00:00+00:00,12.7753128573,12.8143810924,12.5213693296,12.6288069759,60050
2023-10-18 00:00:00+00:00,12.6971763872,12.9510222444,12.6776422697,12.8241481511,69913
2023-10-19 00:00:00+00:00,12.7557787398,12.7850799161,12.5799716821,12.6092728584,80210
2023-10-20 00:00:00+00:00,12.6776422697,12.9547337267,12.5946222703,12.6971763872,97125
2023-10-23 00:00:00+00:00,12.4432328595,12.7850799161,12.2869599193,12.6092728584,147333
2023-10-24 00:00:00+00:00,12.8046140336,12.91205168,12.3650963894,12.3650963894,108490
2023-10-25 00:00:00+00:00,12.7753128573,12.9413528562,12.7167105048,12.7948469748,181145
2023-10-26 00:00:00+00:00,12.4725340358,12.6971763872,12.140454038,12.6288069759,137254
2023-10-27 00:00:00+00:00,12.6776422697,12.7557787398,12.462766977,12.462766977,98131
2023-10-30 00:00:00+00:00,12.7948469748,12.8534493274,12.3846305069,12.706943446,153087
2023-10-31 00:00:00+00:00,12.5213693296,12.8729834449,12.423698742,12.6776422697,345119
2023-11-01 00:00:00+00:00,12.5213693296,12.5769438939,12.4041646245,12.4334658007,116950
2023-11-02 00:00:00+00:00,12.5604375646,12.667875211,12.4334658007,12.6190399172,82191
2023-11-03 00:00:00+00:00,13.0097222675,13.2050634427,12.6483410934,12.6483410934,167464
2023-11-06 00:00:00+00:00,12.7753128573,13.0780916789,12.7264775635,12.9218187387,83261
2023-11-07 00:00:00+00:00,12.5799716821,12.7167105048,12.3650963894,12.5897387409,157537
2023-11-08 00:00:00+00:00,12.3650963894,12.5213693296,11.5739646299,12.4041646245,259515
2023-11-09 00:00:00+00:00,11.896277569,12.3797469776,11.8767434515,12.3455622719,115775
2023-11-10 00:00:00+00:00,11.7107034525,11.9646469803,11.6032658062,11.7986069814,119415
2023-11-13 00:00:00+00:00,11.6814022763,11.9011610984,11.6227999237,11.6227999237,126692
2023-11-14 00:00:00+00:00,12.0916187442,12.1990563905,11.7107034525,11.7497716876,194015
2023-11-15 00:00:00+00:00,12.2771928606,12.3699799188,12.0183658035,12.1013858029,112639
2023-11-16 00:00:00+00:00,12.4334658007,12.6874093285,12.2967269781,12.2967269781,113520
2023-11-17 00:00:00+00:00,12.2381246256,12.6288069759,12.218590508,12.5995057996,86414
2023-11-20 00:00:00+00:00,12.3455622719,12.4334658007,12.1502210967,12.1502210967,69189
2023-11-21 00:00:00+00:00,12.5995057996,12.8822621507,12.4823010945,12.4823010945,108029
2023-11-22 00:00:00+00:00,12.5506705059,12.7264775635,12.5018352121,12.6874093285,47761
2023-11-24 00:00:00+00:00,12.7753128573,12.7948469748,12.5213693296,12.5213693296,48352
2023-11-27 00:00:00+00:00,12.7557787398,12.8241481511,12.6483410934,12.7655457986,74616
2023-11-28 00:00:00+00:00,13.1171599139,13.1757622665,12.6385740347,12.8436822686,148978
2023-11-29 00:00:00+00:00,13.1098346198,13.2373049639,13.0062894788,13.1784724974,92888
2023-11-30 00:00:00+00:00,13.6687430516,13.707964696,13.1490562642,13.3941915413,510756
2023-12-01 00:00:00+00:00,13.6197159962,13.825629629,13.4441991378,13.7275755181,275676
2023-12-04 00:00:00+00:00,13.590299763,13.6785484627,13.2667211972,13.600105174,188766
2023-12-05 00:00:00+00:00,13.3941915413,13.6099105851,13.3202587417,13.5804943519,82532
2023-12-06 00:00:00+00:00,13.3745807191,13.6687430516,13.247110375,13.6687430516,134998
2023-12-07 00:00:00+00:00,13.482440241,13.5803962978,13.2961374304,13.5412727075,136766
2023-12-08 00:00:00+00:00,13.3353590748,13.482440241,13.1882779085,13.2569157861,121020
2023-12-11 00:00:00+00:00,13.2863320193,13.2863320193,12.9627534536,13.2765266083,218966
2023-12-12 00:00:00+00:00,12.8745047538,13.3549698969,12.8254776984,13.3549698969,205462
2023-12-13 00:00:00+00:00,13.3255536637,13.3353590748,12.7044789256,12.9039209871,191723
2023-12-14 00:00:00+00:00,13.2961374304,13.6099105851,13.0804183866,13.4628294189,185975
2023-12-15 00:00:00+00:00,13.1784724974,13.4530240078,13.0019750979,13.4334131856,229586
2023-12-18 00:00:00+00:00,13.1196400309,13.3255536637,12.9431426314,13.2569157861,200686
2023-12-19 00:00:00+00:00,13.3843861302,13.3892888357,13.1000292087,13.1196400309,249943
2023-12-20 00:00:00+00:00,12.9921696868,13.4432185967,12.9480453369,13.4432185967,194592
2023-12-21 00:00:00+00:00,13.2863320193,13.364775308,13.0411967422,13.0411967422,173068
2023-12-22 00:00:00+00:00,13.1686670863,13.5314672965,13.1310143078,13.3353590748,99028
2023-12-26 00:00:00+00:00,13.2176941418,13.3157482526,13.1196400309,13.2373049639,57477
2023-12-27 00:00:00+00:00,13.2274995528,13.364775308,13.129445442,13.3255536637,100939
2023-12-28 00:00:00+00:00,13.0411967422,13.3059428415,13.011780509,13.2373049639,135928
2023-12-29 00:00:00+00:00,13.0510021533,13.1490562642,12.6097586545,12.8843101649,174094
2024-01-02 00:00:00+00:00,12.7078127654,13.0510021533,12.6980073543,13.0411967422,104701
2024-01-03 00:00:00+00:00,12.5215099548,12.8156722873,12.4136504328,12.4528720772,132424
2024-01-04 00:00:00+00:00,12.6980073543,12.8156722873,12.4528720772,12.6293694767,94038
2024-01-05 00:00:00+00:00,12.7960614651,12.9431426314,12.5608296532,12.6587857099,132198
2024-01-08 00:00:00+00:00,12.5411207769,12.8254776984,12.4038450218,12.5901478324,89468
2024-01-09 00:00:00+00:00,12.4038450218,12.5117045437,12.346581421,12.433261255,72130
2024-01-10 00:00:00+00:00,12.3646233774,12.4920937215,12.3254017331,12.3254017331,58862
2024-01-11 00:00:00+00:00,12.433261255,12.4626774883,12.1489043336,12.3744287885,91032
2024-01-12 00:00:00+00:00,12.6097586545,12.8696020483,12.5313153659,12.6097586545,78206
2024-01-16 00:00:00+00:00,12.197931389,12.5443565626,12.1783205668,12.3548179663,93482
2024-01-17 00:00:00+00:00,12.0410448116,12.2077368001,11.972406934,12.2077368001,97951
2024-01-18 00:00:00+00:00,12.197931389,12.2834345736,11.9921158103,12.080266456,79342
2024-01-19 00:00:00+00:00,12.0900718671,12.2077368001,11.8645474121,12.197931389,107580
2024-01-22 00:00:00+00:00,12.0312394005,12.2567638555,11.8939636454,12.0312394005,92845
2024-01-23 00:00:00+00:00,12.4038450218,12.4430666661,12.0509482768,12.0998772781,72105
2024-01-24 00:00:00+00:00,12.2861800887,12.5607315991,12.0998772781,12.5607315991,110052
2024-01-25 00:00:00+00:00,12.4822883104,12.5018991326,12.080266456,12.315596322,122444
2024-01-26 00:00:00+00:00,12.5215099548,12.5803424213,12.3842341996,12.4038450218,62282
2024-01-29 00:00:00+00:00,12.8450885206,12.9529480425,12.4577747827,12.5705370102,245963
2024-01-30 00:00:00+00:00,12.8352831095,12.9301994888,12.668591121,12.8156722873,302368
2024-01-31 00:00:00+00:00,12.5215099548,13.0313913312,12.5018991326,12.8843101649,266734
2024-02-01 00:00:00+00:00,12.8352831095,12.9921696868,12.5117045437,12.5117045437,114474
2024-02-02 00:00:00+00:00,12.4920937215,12.7015373023,12.3254997872,12.6489802989,125019
2024-02-05 00:00:00+00:00,12.3744287885,12.487191016,12.2567638555,12.3744287885,75907
2024-02-06 00:00:00+00:00,12.4626774883,12.5313153659,12.3450125552,12.433261255,56938
2024-02-07 00:00:00+00:00,12.5018991326,12.550926188,12.4234558439,12.4626774883,45903
2024-02-08 00:00:00+00:00,12.4822883104,12.6195640656,12.3745268426,12.4136504328,114841
2024-02-09 00:00:00+00:00,12.2469584444,12.4920937215,12.2273476222,12.4920937215,82928
2024-02-12 00:00:00+00:00,12.3940396107,12.4527740231,12.2665692666,12.2665692666,37655
2024-02-13 00:00:00+00:00,11.8057149456,12.3057909109,11.6880500126,12.2469584444,209340
2024-02-14 00:00:00+00:00,11.8939636454,11.962601523,11.5801904907,11.8449365899,114341
2024-02-15 00:00:00+00:00,12.0116285784,12.1606708269,11.8449365899,12.0018231673,116609
2024-02-16 00:00:00+00:00,12.1489043336,12.2371530333,11.952894166,11.962601523,99368
2024-02-20 00:00:00+00:00,12.1292935114,12.2763746777,12.0606556338,12.1783205668,114430
2024-02-21 00:00:00+00:00,12.1587097446,12.197931389,11.972406934,12.1390989225,81429
2024-02-22 00:00:00+00:00,12.0998772781,12.5803424213,12.0606556338,12.1783205668,154240
2024-02-23 00:00:00+00:00,11.9527961119,12.1194881003,11.7959095345,12.0312394005,146889
2024-02-26 00:00:00+00:00,11.7762987124,11.854742001,11.5213580242,11.854742001,147747
2024-02-27 00:00:00+00:00,11.9920177562,12.0018231673,11.5801904907,11.7468824791,129310
2024-02-28 00:00:00+00:00,12.0704610449,12.0900718671,11.8693520635,11.9233798786,86203
2024-02-29 00:00:00+00:00,12.315596322,12.4724828993,12.1194881003,12.2371530333,161211
2024-03-01 00:00:00+00:00,12.7298749403,12.7889462857,12.3065302981,12.5034347828,134807
2024-03-04 00:00:00+00:00,12.966160322,12.9956959947,12.7003392676,12.7495653888,218954
2024-03-05 00:00:00+00:00,12.9169342008,13.0941482371,12.8283271827,13.0843030129,224889
2024-03-06 00:00:00+00:00,13.212290928,13.5076476551,12.9659634175,12.9760055463,269131
2024-03-07 00:00:00+00:00,13.1926004795,13.3402788431,13.0449221159,13.2221361522,123961
2024-03-08 00:00:00+00:00,13.3993501885,13.4978024309,13.0843030129,13.2418266007,435969
2024-03-11 00:00:00+00:00,13.419040637,13.5273381036,13.2516718249,13.37965974,295339
2024-03-12 00:00:00+00:00,13.2319813765,13.3993501885,13.1138386856,13.3993501885,333664
2024-03-13 00:00:00+00:00,13.4091954128,13.4485763097,13.172910031,13.2615170492,291274
2024-03-14 00:00:00+00:00,13.3205883946,13.4485763097,13.2221361522,13.3993501885,135080
2024-03-15 00:00:00+00:00,13.2319813765,13.4387310855,13.1630648068,13.1630648068,303344
2024-03-18 00:00:00+00:00,13.3599692916,13.4917968441,13.1335291341,13.3107431704,236300
2024-03-19 00:00:00+00:00,13.2024457038,13.3205883946,13.1039934614,13.3008979461,133906
2024-03-20 00:00:00+00:00,13.6947069157,13.7143973642,13.172910031,13.1926004795,211418
2024-03-21 00:00:00+00:00,13.5076476551,13.9063792368,13.4781119824,13.8226948308,172422
2024-03-22 00:00:00+00:00,13.3501240673,13.625790346,13.3107431704,13.4781119824,87874
2024-03-25 00:00:00+00:00,13.625790346,13.6553260187,13.419040637,13.4387310855,95282
2024-03-26 00:00:00+00:00,13.6553260187,13.8226948308,13.5719369694,13.8226948308,129562
2024-03-27 00:00:00+00:00,14.1278967822,14.1377420064,13.6947069157,13.6947069157,206121
2024-03-28 00:00:00+00:00,14.2263490246,14.4232535093,14.1180515579,14.2263490246,189270
2024-04-01 00:00:00+00:00,14.5118605275,14.5315509759,14.2361942488,14.3543369397,99039
2024-04-02 00:00:00+00:00,14.3248012669,14.6201579941,14.2263490246,14.6201579941,139171
2024-04-03 00:00:00+00:00,14.8958242728,14.9155147212,14.3248012669,14.4626344063,284382
2024-04-04 00:00:00+00:00,14.8761338243,15.0435026363,14.6103127699,14.8662886001,179036
2024-04-05 00:00:00+00:00,15.2994784665,15.3290141393,14.8072172546,14.8072172546,145537
2024-04-08 00:00:00+00:00,15.4373116059,15.6342160907,15.2825446809,15.3290141393,235178
2024-04-09 00:00:00+00:00,15.3979307089,15.7917396785,15.1911809999,15.5357638483,167154
2024-04-10 00:00:00+00:00,15.565299521,15.5751447452,14.945050394,15.1714905514,215062
2024-04-11 00:00:00+00:00,15.8508110239,15.8901919208,15.4767909551,15.6834422118,273032
2024-04-12 00:00:00+00:00,15.6539065391,16.2840008904,15.4471568301,15.939418042,269385
2024-04-15 00:00:00+00:00,15.2600975696,15.6539065391,15.1616453272,15.6539065391,190912
2024-04-16 00:00:00+00:00,15.1911809999,15.3290141393,14.8465981516,15.1025739818,289185
2024-04-17 00:00:00+00:00,15.5849899695,15.6096030301,15.1616453272,15.3388593635,152396
2024-04-18 00:00:00+00:00,15.4077759332,15.7425135573,15.1616453272,15.6834422118,149845
2024-04-19 00:00:00+00:00,15.3388593635,15.4865377271,15.2207166726,15.4077759332,148606
2024-04-22 00:00:00+00:00,14.8367529273,15.1025739818,14.7579911334,15.0533478606,224439
2024-04-23 00:00:00+00:00,15.4963829513,15.6834422118,14.5709318729,14.7186102365,224814
2024-04-24 00:00:00+00:00,15.5948351937,15.7090397949,15.4570020544,15.4668472786,151427
2024-04-25 00:00:00+00:00,15.9492632663,15.952413738,15.358549812,15.5751447452,239149
2024-04-26 00:00:00+00:00,16.1067868541,16.1953938722,15.8413596086,16.0575607329,205768
2024-04-29 00:00:00+00:00,16.3332270116,16.3332270116,15.9886441632,16.1363225268,363754
2024-04-30 00:00:00+00:00,15.8606562481,16.2347747692,15.7129778846,16.0280250602,467244
2024-05-01 00:00:00+00:00,15.9984893875,16.2652949643,15.7277457209,15.8606562481,302701
2024-05-02 00:00:00+00:00,16.1363225268,16.2052390965,15.8582933943,15.9197275936,135997
2024-05-03 00:00:00+00:00,16.0674059571,16.308613951,16.0181798359,16.1757034238,372642
2024-05-06 00:00:00+00:00,16.0083346117,16.3921999048,15.978798939,16.2446199934,135459
2024-05-07 00:00:00+00:00,16.1560129753,16.2052390965,15.8212753512,15.9984893875,154552
2024-05-08 00:00:00+00:00,15.7523587815,16.392298357,15.6637517634,16.146167751,246911
2024-05-09 00:00:00+00:00,16.3332270116,16.3676852964,15.7622040058,15.8311205754,415692
2024-05-10 00:00:00+00:00,16.1953938722,16.4612149267,15.978798939,16.3627626843,346202
2024-05-13 00:00:00+00:00,16.1166320783,16.2741556661,15.8901919208,16.1953938722,134479
2024-05-14 00:00:00+00:00,16.3332270116,16.3332270116,15.9689537148,16.1166320783,135070
2024-05-15 00:00:00+00:00,16.5005958236,16.5793576175,16.1953938722,16.3726079085,120075
2024-05-16 00:00:00+00:00,16.4612149267,16.6581194114,16.3529174601,16.5005958236,163504
2024-05-17 00:00:00+00:00,17.0617736052,17.1876940232,16.5892028418,16.5892028418,262952
2024-05-20 00:00:00+00:00,17.2882137627,17.3472851081,16.8845595689,17.0223927083,181071
2024-05-21 00:00:00+00:00,17.5244991444,17.5540348171,17.1503806234,17.3079042112,239369
2024-05-22 00:00:00+00:00,17.0716188295,17.5737252656,17.012547484,17.5244991444,240371
2024-05-23 00:00:00+00:00,16.8648691205,17.1602258476,16.7270359811,17.0223927083,217118
2024-05-24 00:00:00+00:00,17.4358921263,17.4851182475,17.0420831567,17.0420831567,547578
2024-05-28 00:00:00+00:00,17.3177494354,17.8001654231,17.288312215,17.7214036292,268340
2024-05-29 00:00:00+00:00,16.6581194114,17.0223927083,16.6285837387,16.9239404659,410831
2024-05-30 00:00:00+00:00,16.0969416299,16.7368812054,15.9295728178,16.5892028418,380909
2024-05-31 00:00:00+00:00,16.3061526449,16.3950414237,16.0839306979,16.1876342732,380555
2024-06-03 00:00:00+00:00,16.2370169281,16.3332143398,16.1184985563,16.3160291759,208510
2024-06-04 00:00:00+00:00,15.6444250694,16.1086220254,15.387635264,15.9999801846,277305
2024-06-05 00:00:00+00:00,15.6740546623,15.841955689,15.5555362906,15.7036842553,238914
2024-06-06 00:00:00+00:00,15.8617087509,15.9012148748,15.6049189455,15.6740546623,385627
2024-06-07 00:00:00+00:00,14.9431913699,15.4172648569,14.8270433656,15.4172648569,447892
2024-06-10 00:00:00+00:00,15.2493638303,15.2493638303,14.9629444319,14.9826974939,116465
2024-06-11 00:00:00+00:00,15.1308454585,15.1308454585,14.9634382584,15.0913393346,112450
2024-06-12 00:00:00+00:00,15.0419566797,15.367882202,14.9530679009,15.1407219895,249889
2024-06-13 00:00:00+00:00,14.8147964672,15.0715862727,14.7161299228,14.9826974939,211204
2024-06-14 00:00:00+00:00,14.913561777,14.9728209629,14.6567719716,14.8444260602,183620
2024-06-17 00:00:00+00:00,14.893808715,14.913561777,14.6865003298,14.7357842194,161727
2024-06-18 00:00:00+00:00,15.1802281134,15.5061536357,14.8246729982,14.893808715,719845
2024-06-20 00:00:00+00:00,15.1901046444,15.3086230161,15.0814628036,15.2987464852,167321
2024-06-21 00:00:00+00:00,14.8543025911,15.1802281134,14.7565249345,15.1802281134,359050
2024-06-24 00:00:00+00:00,14.9925740248,15.1110923966,14.933314839,14.9530679009,257151
2024-06-25 00:00:00+00:00,14.9826974939,15.0123270868,14.8345495292,14.9728209629,104439
2024-06-26 00:00:00+00:00,15.2493638303,15.34812914,14.9629444319,14.9629444319,158301
2024-06-27 00:00:00+00:00,15.1901046444,15.4567709808,15.1407219895,15.4468944498,171928
2024-06-28 00:00:00+00:00,15.3086230161,15.3826969985,15.0617097417,15.2987464852,137744
2024-07-01 00:00:00+00:00,15.2296107683,15.387635264,15.1012158656,15.358005671,69256
2024-07-02 00:00:00+00:00,15.6246720074,15.6543016004,15.2296107683,15.2296107683,160769
2024-07-03 00:00:00+00:00,16.1777577422,16.3555352998,15.7530669101,15.7925730341,204888
2024-07-05 00:00:00+00:00,15.3975117949,15.9604740607,15.2493638303,15.9308444678,452193
2024-07-08 00:00:00+00:00,15.4567709808,15.5356844633,15.2789934232,15.367882202,464594
2024-07-09 00:00:00+00:00,15.3086230161,15.5110919012,15.2394872993,15.4567709808,286024
2024-07-10 00:00:00+00:00,15.4765240428,15.4962771047,15.358005671,15.4765240428,385931
2024-07-11 00:00:00+00:00,15.8518322199,15.8814618129,15.4765240428,15.6147954765,307215
2024-07-12 00:00:00+00:00,16.25676999,16.3259057069,15.7826965031,15.9012148748,245406
2024-07-15 00:00:00+00:00,15.9012148748,16.3851648927,15.8814618129,16.3851648927,226552
2024-07-16 00:00:00+00:00,16.25676999,16.3851648927,15.9110914058,15.9999801846,494635
2024-07-17 00:00:00+00:00,16.0098567156,16.3654118308,15.802449565,16.2962761139,291817
2024-07-18 00:00:00+00:00,15.802449565,16.0197332466,15.7925730341,16.0098567156,291782
2024-07-19 00:00:00+00:00,15.832079158,15.9110914058,15.4666475118,15.6543016004,129623
2024-07-22 00:00:00+00:00,15.6543016004,15.9655110915,15.4468944498,15.841955689,146790
2024-07-23 00:00:00+00:00,15.358005671,15.5259066977,15.3382526091,15.358005671,205523
2024-07-24 00:00:00+00:00,15.2691168922,15.580227618,15.2592403612,15.4073883259,197948
2024-07-25 00:00:00+00:00,15.1012158656,15.2296107683,14.8246729982,15.0617097417,220337
2024-07-26 00:00:00+00:00,15.1012158656,15.3184995471,15.0320801487,15.3184995471,116907
2024-07-29 00:00:00+00:00,15.2493638303,15.2987464852,15.0419566797,15.1012158656,177765
2024-07-30 00:00:00+00:00,14.9629444319,15.34812914,14.923438308,15.34812914,171974
2024-07-31 00:00:00+00:00,15.2888699542,15.3086230161,15.0222036178,15.1802281134,238940
2024-08-01 00:00:00+00:00,15.0320801487,15.3086230161,14.7654138123,15.2987464852,175200
2024-08-02 00:00:00+00:00,14.8444260602,15.2589440653,14.7555372814,15.1012158656,260099
2024-08-05 00:00:00+00:00,14.6073893167,14.6370189096,13.7678841835,14.2715872634,254198
2024-08-06 00:00:00+00:00,14.449364821,14.4888709449,14.2419576705,14.478994414,218024
2024-08-07 00:00:00+00:00,14.2123280776,14.6765250335,14.024673989,14.5777597237,216690
2024-08-08 00:00:00+00:00,14.7456607504,14.8740556531,14.1086245023,14.2123280776,268456
2024-08-09 00:00:00+00:00,14.8641791221,15.0715862727,14.6073893167,14.6962780955,182361
2024-08-12 00:00:00+00:00,15.5752893525,15.7135607862,15.0024505558,15.0024505558,239467
2024-08-13 00:00:00+00:00,15.387635264,15.6740546623,15.367882202,15.5061536357,164079
2024-08-14 00:00:00+00:00,15.6147954765,15.7036842553,15.1505985205,15.3382526091,220870
2024-08-15 00:00:00+00:00,15.6246720074,15.832079158,15.4962771047,15.802449565,139075
2024-08-16 00:00:00+00:00,15.8814618129,15.9901036536,15.6641781313,15.7036842553,338768
2024-08-19 00:00:00+00:00,16.0296097775,16.1184985563,15.9110914058,15.9110914058,219223
2024-08-20 00:00:00+00:00,16.1283750873,16.3555352998,16.0888689634,16.0888689634,175834
2024-08-21 00:00:00+00:00,16.2370169281,16.276523052,16.0493628395,16.2271403971,153112
2024-08-22 00:00:00+00:00,16.1184985563,16.1975108042,15.8914371092,16.1283750873,153327
2024-08-23 00:00:00+00:00,16.266646521,16.4197327512,16.1431898838,16.2962761139,180838
2024-08-26 00:00:00+00:00,16.3456587688,16.4444240786,16.2073873351,16.4345475476,156509
2024-08-27 00:00:00+00:00,16.3357822379,16.4246710167,16.1184985563,16.3259057069,140946
2024-08-28 00:00:00+00:00,15.7530669101,16.1629429457,15.6049189455,16.1283750873,170153
2024-08-29 00:00:00+00:00,16.0789924324,16.1678812112,15.7629434411,15.7629434411,148481
2024-08-30 00:00:00+00:00,16.2024490697,16.3808246557,15.9943442192,16.093441767,199235
2024-09-03 00:00:00+00:00,15.7267808401,16.0538027479,15.4493077062,16.0438929931,203675
2024-09-04 00:00:00+00:00,15.6475028018,15.915066181,15.5880442731,15.5880442731,171695
2024-09-05 00:00:00+00:00,15.7168710853,15.9051564262,15.687141821,15.8853369166,78357
2024-09-06 00:00:00+00:00,15.2213833462,15.7713747366,15.181744327,15.7466003497,125107
2024-09-09 00:00:00+00:00,15.5979540279,15.6970515757,15.3105711392,15.3105711392,153971
2024-09-10 00:00:00+00:00,15.7664198592,15.8060588783,15.4988564801,15.6177735375,164417
2024-09-11 00:00:00+00:00,15.7366905949,15.7664198592,15.548405254,15.7664198592,168428
2024-09-12 00:00:00+00:00,16.3907344105,16.4898319584,15.7961491236,15.8556076523,176543
2024-09-13 00:00:00+00:00,16.7871246018,16.9060416592,16.460102694,16.460102694,228444
2024-09-16 00:00:00+00:00,16.8961319044,16.915951414,16.7177563184,16.8862221497,251692
2024-09-17 00:00:00+00:00,16.7276660731,17.1141465097,16.7177563184,16.8961319044,277140
2024-09-18 00:00:00+00:00,16.4303734297,17.0497331036,16.4204636749,16.8168538662,327830
2024-09-19 00:00:00+00:00,16.6682075444,16.826763621,16.3411856366,16.7673050923,210399
2024-09-20 00:00:00+00:00,16.6979368088,16.9952294523,16.4402831844,16.8465831305,660320
2024-09-23 00:00:00+00:00,16.5790197514,16.8763123949,16.549290487,16.6979368088,135046
2024-09-24 00:00:00+00:00,17.1736050384,17.2132440575,16.5195612227,16.7871246018,343321
2024-09-25 00:00:00+00:00,17.1042367549,17.2875672184,17.005139207,17.1042367549,156340
2024-09-26 00:00:00+00:00,17.2231538123,17.4114391531,17.0249587166,17.2330635671,200283
2024-09-27 00:00:00+00:00,16.3114563723,17.1537855288,16.2836099613,17.1537855288,244620
2024-09-30 00:00:00+00:00,16.0339832383,16.2123588244,15.8952466714,16.2024490697,245891
2024-10-01 00:00:00+00:00,16.1628100505,16.2718173531,15.9249759357,16.2718173531,139823
2024-10-02 00:00:00+00:00,16.0339832383,16.2718173531,15.9745247097,16.1628100505,139488
2024-10-03 00:00:00+00:00,16.0538027479,16.1033515218,15.7684018102,15.9844344644,227655
2024-10-04 00:00:00+00:00,15.9447954453,16.2024490697,15.7862393688,16.0538027479,122312
2024-10-07 00:00:00+00:00,15.9051564262,16.0339832383,15.8357881427,15.9051564262,132564
2024-10-08 00:00:00+00:00,15.7168710853,15.8357881427,15.5186759896,15.8258783879,224768
2024-10-09 00:00:00+00:00,15.637593047,15.6772320662,15.3799394227,15.5682247636,133705
2024-10-10 00:00:00+00:00,16.1132612766,16.1231710314,15.6078637827,15.7565101044,167517
2024-10-11 00:00:00+00:00,16.2619075983,16.5195612227,16.1231710314,16.1231710314,176828
2024-10-14 00:00:00+00:00,16.3312758818,16.3411856366,16.0637125027,16.1826295601,59512
2024-10-15 00:00:00+00:00,16.3312758818,16.3808246557,16.1330807862,16.1925393149,139015
2024-10-16 00:00:00+00:00,16.4402831844,16.688027054,16.370914901,16.4700124488,150872
2024-10-17 00:00:00+00:00,16.6384782801,16.7970343566,16.5294709775,16.5294709775,133663
2024-10-18 00:00:00+00:00,17.7087317966,17.8871073827,16.7474855827,16.7474855827,384095
2024-10-21 00:00:00+00:00,17.9465659114,18.0753927236,17.6889122871,17.966385421,256925
2024-10-22 00:00:00+00:00,18.5807902175,18.7096170297,18.0753927236,18.0952122331,326115
2024-10-23 00:00:00+00:00,18.194309781,18.4024146314,18.0126639758,18.4024146314,271971
2024-10-24 00:00:00+00:00,18.0952122331,18.3330463479,17.5204464557,18.3330463479,352092
2024-10-25 00:00:00+00:00,18.055573214,18.3370102498,17.9267464018,18.3033170836,378882
2024-10-28 00:00:00+00:00,17.5799049844,18.0753927236,17.4312586627,18.0258439497,498597
2024-10-29 00:00:00+00:00,17.6591830227,17.9961146853,17.5303562105,17.6988220418,229638
2024-10-30 00:00:00+00:00,17.282612341,17.6591830227,16.9258611688,17.599724494,222102
2024-10-31 00:00:00+00:00,16.9952294523,17.3321611149,16.7177563184,17.054687981,984792
2024-11-01 00:00:00+00:00,16.8664026401,17.257837954,16.7970343566,17.054687981,191669
2024-11-04 00:00:00+00:00,16.9853196975,17.0943270001,16.8388535218,16.9357709236,209062
2024-11-05 00:00:00+00:00,17.143875774,17.1736050384,16.8763123949,16.9952294523,175871
2024-11-06 00:00:00+00:00,16.9952294523,17.282612341,16.0339832383,16.6979368088,454430
2024-11-07 00:00:00+00:00,17.2627928314,17.3519806244,16.9309151437,17.3420708697,436492
2024-11-08 00:00:00+00:00,16.8168538662,17.4708976818,16.7078465636,17.2330635671,228731
2024-11-11 00:00:00+00:00,16.1727198053,16.5195612227,15.8853369166,16.3610051462,324267
2024-11-12 00:00:00+00:00,15.915066181,16.2816280104,15.8456978975,15.865517407,324135
2024-11-13 00:00:00+00:00,16.0240734836,16.3114563723,15.8853369166,15.9547052001,518717
2024-11-14 00:00:00+00:00,16.2718173531,16.4997417131,15.8853369166,15.8853369166,676885
2024-11-15 00:00:00+00:00,16.0339832383,16.3510953914,15.865517407,16.2420880888,2736630
2024-11-18 00:00:00+00:00,16.2817271079,16.5294709775,16.142990541,16.3312758818,227921
2024-11-19 00:00:00+00:00,16.4997417131,16.4997417131,16.1132612766,16.3510953914,166669
2024-11-20 00:00:00+00:00,16.460102694,16.6087490157,16.3015466175,16.4006441653,223490
2024-11-21 00:00:00+00:00,16.6186587705,16.6434331575,16.3312758818,16.5096514679,338137
2024-11-22 00:00:00+00:00,16.4898319584,16.7375758279,16.4204636749,16.7375758279,222062
2024-11-25 00:00:00+00:00,16.3312758818,16.4155087975,16.0637125027,16.3312758818,308714
2024-11-26 00:00:00+00:00,16.4303734297,16.5294709775,16.321366127,16.3510953914,210037
2024-11-27 00:00:00+00:00,16.4303734297,16.6285685253,16.3907344105,16.6285685253,94244
2024-11-29 00:00:00+00:00,16.6335234027,16.6534080691,16.4346767392,16.5639270705,177444
2024-12-02 00:00:00+00:00,16.4147920728,16.5639270705,16.3551380738,16.4843884051,149525
2024-12-03 00:00:00+00:00,16.7230044013,16.9304014713,16.59375407,16.6136387363,396068
2024-12-04 00:00:00+00:00,16.6434657359,16.8025430667,16.5838117368,16.6832350686,155279
2024-12-05 00:00:00+00:00,16.59375407,16.7926007335,16.4545614055,16.6136387363,199491
2024-12-06 00:00:00+00:00,16.1761760766,16.5341000709,16.0369834122,16.5341000709,178511
2024-12-09 00:00:00+00:00,16.4645037387,16.9516780643,16.365080407,16.4048497397,281573
2024-12-10 00:00:00+00:00,16.5241577378,16.7528314008,16.4147920728,16.5142154046,280716
2024-12-11 00:00:00+00:00,16.9119087316,16.9119087316,16.5341000709,16.5341000709,268970
2024-12-12 00:00:00+00:00,16.3750227401,16.6434657359,16.3253110743,16.6335234027,192138
2024-12-13 00:00:00+00:00,16.0170987458,16.2954840747,15.7188287505,16.2358300757,350247
2024-12-16 00:00:00+00:00,16.1065797444,16.2755994084,15.9375600804,16.0170987458,332553
2024-12-17 00:00:00+00:00,16.0568680785,16.1562914103,15.9040544176,15.9276177472,256737
2024-12-18 00:00:00+00:00,15.3211354235,16.1264644107,15.3111930904,16.0767527449,368722
2024-12-19 00:00:00+00:00,15.291308424,15.6094630856,15.2316544249,15.4802127543,308224
2024-12-20 00:00:00+00:00,15.1322310932,15.4901550875,15.1024040937,15.2217120918,1701493
2024-12-23 00:00:00+00:00,15.1421734264,15.3936150324,14.9433267629,15.2117697586,518277
2024-12-24 00:00:00+00:00,15.12228876,15.1521157595,14.9572460293,15.0725770941,251239
2024-12-26 00:00:00+00:00,15.12228876,15.2614814245,15.062634761,15.1620580927,135403
2024-12-27 00:00:00+00:00,15.12228876,15.2018274254,14.953269096,15.0825194273,221738
2024-12-30 00:00:00+00:00,14.8538457643,15.0228654283,14.705705,14.953269096,343766
2024-12-31 00:00:00+00:00,14.953269096,14.9930384287,14.4263254377,14.4660947704,341991
2025-01-02 00:00:00+00:00,15.2018274254,15.291308424,15.0228654283,15.0228654283,251121
2025-01-03 00:00:00+00:00,15.0924617605,15.2008331921,14.9632114292,15.1421734264,196166
2025-01-06 00:00:00+00:00,15.12228876,15.3111930904,15.0229648516,15.1620580927,244459
2025-01-07 00:00:00+00:00,15.1720004259,15.5000974207,15.0526924278,15.2316544249,285674
2025-01-08 00:00:00+00:00,15.291308424,15.3211354235,15.0825194273,15.2415967581,221866
2025-01-10 00:00:00+00:00,15.3708470894,15.7287710837,15.3111930904,15.460328088,259669
2025-01-13 00:00:00+00:00,15.1819427591,15.3012507572,15.0129230951,15.2018274254,298766
2025-01-14 00:00:00+00:00,15.5100397539,15.5498090866,15.1521157595,15.1521157595,167879
2025-01-15 00:00:00+00:00,15.460328088,15.7784827496,15.4404434216,15.7784827496,226088
2025-01-16 00:00:00+00:00,15.6591747515,15.8132809157,15.4205587553,15.5299244202,202249
2025-01-17 00:00:00+00:00,15.6691170847,15.7685404164,15.4106164221,15.6392900851,135480
2025-01-21 00:00:00+00:00,16.0170987458,16.0966374112,15.7585980833,15.8480790818,216222
2025-01-22 00:00:00+00:00,15.9375600804,16.1463490771,15.8331655821,16.1065797444,152463
2025-01-23 00:00:00+00:00,15.8381367487,15.9077330809,15.625171972,15.858021415,225069
2025-01-24 00:00:00+00:00,15.858021415,16.1364067439,15.7784827496,15.9574447468,205460
2025-01-27 00:00:00+00:00,15.5398667534,15.7088864174,15.3609047562,15.7088864174,160344
2025-01-28 00:00:00+00:00,15.7287710837,15.8281944155,15.5597514197,15.5597514197,138188
2025-01-29 00:00:00+00:00,15.5696937529,15.8083097491,15.3807894226,15.6591747515,215279
2025-01-30 00:00:00+00:00,16.2060030762,16.3054264079,15.7784827496,15.7784827496,292061
2025-01-31 00:00:00+00:00,15.9375600804,16.255714742,15.8878484145,16.255714742,202756
2025-02-03 00:00:00+00:00,16.0170987458,16.1264644107,15.7685404164,15.8878484145,265984
2025-02-04 00:00:00+00:00,16.3054264079,16.4048497397,16.0668104117,16.1065797444,178651
2025-02-05 00:00:00+00:00,16.7329467345,16.8820817321,16.3352534074,16.3352534074,227598
2025-02-06 00:00:00+00:00,16.7130620681,16.8721393989,16.5241577378,16.7329467345,179032
2025-02-07 00:00:00+00:00,16.3153687411,16.9218510648,16.2795763416,16.7329467345,360107
2025-02-10 00:00:00+00:00,16.7727160672,16.9715627307,16.59375407,16.6335234027,412510
2025-02-11 00:00:00+00:00,16.7329467345,16.9019663984,16.509244238,16.8423123994,215551
2025-02-12 00:00:00+00:00,17.2002363937,17.3096020586,16.6633504022,16.6633504022,311630
2025-02-13 00:00:00+00:00,17.329486725,17.3791983909,17.0610437292,17.1803517274,266033
2025-02-14 00:00:00+00:00,17.0511013961,17.329486725,16.9665915641,17.329486725,224215
2025-02-18 00:00:00+00:00,17.2002363937,17.4587370563,17.1306400615,17.4587370563,496186
2025-02-19 00:00:00+00:00,17.2002363937,17.2002363937,16.8621970657,17.2002363937,173384
2025-02-20 00:00:00+00:00,16.4147920728,17.2002363937,16.365080407,17.1206977283,392650
2025-02-21 00:00:00+00:00,16.7130620681,16.8621970657,16.1662337434,16.4645037387,545648
2025-02-24 00:00:00+00:00,17.3493713913,17.4186694536,16.6018073599,16.9019663984,476149
2025-02-25 00:00:00+00:00,17.1505247278,17.2817635257,16.762773734,17.2002363937,325353
2025-02-26 00:00:00+00:00,17.1902940605,17.2598903928,16.9715627307,17.0709860624,241170
2025-02-27 00:00:00+00:00,16.5639270705,17.0809283956,16.5539847373,16.9815050638,274142
2025-02-28 00:00:00+00:00,16.4048497397,16.6534080691,16.3054264079,16.3849650733,498729
2025-03-03 00:00:00+00:00,16.7180332347,17.0671568404,16.5883587526,16.6881083542,579090
2025-03-04 00:00:00+00:00,16.9574322786,17.1469565217,16.4986838607,16.857682677,299948
2025-03-05 00:00:00+00:00,17.6556794901,17.6756294104,17.0571818803,17.0671568404,317891
2025-03-06 00:00:00+00:00,17.5060550876,17.7554290917,17.2965809242,17.5359799681,202977
2025-03-07 00:00:00+00:00,17.5359799681,17.954928295,17.2576785796,17.4861051673,171367
2025-03-10 00:00:00+00:00,17.3664056453,17.5968272251,17.2167812429,17.3763806055,197818
2025-03-11 00:00:00+00:00,18.1045526975,18.2043022991,17.4861051673,17.4861051673,417232
2025-03-12 00:00:00+00:00,18.1444525381,18.2940769406,17.8751286137,17.9748782153,193227
2025-03-13 00:00:00+00:00,18.6731254268,18.7629000683,18.2043022991,18.2043022991,270881
2025-03-14 00:00:00+00:00,18.8825995903,19.0022991122,18.6681379467,18.7728750285,252649
2025-03-17 00:00:00+00:00,18.8925745504,19.1848408832,18.5833507853,18.9823491919,430520
2025-03-18 00:00:00+00:00,19.1419485545,19.4312223993,18.9524243114,19.1020487139,274161
2025-03-19 00:00:00+00:00,19.2017983155,19.3414477578,18.8027999089,19.0621488732,207655
2025-03-20 00:00:00+00:00,19.2017983155,19.291572957,18.8925745504,18.9224994309,204905
2025-03-21 00:00:00+00:00,19.0820987935,19.1818483952,18.9025495106,19.0820987935,329860
2025-03-24 00:00:00+00:00,19.2516731163,19.4511723196,19.0322239927,19.0820987935,208272
2025-03-25 00:00:00+00:00,19.3913225586,19.779348509,19.3613976781,19.4012975188,147776
2025-03-26 00:00:00+00:00,19.171873435,19.5110220806,19.1020487139,19.4012975188,143072
2025-03-27 00:00:00+00:00,19.6706214432,19.7404461644,19.1868358753,19.3314727976,188326
2025-03-28 00:00:00+00:00,19.3414477578,19.8501707262,19.2516731163,19.6905713635,192511
2025-03-31 00:00:00+00:00,19.1020487139,19.5309720009,18.8426997496,19.4312223993,306594
2025-04-01 00:00:00+00:00,19.231723196,19.2616480765,18.8726246301,19.2416981562,219562
2025-04-02 00:00:00+00:00,19.3913225586,19.4711222399,18.8626496699,19.1419485545,247633
2025-04-03 00:00:00+00:00,19.7404461644,19.8002959253,18.4875911678,18.7329751878,486950
2025-04-04 00:00:00+00:00,18.4137764626,19.5708718416,18.3439517414,19.2217482358,581403
2025-04-07 00:00:00+00:00,18.2940769406,18.8526747098,17.6756294104,17.8152788527,351825
2025-04-08 00:00:00+00:00,18.3040519008,19.1519235147,18.1644024585,19.1519235147,282179
2025-04-09 00:00:00+00:00,19.8202458457,20.1394445709,18.9524243114,18.9524243114,709794
2025-04-10 00:00:00+00:00,20.5583928978,20.9572915547,19.8501707262,19.9299704075,594893
2025-04-11 00:00:00+00:00,21.3863145914,21.5957887548,21.057140906,21.2466651491,545651
2025-04-14 00:00:00+00:00,21.545913954,21.7454131573,20.8576417027,20.9075165035,363067
2025-04-15 00:00:00+00:00,21.6356885955,21.8451627589,21.446264102,21.725463237,369851
2025-04-16 00:00:00+00:00,22.0047621216,22.4037605281,21.8351877988,22.2840610061,247294
2025-04-17 00:00:00+00:00,21.9449123606,21.9449123606,21.5663626224,21.785312998,402784
2025-04-21 00:00:00+00:00,22.2042613248,22.9025085363,21.7065108127,22.5334350102,375883
2025-04-22 00:00:00+00:00,22.0247120419,22.4835602094,21.9947871614,22.2042613248,566150
2025-04-23 00:00:00+00:00,21.1369405873,21.3713521511,20.8676166629,21.2267152288,865648
2025-04-24 00:00:00+00:00,21.2466651491,21.545913954,20.9673662645,21.5060141134,566792
2025-04-25 00:00:00+00:00,20.7179922604,21.1269656271,20.6381925791,20.8576417027,405719
2025-04-28 00:00:00+00:00,20.5284680173,20.6681174596,20.2592438425,20.6681174596,506775
2025-04-29 00:00:00+00:00,20.2092692921,20.568367858,20.1494195311,20.4985431368,536269
2025-04-30 00:00:00+00:00,20.7379421807,20.7379421807,19.8202458457,19.9499203278,330218
2025-05-01 00:00:00+00:00,20.5982927384,20.6780924198,20.2890689734,20.2890689734,441229
2025-05-02 00:00:00+00:00,20.8875665832,21.116990667,20.5484179376,20.997291145,644463
2025-05-05 00:00:00+00:00,21.5658638743,21.6356885955,21.1469155475,21.545913954,488143
2025-05-06 00:00:00+00:00,21.9947871614,22.154386524,21.7354381971,21.9449123606,404995
2025-05-07 00:00:00+00:00,21.8451627589,22.0446619622,21.605763715,21.9149874801,546858
2025-05-08 00:00:00+00:00,21.4162394719,21.944812611,21.4162394719,21.8850625996,742850
2025-05-09 00:00:00+00:00,22.0147370817,22.0147370817,21.5159890735,21.6955383565,498607
2025-05-12 00:00:00+00:00,20.0396949693,21.2117527885,19.959895288,21.1668654678,762311
2025-05-13 00:00:00+00:00,19.9100204871,20.0696198498,19.6973543364,19.9898201684,473177
2025-05-14 00:00:00+00:00,19.6007967221,19.8102708855,19.3115228773,19.7005463237,541611
2025-05-15 00:00:00+00:00,19.8800956066,19.8900705668,19.4810972001,19.720496244,520715
2025-05-16 00:00:00+00:00,19.840195766,19.8701206465,19.3613976781,19.4910721603,2898137
2025-05-19 00:00:00+00:00,20.2890689734,20.2890689734,19.9997951286,19.9997951286,340078
2025-05-20 00:00:00+00:00,20.7578921011,20.7778420214,20.2193440018,20.2790940132,383877
2025-05-21 00:00:00+00:00,21.2666150694,21.363372183,20.8476667425,20.8476667425,318040
2025-05-22 00:00:00+00:00,21.0770908263,21.2466651491,20.9673662645,21.2466651491,638514
2025-05-23 00:00:00+00:00,21.725463237,21.7952879581,21.3563897109,21.4461643524,612376
2025-05-27 00:00:00+00:00,21.5060141134,21.9449123606,21.4960391532,21.5758388345,458072
2025-05-28 00:00:00+00:00,21.7553881175,21.8451627589,21.3962895516,21.5957887548,263576
2025-05-29 00:00:00+00:00,21.6855633963,21.9249624402,21.5658638743,21.9149874801,269346
2025-05-30 00:00:00+00:00,21.91,21.92,21.54,21.65,1240915
2025-06-02 00:00:00+00:00,23.04,23.26,22.41,22.41,526664
2025-06-03 00:00:00+00:00,23.89,23.93,22.8239,23.3,926148
2025-06-04 00:00:00+00:00,24.44,24.5738,23.95,24.0,515578
2025-06-05 00:00:00+00:00,24.73,25.36,24.55,25.13,491699
2025-06-06 00:00:00+00:00,23.93,24.75,23.91,24.7,445926
2025-06-09 00:00:00+00:00,24.24,24.35,23.9,24.12,472645
2025-06-10 00:00:00+00:00,23.83,24.3,23.65,24.19,389510
2025-06-11 00:00:00+00:00,24.08,24.18,23.73,23.83,292622
2025-06-12 00:00:00+00:00,24.49,24.7299,24.38,24.42,241758
2025-06-13 00:00:00+00:00,25.13,25.45,24.66,24.66,560397
2025-06-16 00:00:00+00:00,24.53,25.15,24.4303,25.15,418300
2025-06-17 00:00:00+00:00,24.54,24.64,24.26,24.59,261684
2025-06-18 00:00:00+00:00,24.56,24.83,24.2585,24.4,541785
2025-06-20 00:00:00+00:00,24.7,24.92,24.3,24.515,680037
2025-06-23 00:00:00+00:00,24.96,25.41,24.72,24.72,342774
2025-06-24 00:00:00+00:00,24.28,24.56,23.87,24.53,358344
2025-06-25 00:00:00+00:00,23.75,24.25,23.675,24.15,732602
2025-06-26 00:00:00+00:00,23.83,24.1,23.66,23.9,311516
2025-06-27 00:00:00+00:00,23.08,23.54,22.82,23.5,592459
2025-06-30 00:00:00+00:00,23.69,23.785,23.08,23.11,407937
2025-07-01 00:00:00+00:00,23.64,24.14,23.54,23.98,398405
2025-07-02 00:00:00+00:00,23.88,24.01,23.58,23.72,559246
2025-07-03 00:00:00+00:00,24.17,24.17,23.75,23.88,236651
