date,Open,High,Low,Close,Volume
2025-04-04 14:00:00+00:00,1.405,1.405,1.33,1.335,200.0
2025-04-04 15:00:00+00:00,1.335,1.39,1.335,1.355,200.0
2025-04-04 16:00:00+00:00,1.355,1.38,1.35,1.355,489.0
2025-04-04 17:00:00+00:00,1.355,1.455,1.355,1.41,19772.0
2025-04-04 18:00:00+00:00,1.425,1.435,1.35,1.385,11940.0
2025-04-04 19:00:00+00:00,1.385,1.465,1.385,1.43,2208.0
2025-04-07 14:00:00+00:00,1.37,1.515,1.37,1.395,523.0
2025-04-07 15:00:00+00:00,1.395,1.395,1.31,1.35,452.0
2025-04-07 16:00:00+00:00,1.35,1.35,1.32,1.33,2.0
2025-04-07 17:00:00+00:00,1.33,1.35,1.33,1.345,273.0
2025-04-07 18:00:00+00:00,1.345,1.35,1.305,1.35,7569.0
2025-04-07 19:00:00+00:00,1.35,1.38,1.32,1.335,32306.0
2025-04-08 14:00:00+00:00,1.385,1.385,1.305,1.305,1736.0
2025-04-08 15:00:00+00:00,1.295,1.305,1.27,1.285,0.0
2025-04-08 16:00:00+00:00,1.285,1.285,1.245,1.245,500.0
2025-04-08 17:00:00+00:00,1.245,1.245,1.22,1.245,1700.0
2025-04-08 18:00:00+00:00,1.245,1.26,1.235,1.235,400.0
2025-04-08 19:00:00+00:00,1.235,1.235,1.19,1.195,2156.0
2025-04-09 14:00:00+00:00,1.24,1.24,1.185,1.19,800.0
2025-04-09 15:00:00+00:00,1.19,1.215,1.175,1.195,1200.0
2025-04-09 16:00:00+00:00,1.195,1.2,1.16,1.195,1743.0
2025-04-09 17:00:00+00:00,1.195,1.275,1.195,1.275,756.0
2025-04-09 18:00:00+00:00,1.275,1.315,1.275,1.285,500.0
2025-04-09 19:00:00+00:00,1.285,1.34,1.285,1.295,1621.0
2025-04-10 14:00:00+00:00,1.295,1.34,1.285,1.34,100.0
2025-04-10 15:00:00+00:00,1.34,1.35,1.29,1.29,200.0
2025-04-10 16:00:00+00:00,1.29,1.33,1.29,1.32,100.0
2025-04-10 17:00:00+00:00,1.32,1.345,1.3,1.335,0.0
2025-04-10 18:00:00+00:00,1.34,1.355,1.32,1.335,600.0
2025-04-10 19:00:00+00:00,1.335,1.36,1.31,1.325,600.0
2025-04-11 14:00:00+00:00,1.425,1.425,1.37,1.39,2378.0
2025-04-11 15:00:00+00:00,1.4,1.45,1.395,1.45,400.0
2025-04-11 16:00:00+00:00,1.45,1.5,1.445,1.49,600.0
2025-04-11 17:00:00+00:00,1.49,1.495,1.44,1.465,1783.0
2025-04-11 18:00:00+00:00,1.47,1.5,1.46,1.475,300.0
2025-04-11 19:00:00+00:00,1.475,1.5,1.475,1.475,2010.0
2025-04-14 14:00:00+00:00,1.58,1.595,1.52,1.545,1528.0
2025-04-14 15:00:00+00:00,1.545,1.545,1.485,1.495,601.0
2025-04-14 16:00:00+00:00,1.49,1.505,1.485,1.495,200.0
2025-04-14 17:00:00+00:00,1.495,1.5,1.485,1.495,0.0
2025-04-14 18:00:00+00:00,1.495,1.495,1.47,1.47,300.0
2025-04-14 19:00:00+00:00,1.47,1.485,1.47,1.475,489.0
2025-04-15 14:00:00+00:00,1.455,1.47,1.43,1.45,100.0
2025-04-15 15:00:00+00:00,1.45,1.485,1.45,1.485,0.0
2025-04-15 16:00:00+00:00,1.485,1.49,1.47,1.475,400.0
2025-04-15 17:00:00+00:00,1.475,1.48,1.46,1.465,0.0
2025-04-15 18:00:00+00:00,1.465,1.465,1.44,1.445,100.0
2025-04-15 19:00:00+00:00,1.445,1.45,1.43,1.445,1543.0
2025-04-16 14:00:00+00:00,1.435,1.49,1.435,1.49,5300.0
2025-04-16 15:00:00+00:00,1.49,1.53,1.48,1.505,2299.0
2025-04-16 16:00:00+00:00,1.505,1.56,1.505,1.53,803.0
2025-04-16 17:00:00+00:00,1.53,1.545,1.51,1.515,1700.0
2025-04-16 18:00:00+00:00,1.515,1.565,1.495,1.565,3452.0
2025-04-16 19:00:00+00:00,1.56,1.58,1.555,1.58,1986.0
2025-04-17 14:00:00+00:00,1.53,1.535,1.465,1.465,0.0
2025-04-17 15:00:00+00:00,1.465,1.48,1.465,1.465,300.0
2025-04-17 16:00:00+00:00,1.465,1.475,1.455,1.455,1400.0
2025-04-17 17:00:00+00:00,1.455,1.465,1.44,1.465,100.0
2025-04-17 18:00:00+00:00,1.46,1.465,1.445,1.455,400.0
2025-04-17 19:00:00+00:00,1.455,1.47,1.39,1.42,7585.0
2025-04-18 14:00:00+00:00,1.42,1.42,1.42,1.42,0.0
2025-04-18 15:00:00+00:00,1.42,1.42,1.42,1.42,0.0
2025-04-18 16:00:00+00:00,1.42,1.42,1.42,1.42,0.0
2025-04-18 17:00:00+00:00,1.42,1.42,1.42,1.42,0.0
2025-04-18 18:00:00+00:00,1.42,1.42,1.42,1.42,0.0
2025-04-18 19:00:00+00:00,1.42,1.42,1.42,1.42,0.0
2025-04-21 14:00:00+00:00,1.395,1.41,1.385,1.385,0.0
2025-04-21 15:00:00+00:00,1.385,1.385,1.33,1.335,720.0
2025-04-21 16:00:00+00:00,1.335,1.34,1.33,1.335,0.0
2025-04-21 17:00:00+00:00,1.335,1.335,1.3,1.31,992.0
2025-04-21 18:00:00+00:00,1.31,1.35,1.31,1.345,200.0
2025-04-21 19:00:00+00:00,1.34,1.345,1.31,1.325,0.0
2025-04-22 14:00:00+00:00,1.35,1.35,1.33,1.33,203.0
2025-04-22 15:00:00+00:00,1.345,1.345,1.33,1.345,200.0
2025-04-22 16:00:00+00:00,1.345,1.35,1.335,1.335,1084.0
2025-04-22 17:00:00+00:00,1.335,1.335,1.315,1.315,100.0
2025-04-22 18:00:00+00:00,1.315,1.32,1.315,1.315,0.0
2025-04-22 19:00:00+00:00,1.315,1.32,1.3,1.31,303.0
2025-04-23 14:00:00+00:00,1.355,1.36,1.35,1.35,200.0
2025-04-23 15:00:00+00:00,1.35,1.35,1.345,1.35,100.0
2025-04-23 16:00:00+00:00,1.35,1.36,1.34,1.355,887.0
2025-04-23 17:00:00+00:00,1.355,1.36,1.34,1.355,0.0
2025-04-23 18:00:00+00:00,1.35,1.365,1.35,1.35,380.0
2025-04-23 19:00:00+00:00,1.355,1.46,1.34,1.355,13198.0
2025-04-24 14:00:00+00:00,1.525,1.685,1.525,1.685,2502.0
2025-04-24 15:00:00+00:00,1.685,1.725,1.62,1.695,757.0
2025-04-24 16:00:00+00:00,1.705,1.725,1.665,1.675,1615.0
2025-04-24 17:00:00+00:00,1.675,1.68,1.64,1.675,2599.0
2025-04-24 18:00:00+00:00,1.675,1.695,1.65,1.665,1344.0
2025-04-24 19:00:00+00:00,1.665,1.68,1.645,1.645,13770.0
2025-04-25 14:00:00+00:00,1.67,1.715,1.64,1.645,1855.0
2025-04-25 15:00:00+00:00,1.645,1.675,1.64,1.655,5455.0
2025-04-25 16:00:00+00:00,1.65,1.695,1.65,1.665,2629.0
2025-04-25 17:00:00+00:00,1.665,1.705,1.645,1.645,3135.0
2025-04-25 18:00:00+00:00,1.645,1.71,1.645,1.685,1032.0
2025-04-25 19:00:00+00:00,1.685,1.705,1.665,1.68,3164.0
2025-04-28 14:00:00+00:00,1.69,1.725,1.68,1.71,249.0
2025-04-28 15:00:00+00:00,1.715,1.725,1.685,1.715,600.0
2025-04-28 16:00:00+00:00,1.715,1.72,1.705,1.705,824.0
2025-04-28 17:00:00+00:00,1.705,1.715,1.695,1.705,610.0
2025-04-28 18:00:00+00:00,1.705,1.705,1.695,1.705,1200.0
2025-04-28 19:00:00+00:00,1.705,1.715,1.685,1.695,12012.0
2025-04-29 14:00:00+00:00,1.68,1.695,1.65,1.68,338.0
2025-04-29 15:00:00+00:00,1.68,1.7,1.665,1.685,1468.0
2025-04-29 16:00:00+00:00,1.685,1.69,1.67,1.675,800.0
2025-04-29 17:00:00+00:00,1.675,1.685,1.675,1.685,500.0
2025-04-29 18:00:00+00:00,1.685,1.69,1.67,1.67,878.0
2025-04-29 19:00:00+00:00,1.67,1.675,1.66,1.665,4263.0
2025-04-30 14:00:00+00:00,1.62,1.64,1.62,1.635,1000.0
2025-04-30 15:00:00+00:00,1.635,1.67,1.625,1.63,1001.0
2025-04-30 16:00:00+00:00,1.63,1.665,1.625,1.665,501.0
2025-04-30 17:00:00+00:00,1.665,1.695,1.66,1.695,1002.0
2025-04-30 18:00:00+00:00,1.69,1.7,1.67,1.68,401.0
2025-04-30 19:00:00+00:00,1.69,1.715,1.685,1.705,4248.0
2025-05-01 14:00:00+00:00,1.705,1.705,1.67,1.685,900.0
2025-05-01 15:00:00+00:00,1.685,1.69,1.61,1.61,600.0
2025-05-01 16:00:00+00:00,1.61,1.62,1.58,1.61,500.0
2025-05-01 17:00:00+00:00,1.61,1.62,1.6,1.6,200.0
2025-05-01 18:00:00+00:00,1.6,1.62,1.595,1.62,100.0
2025-05-01 19:00:00+00:00,1.615,1.63,1.6,1.615,434.0
2025-05-02 14:00:00+00:00,1.655,1.66,1.63,1.66,200.0
2025-05-02 15:00:00+00:00,1.66,1.665,1.645,1.66,1200.0
2025-05-02 16:00:00+00:00,1.655,1.675,1.655,1.665,100.0
2025-05-02 17:00:00+00:00,1.665,1.665,1.655,1.655,300.0
2025-05-02 18:00:00+00:00,1.66,1.66,1.645,1.655,200.0
2025-05-02 19:00:00+00:00,1.655,1.66,1.645,1.655,1030.0
2025-05-05 14:00:00+00:00,1.64,1.65,1.63,1.63,1100.0
2025-05-05 15:00:00+00:00,1.635,1.655,1.63,1.645,0.0
2025-05-05 16:00:00+00:00,1.645,1.645,1.63,1.63,200.0
2025-05-05 17:00:00+00:00,1.63,1.645,1.63,1.635,100.0
2025-05-05 18:00:00+00:00,1.635,1.635,1.615,1.615,109.0
2025-05-05 19:00:00+00:00,1.615,1.645,1.615,1.635,561.0
2025-05-06 14:00:00+00:00,1.635,1.635,1.605,1.62,301.0
2025-05-06 15:00:00+00:00,1.615,1.655,1.61,1.655,2207.0
2025-05-06 16:00:00+00:00,1.655,1.665,1.65,1.65,0.0
2025-05-06 17:00:00+00:00,1.65,1.655,1.635,1.635,446.0
2025-05-06 18:00:00+00:00,1.635,1.635,1.615,1.625,96.0
2025-05-06 19:00:00+00:00,1.625,1.66,1.625,1.64,2839.0
2025-05-07 14:00:00+00:00,1.64,1.64,1.62,1.62,40.0
2025-05-07 15:00:00+00:00,1.625,1.64,1.62,1.62,804.0
2025-05-07 16:00:00+00:00,1.62,1.625,1.605,1.61,560.0
2025-05-07 17:00:00+00:00,1.61,1.615,1.6,1.605,1700.0
2025-05-07 18:00:00+00:00,1.605,1.62,1.6,1.615,287.0
2025-05-07 19:00:00+00:00,1.615,1.625,1.61,1.61,1060.0
2025-05-08 14:00:00+00:00,1.62,1.62,1.605,1.605,0.0
2025-05-08 15:00:00+00:00,1.605,1.645,1.605,1.64,100.0
2025-05-08 16:00:00+00:00,1.64,1.655,1.63,1.63,1000.0
2025-05-08 17:00:00+00:00,1.63,1.63,1.62,1.625,78.0
2025-05-08 18:00:00+00:00,1.625,1.635,1.625,1.635,100.0
2025-05-08 19:00:00+00:00,1.635,1.635,1.61,1.62,1080.0
2025-05-09 14:00:00+00:00,1.625,1.63,1.605,1.605,707.0
2025-05-09 15:00:00+00:00,1.605,1.625,1.605,1.615,608.0
2025-05-09 16:00:00+00:00,1.615,1.62,1.61,1.61,316.0
2025-05-09 17:00:00+00:00,1.615,1.62,1.6,1.605,907.0
2025-05-09 18:00:00+00:00,1.605,1.605,1.585,1.585,1200.0
2025-05-09 19:00:00+00:00,1.585,1.59,1.565,1.58,3130.0
2025-05-12 14:00:00+00:00,1.53,1.545,1.485,1.49,1076.0
2025-05-12 15:00:00+00:00,1.49,1.505,1.48,1.485,1479.0
2025-05-12 16:00:00+00:00,1.485,1.485,1.44,1.445,1672.0
2025-05-12 17:00:00+00:00,1.445,1.445,1.43,1.43,130.0
2025-05-12 18:00:00+00:00,1.43,1.435,1.415,1.415,566.0
2025-05-12 19:00:00+00:00,1.415,1.425,1.405,1.415,1455.0
2025-05-13 14:00:00+00:00,1.435,1.44,1.415,1.415,350.0
2025-05-13 15:00:00+00:00,1.415,1.415,1.38,1.38,500.0
2025-05-13 16:00:00+00:00,1.38,1.4,1.38,1.395,1381.0
2025-05-13 17:00:00+00:00,1.395,1.4,1.385,1.39,100.0
2025-05-13 18:00:00+00:00,1.39,1.395,1.39,1.39,1067.0
2025-05-13 19:00:00+00:00,1.39,1.395,1.36,1.36,2359.0
2025-05-14 14:00:00+00:00,1.355,1.38,1.31,1.31,3339.0
2025-05-14 15:00:00+00:00,1.31,1.315,1.285,1.295,3928.0
2025-05-14 16:00:00+00:00,1.295,1.315,1.28,1.29,6465.0
2025-05-14 17:00:00+00:00,1.29,1.32,1.285,1.32,6079.0
2025-05-14 18:00:00+00:00,1.32,1.32,1.295,1.315,4455.0
2025-05-14 19:00:00+00:00,1.315,1.345,1.3,1.325,10745.0
2025-05-15 14:00:00+00:00,1.295,1.31,1.265,1.27,4861.0
2025-05-15 15:00:00+00:00,1.27,1.28,1.26,1.27,2072.0
2025-05-15 16:00:00+00:00,1.27,1.275,1.23,1.235,2508.0
2025-05-15 17:00:00+00:00,1.23,1.24,1.22,1.23,2513.0
2025-05-15 18:00:00+00:00,1.235,1.245,1.225,1.235,3503.0
2025-05-15 19:00:00+00:00,1.235,1.235,1.215,1.22,9058.0
2025-05-16 14:00:00+00:00,1.255,1.255,1.215,1.215,600.0
2025-05-16 15:00:00+00:00,1.215,1.215,1.205,1.205,1001.0
2025-05-16 16:00:00+00:00,1.205,1.205,1.2,1.205,312.0
2025-05-16 17:00:00+00:00,1.205,1.21,1.2,1.2,900.0
2025-05-16 18:00:00+00:00,1.2,1.205,1.195,1.195,0.0
2025-05-16 19:00:00+00:00,1.195,1.195,1.125,1.185,26407.0
2025-05-19 14:00:00+00:00,1.15,1.195,1.15,1.195,1047.0
2025-05-19 15:00:00+00:00,1.195,1.24,1.195,1.235,900.0
2025-05-19 16:00:00+00:00,1.24,1.285,1.24,1.275,1500.0
2025-05-19 17:00:00+00:00,1.275,1.275,1.255,1.27,500.0
2025-05-19 18:00:00+00:00,1.27,1.335,1.27,1.33,2582.0
2025-05-19 19:00:00+00:00,1.33,1.385,1.25,1.325,16265.0
2025-05-20 14:00:00+00:00,1.265,1.28,1.22,1.235,800.0
2025-05-20 15:00:00+00:00,1.235,1.265,1.23,1.245,1868.0
2025-05-20 16:00:00+00:00,1.245,1.255,1.245,1.245,0.0
2025-05-20 17:00:00+00:00,1.25,1.285,1.25,1.275,50.0
2025-05-20 18:00:00+00:00,1.275,1.29,1.26,1.275,1800.0
2025-05-20 19:00:00+00:00,1.285,1.3,1.27,1.285,420.0
2025-05-21 14:00:00+00:00,1.31,1.32,1.28,1.29,325.0
2025-05-21 15:00:00+00:00,1.29,1.305,1.29,1.3,750.0
2025-05-21 16:00:00+00:00,1.295,1.3,1.285,1.29,300.0
2025-05-21 17:00:00+00:00,1.29,1.295,1.26,1.26,100.0
2025-05-21 18:00:00+00:00,1.26,1.275,1.26,1.27,0.0
2025-05-21 19:00:00+00:00,1.265,1.27,1.26,1.265,0.0
2025-05-22 14:00:00+00:00,1.26,1.26,1.24,1.245,700.0
2025-05-22 15:00:00+00:00,1.245,1.275,1.245,1.255,600.0
2025-05-22 16:00:00+00:00,1.255,1.265,1.255,1.26,400.0
2025-05-22 17:00:00+00:00,1.26,1.26,1.255,1.255,100.0
2025-05-22 18:00:00+00:00,1.255,1.26,1.24,1.245,0.0
2025-05-22 19:00:00+00:00,1.245,1.265,1.245,1.26,459.0
2025-05-23 14:00:00+00:00,1.255,1.285,1.255,1.28,6.0
2025-05-23 15:00:00+00:00,1.28,1.28,1.255,1.255,1700.0
2025-05-23 16:00:00+00:00,1.255,1.27,1.255,1.255,700.0
2025-05-23 17:00:00+00:00,1.255,1.265,1.255,1.26,0.0
2025-05-23 18:00:00+00:00,1.26,1.26,1.25,1.255,125.0
2025-05-23 19:00:00+00:00,1.255,1.26,1.24,1.26,300.0
2025-05-26 14:00:00+00:00,1.26,1.26,1.26,1.26,0.0
2025-05-26 15:00:00+00:00,1.26,1.26,1.26,1.26,0.0
2025-05-26 16:00:00+00:00,1.26,1.26,1.26,1.26,0.0
2025-05-26 17:00:00+00:00,1.26,1.26,1.26,1.26,0.0
2025-05-26 18:00:00+00:00,1.26,1.26,1.26,1.26,0.0
2025-05-26 19:00:00+00:00,1.26,1.26,1.26,1.26,0.0
2025-05-27 14:00:00+00:00,1.255,1.265,1.25,1.265,412.0
2025-05-27 15:00:00+00:00,1.265,1.31,1.265,1.305,1801.0
2025-05-27 16:00:00+00:00,1.305,1.325,1.29,1.325,2400.0
2025-05-27 17:00:00+00:00,1.325,1.325,1.295,1.315,1900.0
2025-05-27 18:00:00+00:00,1.315,1.315,1.29,1.305,922.0
2025-05-27 19:00:00+00:00,1.305,1.345,1.305,1.34,5487.0
2025-05-28 14:00:00+00:00,1.305,1.305,1.3,1.305,100.0
2025-05-28 15:00:00+00:00,1.305,1.315,1.305,1.315,0.0
2025-05-28 16:00:00+00:00,1.315,1.315,1.305,1.305,0.0
2025-05-28 17:00:00+00:00,1.305,1.305,1.305,1.305,0.0
2025-05-28 18:00:00+00:00,1.305,1.305,1.275,1.28,1100.0
2025-05-28 19:00:00+00:00,1.28,1.29,1.265,1.265,1538.0
2025-05-29 14:00:00+00:00,1.28,1.28,1.255,1.265,200.0
2025-05-29 15:00:00+00:00,1.265,1.28,1.265,1.275,0.0
2025-05-29 16:00:00+00:00,1.275,1.28,1.275,1.275,0.0
2025-05-29 17:00:00+00:00,1.275,1.275,1.25,1.255,600.0
2025-05-29 18:00:00+00:00,1.26,1.26,1.225,1.235,1400.0
2025-05-29 19:00:00+00:00,1.225,1.26,1.22,1.22,4912.0
2025-05-30 14:00:00+00:00,1.225,1.24,1.225,1.225,42.0
2025-05-30 15:00:00+00:00,1.225,1.23,1.22,1.225,167.0
2025-05-30 16:00:00+00:00,1.225,1.23,1.17,1.175,200.0
2025-05-30 17:00:00+00:00,1.175,1.2,1.175,1.195,100.0
2025-05-30 18:00:00+00:00,1.195,1.21,1.195,1.205,200.0
2025-05-30 19:00:00+00:00,1.205,1.21,1.18,1.185,1341.0
2025-06-02 14:00:00+00:00,1.255,1.29,1.225,1.245,1497.0
2025-06-02 15:00:00+00:00,1.245,1.26,1.24,1.245,0.0
2025-06-02 16:00:00+00:00,1.245,1.255,1.235,1.235,500.0
2025-06-02 17:00:00+00:00,1.235,1.24,1.22,1.235,0.0
2025-06-02 18:00:00+00:00,1.235,1.235,1.22,1.235,0.0
2025-06-02 19:00:00+00:00,1.235,1.235,1.205,1.215,2734.0
2025-06-03 14:00:00+00:00,1.235,1.275,1.235,1.245,3648.0
2025-06-03 15:00:00+00:00,1.245,1.26,1.235,1.235,2266.0
2025-06-03 16:00:00+00:00,1.235,1.235,1.205,1.215,1262.0
2025-06-03 17:00:00+00:00,1.215,1.225,1.21,1.225,600.0
2025-06-03 18:00:00+00:00,1.225,1.23,1.205,1.225,735.0
2025-06-03 19:00:00+00:00,1.225,1.28,1.225,1.28,4371.0
2025-06-04 14:00:00+00:00,1.295,1.3,1.27,1.285,800.0
2025-06-04 15:00:00+00:00,1.285,1.285,1.28,1.285,0.0
2025-06-04 16:00:00+00:00,1.285,1.295,1.28,1.28,1000.0
2025-06-04 17:00:00+00:00,1.28,1.29,1.275,1.285,100.0
2025-06-04 18:00:00+00:00,1.28,1.285,1.275,1.275,0.0
2025-06-04 19:00:00+00:00,1.275,1.295,1.275,1.29,905.0
2025-06-05 14:00:00+00:00,1.335,1.35,1.325,1.325,721.0
2025-06-05 15:00:00+00:00,1.325,1.34,1.3,1.305,329.0
2025-06-05 16:00:00+00:00,1.31,1.31,1.3,1.31,150.0
2025-06-05 17:00:00+00:00,1.31,1.33,1.31,1.325,42.0
2025-06-05 18:00:00+00:00,1.325,1.325,1.31,1.32,200.0
2025-06-05 19:00:00+00:00,1.32,1.32,1.3,1.305,2214.0
2025-06-06 14:00:00+00:00,1.325,1.33,1.3,1.315,888.0
2025-06-06 15:00:00+00:00,1.315,1.325,1.31,1.325,0.0
2025-06-06 16:00:00+00:00,1.325,1.33,1.31,1.325,100.0
2025-06-06 17:00:00+00:00,1.325,1.345,1.32,1.345,100.0
2025-06-06 18:00:00+00:00,1.345,1.355,1.345,1.355,0.0
2025-06-06 19:00:00+00:00,1.355,1.355,1.33,1.335,3653.0
2025-06-09 14:00:00+00:00,1.335,1.345,1.325,1.335,105.0
2025-06-09 15:00:00+00:00,1.335,1.34,1.315,1.325,200.0
2025-06-09 16:00:00+00:00,1.325,1.34,1.325,1.335,500.0
2025-06-09 17:00:00+00:00,1.335,1.34,1.335,1.335,0.0
2025-06-09 18:00:00+00:00,1.335,1.34,1.33,1.335,100.0
2025-06-09 19:00:00+00:00,1.335,1.335,1.315,1.315,440.0
2025-06-10 14:00:00+00:00,1.315,1.315,1.27,1.275,3901.0
2025-06-10 15:00:00+00:00,1.275,1.285,1.275,1.275,100.0
2025-06-10 16:00:00+00:00,1.275,1.285,1.275,1.28,0.0
2025-06-10 17:00:00+00:00,1.28,1.28,1.27,1.275,340.0
2025-06-10 18:00:00+00:00,1.275,1.28,1.275,1.275,237.0
2025-06-10 19:00:00+00:00,1.275,1.29,1.275,1.285,360.0
2025-06-11 14:00:00+00:00,1.29,1.3,1.29,1.295,0.0
2025-06-11 15:00:00+00:00,1.295,1.3,1.29,1.295,290.0
2025-06-11 16:00:00+00:00,1.295,1.305,1.295,1.295,201.0
2025-06-11 17:00:00+00:00,1.295,1.305,1.295,1.305,1461.0
2025-06-11 18:00:00+00:00,1.305,1.305,1.29,1.295,100.0
2025-06-11 19:00:00+00:00,1.295,1.295,1.285,1.295,800.0
2025-06-12 14:00:00+00:00,1.295,1.295,1.29,1.295,0.0
2025-06-12 15:00:00+00:00,1.295,1.295,1.285,1.285,0.0
2025-06-12 16:00:00+00:00,1.285,1.29,1.285,1.285,100.0
2025-06-12 17:00:00+00:00,1.285,1.285,1.27,1.285,1100.0
2025-06-12 18:00:00+00:00,1.275,1.285,1.275,1.275,0.0
2025-06-12 19:00:00+00:00,1.275,1.285,1.255,1.27,853.0
2025-06-13 14:00:00+00:00,1.245,1.255,1.245,1.255,100.0
2025-06-13 15:00:00+00:00,1.255,1.255,1.245,1.25,99.0
2025-06-13 16:00:00+00:00,1.25,1.25,1.24,1.245,200.0
2025-06-13 17:00:00+00:00,1.245,1.245,1.23,1.245,224.0
2025-06-13 18:00:00+00:00,1.245,1.245,1.235,1.245,100.0
2025-06-13 19:00:00+00:00,1.245,1.245,1.23,1.245,500.0
2025-06-16 14:00:00+00:00,1.245,1.245,1.235,1.235,0.0
2025-06-16 15:00:00+00:00,1.235,1.24,1.225,1.225,301.0
2025-06-16 16:00:00+00:00,1.225,1.235,1.225,1.235,409.0
2025-06-16 17:00:00+00:00,1.235,1.245,1.235,1.245,529.0
2025-06-16 18:00:00+00:00,1.245,1.265,1.245,1.265,1150.0
2025-06-16 19:00:00+00:00,1.265,1.305,1.265,1.29,1860.0
2025-06-17 14:00:00+00:00,1.305,1.345,1.305,1.345,100.0
2025-06-17 15:00:00+00:00,1.345,1.36,1.33,1.35,700.0
2025-06-17 16:00:00+00:00,1.35,1.35,1.345,1.345,29.0
2025-06-17 17:00:00+00:00,1.345,1.345,1.34,1.345,101.0
2025-06-17 18:00:00+00:00,1.345,1.345,1.34,1.345,39.0
2025-06-17 19:00:00+00:00,1.345,1.345,1.335,1.345,436.0
2025-06-18 14:00:00+00:00,1.345,1.385,1.34,1.385,648.0
2025-06-18 15:00:00+00:00,1.385,1.4,1.385,1.395,8440.0
2025-06-18 16:00:00+00:00,1.395,1.44,1.395,1.435,240.0
2025-06-18 17:00:00+00:00,1.435,1.435,1.425,1.435,0.0
2025-06-18 18:00:00+00:00,1.435,1.435,1.425,1.435,0.0
2025-06-18 19:00:00+00:00,1.435,1.435,1.39,1.425,13914.0
2025-06-19 14:00:00+00:00,1.425,1.425,1.425,1.425,0.0
2025-06-19 15:00:00+00:00,1.425,1.425,1.425,1.425,0.0
2025-06-19 16:00:00+00:00,1.425,1.425,1.425,1.425,0.0
2025-06-19 17:00:00+00:00,1.425,1.425,1.425,1.425,0.0
2025-06-19 18:00:00+00:00,1.425,1.425,1.425,1.425,0.0
2025-06-19 19:00:00+00:00,1.425,1.425,1.425,1.425,0.0
2025-06-20 14:00:00+00:00,1.405,1.41,1.385,1.395,267.0
2025-06-20 15:00:00+00:00,1.395,1.4,1.395,1.395,100.0
2025-06-20 16:00:00+00:00,1.395,1.395,1.395,1.395,90.0
2025-06-20 17:00:00+00:00,1.395,1.395,1.395,1.395,0.0
2025-06-20 18:00:00+00:00,1.395,1.4,1.39,1.395,798.0
2025-06-20 19:00:00+00:00,1.395,1.41,1.37,1.38,2172.0
2025-06-23 14:00:00+00:00,1.395,1.395,1.385,1.395,400.0
2025-06-23 15:00:00+00:00,1.395,1.41,1.39,1.395,1728.0
2025-06-23 16:00:00+00:00,1.395,1.405,1.395,1.395,100.0
2025-06-23 17:00:00+00:00,1.395,1.395,1.395,1.395,0.0
2025-06-23 18:00:00+00:00,1.395,1.395,1.39,1.395,36.0
2025-06-23 19:00:00+00:00,1.395,1.405,1.39,1.395,1554.0
2025-06-24 14:00:00+00:00,1.38,1.405,1.375,1.395,700.0
2025-06-24 15:00:00+00:00,1.395,1.405,1.395,1.395,375.0
2025-06-24 16:00:00+00:00,1.395,1.4,1.39,1.395,963.0
2025-06-24 17:00:00+00:00,1.4,1.405,1.395,1.395,26.0
2025-06-24 18:00:00+00:00,1.395,1.4,1.39,1.395,110.0
2025-06-24 19:00:00+00:00,1.395,1.395,1.39,1.395,0.0
2025-06-25 14:00:00+00:00,1.415,1.415,1.38,1.395,1455.0
2025-06-25 15:00:00+00:00,1.395,1.4,1.395,1.395,1100.0
2025-06-25 16:00:00+00:00,1.395,1.395,1.395,1.395,0.0
2025-06-25 17:00:00+00:00,1.395,1.4,1.395,1.395,400.0
2025-06-25 18:00:00+00:00,1.395,1.4,1.395,1.395,100.0
2025-06-25 19:00:00+00:00,1.395,1.4,1.38,1.4,165.0
2025-06-26 14:00:00+00:00,1.46,1.53,1.46,1.52,717.0
2025-06-26 15:00:00+00:00,1.52,1.53,1.48,1.495,600.0
2025-06-26 16:00:00+00:00,1.495,1.515,1.48,1.495,15.0
2025-06-26 17:00:00+00:00,1.495,1.495,1.475,1.485,2200.0
2025-06-26 18:00:00+00:00,1.485,1.495,1.475,1.475,212.0
2025-06-26 19:00:00+00:00,1.475,1.48,1.455,1.455,1460.0
2025-06-27 14:00:00+00:00,1.46,1.46,1.455,1.455,100.0
2025-06-27 15:00:00+00:00,1.455,1.48,1.455,1.465,200.0
2025-06-27 16:00:00+00:00,1.465,1.465,1.465,1.465,0.0
2025-06-27 17:00:00+00:00,1.465,1.465,1.45,1.46,100.0
2025-06-27 18:00:00+00:00,1.46,1.475,1.455,1.475,3799.0
2025-06-27 19:00:00+00:00,1.475,1.49,1.44,1.44,2635.0
2025-06-30 14:00:00+00:00,1.4,1.41,1.385,1.395,346.0
2025-06-30 15:00:00+00:00,1.395,1.405,1.37,1.37,101.0
2025-06-30 16:00:00+00:00,1.37,1.375,1.355,1.365,1000.0
2025-06-30 17:00:00+00:00,1.365,1.365,1.35,1.355,500.0
2025-06-30 18:00:00+00:00,1.355,1.355,1.355,1.355,16.0
2025-06-30 19:00:00+00:00,1.355,1.375,1.355,1.355,1001.0
2025-07-01 14:00:00+00:00,1.37,1.37,1.35,1.355,1562.0
2025-07-01 15:00:00+00:00,1.355,1.36,1.35,1.36,2182.0
2025-07-01 16:00:00+00:00,1.36,1.365,1.355,1.365,967.0
2025-07-01 17:00:00+00:00,1.365,1.375,1.36,1.37,52.0
2025-07-01 18:00:00+00:00,1.37,1.385,1.335,1.375,3542.0
2025-07-01 19:00:00+00:00,1.375,1.385,1.375,1.38,4603.0
2025-07-02 14:00:00+00:00,1.365,1.365,1.35,1.355,1507.0
2025-07-02 15:00:00+00:00,1.355,1.355,1.335,1.335,902.0
2025-07-02 16:00:00+00:00,1.335,1.34,1.335,1.335,0.0
2025-07-02 17:00:00+00:00,1.335,1.335,1.335,1.335,0.0
2025-07-02 18:00:00+00:00,1.335,1.365,1.335,1.365,1000.0
2025-07-02 19:00:00+00:00,1.37,1.385,1.36,1.36,10593.0
2025-07-03 14:00:00+00:00,1.355,1.355,1.31,1.325,1737.0
2025-07-03 15:00:00+00:00,1.325,1.33,1.32,1.325,13.0
2025-07-03 16:00:00+00:00,1.325,1.345,1.325,1.345,521.0
2025-07-03 17:00:00+00:00,1.345,1.345,1.345,1.345,0.0
2025-07-03 18:00:00+00:00,1.345,1.345,1.345,1.345,0.0
2025-07-03 19:00:00+00:00,1.345,1.345,1.345,1.345,0.0
2025-07-04 14:00:00+00:00,1.345,1.345,1.345,1.345,0.0
2025-07-04 15:00:00+00:00,1.345,1.345,1.345,1.345,0.0
2025-07-04 16:00:00+00:00,1.345,1.345,1.345,1.345,0.0
2025-07-04 17:00:00+00:00,1.345,1.345,1.345,1.345,0.0
2025-07-04 18:00:00+00:00,1.345,1.345,1.345,1.345,0.0
2025-07-04 19:00:00+00:00,1.345,1.345,1.345,1.345,0.0
2025-07-07 14:00:00+00:00,1.315,1.34,1.315,1.33,691.0
2025-07-07 15:00:00+00:00,1.33,1.33,1.32,1.325,0.0
2025-07-07 16:00:00+00:00,1.325,1.325,1.305,1.315,700.0
2025-07-07 17:00:00+00:00,1.315,1.34,1.305,1.335,600.0
2025-07-07 18:00:00+00:00,1.335,1.335,1.33,1.335,399.0
2025-07-07 19:00:00+00:00,1.335,1.335,1.315,1.32,2326.0
2025-07-08 14:00:00+00:00,1.38,1.38,1.355,1.355,1984.0
2025-07-08 15:00:00+00:00,1.355,1.39,1.34,1.345,4782.0
2025-07-08 16:00:00+00:00,1.345,1.395,1.345,1.385,3743.0
2025-07-08 17:00:00+00:00,1.385,1.465,1.385,1.455,12598.0
2025-07-08 18:00:00+00:00,1.455,1.605,1.44,1.585,12363.0
2025-07-08 19:00:00+00:00,1.585,1.595,1.53,1.57,14064.0
2025-07-09 14:00:00+00:00,1.535,1.535,1.495,1.525,2125.0
2025-07-09 15:00:00+00:00,1.525,1.525,1.495,1.515,800.0
2025-07-09 16:00:00+00:00,1.515,1.535,1.51,1.515,400.0
2025-07-09 17:00:00+00:00,1.51,1.515,1.495,1.5,400.0
2025-07-09 18:00:00+00:00,1.495,1.515,1.495,1.505,500.0
2025-07-09 19:00:00+00:00,1.505,1.53,1.5,1.515,1604.0
2025-07-10 14:00:00+00:00,1.66,1.72,1.635,1.715,4600.0
2025-07-10 15:00:00+00:00,1.715,1.735,1.685,1.685,3047.0
2025-07-10 16:00:00+00:00,1.685,1.71,1.65,1.67,3387.0
2025-07-10 17:00:00+00:00,1.675,1.695,1.67,1.685,0.0
2025-07-10 18:00:00+00:00,1.685,1.695,1.665,1.695,1886.0
2025-07-10 19:00:00+00:00,1.695,1.7,1.635,1.655,5372.0
2025-07-11 14:00:00+00:00,1.705,1.74,1.7,1.71,6439.0
2025-07-11 15:00:00+00:00,1.71,1.73,1.69,1.705,2958.0
2025-07-11 16:00:00+00:00,1.705,1.71,1.66,1.705,5729.0
2025-07-11 17:00:00+00:00,1.705,1.71,1.69,1.695,1305.0
2025-07-11 18:00:00+00:00,1.695,1.71,1.68,1.705,635.0
2025-07-11 19:00:00+00:00,1.705,1.715,1.69,1.705,9605.0
2025-07-14 14:00:00+00:00,1.825,2.01,1.82,1.945,18353.0
2025-07-14 15:00:00+00:00,1.945,2.02,1.92,2.015,10410.0
2025-07-14 16:00:00+00:00,2.015,2.02,1.915,1.925,9828.0
2025-07-14 17:00:00+00:00,1.92,1.925,1.86,1.875,8034.0
2025-07-14 18:00:00+00:00,1.875,1.9,1.79,1.795,13553.0
2025-07-14 19:00:00+00:00,1.795,1.835,1.73,1.835,15813.0
2025-07-15 14:00:00+00:00,1.77,1.865,1.765,1.86,1700.0
2025-07-15 15:00:00+00:00,1.86,1.875,1.83,1.855,1435.0
2025-07-15 16:00:00+00:00,1.855,1.87,1.845,1.845,106.0
2025-07-15 17:00:00+00:00,1.845,1.865,1.835,1.855,2000.0
2025-07-15 18:00:00+00:00,1.855,1.865,1.84,1.845,100.0
2025-07-15 19:00:00+00:00,1.845,1.9,1.845,1.895,6765.0
2025-07-16 14:00:00+00:00,1.87,1.905,1.835,1.845,1800.0
2025-07-16 15:00:00+00:00,1.845,1.87,1.845,1.855,3078.0
2025-07-16 16:00:00+00:00,1.855,1.895,1.855,1.865,2326.0
2025-07-16 17:00:00+00:00,1.865,1.88,1.86,1.875,1257.0
2025-07-16 18:00:00+00:00,1.875,1.885,1.875,1.875,344.0
2025-07-16 19:00:00+00:00,1.875,1.95,1.875,1.935,11516.0
2025-07-17 14:00:00+00:00,1.965,1.97,1.87,1.885,4490.0
2025-07-17 15:00:00+00:00,1.885,1.905,1.87,1.895,2874.0
2025-07-17 16:00:00+00:00,1.895,1.895,1.86,1.865,0.0
2025-07-17 17:00:00+00:00,1.865,1.89,1.865,1.885,1000.0
2025-07-17 18:00:00+00:00,1.885,1.91,1.885,1.905,32.0
2025-07-17 19:00:00+00:00,1.905,1.91,1.885,1.885,9132.0
2025-07-18 14:00:00+00:00,1.925,1.935,1.88,1.895,9283.0
2025-07-18 15:00:00+00:00,1.895,1.895,1.875,1.88,113.0
2025-07-18 16:00:00+00:00,1.875,1.89,1.87,1.875,3.0
2025-07-18 17:00:00+00:00,1.875,1.9,1.875,1.885,589.0
2025-07-18 18:00:00+00:00,1.885,1.9,1.885,1.885,923.0
2025-07-18 19:00:00+00:00,1.885,1.895,1.88,1.885,4479.0
2025-07-21 14:00:00+00:00,1.88,1.94,1.865,1.935,2227.0
2025-07-21 15:00:00+00:00,1.935,1.935,1.895,1.895,600.0
2025-07-21 16:00:00+00:00,1.895,1.9,1.885,1.895,116.0
2025-07-21 17:00:00+00:00,1.895,1.91,1.895,1.9,100.0
2025-07-21 18:00:00+00:00,1.9,1.91,1.89,1.89,300.0
2025-07-21 19:00:00+00:00,1.89,1.93,1.89,1.93,2380.0
2025-07-22 14:00:00+00:00,1.86,1.87,1.82,1.835,3024.0
2025-07-22 15:00:00+00:00,1.835,1.845,1.81,1.825,2070.0
2025-07-22 16:00:00+00:00,1.825,1.845,1.82,1.845,962.0
2025-07-22 17:00:00+00:00,1.845,1.92,1.845,1.915,1024.0
2025-07-22 18:00:00+00:00,1.915,1.935,1.905,1.925,1617.0
2025-07-22 19:00:00+00:00,1.925,1.98,1.92,1.945,2815.0
2025-07-23 14:00:00+00:00,2.015,2.06,1.985,2.005,3127.0
2025-07-23 15:00:00+00:00,2.005,2.025,1.985,2.005,350.0
2025-07-23 16:00:00+00:00,2.005,2.015,1.965,1.97,905.0
2025-07-23 17:00:00+00:00,1.97,1.98,1.955,1.955,1229.0
2025-07-23 18:00:00+00:00,1.96,1.98,1.955,1.975,288.0
2025-07-23 19:00:00+00:00,1.975,1.995,1.95,1.98,1824.0
2025-07-24 14:00:00+00:00,1.955,1.955,1.91,1.915,273.0
2025-07-24 15:00:00+00:00,1.92,1.935,1.9,1.915,900.0
2025-07-24 16:00:00+00:00,1.915,1.915,1.885,1.895,236.0
2025-07-24 17:00:00+00:00,1.895,1.905,1.895,1.905,66.0
2025-07-24 18:00:00+00:00,1.905,1.92,1.905,1.915,100.0
2025-07-24 19:00:00+00:00,1.915,1.915,1.895,1.905,1320.0
2025-07-25 14:00:00+00:00,1.89,1.925,1.88,1.915,780.0
2025-07-25 15:00:00+00:00,1.915,1.915,1.9,1.91,180.0
2025-07-25 16:00:00+00:00,1.91,1.915,1.91,1.915,40.0
2025-07-25 17:00:00+00:00,1.915,1.915,1.895,1.905,0.0
2025-07-25 18:00:00+00:00,1.905,1.91,1.905,1.905,0.0
2025-07-25 19:00:00+00:00,1.905,1.93,1.905,1.925,3600.0
2025-07-28 14:00:00+00:00,1.89,1.895,1.865,1.885,3071.0
2025-07-28 15:00:00+00:00,1.885,1.885,1.86,1.865,1423.0
2025-07-28 16:00:00+00:00,1.865,1.865,1.85,1.855,125.0
2025-07-28 17:00:00+00:00,1.855,1.86,1.835,1.835,1230.0
2025-07-28 18:00:00+00:00,1.835,1.845,1.82,1.835,2170.0
2025-07-28 19:00:00+00:00,1.835,1.865,1.825,1.865,6058.0
2025-07-29 14:00:00+00:00,1.79,1.79,1.74,1.755,1098.0
2025-07-29 15:00:00+00:00,1.745,1.76,1.71,1.725,3865.0
2025-07-29 16:00:00+00:00,1.725,1.735,1.68,1.69,1720.0
2025-07-29 17:00:00+00:00,1.69,1.795,1.69,1.795,4543.0
2025-07-29 18:00:00+00:00,1.795,1.795,1.785,1.785,1005.0
2025-07-29 19:00:00+00:00,1.785,1.8,1.785,1.795,1518.0
2025-07-30 14:00:00+00:00,1.775,1.79,1.775,1.785,200.0
2025-07-30 15:00:00+00:00,1.785,1.785,1.785,1.785,0.0
2025-07-30 16:00:00+00:00,1.785,1.8,1.77,1.785,500.0
2025-07-30 17:00:00+00:00,1.785,1.785,1.735,1.74,814.0
2025-07-30 18:00:00+00:00,1.74,1.74,1.625,1.635,12372.0
2025-07-30 19:00:00+00:00,1.635,1.67,1.61,1.67,3669.0
2025-07-31 14:00:00+00:00,1.65,1.65,1.605,1.605,1300.0
2025-07-31 15:00:00+00:00,1.605,1.62,1.585,1.61,2500.0
2025-07-31 16:00:00+00:00,1.605,1.62,1.59,1.615,1709.0
2025-07-31 17:00:00+00:00,1.615,1.63,1.61,1.615,2222.0
2025-07-31 18:00:00+00:00,1.61,1.625,1.59,1.595,4180.0
2025-07-31 19:00:00+00:00,1.595,1.61,1.57,1.575,4137.0
2025-08-01 14:00:00+00:00,1.53,1.565,1.51,1.56,100.0
2025-08-01 15:00:00+00:00,1.56,1.575,1.545,1.565,100.0
2025-08-01 16:00:00+00:00,1.565,1.565,1.53,1.535,917.0
2025-08-01 17:00:00+00:00,1.535,1.545,1.525,1.535,1633.0
2025-08-01 18:00:00+00:00,1.535,1.605,1.53,1.595,2018.0
2025-08-01 19:00:00+00:00,1.595,1.61,1.57,1.585,312.0
2025-08-04 14:00:00+00:00,1.63,1.64,1.6,1.605,1116.0
2025-08-04 15:00:00+00:00,1.605,1.605,1.575,1.575,76.0
2025-08-04 16:00:00+00:00,1.575,1.575,1.555,1.555,467.0
2025-08-04 17:00:00+00:00,1.555,1.565,1.555,1.565,0.0
2025-08-04 18:00:00+00:00,1.565,1.575,1.565,1.575,15.0
2025-08-04 19:00:00+00:00,1.575,1.59,1.57,1.575,1031.0
2025-08-05 14:00:00+00:00,1.57,1.59,1.54,1.545,398.0
2025-08-05 15:00:00+00:00,1.54,1.555,1.53,1.545,733.0
2025-08-05 16:00:00+00:00,1.545,1.565,1.545,1.56,300.0
2025-08-05 17:00:00+00:00,1.56,1.56,1.555,1.555,0.0
2025-08-05 18:00:00+00:00,1.555,1.565,1.555,1.565,100.0
2025-08-05 19:00:00+00:00,1.565,1.565,1.545,1.565,464.0
2025-08-06 14:00:00+00:00,1.595,1.605,1.58,1.59,2579.0
2025-08-06 15:00:00+00:00,1.59,1.6,1.585,1.595,1500.0
2025-08-06 16:00:00+00:00,1.595,1.6,1.575,1.575,1757.0
2025-08-06 17:00:00+00:00,1.575,1.58,1.57,1.57,681.0
2025-08-06 18:00:00+00:00,1.57,1.585,1.565,1.565,1300.0
2025-08-06 19:00:00+00:00,1.565,1.57,1.56,1.56,700.0
2025-08-07 14:00:00+00:00,1.6,1.605,1.56,1.565,1297.0
2025-08-07 15:00:00+00:00,1.56,1.565,1.55,1.555,1693.0
2025-08-07 16:00:00+00:00,1.555,1.555,1.535,1.54,993.0
2025-08-07 17:00:00+00:00,1.545,1.545,1.48,1.48,3839.0
2025-08-07 18:00:00+00:00,1.48,1.48,1.43,1.455,9036.0
2025-08-07 19:00:00+00:00,1.455,1.495,1.445,1.485,6021.0
2025-08-08 14:00:00+00:00,1.51,1.53,1.51,1.515,660.0
2025-08-08 15:00:00+00:00,1.515,1.52,1.49,1.49,1026.0
2025-08-08 16:00:00+00:00,1.49,1.505,1.485,1.5,1598.0
2025-08-08 17:00:00+00:00,1.5,1.525,1.485,1.515,1374.0
2025-08-08 18:00:00+00:00,1.515,1.515,1.5,1.505,95.0
2025-08-08 19:00:00+00:00,1.5,1.52,1.5,1.515,2548.0
2025-08-11 14:00:00+00:00,1.59,1.6,1.55,1.55,1662.0
2025-08-11 15:00:00+00:00,1.55,1.555,1.525,1.545,993.0
2025-08-11 16:00:00+00:00,1.545,1.565,1.545,1.545,700.0
2025-08-11 17:00:00+00:00,1.545,1.565,1.545,1.545,300.0
2025-08-11 18:00:00+00:00,1.55,1.56,1.545,1.545,400.0
2025-08-11 19:00:00+00:00,1.545,1.545,1.525,1.525,806.0
2025-08-12 14:00:00+00:00,1.515,1.56,1.51,1.525,1963.0
2025-08-12 15:00:00+00:00,1.525,1.615,1.52,1.605,2921.0
2025-08-12 16:00:00+00:00,1.605,1.61,1.595,1.595,763.0
2025-08-12 17:00:00+00:00,1.595,1.615,1.595,1.605,800.0
2025-08-12 18:00:00+00:00,1.6,1.605,1.585,1.585,521.0
2025-08-12 19:00:00+00:00,1.585,1.585,1.57,1.575,2274.0
2025-08-13 14:00:00+00:00,1.585,1.595,1.565,1.575,951.0
2025-08-13 15:00:00+00:00,1.575,1.585,1.57,1.575,500.0
2025-08-13 16:00:00+00:00,1.575,1.575,1.57,1.575,200.0
2025-08-13 17:00:00+00:00,1.575,1.595,1.565,1.575,1310.0
2025-08-13 18:00:00+00:00,1.575,1.575,1.575,1.575,0.0
2025-08-13 19:00:00+00:00,1.575,1.59,1.575,1.585,1806.0
2025-08-14 14:00:00+00:00,1.585,1.6,1.585,1.595,316.0
2025-08-14 15:00:00+00:00,1.595,1.595,1.565,1.565,644.0
2025-08-14 16:00:00+00:00,1.565,1.57,1.555,1.555,263.0
2025-08-14 17:00:00+00:00,1.555,1.56,1.55,1.56,166.0
2025-08-14 18:00:00+00:00,1.56,1.56,1.535,1.535,284.0
2025-08-14 19:00:00+00:00,1.535,1.555,1.535,1.55,1370.0
2025-08-15 14:00:00+00:00,1.55,1.565,1.535,1.535,208.0
2025-08-15 15:00:00+00:00,1.535,1.55,1.535,1.535,400.0
2025-08-15 16:00:00+00:00,1.535,1.545,1.535,1.535,305.0
2025-08-15 17:00:00+00:00,1.535,1.54,1.535,1.535,32.0
2025-08-15 18:00:00+00:00,1.535,1.54,1.52,1.525,1000.0
2025-08-15 19:00:00+00:00,1.525,1.67,1.525,1.665,16595.0
2025-08-18 14:00:00+00:00,1.595,1.635,1.59,1.625,240.0
2025-08-18 15:00:00+00:00,1.63,1.64,1.62,1.63,500.0
2025-08-18 16:00:00+00:00,1.635,1.64,1.625,1.635,1900.0
2025-08-18 17:00:00+00:00,1.64,1.645,1.625,1.625,1014.0
2025-08-18 18:00:00+00:00,1.625,1.625,1.62,1.62,80.0
2025-08-18 19:00:00+00:00,1.62,1.635,1.62,1.625,1300.0
2025-08-19 14:00:00+00:00,1.61,1.645,1.6,1.605,4540.0
2025-08-19 15:00:00+00:00,1.605,1.61,1.58,1.59,2414.0
2025-08-19 16:00:00+00:00,1.59,1.6,1.565,1.59,941.0
2025-08-19 17:00:00+00:00,1.59,1.595,1.59,1.595,180.0
2025-08-19 18:00:00+00:00,1.595,1.6,1.57,1.6,1005.0
2025-08-19 19:00:00+00:00,1.6,1.645,1.58,1.605,9920.0
2025-08-20 14:00:00+00:00,1.585,1.615,1.585,1.605,600.0
2025-08-20 15:00:00+00:00,1.61,1.645,1.605,1.625,240.0
2025-08-20 16:00:00+00:00,1.625,1.635,1.61,1.615,200.0
2025-08-20 17:00:00+00:00,1.615,1.63,1.61,1.615,40.0
2025-08-20 18:00:00+00:00,1.62,1.625,1.6,1.605,1501.0
2025-08-20 19:00:00+00:00,1.605,1.635,1.605,1.625,1342.0
2025-08-21 14:00:00+00:00,1.63,1.665,1.63,1.665,1020.0
2025-08-21 15:00:00+00:00,1.665,1.69,1.65,1.685,1130.0
2025-08-21 16:00:00+00:00,1.685,1.695,1.66,1.675,1310.0
2025-08-21 17:00:00+00:00,1.675,1.68,1.665,1.675,1000.0
2025-08-21 18:00:00+00:00,1.675,1.685,1.675,1.675,2100.0
2025-08-21 19:00:00+00:00,1.675,1.685,1.64,1.64,3239.0
2025-08-22 14:00:00+00:00,1.645,1.67,1.63,1.665,224.0
2025-08-22 15:00:00+00:00,1.665,1.67,1.64,1.645,610.0
2025-08-22 16:00:00+00:00,1.645,1.65,1.625,1.635,0.0
2025-08-22 17:00:00+00:00,1.635,1.635,1.615,1.625,819.0
2025-08-22 18:00:00+00:00,1.625,1.625,1.605,1.615,149.0
2025-08-22 19:00:00+00:00,1.615,1.635,1.6,1.62,2497.0
2025-08-25 14:00:00+00:00,1.64,1.64,1.61,1.625,719.0
2025-08-25 15:00:00+00:00,1.625,1.625,1.605,1.615,1.0
2025-08-25 16:00:00+00:00,1.615,1.615,1.6,1.605,301.0
2025-08-25 17:00:00+00:00,1.605,1.61,1.6,1.605,300.0
2025-08-25 18:00:00+00:00,1.605,1.61,1.605,1.605,30.0
2025-08-25 19:00:00+00:00,1.605,1.605,1.585,1.59,200.0
2025-08-26 14:00:00+00:00,1.615,1.65,1.615,1.645,1805.0
2025-08-26 15:00:00+00:00,1.645,1.645,1.645,1.645,201.0
2025-08-26 16:00:00+00:00,1.645,1.665,1.645,1.655,2746.0
2025-08-26 17:00:00+00:00,1.655,1.66,1.625,1.63,1053.0
2025-08-26 18:00:00+00:00,1.635,1.635,1.62,1.625,257.0
2025-08-26 19:00:00+00:00,1.625,1.645,1.61,1.62,4338.0
2025-08-27 14:00:00+00:00,1.63,1.645,1.63,1.635,51.0
2025-08-27 15:00:00+00:00,1.635,1.64,1.625,1.63,20.0
2025-08-27 16:00:00+00:00,1.63,1.635,1.605,1.635,1570.0
2025-08-27 17:00:00+00:00,1.635,1.645,1.635,1.645,0.0
2025-08-27 18:00:00+00:00,1.645,1.67,1.645,1.665,200.0
2025-08-27 19:00:00+00:00,1.665,1.68,1.655,1.67,1671.0
2025-08-28 14:00:00+00:00,1.69,1.765,1.685,1.735,1871.0
2025-08-28 15:00:00+00:00,1.735,1.745,1.73,1.745,440.0
2025-08-28 16:00:00+00:00,1.745,1.745,1.73,1.735,120.0
2025-08-28 17:00:00+00:00,1.735,1.745,1.735,1.745,0.0
2025-08-28 18:00:00+00:00,1.745,1.75,1.72,1.725,862.0
2025-08-28 19:00:00+00:00,1.725,1.725,1.685,1.7,8415.0
2025-08-29 14:00:00+00:00,1.705,1.705,1.66,1.675,566.0
2025-08-29 15:00:00+00:00,1.675,1.695,1.67,1.685,551.0
2025-08-29 16:00:00+00:00,1.685,1.695,1.68,1.695,500.0
2025-08-29 17:00:00+00:00,1.695,1.7,1.685,1.695,440.0
2025-08-29 18:00:00+00:00,1.695,1.695,1.67,1.685,179.0
2025-08-29 19:00:00+00:00,1.685,1.705,1.68,1.705,2249.0
2025-09-01 14:00:00+00:00,1.705,1.705,1.705,1.705,0.0
2025-09-01 15:00:00+00:00,1.705,1.705,1.705,1.705,0.0
2025-09-01 16:00:00+00:00,1.705,1.705,1.705,1.705,0.0
2025-09-01 17:00:00+00:00,1.705,1.705,1.705,1.705,0.0
2025-09-01 18:00:00+00:00,1.705,1.705,1.705,1.705,0.0
2025-09-01 19:00:00+00:00,1.705,1.705,1.705,1.705,0.0
2025-09-02 14:00:00+00:00,1.71,1.715,1.67,1.67,640.0
2025-09-02 15:00:00+00:00,1.67,1.68,1.62,1.62,2800.0
2025-09-02 16:00:00+00:00,1.625,1.65,1.625,1.635,972.0
2025-09-02 17:00:00+00:00,1.635,1.64,1.63,1.635,2345.0
2025-09-02 18:00:00+00:00,1.64,1.64,1.63,1.635,944.0
2025-09-02 19:00:00+00:00,1.635,1.64,1.62,1.625,2380.0
2025-09-03 14:00:00+00:00,1.63,1.64,1.615,1.625,801.0
2025-09-03 15:00:00+00:00,1.625,1.625,1.605,1.615,600.0
2025-09-03 16:00:00+00:00,1.615,1.615,1.595,1.605,525.0
2025-09-03 17:00:00+00:00,1.605,1.615,1.6,1.605,1300.0
2025-09-03 18:00:00+00:00,1.605,1.605,1.555,1.605,4501.0
2025-09-03 19:00:00+00:00,1.605,1.625,1.605,1.615,4699.0
2025-09-04 14:00:00+00:00,1.81,1.955,1.79,1.895,8602.0
2025-09-04 15:00:00+00:00,1.895,1.915,1.855,1.865,4593.0
2025-09-04 16:00:00+00:00,1.865,1.875,1.795,1.795,2418.0
2025-09-04 17:00:00+00:00,1.795,1.85,1.745,1.805,4213.0
2025-09-04 18:00:00+00:00,1.805,1.82,1.775,1.79,1332.0
2025-09-04 19:00:00+00:00,1.79,1.825,1.755,1.765,5625.0
2025-09-05 14:00:00+00:00,1.825,1.845,1.8,1.845,2391.0
2025-09-05 15:00:00+00:00,1.845,1.87,1.835,1.865,935.0
2025-09-05 16:00:00+00:00,1.865,1.875,1.855,1.865,548.0
2025-09-05 17:00:00+00:00,1.865,1.87,1.86,1.86,487.0
2025-09-05 18:00:00+00:00,1.86,1.865,1.845,1.845,2957.0
2025-09-05 19:00:00+00:00,1.845,1.88,1.825,1.835,4781.0
2025-09-08 14:00:00+00:00,1.795,1.805,1.785,1.8,528.0
2025-09-08 15:00:00+00:00,1.8,1.83,1.795,1.825,560.0
2025-09-08 16:00:00+00:00,1.825,1.895,1.825,1.885,5023.0
2025-09-08 17:00:00+00:00,1.885,1.93,1.875,1.925,3382.0
2025-09-08 18:00:00+00:00,1.925,1.97,1.925,1.965,12037.0
2025-09-08 19:00:00+00:00,1.965,1.985,1.96,1.985,22357.0
2025-09-09 14:00:00+00:00,1.89,1.9,1.84,1.855,401.0
2025-09-09 15:00:00+00:00,1.855,1.855,1.81,1.815,746.0
2025-09-09 16:00:00+00:00,1.815,1.815,1.79,1.795,680.0
2025-09-09 17:00:00+00:00,1.795,1.91,1.79,1.905,3248.0
2025-09-09 18:00:00+00:00,1.905,1.905,1.875,1.905,757.0
2025-09-09 19:00:00+00:00,1.905,1.925,1.9,1.92,1252.0
2025-09-10 14:00:00+00:00,1.92,1.93,1.89,1.915,460.0
2025-09-10 15:00:00+00:00,1.915,1.945,1.91,1.94,896.0
2025-09-10 16:00:00+00:00,1.94,1.955,1.935,1.95,570.0
2025-09-10 17:00:00+00:00,1.95,1.965,1.945,1.955,1290.0
2025-09-10 18:00:00+00:00,1.955,1.995,1.945,1.995,2706.0
2025-09-10 19:00:00+00:00,1.995,2.02,1.98,2.01,6485.0
2025-09-11 14:00:00+00:00,2.08,2.13,2.065,2.125,9309.0
2025-09-11 15:00:00+00:00,2.125,2.16,2.12,2.125,2668.0
2025-09-11 16:00:00+00:00,2.125,2.14,2.1,2.135,2856.0
2025-09-11 17:00:00+00:00,2.135,2.155,2.135,2.155,2440.0
2025-09-11 18:00:00+00:00,2.155,2.155,2.105,2.115,10922.0
2025-09-11 19:00:00+00:00,2.12,2.14,2.1,2.105,2816.0
2025-09-12 14:00:00+00:00,2.015,2.095,2.015,2.085,1062.0
2025-09-12 15:00:00+00:00,2.085,2.1,2.06,2.075,1444.0
2025-09-12 16:00:00+00:00,2.075,2.095,2.07,2.085,1738.0
2025-09-12 17:00:00+00:00,2.085,2.095,2.075,2.08,126.0
2025-09-12 18:00:00+00:00,2.075,2.105,2.07,2.095,1392.0
2025-09-12 19:00:00+00:00,2.1,2.115,2.095,2.105,3850.0
2025-09-15 14:00:00+00:00,2.095,2.16,2.09,2.16,2558.0
2025-09-15 15:00:00+00:00,2.16,2.18,2.155,2.175,1449.0
2025-09-15 16:00:00+00:00,2.175,2.185,2.16,2.185,224.0
2025-09-15 17:00:00+00:00,2.185,2.185,2.165,2.18,974.0
2025-09-15 18:00:00+00:00,2.18,2.18,2.175,2.18,1044.0
2025-09-15 19:00:00+00:00,2.18,2.185,2.115,2.125,7696.0
2025-09-16 14:00:00+00:00,2.055,2.105,2.035,2.105,2268.0
2025-09-16 15:00:00+00:00,2.105,2.105,2.07,2.085,4083.0
2025-09-16 16:00:00+00:00,2.09,2.09,2.055,2.085,3250.0
2025-09-16 17:00:00+00:00,2.085,2.105,2.085,2.105,905.0
2025-09-16 18:00:00+00:00,2.105,2.13,2.085,2.125,3288.0
2025-09-16 19:00:00+00:00,2.13,2.14,2.11,2.115,5592.0
2025-09-17 14:00:00+00:00,2.085,2.11,2.08,2.105,3673.0
2025-09-17 15:00:00+00:00,2.105,2.12,2.095,2.12,2500.0
2025-09-17 16:00:00+00:00,2.12,2.13,2.115,2.125,2596.0
2025-09-17 17:00:00+00:00,2.125,2.14,2.12,2.13,2002.0
2025-09-17 18:00:00+00:00,2.145,2.155,2.085,2.105,5308.0
2025-09-17 19:00:00+00:00,2.105,2.155,2.105,2.125,9819.0
2025-09-18 14:00:00+00:00,2.08,2.085,2.05,2.06,1986.0
2025-09-18 15:00:00+00:00,2.06,2.09,2.055,2.085,1278.0
2025-09-18 16:00:00+00:00,2.085,2.1,2.08,2.09,736.0
2025-09-18 17:00:00+00:00,2.095,2.105,2.075,2.08,2042.0
2025-09-18 18:00:00+00:00,2.08,2.085,2.06,2.065,2132.0
2025-09-18 19:00:00+00:00,2.065,2.07,2.05,2.055,5971.0
2025-09-19 14:00:00+00:00,2.075,2.085,2.025,2.035,3030.0
2025-09-19 15:00:00+00:00,2.035,2.035,2.01,2.015,1796.0
2025-09-19 16:00:00+00:00,2.015,2.04,2.0,2.035,2411.0
2025-09-19 17:00:00+00:00,2.035,2.075,2.035,2.075,1378.0
2025-09-19 18:00:00+00:00,2.075,2.075,2.03,2.035,1748.0
2025-09-19 19:00:00+00:00,2.035,2.045,2.005,2.01,2746.0
2025-09-22 14:00:00+00:00,2.07,2.15,2.065,2.125,4331.0
2025-09-22 15:00:00+00:00,2.125,2.16,2.125,2.155,1583.0
2025-09-22 16:00:00+00:00,2.155,2.155,2.125,2.135,692.0
2025-09-22 17:00:00+00:00,2.135,2.17,2.135,2.165,2209.0
2025-09-22 18:00:00+00:00,2.165,2.165,2.145,2.155,507.0
2025-09-22 19:00:00+00:00,2.155,2.165,2.095,2.095,7384.0
2025-09-23 14:00:00+00:00,2.145,2.17,2.125,2.135,9247.0
2025-09-23 15:00:00+00:00,2.135,2.135,2.125,2.125,1448.0
2025-09-23 16:00:00+00:00,2.125,2.125,2.105,2.115,3514.0
2025-09-23 17:00:00+00:00,2.115,2.115,2.085,2.085,1113.0
2025-09-23 18:00:00+00:00,2.085,2.085,2.055,2.055,802.0
2025-09-23 19:00:00+00:00,2.055,2.085,2.04,2.08,2423.0
2025-09-24 14:00:00+00:00,2.115,2.14,2.095,2.135,2749.0
2025-09-24 15:00:00+00:00,2.135,2.15,2.125,2.13,1421.0
2025-09-24 16:00:00+00:00,2.13,2.135,2.075,2.12,3027.0
2025-09-24 17:00:00+00:00,2.115,2.135,2.115,2.125,411.0
2025-09-24 18:00:00+00:00,2.125,2.13,2.09,2.115,3623.0
2025-09-24 19:00:00+00:00,2.115,2.135,2.095,2.095,5881.0
2025-09-25 14:00:00+00:00,2.105,2.125,2.1,2.125,3387.0
2025-09-25 15:00:00+00:00,2.125,2.125,2.11,2.125,3901.0
2025-09-25 16:00:00+00:00,2.125,2.135,2.12,2.125,3619.0
2025-09-25 17:00:00+00:00,2.12,2.14,2.12,2.135,878.0
2025-09-25 18:00:00+00:00,2.135,2.145,2.125,2.145,772.0
2025-09-25 19:00:00+00:00,2.145,2.16,2.14,2.155,4431.0
2025-09-26 14:00:00+00:00,2.09,2.125,2.07,2.095,1985.0
2025-09-26 15:00:00+00:00,2.095,2.1,2.075,2.075,1715.0
2025-09-26 16:00:00+00:00,2.075,2.085,2.05,2.075,319.0
2025-09-26 17:00:00+00:00,2.075,2.08,2.05,2.075,1424.0
2025-09-26 18:00:00+00:00,2.075,2.075,2.06,2.065,301.0
2025-09-26 19:00:00+00:00,2.065,2.075,2.055,2.06,1247.0
2025-09-29 14:00:00+00:00,2.11,2.115,2.06,2.08,7760.0
2025-09-29 15:00:00+00:00,2.08,2.085,2.075,2.085,490.0
2025-09-29 16:00:00+00:00,2.085,2.105,2.08,2.105,3281.0
2025-09-29 17:00:00+00:00,2.105,2.12,2.105,2.105,282.0
2025-09-29 18:00:00+00:00,2.105,2.105,2.1,2.105,56.0
2025-09-29 19:00:00+00:00,2.105,2.145,2.105,2.13,7529.0
2025-09-30 14:00:00+00:00,2.105,2.105,2.065,2.085,1640.0
2025-09-30 15:00:00+00:00,2.085,2.085,2.06,2.065,800.0
2025-09-30 16:00:00+00:00,2.065,2.08,2.05,2.055,1987.0
2025-09-30 17:00:00+00:00,2.05,2.06,2.02,2.04,2241.0
2025-09-30 18:00:00+00:00,2.04,2.135,2.025,2.115,5753.0
2025-09-30 19:00:00+00:00,2.115,2.145,2.095,2.1,4011.0
2025-10-01 14:00:00+00:00,2.335,2.48,2.295,2.32,12284.0
2025-10-01 15:00:00+00:00,2.32,2.365,2.265,2.315,9781.0
2025-10-01 16:00:00+00:00,2.315,2.37,2.295,2.35,2431.0
2025-10-01 17:00:00+00:00,2.35,2.38,2.325,2.365,1718.0
2025-10-01 18:00:00+00:00,2.365,2.38,2.34,2.345,326.0
2025-10-01 19:00:00+00:00,2.345,2.355,2.28,2.28,7599.0
2025-10-02 14:00:00+00:00,2.155,2.18,2.05,2.075,2898.0
2025-10-02 15:00:00+00:00,2.075,2.08,2.005,2.005,3418.0
2025-10-02 16:00:00+00:00,2.005,2.15,2.005,2.11,4868.0
2025-10-02 17:00:00+00:00,2.11,2.115,2.085,2.09,376.0
2025-10-02 18:00:00+00:00,2.09,2.12,2.09,2.12,412.0
2025-10-02 19:00:00+00:00,2.12,2.14,2.09,2.1,3235.0
2025-10-03 14:00:00+00:00,2.095,2.15,2.095,2.135,1700.0
2025-10-03 15:00:00+00:00,2.135,2.145,2.07,2.07,370.0
2025-10-03 16:00:00+00:00,2.07,2.085,2.055,2.055,1088.0
2025-10-03 17:00:00+00:00,2.055,2.06,2.035,2.035,874.0
2025-10-03 18:00:00+00:00,2.04,2.055,2.03,2.045,404.0
2025-10-03 19:00:00+00:00,2.045,2.11,2.03,2.065,4216.0
2025-10-06 14:00:00+00:00,2.185,2.185,2.13,2.145,3101.0
2025-10-06 15:00:00+00:00,2.145,2.175,2.14,2.165,6503.0
2025-10-06 16:00:00+00:00,2.165,2.165,2.12,2.135,3352.0
2025-10-06 17:00:00+00:00,2.135,2.165,2.13,2.145,2286.0
2025-10-06 18:00:00+00:00,2.145,2.15,2.105,2.125,1268.0
2025-10-06 19:00:00+00:00,2.125,2.13,2.085,2.085,5500.0
2025-10-07 14:00:00+00:00,6.545,6.9,6.43,6.625,226012.0
2025-10-07 15:00:00+00:00,6.625,6.95,6.42,6.745,127623.0
2025-10-07 16:00:00+00:00,6.745,7.25,6.64,7.015,348057.0
2025-10-07 17:00:00+00:00,7.015,7.185,6.63,7.055,163621.0
2025-10-07 18:00:00+00:00,7.055,7.3,6.995,7.275,78552.0
2025-10-07 19:00:00+00:00,7.27,7.375,6.445,6.5,350353.0
2025-10-08 14:00:00+00:00,7.125,7.13,6.84,6.89,85585.0
2025-10-08 15:00:00+00:00,6.895,6.91,6.68,6.83,51963.0
2025-10-08 16:00:00+00:00,6.835,6.875,6.725,6.85,65184.0
2025-10-08 17:00:00+00:00,6.85,6.865,6.765,6.785,47115.0
2025-10-08 18:00:00+00:00,6.785,6.815,6.44,6.48,128910.0
2025-10-08 19:00:00+00:00,6.475,6.5,6.285,6.31,136346.0
2025-10-09 14:00:00+00:00,6.615,6.72,6.51,6.685,76556.0
2025-10-09 15:00:00+00:00,6.685,6.795,6.46,6.605,88754.0
2025-10-09 16:00:00+00:00,6.6,6.675,6.56,6.58,17372.0
2025-10-09 17:00:00+00:00,6.58,6.68,6.555,6.605,50948.0
2025-10-09 18:00:00+00:00,6.61,6.735,6.585,6.665,20991.0
2025-10-09 19:00:00+00:00,6.665,6.75,6.55,6.565,49623.0
2025-10-10 14:00:00+00:00,6.79,6.945,6.625,6.795,40504.0
2025-10-10 15:00:00+00:00,6.795,7.17,6.585,6.805,107181.0
2025-10-10 16:00:00+00:00,6.805,6.835,6.36,6.385,34140.0
2025-10-10 17:00:00+00:00,6.385,6.485,6.165,6.325,38931.0
2025-10-10 18:00:00+00:00,6.325,6.33,6.18,6.21,25274.0
2025-10-10 19:00:00+00:00,6.215,6.23,5.93,5.95,85444.0
2025-10-13 14:00:00+00:00,5.95,5.95,5.95,5.95,0.0
2025-10-13 15:00:00+00:00,5.95,5.95,5.95,5.95,0.0
2025-10-13 16:00:00+00:00,5.95,5.95,5.95,5.95,0.0
2025-10-13 17:00:00+00:00,5.95,6.67,5.95,6.645,2692.0
2025-10-13 18:00:00+00:00,6.645,6.705,6.58,6.595,9018.0
2025-10-13 19:00:00+00:00,6.6,6.735,6.56,6.57,45311.0
2025-10-14 14:00:00+00:00,8.0,11.28,7.925,9.965,164069.0
2025-10-14 15:00:00+00:00,9.985,10.61,9.39,9.585,127898.0
2025-10-14 16:00:00+00:00,9.585,10.02,9.46,9.66,88110.0
2025-10-14 17:00:00+00:00,9.65,10.07,9.57,9.91,54774.0
2025-10-14 18:00:00+00:00,9.915,10.38,9.82,10.16,81743.0
2025-10-14 19:00:00+00:00,10.155,10.845,10.11,10.455,89642.0
2025-10-15 14:00:00+00:00,9.165,9.39,8.9,9.135,22822.0
2025-10-15 15:00:00+00:00,9.14,9.15,8.725,8.77,24284.0
2025-10-15 16:00:00+00:00,8.775,8.835,8.07,8.135,43564.0
2025-10-15 17:00:00+00:00,8.125,8.395,7.825,8.205,16217.0
2025-10-15 18:00:00+00:00,8.205,8.21,7.92,8.185,20764.0
2025-10-15 19:00:00+00:00,8.185,8.57,8.15,8.435,34683.0
2025-10-16 14:00:00+00:00,7.87,8.085,7.44,7.73,39398.0
2025-10-16 15:00:00+00:00,7.735,7.735,7.305,7.345,22610.0
2025-10-16 16:00:00+00:00,7.35,7.64,7.29,7.545,32215.0
2025-10-16 17:00:00+00:00,7.545,7.575,7.24,7.27,15244.0
2025-10-16 18:00:00+00:00,7.25,7.27,7.1,7.205,20473.0
2025-10-16 19:00:00+00:00,7.185,7.215,7.005,7.07,75934.0
2025-10-17 14:00:00+00:00,6.925,7.025,6.59,6.75,14475.0
2025-10-17 15:00:00+00:00,6.75,6.775,6.37,6.53,25388.0
2025-10-17 16:00:00+00:00,6.52,6.72,6.51,6.52,26293.0
2025-10-17 17:00:00+00:00,6.515,6.595,6.435,6.59,4692.0
2025-10-17 18:00:00+00:00,6.62,6.655,6.485,6.505,10469.0
2025-10-17 19:00:00+00:00,6.505,6.68,6.435,6.455,15941.0
2025-10-20 14:00:00+00:00,6.32,6.325,6.0,6.23,23458.0
2025-10-20 15:00:00+00:00,6.235,6.37,6.115,6.255,10221.0
2025-10-20 16:00:00+00:00,6.27,6.28,6.065,6.135,5004.0
2025-10-20 17:00:00+00:00,6.135,6.25,6.09,6.205,7136.0
2025-10-20 18:00:00+00:00,6.195,6.38,6.175,6.205,13287.0
2025-10-20 19:00:00+00:00,6.21,6.29,6.095,6.165,40524.0
2025-10-21 14:00:00+00:00,5.58,5.79,5.55,5.75,13781.0
2025-10-21 15:00:00+00:00,5.75,5.87,5.71,5.785,15974.0
2025-10-21 16:00:00+00:00,5.79,5.8,5.61,5.635,8154.0
2025-10-21 17:00:00+00:00,5.63,5.69,5.58,5.61,10417.0
2025-10-21 18:00:00+00:00,5.61,5.69,5.56,5.645,5053.0
2025-10-21 19:00:00+00:00,5.63,5.71,5.56,5.56,24477.0
2025-10-22 14:00:00+00:00,5.365,5.435,5.0,5.11,67451.0
2025-10-22 15:00:00+00:00,5.095,5.155,4.97,5.08,35579.0
2025-10-22 16:00:00+00:00,5.08,5.125,4.95,4.98,9056.0
2025-10-22 17:00:00+00:00,4.98,5.025,4.725,4.765,7338.0
2025-10-22 18:00:00+00:00,4.78,5.01,4.73,4.95,14788.0
2025-10-22 19:00:00+00:00,4.95,5.24,4.95,5.165,60478.0
2025-10-23 14:00:00+00:00,5.205,5.235,5.06,5.175,37063.0
2025-10-23 15:00:00+00:00,5.18,5.545,5.175,5.36,21023.0
2025-10-23 16:00:00+00:00,5.36,5.375,5.245,5.285,16372.0
2025-10-23 17:00:00+00:00,5.29,5.37,5.205,5.315,12555.0
2025-10-23 18:00:00+00:00,5.305,5.315,5.205,5.27,14736.0
2025-10-23 19:00:00+00:00,5.275,5.285,5.16,5.195,24411.0
2025-10-24 14:00:00+00:00,5.98,6.0,5.59,5.645,36592.0
2025-10-24 15:00:00+00:00,5.65,5.985,5.65,5.985,23040.0
2025-10-24 16:00:00+00:00,5.98,6.245,5.975,6.115,30061.0
2025-10-24 17:00:00+00:00,6.12,6.17,5.885,5.98,17770.0
2025-10-24 18:00:00+00:00,5.98,6.03,5.915,5.955,17547.0
2025-10-24 19:00:00+00:00,5.955,6.03,5.86,5.985,46296.0
2025-10-27 14:00:00+00:00,4.985,5.055,4.845,4.88,30517.0
2025-10-27 15:00:00+00:00,4.875,5.04,4.85,4.985,13398.0
2025-10-27 16:00:00+00:00,4.985,5.05,4.95,5.015,17991.0
2025-10-27 17:00:00+00:00,5.015,5.11,4.975,5.085,18212.0
2025-10-27 18:00:00+00:00,5.08,5.105,5.005,5.065,21837.0
2025-10-27 19:00:00+00:00,5.06,5.13,4.965,4.985,69962.0
2025-10-28 14:00:00+00:00,4.935,5.055,4.915,4.94,5860.0
2025-10-28 15:00:00+00:00,4.935,5.035,4.915,4.975,6611.0
2025-10-28 16:00:00+00:00,4.98,5.01,4.895,4.895,8722.0
2025-10-28 17:00:00+00:00,4.895,4.895,4.75,4.8,5629.0
2025-10-28 18:00:00+00:00,4.8,5.1,4.78,4.935,25573.0
2025-10-28 19:00:00+00:00,4.935,4.96,4.84,4.905,22397.0
2025-10-29 14:00:00+00:00,4.665,4.815,4.595,4.79,16560.0
2025-10-29 15:00:00+00:00,4.79,4.88,4.76,4.875,19402.0
2025-10-29 16:00:00+00:00,4.87,4.885,4.79,4.835,17399.0
2025-10-29 17:00:00+00:00,4.83,4.835,4.72,4.76,6830.0
2025-10-29 18:00:00+00:00,4.77,4.8,4.605,4.71,13080.0
2025-10-29 19:00:00+00:00,4.71,4.86,4.68,4.72,26520.0
