date,Open,High,Low,Close,Volume
2024-12-16 15:00:00+00:00,20.14,20.895,20.125,20.87,0.0
2024-12-16 16:00:00+00:00,20.87,21.335,20.86,21.2,0.0
2024-12-16 17:00:00+00:00,21.19,21.48,21.16,21.46,901.0
2024-12-16 18:00:00+00:00,21.46,21.465,21.16,21.38,113.0
2024-12-16 19:00:00+00:00,21.37,21.42,21.215,21.33,0.0
2024-12-16 20:00:00+00:00,21.33,21.57,21.265,21.57,263.0
2024-12-17 15:00:00+00:00,22.685,22.73,21.84,22.45,900.0
2024-12-17 16:00:00+00:00,22.44,22.49,21.4,21.565,1122.0
2024-12-17 17:00:00+00:00,21.53,22.2,21.26,22.19,343.0
2024-12-17 18:00:00+00:00,22.18,22.34,21.98,22.02,200.0
2024-12-17 19:00:00+00:00,22.02,22.49,21.92,22.45,201.0
2024-12-17 20:00:00+00:00,22.44,22.705,22.31,22.545,275.0
2024-12-18 15:00:00+00:00,21.95,22.445,21.94,22.31,100.0
2024-12-18 16:00:00+00:00,22.31,23.05,22.17,22.84,186.0
2024-12-18 17:00:00+00:00,22.83,22.87,22.23,22.4,380.0
2024-12-18 18:00:00+00:00,22.4,22.425,22.08,22.32,0.0
2024-12-18 19:00:00+00:00,22.32,22.4,21.32,21.33,248.0
2024-12-18 20:00:00+00:00,21.41,21.415,19.525,20.3,3392.0
2024-12-19 15:00:00+00:00,20.82,20.82,20.045,20.27,39.0
2024-12-19 16:00:00+00:00,20.27,20.32,19.71,19.84,188.0
2024-12-19 17:00:00+00:00,19.83,19.91,19.06,19.78,288.0
2024-12-19 18:00:00+00:00,19.75,20.16,19.475,20.16,200.0
2024-12-19 19:00:00+00:00,20.14,20.14,19.98,20.06,0.0
2024-12-19 20:00:00+00:00,20.06,20.24,19.775,19.82,196.0
2024-12-20 15:00:00+00:00,19.34,20.435,19.25,20.17,264.0
2024-12-20 16:00:00+00:00,20.15,20.495,20.01,20.185,2.0
2024-12-20 17:00:00+00:00,20.185,20.57,20.1,20.4,200.0
2024-12-20 18:00:00+00:00,20.4,20.595,20.17,20.19,312.0
2024-12-20 19:00:00+00:00,20.185,20.27,19.88,20.18,817.0
2024-12-20 20:00:00+00:00,20.18,20.22,19.06,19.11,671.0
2024-12-23 15:00:00+00:00,19.34,19.34,19.3,19.3,0.0
2024-12-23 16:00:00+00:00,19.3,19.3,19.3,19.3,0.0
2024-12-23 17:00:00+00:00,19.3,19.3,19.3,19.3,0.0
2024-12-23 18:00:00+00:00,19.3,19.3,19.3,19.3,0.0
2024-12-23 19:00:00+00:00,19.3,19.3,19.3,19.3,0.0
2024-12-23 20:00:00+00:00,19.3,19.3,19.3,19.3,0.0
2024-12-24 15:00:00+00:00,20.73,20.9,20.51,20.85,0.0
2024-12-24 16:00:00+00:00,20.84,20.85,20.69,20.73,0.0
2024-12-24 17:00:00+00:00,20.73,21.41,20.73,21.41,300.0
2024-12-24 18:00:00+00:00,21.41,21.41,21.41,21.41,0.0
2024-12-24 19:00:00+00:00,21.41,21.41,21.41,21.41,0.0
2024-12-24 20:00:00+00:00,21.41,21.41,21.41,21.41,0.0
2024-12-25 15:00:00+00:00,21.41,21.41,21.41,21.41,0.0
2024-12-25 16:00:00+00:00,21.41,21.41,21.41,21.41,0.0
2024-12-25 17:00:00+00:00,21.41,21.41,21.41,21.41,0.0
2024-12-25 18:00:00+00:00,21.41,21.41,21.41,21.41,0.0
2024-12-25 19:00:00+00:00,21.41,21.41,21.41,21.41,0.0
2024-12-25 20:00:00+00:00,21.41,21.41,21.41,21.41,0.0
2024-12-26 15:00:00+00:00,21.2,21.5,21.055,21.215,13.0
2024-12-26 16:00:00+00:00,21.22,21.26,20.955,21.11,0.0
2024-12-26 17:00:00+00:00,21.11,21.13,20.81,20.97,20.0
2024-12-26 18:00:00+00:00,20.97,21.105,20.87,20.87,86.0
2024-12-26 19:00:00+00:00,20.87,21.055,20.81,21.055,10.0
2024-12-26 20:00:00+00:00,21.04,21.27,20.955,20.98,102.0
2024-12-27 15:00:00+00:00,20.14,20.155,19.385,19.99,842.0
2024-12-27 16:00:00+00:00,19.98,20.12,19.76,19.89,100.0
2024-12-27 17:00:00+00:00,19.89,19.9,19.68,19.79,0.0
2024-12-27 18:00:00+00:00,19.785,19.875,19.71,19.855,0.0
2024-12-27 19:00:00+00:00,19.855,19.86,19.53,19.66,0.0
2024-12-27 20:00:00+00:00,19.67,19.73,19.51,19.68,439.0
2024-12-30 15:00:00+00:00,18.865,19.195,18.77,19.02,0.0
2024-12-30 16:00:00+00:00,19.015,19.26,18.93,19.21,0.0
2024-12-30 17:00:00+00:00,19.21,19.295,19.005,19.08,20.0
2024-12-30 18:00:00+00:00,19.075,19.22,18.99,19.14,208.0
2024-12-30 19:00:00+00:00,19.145,19.27,19.08,19.18,0.0
2024-12-30 20:00:00+00:00,19.18,19.21,18.845,18.855,0.0
2024-12-31 15:00:00+00:00,19.115,19.26,18.75,18.77,8.0
2024-12-31 16:00:00+00:00,18.775,18.86,18.56,18.78,0.0
2024-12-31 17:00:00+00:00,18.78,18.825,18.365,18.57,0.0
2024-12-31 18:00:00+00:00,18.57,18.69,18.4,18.4,20.0
2024-12-31 19:00:00+00:00,18.4,18.44,18.06,18.365,0.0
2024-12-31 20:00:00+00:00,18.365,18.44,18.025,18.085,128.0
2025-01-01 15:00:00+00:00,18.085,18.085,18.085,18.085,0.0
2025-01-01 16:00:00+00:00,18.085,18.085,18.085,18.085,0.0
2025-01-01 17:00:00+00:00,18.085,18.085,18.085,18.085,0.0
2025-01-01 18:00:00+00:00,18.085,18.085,18.085,18.085,0.0
2025-01-01 19:00:00+00:00,18.085,18.085,18.085,18.085,0.0
2025-01-01 20:00:00+00:00,18.085,18.085,18.085,18.085,0.0
2025-01-02 15:00:00+00:00,17.205,17.37,16.54,16.805,17.0
2025-01-02 16:00:00+00:00,16.795,17.09,16.67,16.98,384.0
2025-01-02 17:00:00+00:00,16.98,17.04,16.41,16.57,279.0
2025-01-02 18:00:00+00:00,16.54,16.74,16.36,16.73,351.0
2025-01-02 19:00:00+00:00,16.73,16.77,16.53,16.54,0.0
2025-01-02 20:00:00+00:00,16.53,16.82,16.53,16.72,100.0
2025-01-03 15:00:00+00:00,17.25,17.29,16.845,17.145,100.0
2025-01-03 16:00:00+00:00,17.14,17.68,17.1,17.555,604.0
2025-01-03 17:00:00+00:00,17.53,17.66,17.48,17.63,296.0
2025-01-03 18:00:00+00:00,17.625,18.04,17.6,17.98,518.0
2025-01-03 19:00:00+00:00,17.96,18.24,17.94,18.18,794.0
2025-01-03 20:00:00+00:00,18.17,18.495,18.07,18.43,302.0
2025-01-06 15:00:00+00:00,18.87,18.87,18.47,18.73,159.0
2025-01-06 16:00:00+00:00,18.73,18.8,18.225,18.34,0.0
2025-01-06 17:00:00+00:00,18.34,18.49,18.26,18.35,1.0
2025-01-06 18:00:00+00:00,18.33,18.38,17.985,17.985,602.0
2025-01-06 19:00:00+00:00,18.005,18.14,17.93,17.99,15.0
2025-01-06 20:00:00+00:00,17.98,18.47,17.96,18.47,119.0
2025-01-07 15:00:00+00:00,18.215,18.22,17.35,17.76,49.0
2025-01-07 16:00:00+00:00,17.76,17.84,17.435,17.46,0.0
2025-01-07 17:00:00+00:00,17.46,17.63,17.43,17.56,1.0
2025-01-07 18:00:00+00:00,17.55,17.78,17.53,17.54,0.0
2025-01-07 19:00:00+00:00,17.54,17.57,17.41,17.47,0.0
2025-01-07 20:00:00+00:00,17.47,17.53,17.28,17.53,2.0
2025-01-08 15:00:00+00:00,17.67,17.97,17.36,17.625,600.0
2025-01-08 16:00:00+00:00,17.63,17.68,17.44,17.59,0.0
2025-01-08 17:00:00+00:00,17.59,17.605,17.135,17.46,100.0
2025-01-08 18:00:00+00:00,17.46,17.81,17.44,17.63,0.0
2025-01-08 19:00:00+00:00,17.64,17.86,17.54,17.66,0.0
2025-01-08 20:00:00+00:00,17.66,17.715,17.525,17.55,420.0
2025-01-09 15:00:00+00:00,17.55,17.55,17.55,17.55,0.0
2025-01-09 16:00:00+00:00,17.55,17.55,17.55,17.55,0.0
2025-01-09 17:00:00+00:00,17.55,17.55,17.55,17.55,0.0
2025-01-09 18:00:00+00:00,17.55,17.55,17.55,17.55,0.0
2025-01-09 19:00:00+00:00,17.55,17.55,17.55,17.55,0.0
2025-01-09 20:00:00+00:00,17.55,17.55,17.55,17.55,0.0
2025-01-10 15:00:00+00:00,17.09,17.61,16.96,17.37,300.0
2025-01-10 16:00:00+00:00,17.38,17.4,17.1,17.235,0.0
2025-01-10 17:00:00+00:00,17.24,17.54,17.18,17.52,0.0
2025-01-10 18:00:00+00:00,17.51,17.72,17.47,17.67,0.0
2025-01-10 19:00:00+00:00,17.67,17.67,17.475,17.61,100.0
2025-01-10 20:00:00+00:00,17.61,17.655,17.41,17.53,0.0
2025-01-13 15:00:00+00:00,17.53,17.53,17.53,17.53,0.0
2025-01-13 16:00:00+00:00,17.53,17.53,17.12,17.2,0.0
2025-01-13 17:00:00+00:00,17.2,17.69,17.12,17.6,123.0
2025-01-13 18:00:00+00:00,17.59,17.66,17.48,17.51,0.0
2025-01-13 19:00:00+00:00,17.51,17.56,17.36,17.48,0.0
2025-01-13 20:00:00+00:00,17.475,18.03,17.39,18.03,84.0
2025-01-14 15:00:00+00:00,18.58,18.85,18.24,18.27,0.0
2025-01-14 16:00:00+00:00,18.265,18.35,18.055,18.14,957.0
2025-01-14 17:00:00+00:00,18.13,18.24,17.95,18.24,0.0
2025-01-14 18:00:00+00:00,18.22,18.48,18.17,18.4,0.0
2025-01-14 19:00:00+00:00,18.4,18.49,18.0,18.02,0.0
2025-01-14 20:00:00+00:00,18.02,18.08,17.53,17.63,300.0
2025-01-15 15:00:00+00:00,18.675,18.88,18.58,18.585,283.0
2025-01-15 16:00:00+00:00,18.585,18.785,18.505,18.78,0.0
2025-01-15 17:00:00+00:00,18.78,18.98,18.765,18.78,100.0
2025-01-15 18:00:00+00:00,18.78,18.995,18.76,18.89,0.0
2025-01-15 19:00:00+00:00,18.89,19.245,18.885,19.24,214.0
2025-01-15 20:00:00+00:00,19.24,19.48,19.19,19.395,302.0
2025-01-16 15:00:00+00:00,18.655,18.8,18.515,18.7,147.0
2025-01-16 16:00:00+00:00,18.695,18.765,18.39,18.52,805.0
2025-01-16 17:00:00+00:00,18.52,18.605,18.43,18.58,200.0
2025-01-16 18:00:00+00:00,18.58,18.65,18.32,18.365,0.0
2025-01-16 19:00:00+00:00,18.365,18.57,18.325,18.55,0.0
2025-01-16 20:00:00+00:00,18.55,18.69,18.495,18.565,102.0
2025-01-17 15:00:00+00:00,19.2,19.685,19.195,19.48,47.0
2025-01-17 16:00:00+00:00,19.485,19.735,19.42,19.65,12.0
2025-01-17 17:00:00+00:00,19.65,19.865,19.56,19.7,0.0
2025-01-17 18:00:00+00:00,19.7,19.995,19.66,19.98,600.0
2025-01-17 19:00:00+00:00,19.97,20.02,19.875,19.9,22.0
2025-01-17 20:00:00+00:00,19.905,19.905,19.265,19.29,1967.0
2025-01-20 15:00:00+00:00,19.29,19.29,19.29,19.29,0.0
2025-01-20 16:00:00+00:00,19.29,19.29,19.29,19.29,0.0
2025-01-20 17:00:00+00:00,19.29,19.29,19.29,19.29,0.0
2025-01-20 18:00:00+00:00,19.29,19.29,19.29,19.29,0.0
2025-01-20 19:00:00+00:00,19.29,19.29,19.29,19.29,0.0
2025-01-20 20:00:00+00:00,19.29,19.29,19.29,19.29,0.0
2025-01-21 15:00:00+00:00,18.455,18.72,18.135,18.565,600.0
2025-01-21 16:00:00+00:00,18.56,18.765,18.495,18.55,100.0
2025-01-21 17:00:00+00:00,18.55,18.83,18.485,18.785,0.0
2025-01-21 18:00:00+00:00,18.78,18.97,18.725,18.93,50.0
2025-01-21 19:00:00+00:00,18.93,18.98,18.66,18.745,0.0
2025-01-21 20:00:00+00:00,18.735,19.17,18.715,19.14,562.0
2025-01-22 15:00:00+00:00,18.82,19.15,18.69,18.9,200.0
2025-01-22 16:00:00+00:00,18.9,19.1,18.855,19.005,206.0
2025-01-22 17:00:00+00:00,19.005,19.145,18.89,19.095,0.0
2025-01-22 18:00:00+00:00,19.095,19.11,18.775,18.815,2.0
2025-01-22 19:00:00+00:00,18.815,18.915,18.755,18.9,108.0
2025-01-22 20:00:00+00:00,18.9,18.9,18.61,18.635,102.0
2025-01-23 15:00:00+00:00,18.53,18.7,18.365,18.54,600.0
2025-01-23 16:00:00+00:00,18.54,18.61,18.415,18.45,5.0
2025-01-23 17:00:00+00:00,18.445,18.505,18.285,18.435,200.0
2025-01-23 18:00:00+00:00,18.435,18.535,18.375,18.475,286.0
2025-01-23 19:00:00+00:00,18.475,18.485,18.305,18.385,0.0
2025-01-23 20:00:00+00:00,18.38,18.48,18.315,18.48,24.0
2025-01-24 15:00:00+00:00,18.73,18.78,18.485,18.525,0.0
2025-01-24 16:00:00+00:00,18.52,18.655,18.435,18.52,33.0
2025-01-24 17:00:00+00:00,18.515,18.545,18.34,18.38,101.0
2025-01-24 18:00:00+00:00,18.365,18.39,18.215,18.235,75.0
2025-01-24 19:00:00+00:00,18.235,18.295,18.185,18.225,110.0
2025-01-24 20:00:00+00:00,18.225,18.325,18.13,18.14,290.0
2025-01-27 15:00:00+00:00,17.98,18.16,17.635,17.965,400.0
2025-01-27 16:00:00+00:00,17.965,18.095,17.655,17.765,233.0
2025-01-27 17:00:00+00:00,17.78,17.87,17.48,17.495,150.0
2025-01-27 18:00:00+00:00,17.5,17.64,17.42,17.455,200.0
2025-01-27 19:00:00+00:00,17.455,17.595,17.18,17.195,316.0
2025-01-27 20:00:00+00:00,17.18,17.64,17.16,17.64,1530.0
2025-01-28 15:00:00+00:00,17.32,17.475,17.195,17.22,117.0
2025-01-28 16:00:00+00:00,17.22,17.315,17.085,17.245,220.0
2025-01-28 17:00:00+00:00,17.245,17.515,17.235,17.485,0.0
2025-01-28 18:00:00+00:00,17.47,17.545,17.365,17.425,206.0
2025-01-28 19:00:00+00:00,17.425,17.73,17.41,17.69,400.0
2025-01-28 20:00:00+00:00,17.69,17.805,17.59,17.68,0.0
2025-01-29 15:00:00+00:00,17.415,17.495,17.26,17.305,515.0
2025-01-29 16:00:00+00:00,17.305,17.375,17.095,17.125,266.0
2025-01-29 17:00:00+00:00,17.13,17.305,17.115,17.125,200.0
2025-01-29 18:00:00+00:00,17.125,17.255,16.93,17.165,3.0
2025-01-29 19:00:00+00:00,17.105,17.32,16.915,17.22,300.0
2025-01-29 20:00:00+00:00,17.21,17.32,16.98,17.13,1043.0
2025-01-30 15:00:00+00:00,17.09,17.635,16.91,17.29,1051.0
2025-01-30 16:00:00+00:00,17.29,17.835,17.165,17.825,477.0
2025-01-30 17:00:00+00:00,17.82,18.19,17.55,18.17,300.0
2025-01-30 18:00:00+00:00,18.17,18.27,17.88,17.915,0.0
2025-01-30 19:00:00+00:00,17.915,18.125,17.845,18.125,1432.0
2025-01-30 20:00:00+00:00,18.125,18.18,17.72,17.78,0.0
2025-01-31 15:00:00+00:00,18.58,18.785,18.505,18.625,800.0
2025-01-31 16:00:00+00:00,18.63,18.805,18.545,18.795,412.0
2025-01-31 17:00:00+00:00,18.795,18.875,18.715,18.82,0.0
2025-01-31 18:00:00+00:00,18.82,18.86,18.36,18.4,0.0
2025-01-31 19:00:00+00:00,18.4,18.47,17.97,18.12,0.0
2025-01-31 20:00:00+00:00,18.115,18.115,17.845,18.03,31.0
2025-02-03 15:00:00+00:00,16.685,17.15,16.33,17.1,767.0
2025-02-03 16:00:00+00:00,17.1,17.11,16.78,16.795,425.0
2025-02-03 17:00:00+00:00,16.795,16.82,16.51,16.63,224.0
2025-02-03 18:00:00+00:00,16.63,16.725,16.54,16.715,194.0
2025-02-03 19:00:00+00:00,16.715,16.945,16.71,16.88,3.0
2025-02-03 20:00:00+00:00,16.88,16.94,16.725,16.855,300.0
2025-02-04 15:00:00+00:00,17.145,17.24,16.78,16.81,512.0
2025-02-04 16:00:00+00:00,16.81,17.03,16.725,17.01,100.0
2025-02-04 17:00:00+00:00,17.01,17.035,16.805,16.945,27.0
2025-02-04 18:00:00+00:00,16.945,17.075,16.835,16.95,26.0
2025-02-04 19:00:00+00:00,16.95,17.135,16.925,17.015,1.0
2025-02-04 20:00:00+00:00,17.015,17.415,16.955,17.325,152.0
2025-02-05 15:00:00+00:00,16.975,16.99,16.645,16.83,431.0
2025-02-05 16:00:00+00:00,16.83,16.89,16.695,16.865,1.0
2025-02-05 17:00:00+00:00,16.865,16.92,16.735,16.75,100.0
2025-02-05 18:00:00+00:00,16.75,16.76,16.535,16.58,207.0
2025-02-05 19:00:00+00:00,16.58,16.67,16.565,16.59,0.0
2025-02-05 20:00:00+00:00,16.59,16.655,16.395,16.545,165.0
2025-02-06 15:00:00+00:00,15.92,16.05,15.725,15.815,862.0
2025-02-06 16:00:00+00:00,15.815,16.045,15.76,16.0,143.0
2025-02-06 17:00:00+00:00,16.0,16.145,15.97,16.04,30.0
2025-02-06 18:00:00+00:00,16.04,16.32,16.015,16.215,200.0
2025-02-06 19:00:00+00:00,16.215,16.22,15.98,16.045,402.0
2025-02-06 20:00:00+00:00,16.045,16.335,15.955,16.33,367.0
2025-02-07 15:00:00+00:00,16.34,16.4,16.045,16.13,37.0
2025-02-07 16:00:00+00:00,16.135,16.19,15.935,15.96,87.0
2025-02-07 17:00:00+00:00,15.95,16.095,15.89,16.04,40.0
2025-02-07 18:00:00+00:00,16.04,16.16,15.915,15.92,1.0
2025-02-07 19:00:00+00:00,15.92,15.95,15.73,15.78,20.0
2025-02-07 20:00:00+00:00,15.77,15.77,15.565,15.635,50.0
2025-02-10 15:00:00+00:00,15.3,15.67,15.26,15.52,400.0
2025-02-10 16:00:00+00:00,15.51,15.69,15.505,15.645,0.0
2025-02-10 17:00:00+00:00,15.645,15.65,15.415,15.58,200.0
2025-02-10 18:00:00+00:00,15.58,15.62,15.375,15.425,100.0
2025-02-10 19:00:00+00:00,15.425,15.485,15.2,15.265,235.0
2025-02-10 20:00:00+00:00,15.27,15.295,15.03,15.04,108.0
2025-02-11 15:00:00+00:00,14.71,14.75,14.425,14.44,765.0
2025-02-11 16:00:00+00:00,14.44,14.505,14.205,14.26,400.0
2025-02-11 17:00:00+00:00,14.26,14.265,14.045,14.135,202.0
2025-02-11 18:00:00+00:00,14.13,14.155,13.885,14.105,474.0
2025-02-11 19:00:00+00:00,14.105,14.18,13.905,13.93,700.0
2025-02-11 20:00:00+00:00,13.93,13.98,13.67,13.845,1200.0
2025-02-12 15:00:00+00:00,14.12,14.515,14.075,14.455,600.0
2025-02-12 16:00:00+00:00,14.455,14.505,14.3,14.41,200.0
2025-02-12 17:00:00+00:00,14.405,14.705,14.395,14.665,315.0
2025-02-12 18:00:00+00:00,14.665,14.745,14.56,14.625,110.0
2025-02-12 19:00:00+00:00,14.635,14.78,14.605,14.76,0.0
2025-02-12 20:00:00+00:00,14.76,14.79,14.225,14.26,637.0
2025-02-13 15:00:00+00:00,14.875,15.445,14.86,15.345,407.0
2025-02-13 16:00:00+00:00,15.34,15.36,14.9,14.94,50.0
2025-02-13 17:00:00+00:00,14.945,15.065,14.885,15.02,759.0
2025-02-13 18:00:00+00:00,15.02,15.15,14.96,15.045,600.0
2025-02-13 19:00:00+00:00,15.035,15.15,14.98,15.115,0.0
2025-02-13 20:00:00+00:00,15.115,15.345,15.115,15.3,1393.0
2025-02-14 15:00:00+00:00,15.13,15.29,14.97,15.04,756.0
2025-02-14 16:00:00+00:00,15.04,15.115,14.835,15.045,2155.0
2025-02-14 17:00:00+00:00,15.045,15.08,14.895,15.025,102.0
2025-02-14 18:00:00+00:00,15.025,15.215,14.995,15.125,12.0
2025-02-14 19:00:00+00:00,15.13,15.215,15.09,15.205,86.0
2025-02-14 20:00:00+00:00,15.205,15.32,15.155,15.285,800.0
2025-02-17 15:00:00+00:00,15.285,15.285,15.285,15.285,0.0
2025-02-17 16:00:00+00:00,15.285,15.285,15.285,15.285,0.0
2025-02-17 17:00:00+00:00,15.285,15.285,15.285,15.285,0.0
2025-02-17 18:00:00+00:00,15.285,15.285,15.285,15.285,0.0
2025-02-17 19:00:00+00:00,15.285,15.285,15.285,15.285,0.0
2025-02-17 20:00:00+00:00,15.285,15.285,15.285,15.285,0.0
2025-02-18 15:00:00+00:00,15.36,15.405,15.15,15.31,7935.0
2025-02-18 16:00:00+00:00,15.31,15.355,15.225,15.255,2142.0
2025-02-18 17:00:00+00:00,15.255,15.255,15.16,15.22,2951.0
2025-02-18 18:00:00+00:00,15.22,15.22,14.97,15.045,3973.0
2025-02-18 19:00:00+00:00,15.05,15.22,15.04,15.185,2647.0
2025-02-18 20:00:00+00:00,15.185,15.205,15.09,15.18,2560.0
2025-02-19 15:00:00+00:00,15.71,15.905,15.495,15.54,720.0
2025-02-19 16:00:00+00:00,15.54,15.6,15.41,15.555,210.0
2025-02-19 17:00:00+00:00,15.55,15.785,15.54,15.635,164.0
2025-02-19 18:00:00+00:00,15.64,15.735,15.545,15.545,200.0
2025-02-19 19:00:00+00:00,15.545,15.685,15.485,15.65,20.0
2025-02-19 20:00:00+00:00,15.65,15.66,15.36,15.54,250.0
2025-02-20 15:00:00+00:00,15.01,15.195,14.855,14.975,394.0
2025-02-20 16:00:00+00:00,14.97,15.225,14.955,15.13,154.0
2025-02-20 17:00:00+00:00,15.13,15.255,15.085,15.105,800.0
2025-02-20 18:00:00+00:00,15.105,15.17,15.055,15.135,846.0
2025-02-20 19:00:00+00:00,15.13,15.195,15.015,15.185,200.0
2025-02-20 20:00:00+00:00,15.185,15.23,15.115,15.2,1941.0
2025-02-21 15:00:00+00:00,15.07,15.17,14.685,14.845,923.0
2025-02-21 16:00:00+00:00,14.845,14.875,14.53,14.585,2.0
2025-02-21 17:00:00+00:00,14.585,14.62,14.34,14.395,232.0
2025-02-21 18:00:00+00:00,14.395,14.57,14.26,14.33,16.0
2025-02-21 19:00:00+00:00,14.335,14.375,14.125,14.255,50.0
2025-02-21 20:00:00+00:00,14.255,14.355,14.155,14.295,497.0
2025-02-24 15:00:00+00:00,13.855,14.035,13.615,13.79,411.0
2025-02-24 16:00:00+00:00,13.795,14.15,13.725,14.03,148.0
2025-02-24 17:00:00+00:00,14.03,14.365,14.015,14.22,17.0
2025-02-24 18:00:00+00:00,14.22,14.365,14.21,14.24,0.0
2025-02-24 19:00:00+00:00,14.245,14.32,14.045,14.145,500.0
2025-02-24 20:00:00+00:00,14.15,14.155,13.89,13.92,200.0
2025-02-25 15:00:00+00:00,12.94,13.005,12.39,12.54,601.0
2025-02-25 16:00:00+00:00,12.545,12.65,12.25,12.625,200.0
2025-02-25 17:00:00+00:00,12.62,12.62,12.4,12.505,0.0
2025-02-25 18:00:00+00:00,12.51,12.65,12.345,12.355,0.0
2025-02-25 19:00:00+00:00,12.35,12.425,12.17,12.39,500.0
2025-02-25 20:00:00+00:00,12.39,12.525,12.22,12.455,6.0
2025-02-26 15:00:00+00:00,12.57,12.685,12.02,12.34,200.0
2025-02-26 16:00:00+00:00,12.34,12.435,12.185,12.225,0.0
2025-02-26 17:00:00+00:00,12.22,12.42,12.105,12.13,206.0
2025-02-26 18:00:00+00:00,12.13,12.175,11.875,11.88,0.0
2025-02-26 19:00:00+00:00,11.88,11.945,11.74,11.765,652.0
2025-02-26 20:00:00+00:00,11.77,11.94,11.695,11.85,503.0
2025-02-27 15:00:00+00:00,11.445,11.98,11.335,11.625,715.0
2025-02-27 16:00:00+00:00,11.63,11.91,11.57,11.585,200.0
2025-02-27 17:00:00+00:00,11.585,11.795,11.5,11.775,600.0
2025-02-27 18:00:00+00:00,11.775,11.9,11.695,11.735,0.0
2025-02-27 19:00:00+00:00,11.725,11.735,11.445,11.52,133.0
2025-02-27 20:00:00+00:00,11.535,11.535,11.355,11.395,1255.0
2025-02-28 15:00:00+00:00,11.355,11.945,11.21,11.88,1110.0
2025-02-28 16:00:00+00:00,11.88,11.895,11.65,11.725,121.0
2025-02-28 17:00:00+00:00,11.725,11.885,11.48,11.48,401.0
2025-02-28 18:00:00+00:00,11.475,11.665,11.355,11.445,104.0
2025-02-28 19:00:00+00:00,11.445,11.845,11.435,11.76,0.0
2025-02-28 20:00:00+00:00,11.76,11.975,11.735,11.95,512.0
2025-03-03 15:00:00+00:00,11.91,12.385,11.91,12.065,800.0
2025-03-03 16:00:00+00:00,12.07,12.43,12.055,12.385,1114.0
2025-03-03 17:00:00+00:00,12.38,12.38,11.76,11.785,536.0
2025-03-03 18:00:00+00:00,11.78,11.82,11.53,11.685,302.0
2025-03-03 19:00:00+00:00,11.68,11.815,11.445,11.45,700.0
2025-03-03 20:00:00+00:00,11.45,11.535,11.145,11.53,1576.0
2025-03-04 15:00:00+00:00,10.54,10.68,10.37,10.565,1795.0
2025-03-04 16:00:00+00:00,10.57,10.77,10.375,10.69,900.0
2025-03-04 17:00:00+00:00,10.69,10.935,10.61,10.8,649.0
2025-03-04 18:00:00+00:00,10.8,11.115,10.765,11.095,100.0
2025-03-04 19:00:00+00:00,11.095,11.36,11.075,11.3,400.0
2025-03-04 20:00:00+00:00,11.29,11.495,10.785,10.88,1628.0
2025-03-05 15:00:00+00:00,11.1,11.19,10.75,10.925,400.0
2025-03-05 16:00:00+00:00,10.92,10.95,10.675,10.89,847.0
2025-03-05 17:00:00+00:00,10.89,11.08,10.845,11.045,100.0
2025-03-05 18:00:00+00:00,11.045,11.05,10.825,11.015,697.0
2025-03-05 19:00:00+00:00,11.01,11.235,10.965,11.085,390.0
2025-03-05 20:00:00+00:00,11.085,11.225,10.955,11.215,501.0
2025-03-06 15:00:00+00:00,10.6,10.905,10.56,10.765,357.0
2025-03-06 16:00:00+00:00,10.77,10.845,10.515,10.515,623.0
2025-03-06 17:00:00+00:00,10.51,10.57,10.365,10.47,478.0
2025-03-06 18:00:00+00:00,10.47,10.505,10.275,10.415,72.0
2025-03-06 19:00:00+00:00,10.415,10.605,10.275,10.365,455.0
2025-03-06 20:00:00+00:00,10.36,10.49,10.285,10.445,883.0
2025-03-07 15:00:00+00:00,10.37,10.49,10.125,10.22,158.0
2025-03-07 16:00:00+00:00,10.215,10.26,9.815,9.905,221.0
2025-03-07 17:00:00+00:00,9.905,10.325,9.885,10.11,750.0
2025-03-07 18:00:00+00:00,10.11,10.48,10.1,10.435,300.0
2025-03-07 19:00:00+00:00,10.435,10.48,10.23,10.3,400.0
2025-03-07 20:00:00+00:00,10.29,10.455,10.195,10.4,1174.0
2025-03-10 14:00:00+00:00,9.46,9.46,9.165,9.23,1811.0
2025-03-10 15:00:00+00:00,9.235,9.32,9.23,9.255,349.0
2025-03-10 16:00:00+00:00,9.255,9.255,9.255,9.255,0.0
2025-03-10 17:00:00+00:00,9.255,9.255,8.54,8.575,1215.0
2025-03-10 18:00:00+00:00,8.575,8.665,8.42,8.43,2183.0
2025-03-10 19:00:00+00:00,8.43,8.525,8.295,8.385,2069.0
2025-03-11 14:00:00+00:00,8.835,9.03,8.21,8.48,3649.0
2025-03-11 15:00:00+00:00,8.475,8.9,8.43,8.65,591.0
2025-03-11 16:00:00+00:00,8.655,8.79,8.565,8.64,102.0
2025-03-11 17:00:00+00:00,8.64,8.705,8.46,8.685,93.0
2025-03-11 18:00:00+00:00,8.685,9.105,8.675,8.995,140.0
2025-03-11 19:00:00+00:00,8.995,9.03,8.74,8.79,100.0
2025-03-12 14:00:00+00:00,9.555,9.76,9.375,9.445,7594.0
2025-03-12 15:00:00+00:00,9.45,9.605,9.295,9.565,3023.0
2025-03-12 16:00:00+00:00,9.57,9.815,9.5,9.61,1515.0
2025-03-12 17:00:00+00:00,9.605,9.775,9.51,9.525,1660.0
2025-03-12 18:00:00+00:00,9.525,9.715,9.52,9.685,1234.0
2025-03-12 19:00:00+00:00,9.675,9.685,9.525,9.63,6950.0
2025-03-13 14:00:00+00:00,9.045,9.325,8.95,9.095,7422.0
2025-03-13 15:00:00+00:00,9.1,9.155,8.92,8.965,5023.0
2025-03-13 16:00:00+00:00,8.965,9.165,8.955,9.105,5006.0
2025-03-13 17:00:00+00:00,9.09,9.205,8.995,9.145,1500.0
2025-03-13 18:00:00+00:00,9.135,9.335,9.135,9.295,2000.0
2025-03-13 19:00:00+00:00,9.285,9.365,9.145,9.275,3557.0
2025-03-14 14:00:00+00:00,9.315,9.5,9.265,9.5,1393.0
2025-03-14 15:00:00+00:00,9.49,9.7,9.475,9.665,1775.0
2025-03-14 16:00:00+00:00,9.665,9.675,9.535,9.655,1700.0
2025-03-14 17:00:00+00:00,9.65,9.695,9.585,9.645,1332.0
2025-03-14 18:00:00+00:00,9.645,9.79,9.63,9.705,300.0
2025-03-14 19:00:00+00:00,9.695,9.765,9.605,9.71,4866.0
2025-03-17 14:00:00+00:00,9.4,9.425,9.045,9.07,5029.0
2025-03-17 15:00:00+00:00,9.065,9.115,8.915,8.955,1683.0
2025-03-17 16:00:00+00:00,8.955,9.035,8.88,8.935,800.0
2025-03-17 17:00:00+00:00,8.935,9.12,8.905,9.075,0.0
2025-03-17 18:00:00+00:00,9.07,9.25,9.045,9.22,965.0
2025-03-17 19:00:00+00:00,9.215,9.225,9.085,9.145,1410.0
2025-03-18 14:00:00+00:00,8.45,8.575,8.375,8.485,3168.0
2025-03-18 15:00:00+00:00,8.485,8.72,8.41,8.675,696.0
2025-03-18 16:00:00+00:00,8.67,8.725,8.55,8.655,500.0
2025-03-18 17:00:00+00:00,8.66,8.69,8.495,8.515,3924.0
2025-03-18 18:00:00+00:00,8.515,8.635,8.42,8.6,502.0
2025-03-18 19:00:00+00:00,8.6,8.625,8.49,8.53,1839.0
2025-03-19 14:00:00+00:00,8.735,8.925,8.725,8.795,3634.0
2025-03-19 15:00:00+00:00,8.79,9.075,8.78,9.005,346.0
2025-03-19 16:00:00+00:00,9.005,9.025,8.915,8.97,28.0
2025-03-19 17:00:00+00:00,8.975,8.99,8.865,8.885,300.0
2025-03-19 18:00:00+00:00,8.945,9.105,8.84,9.095,1372.0
2025-03-19 19:00:00+00:00,9.09,9.285,8.98,9.015,1600.0
2025-03-20 14:00:00+00:00,9.005,9.12,8.98,9.04,1418.0
2025-03-20 15:00:00+00:00,9.04,9.05,8.74,8.83,100.0
2025-03-20 16:00:00+00:00,8.825,8.935,8.81,8.895,564.0
2025-03-20 17:00:00+00:00,8.895,9.055,8.885,8.965,340.0
2025-03-20 18:00:00+00:00,8.97,8.99,8.825,8.85,500.0
2025-03-20 19:00:00+00:00,8.85,9.035,8.84,9.035,3149.0
2025-03-21 14:00:00+00:00,9.285,9.325,9.07,9.265,1972.0
2025-03-21 15:00:00+00:00,9.27,9.335,9.175,9.27,128.0
2025-03-21 16:00:00+00:00,9.27,9.535,9.215,9.535,434.0
2025-03-21 17:00:00+00:00,9.53,9.57,9.415,9.505,200.0
2025-03-21 18:00:00+00:00,9.505,9.565,9.475,9.5,600.0
2025-03-21 19:00:00+00:00,9.5,9.65,9.425,9.64,2310.0
2025-03-24 14:00:00+00:00,10.535,10.885,10.51,10.755,1100.0
2025-03-24 15:00:00+00:00,10.755,10.835,10.655,10.745,819.0
2025-03-24 16:00:00+00:00,10.745,10.935,10.725,10.835,200.0
2025-03-24 17:00:00+00:00,10.835,10.895,10.755,10.87,102.0
2025-03-24 18:00:00+00:00,10.865,10.915,10.815,10.835,800.0
2025-03-24 19:00:00+00:00,10.835,11.07,10.825,11.05,914.0
2025-03-25 14:00:00+00:00,10.895,11.125,10.715,11.01,1800.0
2025-03-25 15:00:00+00:00,11.01,11.07,10.895,11.005,1700.0
2025-03-25 16:00:00+00:00,11.005,11.175,11.0,11.09,300.0
2025-03-25 17:00:00+00:00,11.09,11.15,10.985,11.035,700.0
2025-03-25 18:00:00+00:00,11.03,11.325,11.0,11.245,875.0
2025-03-25 19:00:00+00:00,11.24,11.545,11.22,11.54,672.0
2025-03-26 14:00:00+00:00,11.065,11.17,10.765,10.975,803.0
2025-03-26 15:00:00+00:00,10.985,11.105,10.81,10.825,1105.0
2025-03-26 16:00:00+00:00,10.825,10.885,10.615,10.64,1392.0
2025-03-26 17:00:00+00:00,10.64,10.81,10.57,10.665,1518.0
2025-03-26 18:00:00+00:00,10.67,10.765,10.615,10.62,801.0
2025-03-26 19:00:00+00:00,10.62,10.76,10.465,10.75,3882.0
2025-03-27 14:00:00+00:00,11.065,11.705,10.96,11.675,1365.0
2025-03-27 15:00:00+00:00,11.68,11.685,11.235,11.305,1900.0
2025-03-27 16:00:00+00:00,11.305,11.485,10.99,11.005,2067.0
2025-03-27 17:00:00+00:00,11.005,11.105,10.815,10.935,1090.0
2025-03-27 18:00:00+00:00,10.935,11.105,10.89,10.97,1270.0
2025-03-27 19:00:00+00:00,10.975,11.115,10.73,10.79,2655.0
2025-03-28 14:00:00+00:00,10.83,10.84,10.17,10.37,1682.0
2025-03-28 15:00:00+00:00,10.37,10.535,10.285,10.295,415.0
2025-03-28 16:00:00+00:00,10.3,10.385,10.215,10.315,925.0
2025-03-28 17:00:00+00:00,10.305,10.425,10.24,10.3,800.0
2025-03-28 18:00:00+00:00,10.3,10.41,10.265,10.325,860.0
2025-03-28 19:00:00+00:00,10.325,10.375,10.16,10.31,2133.0
2025-03-31 14:00:00+00:00,9.585,9.75,9.4,9.545,3705.0
2025-03-31 15:00:00+00:00,9.555,9.86,9.545,9.77,6150.0
2025-03-31 16:00:00+00:00,9.77,9.96,9.675,9.88,324.0
2025-03-31 17:00:00+00:00,9.875,9.985,9.775,9.85,2240.0
2025-03-31 18:00:00+00:00,9.85,10.16,9.835,10.04,3981.0
2025-03-31 19:00:00+00:00,10.045,10.18,9.955,10.09,1800.0
2025-04-01 14:00:00+00:00,10.33,10.755,10.19,10.75,1000.0
2025-04-01 15:00:00+00:00,10.745,10.93,10.67,10.88,1000.0
2025-04-01 16:00:00+00:00,10.885,10.985,10.665,10.835,3329.0
2025-04-01 17:00:00+00:00,10.84,10.91,10.765,10.845,6006.0
2025-04-01 18:00:00+00:00,10.85,10.875,10.485,10.585,8397.0
2025-04-01 19:00:00+00:00,10.57,10.675,10.53,10.555,8402.0
2025-04-02 14:00:00+00:00,10.205,10.45,10.135,10.37,9896.0
2025-04-02 15:00:00+00:00,10.36,11.19,10.315,11.04,3545.0
2025-04-02 16:00:00+00:00,11.04,11.33,10.93,11.16,13533.0
2025-04-02 17:00:00+00:00,11.16,11.32,11.06,11.275,8323.0
2025-04-02 18:00:00+00:00,11.27,11.31,11.035,11.145,3763.0
2025-04-02 19:00:00+00:00,11.15,11.355,11.055,11.245,13785.0
2025-04-03 14:00:00+00:00,10.705,10.72,10.195,10.23,5474.0
2025-04-03 15:00:00+00:00,10.225,10.525,10.2,10.475,4290.0
2025-04-03 16:00:00+00:00,10.465,10.69,10.46,10.61,400.0
2025-04-03 17:00:00+00:00,10.61,10.695,10.47,10.505,488.0
2025-04-03 18:00:00+00:00,10.51,10.61,10.445,10.58,73.0
2025-04-03 19:00:00+00:00,10.575,10.635,10.355,10.49,1264.0
2025-04-04 14:00:00+00:00,9.74,9.75,8.95,9.28,5834.0
2025-04-04 15:00:00+00:00,9.275,9.58,9.175,9.245,5773.0
2025-04-04 16:00:00+00:00,9.24,9.38,9.12,9.22,200.0
2025-04-04 17:00:00+00:00,9.23,9.395,9.12,9.385,1400.0
2025-04-04 18:00:00+00:00,9.38,9.44,9.09,9.13,4782.0
2025-04-04 19:00:00+00:00,9.13,9.39,9.07,9.095,3400.0
2025-04-07 14:00:00+00:00,8.66,9.72,8.385,8.835,33032.0
2025-04-07 15:00:00+00:00,8.835,8.98,8.455,8.56,18558.0
2025-04-07 16:00:00+00:00,8.55,8.695,8.435,8.49,16143.0
2025-04-07 17:00:00+00:00,8.495,9.01,8.49,8.99,22752.0
2025-04-07 18:00:00+00:00,8.99,9.015,8.67,8.69,8869.0
2025-04-07 19:00:00+00:00,8.68,8.87,8.56,8.845,10900.0
2025-04-08 14:00:00+00:00,9.395,9.62,9.295,9.31,9547.0
2025-04-08 15:00:00+00:00,9.31,9.465,9.225,9.28,1100.0
2025-04-08 16:00:00+00:00,9.27,9.27,8.73,8.73,1800.0
2025-04-08 17:00:00+00:00,8.735,8.91,8.575,8.84,3299.0
2025-04-08 18:00:00+00:00,8.82,8.845,8.555,8.585,4535.0
2025-04-08 19:00:00+00:00,8.585,8.615,8.095,8.275,1720.0
2025-04-09 14:00:00+00:00,8.76,8.87,8.5,8.515,10573.0
2025-04-09 15:00:00+00:00,8.51,8.76,8.5,8.64,1100.0
2025-04-09 16:00:00+00:00,8.645,8.865,8.6,8.79,2285.0
2025-04-09 17:00:00+00:00,8.79,10.065,8.79,10.065,8097.0
2025-04-09 18:00:00+00:00,10.135,10.37,9.89,10.145,3186.0
2025-04-09 19:00:00+00:00,10.145,10.72,10.03,10.615,1500.0
2025-04-10 14:00:00+00:00,9.735,9.905,9.63,9.65,3273.0
2025-04-10 15:00:00+00:00,9.65,9.785,9.26,9.285,1879.0
2025-04-10 16:00:00+00:00,9.285,9.4,9.01,9.38,862.0
2025-04-10 17:00:00+00:00,9.38,9.625,9.16,9.565,1635.0
2025-04-10 18:00:00+00:00,9.565,9.855,9.44,9.675,300.0
2025-04-10 19:00:00+00:00,9.67,9.775,9.295,9.635,1150.0
2025-04-11 14:00:00+00:00,9.555,9.595,9.255,9.355,9872.0
2025-04-11 15:00:00+00:00,9.35,9.535,9.165,9.3,6800.0
2025-04-11 16:00:00+00:00,9.295,9.595,9.13,9.49,2000.0
2025-04-11 17:00:00+00:00,9.49,9.555,9.295,9.525,8009.0
2025-04-11 18:00:00+00:00,9.52,9.545,9.38,9.39,2100.0
2025-04-11 19:00:00+00:00,9.39,9.645,9.39,9.645,5904.0
2025-04-14 14:00:00+00:00,9.855,9.995,9.78,9.8,4555.0
2025-04-14 15:00:00+00:00,9.8,9.805,9.43,9.495,1150.0
2025-04-14 16:00:00+00:00,9.495,9.53,9.345,9.36,2000.0
2025-04-14 17:00:00+00:00,9.365,9.515,9.35,9.5,3500.0
2025-04-14 18:00:00+00:00,9.495,9.655,9.46,9.605,623.0
2025-04-14 19:00:00+00:00,9.6,9.825,9.58,9.65,1600.0
2025-04-15 14:00:00+00:00,9.755,9.955,9.695,9.815,3901.0
2025-04-15 15:00:00+00:00,9.815,9.915,9.725,9.805,203.0
2025-04-15 16:00:00+00:00,9.805,9.84,9.65,9.665,205.0
2025-04-15 17:00:00+00:00,9.665,9.725,9.605,9.655,2100.0
2025-04-15 18:00:00+00:00,9.655,9.68,9.575,9.645,1300.0
2025-04-15 19:00:00+00:00,9.645,9.74,9.615,9.73,4307.0
2025-04-16 14:00:00+00:00,9.425,9.57,9.42,9.47,850.0
2025-04-16 15:00:00+00:00,9.475,9.625,9.44,9.47,1790.0
2025-04-16 16:00:00+00:00,9.475,9.485,9.31,9.325,1102.0
2025-04-16 17:00:00+00:00,9.32,9.385,9.065,9.075,1305.0
2025-04-16 18:00:00+00:00,9.075,9.14,8.91,8.92,900.0
2025-04-16 19:00:00+00:00,8.925,9.14,8.765,9.14,1287.0
2025-04-17 14:00:00+00:00,9.175,9.21,8.935,9.055,3100.0
2025-04-17 15:00:00+00:00,9.05,9.155,9.015,9.025,2971.0
2025-04-17 16:00:00+00:00,9.03,9.17,8.975,9.07,2396.0
2025-04-17 17:00:00+00:00,9.075,9.13,8.995,9.085,1200.0
2025-04-17 18:00:00+00:00,9.09,9.145,9.045,9.045,400.0
2025-04-17 19:00:00+00:00,9.04,9.13,8.995,9.11,4040.0
2025-04-18 14:00:00+00:00,9.11,9.11,9.11,9.11,0.0
2025-04-18 15:00:00+00:00,9.11,9.11,9.11,9.11,0.0
2025-04-18 16:00:00+00:00,9.11,9.11,9.11,9.11,0.0
2025-04-18 17:00:00+00:00,9.11,9.11,9.11,9.11,0.0
2025-04-18 18:00:00+00:00,9.11,9.11,9.11,9.11,0.0
2025-04-18 19:00:00+00:00,9.11,9.11,9.11,9.11,0.0
2025-04-21 14:00:00+00:00,8.4,8.43,8.27,8.37,100.0
2025-04-21 15:00:00+00:00,8.37,8.41,8.265,8.275,0.0
2025-04-21 16:00:00+00:00,8.285,8.395,8.275,8.335,1176.0
2025-04-21 17:00:00+00:00,8.325,8.35,8.23,8.25,704.0
2025-04-21 18:00:00+00:00,8.25,8.355,8.245,8.295,110.0
2025-04-21 19:00:00+00:00,8.275,8.475,8.27,8.46,1512.0
2025-04-22 14:00:00+00:00,8.885,8.94,8.785,8.895,2001.0
2025-04-22 15:00:00+00:00,8.89,9.015,8.89,9.005,3741.0
2025-04-22 16:00:00+00:00,9.005,9.18,9.005,9.07,400.0
2025-04-22 17:00:00+00:00,9.075,9.115,8.785,8.815,1500.0
2025-04-22 18:00:00+00:00,8.82,8.985,8.815,8.935,300.0
2025-04-22 19:00:00+00:00,8.935,8.965,8.815,8.95,4415.0
2025-04-23 14:00:00+00:00,9.3,9.9,9.265,9.845,2999.0
2025-04-23 15:00:00+00:00,9.865,9.95,9.625,9.73,2400.0
2025-04-23 16:00:00+00:00,9.73,9.83,9.555,9.81,800.0
2025-04-23 17:00:00+00:00,9.79,9.895,9.73,9.86,400.0
2025-04-23 18:00:00+00:00,9.865,9.9,9.785,9.83,300.0
2025-04-23 19:00:00+00:00,9.825,9.85,9.525,9.555,1400.0
2025-04-24 14:00:00+00:00,9.675,9.9,9.655,9.74,2830.0
2025-04-24 15:00:00+00:00,9.73,9.83,9.655,9.67,1809.0
2025-04-24 16:00:00+00:00,9.665,9.805,9.625,9.78,2245.0
2025-04-24 17:00:00+00:00,9.78,9.785,9.675,9.77,42.0
2025-04-24 18:00:00+00:00,9.77,9.885,9.745,9.82,1826.0
2025-04-24 19:00:00+00:00,9.82,9.965,9.74,9.965,1300.0
2025-04-25 14:00:00+00:00,10.075,10.855,10.075,10.695,1418.0
2025-04-25 15:00:00+00:00,10.695,11.1,10.665,11.005,1922.0
2025-04-25 16:00:00+00:00,11.005,11.245,10.93,11.23,1200.0
2025-04-25 17:00:00+00:00,11.23,11.26,10.98,11.075,1000.0
2025-04-25 18:00:00+00:00,11.075,11.23,11.07,11.195,0.0
2025-04-25 19:00:00+00:00,11.195,11.205,11.015,11.165,1277.0
2025-04-28 14:00:00+00:00,11.21,11.36,10.995,11.02,812.0
2025-04-28 15:00:00+00:00,11.02,11.07,10.62,10.76,0.0
2025-04-28 16:00:00+00:00,10.765,10.85,10.555,10.795,0.0
2025-04-28 17:00:00+00:00,10.805,10.94,10.71,10.925,2218.0
2025-04-28 18:00:00+00:00,10.925,11.025,10.91,10.995,0.0
2025-04-28 19:00:00+00:00,10.99,11.265,10.99,11.22,204.0
2025-04-29 14:00:00+00:00,11.07,11.385,10.9,11.03,300.0
2025-04-29 15:00:00+00:00,11.03,11.16,10.945,11.1,600.0
2025-04-29 16:00:00+00:00,11.105,11.205,11.055,11.105,1302.0
2025-04-29 17:00:00+00:00,11.105,11.25,11.09,11.2,1200.0
2025-04-29 18:00:00+00:00,11.21,11.265,11.165,11.21,1200.0
2025-04-29 19:00:00+00:00,11.21,11.58,11.2,11.51,1181.0
2025-04-30 14:00:00+00:00,10.565,10.805,10.535,10.76,500.0
2025-04-30 15:00:00+00:00,10.78,10.995,10.77,10.85,20.0
2025-04-30 16:00:00+00:00,10.85,10.91,10.68,10.8,0.0
2025-04-30 17:00:00+00:00,10.815,10.945,10.7,10.89,0.0
2025-04-30 18:00:00+00:00,10.89,10.98,10.82,10.875,200.0
2025-04-30 19:00:00+00:00,10.875,11.15,10.875,11.035,1406.0
2025-05-01 14:00:00+00:00,11.085,11.42,10.965,11.38,2356.0
2025-05-01 15:00:00+00:00,11.375,11.455,11.1,11.14,1103.0
2025-05-01 16:00:00+00:00,11.135,11.18,11.035,11.08,0.0
2025-05-01 17:00:00+00:00,11.07,11.21,11.02,11.055,0.0
2025-05-01 18:00:00+00:00,11.045,11.13,11.04,11.06,250.0
2025-05-01 19:00:00+00:00,11.06,11.15,10.96,10.965,1575.0
2025-05-02 14:00:00+00:00,11.055,11.26,10.9,11.235,5846.0
2025-05-02 15:00:00+00:00,11.23,11.32,11.15,11.255,2000.0
2025-05-02 16:00:00+00:00,11.255,11.535,11.22,11.51,1442.0
2025-05-02 17:00:00+00:00,11.51,11.63,11.43,11.59,4000.0
2025-05-02 18:00:00+00:00,11.595,11.64,11.44,11.46,1770.0
2025-05-02 19:00:00+00:00,11.46,11.46,11.205,11.265,7026.0
2025-05-05 14:00:00+00:00,10.97,11.01,10.645,10.77,300.0
2025-05-05 15:00:00+00:00,10.77,10.8,10.665,10.75,0.0
2025-05-05 16:00:00+00:00,10.75,10.93,10.725,10.92,0.0
2025-05-05 17:00:00+00:00,10.92,10.975,10.89,10.935,400.0
2025-05-05 18:00:00+00:00,10.935,11.1,10.92,10.995,0.0
2025-05-05 19:00:00+00:00,10.995,11.055,10.895,10.945,100.0
2025-05-06 14:00:00+00:00,10.55,10.71,10.52,10.635,5361.0
2025-05-06 15:00:00+00:00,10.635,10.73,10.555,10.57,2309.0
2025-05-06 16:00:00+00:00,10.575,10.68,10.54,10.585,500.0
2025-05-06 17:00:00+00:00,10.59,10.66,10.565,10.58,7.0
2025-05-06 18:00:00+00:00,10.58,10.705,10.565,10.695,400.0
2025-05-06 19:00:00+00:00,10.695,10.765,10.66,10.72,200.0
2025-05-07 14:00:00+00:00,10.72,10.78,10.615,10.63,600.0
2025-05-07 15:00:00+00:00,10.635,10.655,10.535,10.585,418.0
2025-05-07 16:00:00+00:00,10.585,10.655,10.54,10.65,600.0
2025-05-07 17:00:00+00:00,10.65,10.715,10.61,10.625,0.0
2025-05-07 18:00:00+00:00,10.625,10.695,10.48,10.6,0.0
2025-05-07 19:00:00+00:00,10.68,10.78,10.56,10.735,0.0
2025-05-08 14:00:00+00:00,11.115,11.17,10.885,10.965,1800.0
2025-05-08 15:00:00+00:00,10.965,11.385,10.955,11.34,1130.0
2025-05-08 16:00:00+00:00,11.34,11.4,11.24,11.3,633.0
2025-05-08 17:00:00+00:00,11.3,11.32,11.21,11.29,300.0
2025-05-08 18:00:00+00:00,11.29,11.36,11.255,11.3,400.0
2025-05-08 19:00:00+00:00,11.3,11.39,11.14,11.155,2149.0
2025-05-09 14:00:00+00:00,12.04,12.23,11.81,11.93,1536.0
2025-05-09 15:00:00+00:00,11.925,12.05,11.74,11.84,2200.0
2025-05-09 16:00:00+00:00,11.84,11.845,11.71,11.745,1214.0
2025-05-09 17:00:00+00:00,11.745,11.945,11.735,11.94,2504.0
2025-05-09 18:00:00+00:00,11.935,11.945,11.72,11.745,2002.0
2025-05-09 19:00:00+00:00,11.745,11.87,11.725,11.79,3783.0
2025-05-12 14:00:00+00:00,12.645,12.86,12.57,12.755,4097.0
2025-05-12 15:00:00+00:00,12.76,12.92,12.72,12.795,704.0
2025-05-12 16:00:00+00:00,12.795,12.85,12.745,12.775,522.0
2025-05-12 17:00:00+00:00,12.77,12.865,12.73,12.83,441.0
2025-05-12 18:00:00+00:00,12.83,12.845,12.685,12.71,630.0
2025-05-12 19:00:00+00:00,12.71,12.81,12.675,12.81,1606.0
2025-05-13 14:00:00+00:00,12.94,13.18,12.91,13.0,1017.0
2025-05-13 15:00:00+00:00,12.995,13.07,12.82,13.01,102.0
2025-05-13 16:00:00+00:00,13.01,13.24,12.905,13.18,878.0
2025-05-13 17:00:00+00:00,13.18,13.725,13.135,13.63,1205.0
2025-05-13 18:00:00+00:00,13.63,13.765,13.51,13.675,2800.0
2025-05-13 19:00:00+00:00,13.675,13.73,13.475,13.57,2379.0
2025-05-14 14:00:00+00:00,13.93,14.13,13.81,13.855,4000.0
2025-05-14 15:00:00+00:00,13.86,14.395,13.75,14.205,319.0
2025-05-14 16:00:00+00:00,14.205,14.35,14.13,14.205,794.0
2025-05-14 17:00:00+00:00,14.205,14.285,14.045,14.275,500.0
2025-05-14 18:00:00+00:00,14.28,14.395,14.205,14.305,1161.0
2025-05-14 19:00:00+00:00,14.305,14.345,14.165,14.28,1981.0
2025-05-15 14:00:00+00:00,13.74,13.97,13.605,13.75,1605.0
2025-05-15 15:00:00+00:00,13.75,13.945,13.73,13.89,1033.0
2025-05-15 16:00:00+00:00,13.89,14.17,13.88,14.12,1800.0
2025-05-15 17:00:00+00:00,14.12,14.195,14.065,14.115,0.0
2025-05-15 18:00:00+00:00,14.12,14.12,13.935,13.955,1300.0
2025-05-15 19:00:00+00:00,13.96,14.09,13.87,14.005,2551.0
2025-05-16 14:00:00+00:00,14.205,14.25,13.995,14.17,252.0
2025-05-16 15:00:00+00:00,14.17,14.355,14.15,14.255,800.0
2025-05-16 16:00:00+00:00,14.255,14.335,14.235,14.26,0.0
2025-05-16 17:00:00+00:00,14.255,14.325,14.195,14.275,0.0
2025-05-16 18:00:00+00:00,14.275,14.295,14.225,14.265,1600.0
2025-05-16 19:00:00+00:00,14.265,14.385,14.245,14.35,849.0
2025-05-19 14:00:00+00:00,13.78,14.025,13.755,13.82,1300.0
2025-05-19 15:00:00+00:00,13.815,13.85,13.705,13.74,0.0
2025-05-19 16:00:00+00:00,13.75,13.885,13.72,13.875,400.0
2025-05-19 17:00:00+00:00,13.875,14.02,13.86,13.9,800.0
2025-05-19 18:00:00+00:00,13.9,13.945,13.83,13.935,2496.0
2025-05-19 19:00:00+00:00,13.93,14.015,13.905,13.975,3955.0
2025-05-20 14:00:00+00:00,14.09,14.24,14.025,14.15,10872.0
2025-05-20 15:00:00+00:00,14.15,14.39,14.13,14.35,500.0
2025-05-20 16:00:00+00:00,14.35,14.485,14.255,14.42,1387.0
2025-05-20 17:00:00+00:00,14.42,14.495,14.335,14.445,43.0
2025-05-20 18:00:00+00:00,14.445,14.635,14.105,14.155,2722.0
2025-05-20 19:00:00+00:00,14.155,14.175,13.955,14.05,1667.0
2025-05-21 14:00:00+00:00,14.09,14.24,13.95,14.115,966.0
2025-05-21 15:00:00+00:00,14.11,14.185,14.04,14.135,440.0
2025-05-21 16:00:00+00:00,14.135,14.245,14.095,14.185,2100.0
2025-05-21 17:00:00+00:00,14.185,14.235,13.595,13.79,400.0
2025-05-21 18:00:00+00:00,13.79,13.815,13.63,13.645,100.0
2025-05-21 19:00:00+00:00,13.645,13.695,13.475,13.61,3432.0
2025-05-22 14:00:00+00:00,13.84,14.005,13.755,13.91,3502.0
2025-05-22 15:00:00+00:00,13.9,14.1,13.855,14.06,0.0
2025-05-22 16:00:00+00:00,14.06,14.07,13.945,14.025,200.0
2025-05-22 17:00:00+00:00,14.025,14.175,14.0,14.12,2191.0
2025-05-22 18:00:00+00:00,14.115,14.23,14.075,14.22,1300.0
2025-05-22 19:00:00+00:00,14.22,14.24,13.94,13.955,2852.0
2025-05-23 14:00:00+00:00,13.705,13.8,13.585,13.7,1494.0
2025-05-23 15:00:00+00:00,13.7,13.755,13.615,13.72,0.0
2025-05-23 16:00:00+00:00,13.72,13.89,13.665,13.855,2900.0
2025-05-23 17:00:00+00:00,13.86,14.025,13.825,13.975,2031.0
2025-05-23 18:00:00+00:00,13.97,13.995,13.83,13.915,400.0
2025-05-23 19:00:00+00:00,13.915,13.95,13.815,13.84,1407.0
2025-05-26 14:00:00+00:00,13.84,13.84,13.84,13.84,0.0
2025-05-26 15:00:00+00:00,13.84,13.84,13.84,13.84,0.0
2025-05-26 16:00:00+00:00,13.84,13.84,13.84,13.84,0.0
2025-05-26 17:00:00+00:00,13.84,13.84,13.84,13.84,0.0
2025-05-26 18:00:00+00:00,13.84,13.84,13.84,13.84,0.0
2025-05-26 19:00:00+00:00,13.84,13.84,13.84,13.84,0.0
2025-05-27 14:00:00+00:00,14.525,14.76,14.525,14.61,3214.0
2025-05-27 15:00:00+00:00,14.61,14.765,14.6,14.72,900.0
2025-05-27 16:00:00+00:00,14.72,14.945,14.705,14.9,1545.0
2025-05-27 17:00:00+00:00,14.91,15.055,14.89,15.025,100.0
2025-05-27 18:00:00+00:00,15.035,15.08,14.855,14.865,1300.0
2025-05-27 19:00:00+00:00,14.86,15.035,14.77,15.015,5148.0
2025-05-28 14:00:00+00:00,14.935,15.115,14.91,14.935,1929.0
2025-05-28 15:00:00+00:00,14.935,15.055,14.9,14.935,2500.0
2025-05-28 16:00:00+00:00,14.935,14.99,14.9,14.95,1002.0
2025-05-28 17:00:00+00:00,14.95,15.04,14.93,15.02,1.0
2025-05-28 18:00:00+00:00,15.02,15.08,14.74,14.82,747.0
2025-05-28 19:00:00+00:00,14.815,14.89,14.67,14.73,901.0
2025-05-29 14:00:00+00:00,15.08,15.12,14.845,15.055,2301.0
2025-05-29 15:00:00+00:00,15.055,15.105,14.905,14.945,712.0
2025-05-29 16:00:00+00:00,14.945,15.07,14.9,15.01,1100.0
2025-05-29 17:00:00+00:00,15.01,15.025,14.67,14.71,1005.0
2025-05-29 18:00:00+00:00,14.71,14.87,14.68,14.81,500.0
2025-05-29 19:00:00+00:00,14.81,14.85,14.725,14.795,2289.0
2025-05-30 14:00:00+00:00,14.68,15.03,14.655,14.955,1144.0
2025-05-30 15:00:00+00:00,14.96,15.06,14.78,14.785,0.0
2025-05-30 16:00:00+00:00,14.785,14.795,14.115,14.17,879.0
2025-05-30 17:00:00+00:00,14.17,14.345,14.11,14.245,0.0
2025-05-30 18:00:00+00:00,14.245,14.455,14.245,14.35,0.0
2025-05-30 19:00:00+00:00,14.35,14.475,14.125,14.135,1269.0
2025-06-02 14:00:00+00:00,13.67,13.855,13.59,13.69,600.0
2025-06-02 15:00:00+00:00,13.69,13.72,13.5,13.66,5060.0
2025-06-02 16:00:00+00:00,13.66,13.785,13.63,13.735,263.0
2025-06-02 17:00:00+00:00,13.735,13.87,13.705,13.765,244.0
2025-06-02 18:00:00+00:00,13.765,13.905,13.755,13.875,1430.0
2025-06-02 19:00:00+00:00,13.88,13.99,13.875,13.975,2828.0
2025-06-03 14:00:00+00:00,14.215,14.355,14.115,14.31,756.0
2025-06-03 15:00:00+00:00,14.31,14.44,14.305,14.37,561.0
2025-06-03 16:00:00+00:00,14.365,14.615,14.355,14.545,300.0
2025-06-03 17:00:00+00:00,14.55,14.615,14.385,14.4,925.0
2025-06-03 18:00:00+00:00,14.4,14.405,14.08,14.315,1636.0
2025-06-03 19:00:00+00:00,14.315,14.36,14.005,14.055,773.0
2025-06-04 14:00:00+00:00,13.57,13.595,13.19,13.455,2692.0
2025-06-04 15:00:00+00:00,13.455,13.58,13.415,13.535,600.0
2025-06-04 16:00:00+00:00,13.535,13.58,13.365,13.46,100.0
2025-06-04 17:00:00+00:00,13.46,13.605,13.425,13.605,0.0
2025-06-04 18:00:00+00:00,13.595,13.595,13.45,13.55,400.0
2025-06-04 19:00:00+00:00,13.55,13.6,13.425,13.43,1680.0
2025-06-05 14:00:00+00:00,12.52,12.795,12.485,12.775,5903.0
2025-06-05 15:00:00+00:00,12.775,12.965,12.725,12.945,6683.0
2025-06-05 16:00:00+00:00,12.945,12.945,11.9,11.915,12539.0
2025-06-05 17:00:00+00:00,11.915,12.125,11.885,11.935,4331.0
2025-06-05 18:00:00+00:00,11.935,11.97,11.175,11.215,3872.0
2025-06-05 19:00:00+00:00,11.215,11.27,10.45,11.03,20851.0
2025-06-06 14:00:00+00:00,11.535,11.935,11.43,11.93,2167.0
2025-06-06 15:00:00+00:00,11.925,12.035,11.73,11.78,1062.0
2025-06-06 16:00:00+00:00,11.78,11.885,11.77,11.79,1399.0
2025-06-06 17:00:00+00:00,11.79,11.845,11.725,11.81,24.0
2025-06-06 18:00:00+00:00,11.815,11.815,11.74,11.79,509.0
2025-06-06 19:00:00+00:00,11.79,11.86,11.44,11.53,4810.0
2025-06-09 14:00:00+00:00,11.395,11.58,11.37,11.465,5455.0
2025-06-09 15:00:00+00:00,11.465,11.655,11.425,11.515,1500.0
2025-06-09 16:00:00+00:00,11.51,11.635,11.455,11.615,608.0
2025-06-09 17:00:00+00:00,11.615,11.81,11.555,11.725,7153.0
2025-06-09 18:00:00+00:00,11.725,11.805,11.685,11.785,1617.0
2025-06-09 19:00:00+00:00,11.79,12.245,11.775,12.16,22117.0
2025-06-10 14:00:00+00:00,12.53,12.635,12.365,12.56,2207.0
2025-06-10 15:00:00+00:00,12.56,12.805,12.525,12.7,5171.0
2025-06-10 16:00:00+00:00,12.695,12.725,12.595,12.615,2926.0
2025-06-10 17:00:00+00:00,12.625,12.855,12.535,12.795,5319.0
2025-06-10 18:00:00+00:00,12.79,12.975,12.655,12.96,4520.0
2025-06-10 19:00:00+00:00,12.955,13.135,12.92,13.045,1396.0
2025-06-11 14:00:00+00:00,13.23,13.465,13.23,13.33,1048.0
2025-06-11 15:00:00+00:00,13.33,13.415,13.215,13.23,200.0
2025-06-11 16:00:00+00:00,13.23,13.275,13.045,13.23,1702.0
2025-06-11 17:00:00+00:00,13.23,13.3,13.01,13.025,2356.0
2025-06-11 18:00:00+00:00,13.03,13.065,12.88,13.015,1788.0
2025-06-11 19:00:00+00:00,13.015,13.075,12.9,13.07,6629.0
2025-06-12 14:00:00+00:00,13.055,13.145,12.935,13.045,2058.0
2025-06-12 15:00:00+00:00,13.045,13.175,12.995,13.075,4095.0
2025-06-12 16:00:00+00:00,13.075,13.37,12.915,12.945,1928.0
2025-06-12 17:00:00+00:00,12.95,13.025,12.835,12.885,997.0
2025-06-12 18:00:00+00:00,12.88,12.905,12.67,12.715,668.0
2025-06-12 19:00:00+00:00,12.71,12.735,12.585,12.695,4415.0
2025-06-13 14:00:00+00:00,12.59,12.685,12.43,12.58,601.0
2025-06-13 15:00:00+00:00,12.58,12.8,12.575,12.755,3657.0
2025-06-13 16:00:00+00:00,12.755,13.245,12.7,13.21,4530.0
2025-06-13 17:00:00+00:00,13.21,13.375,13.205,13.345,2752.0
2025-06-13 18:00:00+00:00,13.345,13.35,12.895,13.015,4693.0
2025-06-13 19:00:00+00:00,13.015,13.205,12.93,13.005,8223.0
2025-06-16 14:00:00+00:00,13.1,13.29,13.055,13.235,2062.0
2025-06-16 15:00:00+00:00,13.235,13.295,13.145,13.265,3803.0
2025-06-16 16:00:00+00:00,13.265,13.315,13.205,13.255,3729.0
2025-06-16 17:00:00+00:00,13.255,13.265,13.11,13.115,2700.0
2025-06-16 18:00:00+00:00,13.115,13.26,13.09,13.165,4690.0
2025-06-16 19:00:00+00:00,13.165,13.225,13.115,13.185,5225.0
2025-06-17 14:00:00+00:00,12.89,12.965,12.82,12.835,2581.0
2025-06-17 15:00:00+00:00,12.835,12.885,12.6,12.655,4135.0
2025-06-17 16:00:00+00:00,12.665,12.815,12.63,12.645,3101.0
2025-06-17 17:00:00+00:00,12.645,12.76,12.555,12.585,1412.0
2025-06-17 18:00:00+00:00,12.585,12.595,12.465,12.595,4020.0
2025-06-17 19:00:00+00:00,12.595,12.65,12.54,12.545,2919.0
2025-06-18 14:00:00+00:00,12.92,12.97,12.83,12.915,1302.0
2025-06-18 15:00:00+00:00,12.92,13.185,12.885,13.06,6995.0
2025-06-18 16:00:00+00:00,13.06,13.06,12.835,12.845,1500.0
2025-06-18 17:00:00+00:00,12.845,12.93,12.735,12.88,2428.0
2025-06-18 18:00:00+00:00,12.93,12.975,12.755,12.78,2336.0
2025-06-18 19:00:00+00:00,12.775,12.935,12.725,12.825,9096.0
2025-06-19 14:00:00+00:00,12.825,12.825,12.825,12.825,0.0
2025-06-19 15:00:00+00:00,12.825,12.825,12.825,12.825,0.0
2025-06-19 16:00:00+00:00,12.825,12.825,12.825,12.825,0.0
2025-06-19 17:00:00+00:00,12.825,12.825,12.825,12.825,0.0
2025-06-19 18:00:00+00:00,12.825,12.825,12.825,12.825,0.0
2025-06-19 19:00:00+00:00,12.825,12.825,12.825,12.825,0.0
2025-06-20 14:00:00+00:00,12.925,12.96,12.6,12.68,2058.0
2025-06-20 15:00:00+00:00,12.68,12.835,12.605,12.755,3168.0
2025-06-20 16:00:00+00:00,12.755,13.0,12.755,12.955,1332.0
2025-06-20 17:00:00+00:00,12.955,12.955,12.695,12.835,2084.0
2025-06-20 18:00:00+00:00,12.835,12.94,12.805,12.815,2884.0
2025-06-20 19:00:00+00:00,12.815,12.845,12.685,12.825,8249.0
2025-06-23 14:00:00+00:00,13.88,14.545,13.835,14.405,5310.0
2025-06-23 15:00:00+00:00,14.405,14.575,14.325,14.435,8518.0
2025-06-23 16:00:00+00:00,14.435,14.505,13.925,14.095,9429.0
2025-06-23 17:00:00+00:00,14.095,14.445,14.04,14.325,5644.0
2025-06-23 18:00:00+00:00,14.325,14.35,14.195,14.265,4508.0
2025-06-23 19:00:00+00:00,14.265,14.275,14.025,14.135,15808.0
2025-06-24 14:00:00+00:00,14.09,14.115,13.715,13.76,1975.0
2025-06-24 15:00:00+00:00,13.76,13.935,13.755,13.79,1005.0
2025-06-24 16:00:00+00:00,13.795,13.92,13.775,13.9,0.0
2025-06-24 17:00:00+00:00,13.9,13.905,13.755,13.76,1500.0
2025-06-24 18:00:00+00:00,13.76,13.865,13.76,13.85,1600.0
2025-06-24 19:00:00+00:00,13.85,13.885,13.735,13.745,2815.0
2025-06-25 14:00:00+00:00,13.285,13.285,12.705,12.91,4625.0
2025-06-25 15:00:00+00:00,12.915,13.045,12.885,12.975,842.0
2025-06-25 16:00:00+00:00,12.98,13.015,12.915,12.985,206.0
2025-06-25 17:00:00+00:00,12.985,13.065,12.925,12.945,698.0
2025-06-25 18:00:00+00:00,12.95,12.985,12.815,12.895,962.0
2025-06-25 19:00:00+00:00,12.895,13.105,12.895,13.06,1659.0
2025-06-26 14:00:00+00:00,13.095,13.15,12.95,13.1,1717.0
2025-06-26 15:00:00+00:00,13.1,13.185,12.87,13.1,2429.0
2025-06-26 16:00:00+00:00,13.1,13.155,13.045,13.09,219.0
2025-06-26 17:00:00+00:00,13.09,13.155,13.015,13.035,1824.0
2025-06-26 18:00:00+00:00,13.04,13.095,12.985,13.06,7.0
2025-06-26 19:00:00+00:00,13.065,13.115,12.92,13.005,1624.0
2025-06-27 14:00:00+00:00,13.0,13.15,12.91,12.955,546.0
2025-06-27 15:00:00+00:00,12.955,12.995,12.875,12.935,748.0
2025-06-27 16:00:00+00:00,12.935,12.945,12.835,12.925,38.0
2025-06-27 17:00:00+00:00,12.925,12.965,12.785,12.825,3805.0
2025-06-27 18:00:00+00:00,12.825,12.845,12.555,12.605,2497.0
2025-06-27 19:00:00+00:00,12.605,12.88,12.595,12.86,6438.0
2025-06-30 14:00:00+00:00,12.7,12.785,12.545,12.715,3129.0
2025-06-30 15:00:00+00:00,12.715,12.765,12.635,12.71,2003.0
2025-06-30 16:00:00+00:00,12.71,12.79,12.655,12.67,1200.0
2025-06-30 17:00:00+00:00,12.67,12.715,12.585,12.63,1034.0
2025-06-30 18:00:00+00:00,12.63,12.665,12.515,12.585,3754.0
2025-06-30 19:00:00+00:00,12.59,12.625,12.485,12.56,3471.0
2025-07-01 14:00:00+00:00,11.77,11.96,11.53,11.6,3796.0
2025-07-01 15:00:00+00:00,11.595,11.825,11.59,11.775,4187.0
2025-07-01 16:00:00+00:00,11.775,11.895,11.685,11.815,1125.0
2025-07-01 17:00:00+00:00,11.815,11.885,11.58,11.61,13574.0
2025-07-01 18:00:00+00:00,11.61,11.825,11.61,11.745,4715.0
2025-07-01 19:00:00+00:00,11.745,11.89,11.685,11.7,10946.0
2025-07-02 14:00:00+00:00,11.955,12.43,11.855,12.255,3157.0
2025-07-02 15:00:00+00:00,12.26,12.49,12.165,12.335,3413.0
2025-07-02 16:00:00+00:00,12.335,12.385,12.25,12.375,1129.0
2025-07-02 17:00:00+00:00,12.37,12.445,12.345,12.385,3667.0
2025-07-02 18:00:00+00:00,12.385,12.47,12.365,12.415,2995.0
2025-07-02 19:00:00+00:00,12.415,12.46,12.295,12.43,8006.0
2025-07-03 14:00:00+00:00,12.41,12.505,12.285,12.445,2496.0
2025-07-03 15:00:00+00:00,12.445,12.565,12.425,12.54,777.0
2025-07-03 16:00:00+00:00,12.535,12.555,12.395,12.41,8026.0
2025-07-03 17:00:00+00:00,12.41,12.41,12.41,12.41,0.0
2025-07-03 18:00:00+00:00,12.41,12.41,12.41,12.41,0.0
2025-07-03 19:00:00+00:00,12.41,12.41,12.41,12.41,0.0
2025-07-04 14:00:00+00:00,12.41,12.41,12.41,12.41,0.0
2025-07-04 15:00:00+00:00,12.41,12.41,12.41,12.41,0.0
2025-07-04 16:00:00+00:00,12.41,12.41,12.41,12.41,0.0
2025-07-04 17:00:00+00:00,12.41,12.41,12.41,12.41,0.0
2025-07-04 18:00:00+00:00,12.41,12.41,12.41,12.41,0.0
2025-07-04 19:00:00+00:00,12.41,12.41,12.41,12.41,0.0
2025-07-07 14:00:00+00:00,11.245,11.465,11.195,11.275,9623.0
2025-07-07 15:00:00+00:00,11.27,11.345,11.195,11.345,3948.0
2025-07-07 16:00:00+00:00,11.345,11.39,11.22,11.255,6125.0
2025-07-07 17:00:00+00:00,11.255,11.345,11.225,11.335,1117.0
2025-07-07 18:00:00+00:00,11.335,11.365,11.225,11.315,1155.0
2025-07-07 19:00:00+00:00,11.315,11.435,11.305,11.36,5437.0
2025-07-08 14:00:00+00:00,11.525,11.85,11.485,11.765,900.0
2025-07-08 15:00:00+00:00,11.765,11.805,11.695,11.725,1100.0
2025-07-08 16:00:00+00:00,11.725,11.8,11.69,11.715,100.0
2025-07-08 17:00:00+00:00,11.715,11.77,11.675,11.725,50.0
2025-07-08 18:00:00+00:00,11.725,11.825,11.705,11.75,500.0
2025-07-08 19:00:00+00:00,11.745,11.745,11.38,11.555,2.0
2025-07-09 14:00:00+00:00,11.57,11.61,11.34,11.365,2778.0
2025-07-09 15:00:00+00:00,11.36,11.475,11.33,11.395,2109.0
2025-07-09 16:00:00+00:00,11.395,11.465,11.375,11.435,424.0
2025-07-09 17:00:00+00:00,11.435,11.445,11.355,11.415,6769.0
2025-07-09 18:00:00+00:00,11.41,11.515,11.405,11.485,2879.0
2025-07-09 19:00:00+00:00,11.485,11.545,11.445,11.445,3101.0
2025-07-10 14:00:00+00:00,11.81,11.965,11.77,11.895,5763.0
2025-07-10 15:00:00+00:00,11.895,11.98,11.81,11.835,4409.0
2025-07-10 16:00:00+00:00,11.835,11.885,11.795,11.825,8327.0
2025-07-10 17:00:00+00:00,11.825,11.915,11.725,11.905,8013.0
2025-07-10 18:00:00+00:00,11.905,12.105,11.89,12.095,5706.0
2025-07-10 19:00:00+00:00,12.095,12.16,12.055,12.12,700.0
2025-07-11 14:00:00+00:00,12.125,12.225,12.01,12.045,1858.0
2025-07-11 15:00:00+00:00,12.04,12.105,11.965,12.075,22.0
2025-07-11 16:00:00+00:00,12.075,12.185,12.04,12.18,700.0
2025-07-11 17:00:00+00:00,12.18,12.205,12.115,12.115,0.0
2025-07-11 18:00:00+00:00,12.115,12.265,12.115,12.195,2720.0
2025-07-11 19:00:00+00:00,12.19,12.33,12.145,12.3,7350.0
