date,Close,High,Low,Open,Volume
2022-01-03 00:00:00+00:00,399.9266666667,400.3566666667,378.68,382.5833333333,104686047
2022-01-04 00:00:00+00:00,383.1966666667,402.6666666667,374.35,396.5166666667,100248258
2022-01-05 00:00:00+00:00,362.7066666667,390.1133333333,360.3367,382.2166666667,80119797
2022-01-06 00:00:00+00:00,354.9,362.6666666667,340.1666666667,359.0,90336474
2022-01-07 00:00:00+00:00,342.32,360.3099666667,336.6666666667,360.1233333333,84164748
2022-01-10 00:00:00+00:00,352.7066666667,353.0333333333,326.6666666667,333.3333333333,91814877
2022-01-11 00:00:00+00:00,354.8,358.6166666667,346.2733333333,351.2233333333,64779924
2022-01-12 00:00:00+00:00,368.74,371.6133333333,357.5300333333,359.6166666667,83739015
2022-01-13 00:00:00+00:00,343.8533333333,371.8666666667,342.1797,369.6883333333,97209792
2022-01-14 00:00:00+00:00,349.87,350.6666666667,337.7929333333,339.96,72924411
2022-01-18 00:00:00+00:00,343.5033333333,356.9299666667,338.6866666667,342.2016666667,66475236
2022-01-19 00:00:00+00:00,331.8833333333,351.5566333333,331.6666666667,347.235,74610645
2022-01-20 00:00:00+00:00,332.09,347.22,331.3333333333,336.5766666667,70488744
2022-01-21 00:00:00+00:00,314.6333333333,334.85,313.5,332.1133333333,103416027
2022-01-24 00:00:00+00:00,310.0,311.1710333333,283.8233333333,301.5866666667,152375142
2022-01-25 00:00:00+00:00,306.1333333333,317.0866666667,301.07,304.7333333333,86595906
2022-01-26 00:00:00+00:00,312.47,329.23,302.0,317.4766666667,104867283
2022-01-27 00:00:00+00:00,276.3666666667,311.7966666667,276.3333333333,311.12,147109569
2022-01-28 00:00:00+00:00,282.1166666667,285.8333333333,264.0033333333,277.1866666667,134788950
2022-01-31 00:00:00+00:00,312.24,312.6633333333,287.35,290.9033333333,104436096
2022-02-01 00:00:00+00:00,310.4166666667,314.5666666667,301.6666666667,311.7366666667,73138338
2022-02-02 00:00:00+00:00,301.8866666667,310.5,296.47,309.3933333333,66793035
2022-02-03 00:00:00+00:00,297.0466666667,312.3333333333,293.5066666667,294.0,78855558
2022-02-04 00:00:00+00:00,307.7733333333,312.1666666667,293.7233333333,299.0733333333,73625466
2022-02-07 00:00:00+00:00,302.4466666667,315.9233333333,300.9029666667,307.93,60994464
2022-02-08 00:00:00+00:00,307.3333333333,308.7633,298.2666666667,301.8433333333,50729013
2022-02-09 00:00:00+00:00,310.6666666667,315.4233,306.6666666667,311.6666666667,52259544
2022-02-10 00:00:00+00:00,301.5166666667,314.6033333333,298.9,302.79,66126831
2022-02-11 00:00:00+00:00,286.6666666667,305.32,283.5666666667,303.21,79645869
2022-02-14 00:00:00+00:00,291.92,299.6266333333,284.3833333333,287.19,67756416
2022-02-15 00:00:00+00:00,307.4766666667,307.6666666667,297.7924666667,300.0,57649542
2022-02-16 00:00:00+00:00,307.7966666667,308.8099666667,300.4033333333,304.6833333333,51294396
2022-02-17 00:00:00+00:00,292.1166666667,306.1666333333,291.3666666667,304.42,55178418
2022-02-18 00:00:00+00:00,285.66,295.6233333333,279.2033333333,295.3333333333,68501841
2022-02-22 00:00:00+00:00,273.8433333333,285.5779333333,267.0333666667,278.0433333333,82163622
2022-02-23 00:00:00+00:00,254.68,278.4332333333,253.52,276.81,95257008
2022-02-24 00:00:00+00:00,266.9233333333,267.4933333333,233.3333333333,233.4633333333,135322275
2022-02-25 00:00:00+00:00,269.9566666667,273.1666666667,260.8001666667,269.7433333333,76067763
2022-02-28 00:00:00+00:00,290.1433333333,292.2866666667,271.5691666667,271.67,99006867
2022-03-01 00:00:00+00:00,288.1233333333,296.6266666667,284.5933333333,289.8933333333,74766861
2022-03-02 00:00:00+00:00,293.2966666667,295.4933333333,281.4240333333,290.71,74643438
2022-03-03 00:00:00+00:00,279.7633333333,295.4796666667,277.5333666667,292.9233333333,61623507
2022-03-04 00:00:00+00:00,279.43,285.2166666667,275.0536333333,283.0333333333,67179861
2022-03-07 00:00:00+00:00,268.1933333333,288.7133333333,268.19,285.4333333333,72494172
2022-03-08 00:00:00+00:00,274.8,283.33,260.7233333333,265.1766666667,80399106
2022-03-09 00:00:00+00:00,286.3233333333,286.8533333333,277.3366666667,279.8266666667,59183979
2022-03-10 00:00:00+00:00,279.4333333333,284.8166666667,270.1200333333,283.8166666667,58648644
2022-03-11 00:00:00+00:00,265.1166666667,281.2673333333,264.59,280.0656666667,67037166
2022-03-14 00:00:00+00:00,255.4566666667,266.9,252.0133333333,260.2033333333,71152263
2022-03-15 00:00:00+00:00,267.2966666667,268.5233333333,252.19,258.4233333333,66841143
2022-03-16 00:00:00+00:00,280.0766666667,280.6666666667,267.4200333333,269.6666666667,84028821
2022-03-17 00:00:00+00:00,290.5333333333,291.6666666667,275.2392666667,276.9966666667,66582972
2022-03-18 00:00:00+00:00,301.7966666667,302.6166666667,289.13,291.4966666667,100329477
2022-03-21 00:00:00+00:00,307.0533333333,314.2833333333,302.3633333333,304.9933333333,79922874
2022-03-22 00:00:00+00:00,331.3266666667,332.62,307.25,310.0,104646834
2022-03-23 00:00:00+00:00,333.0366666667,346.9,325.4666666667,326.6466666667,120676149
2022-03-24 00:00:00+00:00,337.9733333333,341.4966666667,329.6,336.5766666667,68920878
2022-03-25 00:00:00+00:00,336.88,340.5999666667,332.4400333333,336.0,61490679
2022-03-28 00:00:00+00:00,363.9466666667,365.9599666667,351.2,355.0333333333,102506079
2022-03-29 00:00:00+00:00,366.5233333333,371.59,357.7033333333,369.33,73614819
2022-03-30 00:00:00+00:00,364.6633333333,371.3166666667,361.3333333333,363.7233333333,59865006
2022-03-31 00:00:00+00:00,359.2,367.7133,358.8803333333,364.8566666667,48992757
2022-04-01 00:00:00+00:00,361.53,364.9166666667,355.5466666667,360.3833333333,54263223
2022-04-04 00:00:00+00:00,381.8166666667,383.3033333333,357.51,363.1266666667,82177701
2022-04-05 00:00:00+00:00,363.7533333333,384.29,362.4333333333,378.7666666667,78576561
2022-04-06 00:00:00+00:00,348.5866666667,359.6666666667,342.5666666667,357.8233333333,89348535
2022-04-07 00:00:00+00:00,352.42,358.8633333333,340.5133666667,350.7966666667,79447059
2022-04-08 00:00:00+00:00,341.83,349.48,340.8116666667,347.7366666667,55013688
2022-04-11 00:00:00+00:00,325.31,336.1560333333,324.88,326.8,59357205
2022-04-12 00:00:00+00:00,328.9833333333,340.3973666667,325.5333666667,332.5466666667,65976096
2022-04-13 00:00:00+00:00,340.79,342.08,324.3656666667,327.025,55121211
2022-04-14 00:00:00+00:00,328.3333333333,337.5699666667,327.3966666667,333.0966666667,58422405
2022-04-18 00:00:00+00:00,334.7633333333,338.3066666667,324.47,329.6766666667,51715221
2022-04-19 00:00:00+00:00,342.7166666667,344.98,331.775,335.02,49847832
2022-04-20 00:00:00+00:00,325.7333333333,344.6666666667,325.0833666667,343.3333333333,64848423
2022-04-21 00:00:00+00:00,336.26,364.0733333333,332.1383333333,358.2433333333,105416337
2022-04-22 00:00:00+00:00,335.0166666667,344.95,331.3333666667,338.3033333333,69696558
2022-04-25 00:00:00+00:00,332.6733333333,336.2066666667,325.1,326.3233333333,68341335
2022-04-26 00:00:00+00:00,292.14,333.3333333333,291.6666666667,331.81,134083572
2022-04-27 00:00:00+00:00,293.8366666667,306.0,292.4533333333,299.5266666667,76956396
2022-04-28 00:00:00+00:00,292.5033333333,300.0,273.9,299.9933333333,124948527
2022-04-29 00:00:00+00:00,290.2533333333,311.4666333333,290.0,300.75,88132995
2022-05-02 00:00:00+00:00,300.98,302.1199666667,282.6766666667,286.9233333333,75781371
2022-05-03 00:00:00+00:00,303.0833333333,308.0266666667,296.1966666667,301.06,63709575
2022-05-04 00:00:00+00:00,317.54,318.5,295.0933333333,301.3133333333,81118965
2022-05-05 00:00:00+00:00,291.0933333333,315.2,285.9,313.07,92519193
2022-05-06 00:00:00+00:00,288.55,296.0,281.035,295.6666666667,72903111
2022-05-09 00:00:00+00:00,262.37,281.8766666667,260.3833333333,278.8166666667,90810222
2022-05-10 00:00:00+00:00,266.68,275.12,258.0833333333,273.1033333333,84401631
2022-05-11 00:00:00+00:00,244.6666666667,269.9233333333,242.4,265.0,97224459
2022-05-12 00:00:00+00:00,242.6666666667,253.22,226.6666666667,233.6666666667,140312862
2022-05-13 00:00:00+00:00,256.53,262.4499666667,250.5216666667,257.8266666667,92150724
2022-05-16 00:00:00+00:00,241.4566666667,256.5866666667,239.6961666667,255.72,86098539
2022-05-17 00:00:00+00:00,253.87,254.8266666667,242.95,249.12,80236110
2022-05-18 00:00:00+00:00,236.6033333333,253.5,233.6033333333,248.1733333333,87811812
2022-05-19 00:00:00+00:00,236.4733333333,244.6666666667,231.37,235.6666666667,90296673
2022-05-20 00:00:00+00:00,221.3,240.5273333333,211.0,237.9966666667,144973305
2022-05-23 00:00:00+00:00,224.9666666667,226.6517,212.6866666667,218.34,88903638
2022-05-24 00:00:00+00:00,209.3866666667,217.9733333333,206.8566666667,217.8433333333,89092515
2022-05-25 00:00:00+00:00,219.6,223.1066666667,207.6700333333,207.95,92139324
2022-05-26 00:00:00+00:00,235.91,239.5566333333,217.8866666667,220.4733333333,106003344
2022-05-27 00:00:00+00:00,253.21,253.2666666667,240.1770333333,241.0833333333,89294982
2022-05-31 00:00:00+00:00,252.7533333333,259.6,244.7433333333,257.9466666667,101914371
2022-06-01 00:00:00+00:00,246.79,257.3266666667,243.64,251.72,77247963
2022-06-02 00:00:00+00:00,258.3333333333,264.21,242.0666666667,244.1566666667,93473118
2022-06-03 00:00:00+00:00,234.5166666667,247.7966333333,233.4178,243.225,112393737
2022-06-06 00:00:00+00:00,238.28,244.8666666667,234.35,244.3533333333,84204522
2022-06-07 00:00:00+00:00,238.8866666667,239.9966666667,230.0933333333,234.0,72808602
2022-06-08 00:00:00+00:00,241.8666666667,249.9633333333,239.1766666667,240.0866666667,76210620
2022-06-09 00:00:00+00:00,239.7066666667,255.5466333333,239.3266666667,249.34,96491307
2022-06-10 00:00:00+00:00,232.23,239.5,227.9133333333,235.1566666667,98090898
2022-06-13 00:00:00+00:00,215.7366666667,226.6333333333,214.6833333333,223.1666666667,102767262
2022-06-14 00:00:00+00:00,220.89,226.33,211.7366666667,218.2866666667,97988796
2022-06-15 00:00:00+00:00,233.0,235.6633,218.15,220.9166666667,119131935
2022-06-16 00:00:00+00:00,213.1,225.1666666667,208.6933333333,222.7366666667,107390700
2022-06-17 00:00:00+00:00,216.76,220.9694,213.1966666667,213.4333333333,92641770
2022-06-21 00:00:00+00:00,237.0366666667,243.5773666667,224.3333333333,224.6033333333,122792955
2022-06-22 00:00:00+00:00,236.0866666667,246.8333333333,233.8266666667,234.5033333333,101527260
2022-06-23 00:00:00+00:00,235.07,239.3166666667,228.6366666667,237.905,104202678
2022-06-24 00:00:00+00:00,245.7066666667,246.0666666667,236.0866666667,237.4683333333,95770695
2022-06-27 00:00:00+00:00,244.92,252.07,242.5655333333,249.3666666667,89178312
2022-06-28 00:00:00+00:00,232.6633333333,249.97,232.3433333333,244.4833333333,90666501
2022-06-29 00:00:00+00:00,228.49,231.1733333333,222.2733333333,230.5,82897254
2022-06-30 00:00:00+00:00,224.4733333333,229.4566666667,218.8633333333,224.51,94600452
2022-07-01 00:00:00+00:00,227.2633333333,230.23,222.1200333333,227.0,74460444
2022-07-05 00:00:00+00:00,233.0666666667,233.1466666667,216.1667,223.0,84779112
2022-07-06 00:00:00+00:00,231.7333333333,234.5633333333,227.1866666667,230.78,71853630
2022-07-07 00:00:00+00:00,244.5433333333,245.3616666667,232.21,233.92,81930690
2022-07-08 00:00:00+00:00,250.7633333333,254.9799666667,241.1614333333,242.3333333333,101854086
2022-07-11 00:00:00+00:00,234.3433333333,253.0633333333,233.6266666667,252.1033333333,99509220
2022-07-12 00:00:00+00:00,233.07,239.7733333333,228.3683333333,236.8466666667,87930960
2022-07-13 00:00:00+00:00,237.04,242.0599666667,225.0333333333,225.5,97954497
2022-07-14 00:00:00+00:00,238.3133333333,238.6533333333,229.3333333333,234.8966666667,78557499
2022-07-15 00:00:00+00:00,240.0666666667,243.6233,236.89,240.0,69683019
2022-07-18 00:00:00+00:00,240.5466666667,250.5166666667,239.6033333333,244.9366666667,82537428
2022-07-19 00:00:00+00:00,245.53,247.14,236.9766666667,245.0,80890110
2022-07-20 00:00:00+00:00,247.5,250.6633333333,243.483,246.7833333333,88864089
2022-07-21 00:00:00+00:00,271.7066666667,273.2666666667,254.8666666667,255.1066666667,142032177
2022-07-22 00:00:00+00:00,272.2433333333,280.7866666667,270.7133333333,276.22,103472847
2022-07-25 00:00:00+00:00,268.4333333333,274.1466666667,267.4,272.2166666667,64073505
2022-07-26 00:00:00+00:00,258.86,267.3099666667,256.2633333333,266.5133333333,66820758
2022-07-27 00:00:00+00:00,274.82,275.9256,261.7900333333,263.81,88109988
2022-07-28 00:00:00+00:00,280.9,283.3,272.8,280.0666666667,84722991
2022-07-29 00:00:00+00:00,297.15,298.32,279.1,280.7,95312883
2022-08-01 00:00:00+00:00,297.2766666667,311.8782333333,295.0,301.275,117042888
2022-08-02 00:00:00+00:00,300.5866666667,307.8333333333,292.6666666667,294.0033333333,95577468
2022-08-03 00:00:00+00:00,307.3966666667,309.55,301.15,305.0,80091105
2022-08-04 00:00:00+00:00,308.6333333333,313.6066666667,305.0,311.0,72256317
2022-08-05 00:00:00+00:00,288.17,304.6066333333,285.5446666667,302.67,113172897
2022-08-08 00:00:00+00:00,290.4233333333,305.2,289.0854,295.0,99365274
2022-08-09 00:00:00+00:00,283.3333333333,292.3966666667,279.3533333333,290.2933333333,86244681
2022-08-10 00:00:00+00:00,294.3566666667,297.51,283.37,297.0666666667,94918872
2022-08-11 00:00:00+00:00,286.63,298.2366666667,285.8333333333,296.5133333333,70155045
2022-08-12 00:00:00+00:00,300.03,300.16,285.0333333333,289.415,79657287
2022-08-15 00:00:00+00:00,309.32,313.1333333333,301.23,301.7866666667,89359167
2022-08-16 00:00:00+00:00,306.5633333333,314.6666666667,302.8833333333,311.6666666667,88136322
2022-08-17 00:00:00+00:00,303.9966666667,309.6566666667,300.0333333333,303.3966666667,68765970
2022-08-18 00:00:00+00:00,302.87,306.5,301.8533333333,306.0,47500536
2022-08-19 00:00:00+00:00,296.6666666667,300.36,292.5,299.0,61395387
2022-08-22 00:00:00+00:00,289.9133333333,292.4,286.2966666667,291.9133333333,55843347
2022-08-23 00:00:00+00:00,296.4533333333,298.8266333333,287.9233333333,291.4533333333,63985044
2022-08-24 00:00:00+00:00,297.0966666667,303.6466666667,296.5,297.5633333333,57259716
2022-08-25 00:00:00+00:00,296.07,302.96,291.6,302.36,52827378
2022-08-26 00:00:00+00:00,288.09,302.0,287.47,297.43,57163947
2022-08-29 00:00:00+00:00,284.82,287.74,280.7,282.83,41548729
2022-08-30 00:00:00+00:00,277.7,288.48,272.65,287.865,50541759
2022-08-31 00:00:00+00:00,275.61,281.25,271.81,280.62,52107337
2022-09-01 00:00:00+00:00,277.16,277.58,266.15,272.575,54287024
2022-09-02 00:00:00+00:00,270.21,282.35,269.08,281.065,50890090
2022-09-06 00:00:00+00:00,274.42,275.99,265.74,272.675,55605247
2022-09-07 00:00:00+00:00,283.7,283.84,272.27,273.1,50028916
2022-09-08 00:00:00+00:00,289.26,289.5,279.76,281.3,53713124
2022-09-09 00:00:00+00:00,299.68,299.85,291.245,291.67,54470854
2022-09-12 00:00:00+00:00,304.42,305.49,300.4,300.72,48674604
2022-09-13 00:00:00+00:00,292.13,297.3999,290.4,292.9,68229619
2022-09-14 00:00:00+00:00,302.61,306.0,291.64,292.24,72628653
2022-09-15 00:00:00+00:00,303.75,309.12,300.7247,301.825,64795523
2022-09-16 00:00:00+00:00,303.35,303.71,295.6005,299.605,87087786
2022-09-19 00:00:00+00:00,309.07,309.84,297.8,300.09,60231156
2022-09-20 00:00:00+00:00,308.73,313.33,305.58,306.91,61642783
2022-09-21 00:00:00+00:00,300.8,313.8,300.63,308.29,62555656
2022-09-22 00:00:00+00:00,288.59,301.29,285.82,299.86,70107683
2022-09-23 00:00:00+00:00,275.33,284.5,272.82,283.09,63748362
2022-09-26 00:00:00+00:00,276.01,284.09,270.31,271.83,58076913
2022-09-27 00:00:00+00:00,282.94,288.67,277.51,283.84,61925185
2022-09-28 00:00:00+00:00,287.81,289.0,277.57,283.08,54664809
2022-09-29 00:00:00+00:00,268.21,283.65,265.78,282.76,77620642
2022-09-30 00:00:00+00:00,265.25,275.57,262.47,266.145,67726598
2022-10-03 00:00:00+00:00,242.4,255.16,241.01,254.5,98363541
2022-10-04 00:00:00+00:00,249.44,257.5,242.01,250.52,109578535
2022-10-05 00:00:00+00:00,240.81,246.6697,233.27,245.01,86982673
2022-10-06 00:00:00+00:00,238.13,244.58,235.35,239.44,69298437
2022-10-07 00:00:00+00:00,223.07,234.5715,222.02,233.935,83916800
2022-10-10 00:00:00+00:00,222.96,226.99,218.3582,223.93,67925018
2022-10-11 00:00:00+00:00,216.5,225.75,215.0,220.945,77013202
2022-10-12 00:00:00+00:00,217.24,219.2999,211.51,215.33,66860699
2022-10-13 00:00:00+00:00,221.72,222.99,206.22,208.3,91483045
2022-10-14 00:00:00+00:00,204.99,226.26,204.16,224.01,94124511
2022-10-17 00:00:00+00:00,219.35,221.86,209.45,210.04,79428810
2022-10-18 00:00:00+00:00,220.19,229.82,217.25,229.5,75891905
2022-10-19 00:00:00+00:00,222.04,222.93,217.78,219.8,66571479
2022-10-20 00:00:00+00:00,207.28,215.55,202.0,208.28,117798062
2022-10-21 00:00:00+00:00,214.44,214.66,203.8,206.415,75713754
2022-10-24 00:00:00+00:00,211.25,213.5,198.5863,205.82,100446765
2022-10-25 00:00:00+00:00,222.415,224.3498,210.0,210.1,96507870
2022-10-26 00:00:00+00:00,224.64,230.6,218.2,219.4,85327078
2022-10-27 00:00:00+00:00,225.09,233.81,222.85,229.77,61638824
2022-10-28 00:00:00+00:00,228.52,228.86,216.35,225.4,69152386
2022-10-31 00:00:00+00:00,227.54,229.85,221.94,226.19,61554341
2022-11-01 00:00:00+00:00,227.82,237.3951,227.28,234.05,62688822
2022-11-02 00:00:00+00:00,214.98,227.8699,214.82,226.04,63070293
2022-11-03 00:00:00+00:00,215.31,221.2,210.14,211.36,56538848
2022-11-04 00:00:00+00:00,207.47,223.8,203.08,222.6,98622212
2022-11-07 00:00:00+00:00,197.08,208.9,196.66,208.65,93916520
2022-11-08 00:00:00+00:00,191.3,195.2,186.75,194.02,128803404
2022-11-09 00:00:00+00:00,177.59,195.89,177.12,190.775,127062659
2022-11-10 00:00:00+00:00,190.72,191.0,180.03,189.9,132703015
2022-11-11 00:00:00+00:00,195.97,196.52,182.59,186.0,114403575
2022-11-14 00:00:00+00:00,190.95,195.73,186.34,192.77,92226649
2022-11-15 00:00:00+00:00,194.42,200.8237,192.06,195.88,91293785
2022-11-16 00:00:00+00:00,186.92,192.57,185.66,191.51,66567599
2022-11-17 00:00:00+00:00,183.17,186.16,180.9,183.96,64335970
2022-11-18 00:00:00+00:00,180.19,185.19,176.55,185.05,76048866
2022-11-21 00:00:00+00:00,167.87,176.77,167.54,175.85,92882712
2022-11-22 00:00:00+00:00,169.91,170.92,166.185,168.63,78452327
2022-11-23 00:00:00+00:00,183.2,183.62,172.5,173.57,109536709
2022-11-25 00:00:00+00:00,182.86,185.2,180.63,185.06,50672739
2022-11-28 00:00:00+00:00,182.92,188.5,179.0,179.96,93038148
2022-11-29 00:00:00+00:00,180.83,186.38,178.75,184.99,83357111
2022-11-30 00:00:00+00:00,194.7,194.76,180.6301,182.43,109186404
2022-12-01 00:00:00+00:00,194.7,198.92,191.8,197.08,80046213
2022-12-02 00:00:00+00:00,194.86,196.25,191.11,191.78,73645922
2022-12-05 00:00:00+00:00,182.45,191.27,180.55,189.44,93122667
2022-12-06 00:00:00+00:00,179.82,183.65,175.33,181.215,92150823
2022-12-07 00:00:00+00:00,174.04,179.38,172.218,175.03,84213284
2022-12-08 00:00:00+00:00,173.44,175.2,169.06,172.2,97624491
2022-12-09 00:00:00+00:00,179.05,182.5,173.36,173.84,104872336
2022-12-12 00:00:00+00:00,167.82,177.37,167.52,176.1,109794471
2022-12-13 00:00:00+00:00,160.95,175.05,156.91,174.87,175862722
2022-12-14 00:00:00+00:00,156.8,161.62,155.31,159.25,140682338
2022-12-15 00:00:00+00:00,157.67,160.9299,153.28,153.44,122334459
2022-12-16 00:00:00+00:00,150.23,160.99,150.04,159.635,139032175
2022-12-19 00:00:00+00:00,149.87,155.25,145.82,154.0,139390634
2022-12-20 00:00:00+00:00,137.8,148.47,137.66,146.05,159563267
2022-12-21 00:00:00+00:00,137.57,141.26,135.89,139.335,145417412
2022-12-22 00:00:00+00:00,125.35,136.63,122.26,136.0,210090250
2022-12-23 00:00:00+00:00,123.15,128.6173,121.02,126.37,166989688
2022-12-27 00:00:00+00:00,109.1,119.67,108.76,117.495,208643444
2022-12-28 00:00:00+00:00,112.71,116.27,108.24,110.35,221070537
2022-12-29 00:00:00+00:00,121.82,123.57,117.495,120.385,221923313
2022-12-30 00:00:00+00:00,123.18,124.48,119.75,119.95,157777339
2023-01-03 00:00:00+00:00,108.1,118.8,104.64,118.47,231402818
2023-01-04 00:00:00+00:00,113.64,114.59,107.52,109.11,180388976
2023-01-05 00:00:00+00:00,110.34,111.75,107.1601,110.51,157986324
2023-01-06 00:00:00+00:00,113.06,114.39,101.81,103.0,220911051
2023-01-09 00:00:00+00:00,119.77,123.52,117.11,118.96,190283951
2023-01-10 00:00:00+00:00,118.85,122.76,114.92,121.07,167642485
2023-01-11 00:00:00+00:00,123.22,125.95,120.51,122.09,183810771
2023-01-12 00:00:00+00:00,123.56,124.1311,117.0,122.56,169400913
2023-01-13 00:00:00+00:00,122.4,122.63,115.6,116.55,180714119
2023-01-17 00:00:00+00:00,131.49,131.7,125.02,125.695,186476985
2023-01-18 00:00:00+00:00,128.78,136.68,127.01,136.555,195680318
2023-01-19 00:00:00+00:00,127.17,129.99,124.3082,127.26,170291880
2023-01-20 00:00:00+00:00,133.42,133.51,127.3466,128.68,138858136
2023-01-23 00:00:00+00:00,143.75,145.3793,134.27,135.87,203119211
2023-01-24 00:00:00+00:00,143.89,146.5,141.1,143.0,158699056
2023-01-25 00:00:00+00:00,144.43,146.41,138.07,141.905,192734347
2023-01-26 00:00:00+00:00,160.27,161.42,154.76,159.965,234815090
2023-01-27 00:00:00+00:00,177.9,180.68,161.17,162.43,306590613
2023-01-30 00:00:00+00:00,166.66,179.77,166.5,178.05,230878807
2023-01-31 00:00:00+00:00,173.22,174.3,162.78,164.57,196813541
2023-02-01 00:00:00+00:00,181.41,183.805,169.93,173.89,213806323
2023-02-02 00:00:00+00:00,188.27,196.7501,182.61,187.325,217448287
2023-02-03 00:00:00+00:00,189.98,199.0,183.69,183.95,232662023
2023-02-06 00:00:00+00:00,194.76,198.17,189.92,193.01,186188131
2023-02-07 00:00:00+00:00,196.81,197.5,189.55,196.43,186010325
2023-02-08 00:00:00+00:00,201.29,203.0,194.31,196.1,180673644
2023-02-09 00:00:00+00:00,207.32,214.0,204.77,207.775,215431442
2023-02-10 00:00:00+00:00,196.89,206.2,192.89,202.225,204754129
2023-02-13 00:00:00+00:00,194.64,196.3,187.61,194.415,172475452
2023-02-14 00:00:00+00:00,209.25,209.82,189.44,191.94,216455708
2023-02-15 00:00:00+00:00,214.24,214.66,206.11,211.755,182108581
2023-02-16 00:00:00+00:00,202.04,217.65,201.84,210.78,229586538
2023-02-17 00:00:00+00:00,208.31,208.44,197.5,199.985,213738549
2023-02-21 00:00:00+00:00,197.37,209.71,197.22,204.99,180018588
2023-02-22 00:00:00+00:00,200.86,201.99,191.78,197.93,191828457
2023-02-23 00:00:00+00:00,202.07,205.14,196.33,203.91,146359950
2023-02-24 00:00:00+00:00,196.88,197.6695,192.8,196.325,142228105
2023-02-27 00:00:00+00:00,207.63,209.42,201.26,202.03,161028315
2023-02-28 00:00:00+00:00,205.71,211.23,203.75,210.59,153144912
2023-03-01 00:00:00+00:00,202.77,207.2,198.52,206.21,156852790
2023-03-02 00:00:00+00:00,190.9,193.7499,186.01,186.74,181979154
2023-03-03 00:00:00+00:00,197.79,200.48,192.88,194.795,154193277
2023-03-06 00:00:00+00:00,193.81,198.6,192.3,198.54,128100106
2023-03-07 00:00:00+00:00,187.71,194.2,186.1,191.38,148125790
2023-03-08 00:00:00+00:00,182.0,186.5,180.0,185.04,151897763
2023-03-09 00:00:00+00:00,172.92,185.18,172.5124,180.25,170023794
2023-03-10 00:00:00+00:00,173.44,178.29,168.44,175.13,191488872
2023-03-13 00:00:00+00:00,174.48,177.35,163.91,167.455,167790256
2023-03-14 00:00:00+00:00,183.26,183.8,177.1401,177.31,143717897
2023-03-15 00:00:00+00:00,180.45,182.34,176.03,180.8,145995583
2023-03-16 00:00:00+00:00,184.13,185.81,178.84,180.365,121374453
2023-03-17 00:00:00+00:00,180.13,186.2199,177.33,184.515,133197140
2023-03-20 00:00:00+00:00,183.25,186.44,176.35,178.08,129684359
2023-03-21 00:00:00+00:00,197.58,198.0,188.04,188.28,153391444
2023-03-22 00:00:00+00:00,191.15,200.66,190.95,199.3,150376373
2023-03-23 00:00:00+00:00,192.22,199.31,188.65,195.26,144193876
2023-03-24 00:00:00+00:00,190.41,192.36,187.15,191.65,116531584
2023-03-27 00:00:00+00:00,191.81,197.39,189.94,194.415,120851587
2023-03-28 00:00:00+00:00,189.19,192.35,185.43,192.0,98654635
2023-03-29 00:00:00+00:00,193.88,195.29,189.44,193.13,123660026
2023-03-30 00:00:00+00:00,195.28,197.33,194.42,195.58,110252238
2023-03-31 00:00:00+00:00,207.46,207.79,197.2,197.53,170222118
2023-04-03 00:00:00+00:00,194.77,202.6897,192.2,199.91,169545900
2023-04-04 00:00:00+00:00,192.58,198.7446,190.32,197.32,126463845
2023-04-05 00:00:00+00:00,185.52,190.68,183.76,190.515,133882493
2023-04-06 00:00:00+00:00,185.06,186.39,179.74,183.08,123857932
2023-04-10 00:00:00+00:00,184.51,185.1,176.11,179.94,142154637
2023-04-11 00:00:00+00:00,186.79,189.19,185.6475,186.69,115770892
2023-04-12 00:00:00+00:00,180.54,191.5846,180.31,190.74,150256278
2023-04-13 00:00:00+00:00,185.9,186.5,180.94,182.955,112932985
2023-04-14 00:00:00+00:00,185.0,186.28,182.01,183.95,96438664
2023-04-17 00:00:00+00:00,187.04,189.69,182.69,186.32,116177121
2023-04-18 00:00:00+00:00,184.31,187.69,183.5775,187.15,92067016
2023-04-19 00:00:00+00:00,180.59,183.5,177.65,179.1,125732687
2023-04-20 00:00:00+00:00,162.99,169.7,160.56,166.165,210970819
2023-04-21 00:00:00+00:00,165.08,166.0,161.3208,164.8,123538954
2023-04-24 00:00:00+00:00,162.55,165.65,158.61,164.65,140006559
2023-04-25 00:00:00+00:00,160.67,163.47,158.75,159.82,121999312
2023-04-26 00:00:00+00:00,153.75,160.67,153.14,160.29,152247096
2023-04-27 00:00:00+00:00,160.19,160.48,152.37,152.64,127015177
2023-04-28 00:00:00+00:00,164.31,165.0,157.32,160.9,122515812
2023-05-01 00:00:00+00:00,161.83,163.28,158.83,163.17,109015048
2023-05-02 00:00:00+00:00,160.31,165.49,158.93,161.88,128259744
2023-05-03 00:00:00+00:00,160.61,165.0,159.91,160.01,119727972
2023-05-04 00:00:00+00:00,161.2,162.95,159.65,162.71,95108492
2023-05-05 00:00:00+00:00,170.06,170.7899,163.51,163.97,107607259
2023-05-08 00:00:00+00:00,171.79,173.8,169.19,173.72,112249449
2023-05-09 00:00:00+00:00,169.15,169.82,166.56,168.95,88965043
2023-05-10 00:00:00+00:00,168.54,174.43,166.68,172.55,119840693
2023-05-11 00:00:00+00:00,172.08,173.57,166.79,168.7,103889930
2023-05-12 00:00:00+00:00,167.98,177.38,167.23,176.07,157849625
2023-05-15 00:00:00+00:00,166.35,169.76,164.5499,167.655,105592510
2023-05-16 00:00:00+00:00,166.52,169.5184,164.35,165.65,98288792
2023-05-17 00:00:00+00:00,173.86,174.5,167.185,168.41,125473558
2023-05-18 00:00:00+00:00,176.89,177.06,172.45,174.22,109520332
2023-05-19 00:00:00+00:00,180.14,181.95,176.31,177.17,136196668
2023-05-22 00:00:00+00:00,188.87,189.32,180.11,180.7,132001430
2023-05-23 00:00:00+00:00,185.77,192.96,185.26,186.2,156952130
2023-05-24 00:00:00+00:00,182.9,184.22,178.22,182.23,137605054
2023-05-25 00:00:00+00:00,184.47,186.78,180.58,186.54,96870719
2023-05-26 00:00:00+00:00,193.17,198.6,184.53,184.62,162061496
2023-05-30 00:00:00+00:00,201.16,204.48,197.53,200.1,128818746
2023-05-31 00:00:00+00:00,203.93,203.95,195.12,199.78,149356274
2023-06-01 00:00:00+00:00,207.52,209.8,199.37,202.59,148029931
2023-06-02 00:00:00+00:00,213.97,217.25,209.752,210.15,164398372
2023-06-05 00:00:00+00:00,217.61,221.29,214.52,217.8,151143052
2023-06-06 00:00:00+00:00,221.31,221.91,212.53,216.14,146911576
2023-06-07 00:00:00+00:00,224.57,230.8296,223.2,228.0,185710777
2023-06-08 00:00:00+00:00,234.86,235.23,223.01,224.22,164489739
2023-06-09 00:00:00+00:00,244.4,252.42,242.02,249.07,200242371
2023-06-12 00:00:00+00:00,249.83,250.97,244.59,247.94,150740523
2023-06-13 00:00:00+00:00,258.71,259.68,251.34,253.51,162384343
2023-06-14 00:00:00+00:00,256.79,261.57,250.5,260.17,170575536
2023-06-15 00:00:00+00:00,255.9,258.95,247.29,248.4,160171238
2023-06-16 00:00:00+00:00,260.54,263.6,257.2091,258.92,167915649
2023-06-20 00:00:00+00:00,274.45,274.75,261.12,261.5,165611217
2023-06-21 00:00:00+00:00,259.46,276.99,257.78,275.13,211797109
2023-06-22 00:00:00+00:00,264.61,265.0,248.25,250.77,166875944
2023-06-23 00:00:00+00:00,256.6,262.45,252.8,259.29,177460803
2023-06-26 00:00:00+00:00,241.05,258.37,240.7,250.065,179990552
2023-06-27 00:00:00+00:00,250.21,250.3899,240.85,243.24,164968214
2023-06-28 00:00:00+00:00,256.24,259.88,248.89,249.7,159770797
2023-06-29 00:00:00+00:00,257.5,260.74,253.61,258.03,131283360
2023-06-30 00:00:00+00:00,261.77,264.45,259.89,260.6,112620784
2023-07-03 00:00:00+00:00,279.82,284.25,275.11,276.49,119685891
2023-07-05 00:00:00+00:00,282.48,283.85,277.6,278.82,131530862
2023-07-06 00:00:00+00:00,276.54,279.97,272.88,278.09,120707419
2023-07-07 00:00:00+00:00,274.43,280.78,273.77,278.43,113879174
2023-07-10 00:00:00+00:00,269.61,277.52,265.1,276.47,119425405
2023-07-11 00:00:00+00:00,269.79,270.9,266.37,268.65,91972358
2023-07-12 00:00:00+00:00,271.99,276.52,271.46,276.325,95672139
2023-07-13 00:00:00+00:00,277.9,279.45,270.6,274.59,112681458
2023-07-14 00:00:00+00:00,281.38,285.3,276.31,277.01,120062369
2023-07-17 00:00:00+00:00,290.38,292.23,283.57,286.625,131569593
2023-07-18 00:00:00+00:00,293.34,295.26,286.01,290.15,112434713
2023-07-19 00:00:00+00:00,291.26,299.29,289.5201,296.04,142355353
2023-07-20 00:00:00+00:00,262.9,280.93,261.2,279.56,175158273
2023-07-21 00:00:00+00:00,260.02,268.0,255.8,268.0,161796073
2023-07-24 00:00:00+00:00,269.06,269.85,254.12,255.85,137005037
2023-07-25 00:00:00+00:00,265.28,272.9,265.0,272.38,112757327
2023-07-26 00:00:00+00:00,264.35,268.04,261.75,263.25,95856177
2023-07-27 00:00:00+00:00,255.71,269.13,255.3,268.31,103697263
2023-07-28 00:00:00+00:00,266.44,267.25,258.2312,259.86,111446026
2023-07-31 00:00:00+00:00,267.43,269.08,263.78,267.48,84582172
2023-08-01 00:00:00+00:00,261.07,266.47,260.25,266.26,83645720
2023-08-02 00:00:00+00:00,254.11,259.52,250.49,255.57,101752865
2023-08-03 00:00:00+00:00,259.32,260.49,252.0,252.04,97829545
2023-08-04 00:00:00+00:00,253.86,264.77,253.11,260.97,99539907
2023-08-07 00:00:00+00:00,251.45,253.6511,242.76,251.45,111097943
2023-08-08 00:00:00+00:00,249.7,250.92,245.01,247.45,96642183
2023-08-09 00:00:00+00:00,242.19,251.1,241.9,250.87,101596324
2023-08-10 00:00:00+00:00,245.34,251.8,243.0,245.4,109498608
2023-08-11 00:00:00+00:00,242.65,243.79,238.02,241.77,99038642
2023-08-14 00:00:00+00:00,239.76,240.66,233.75,235.7,98595331
2023-08-15 00:00:00+00:00,232.96,240.5,232.61,238.73,88197599
2023-08-16 00:00:00+00:00,225.6,233.97,225.38,228.02,112484520
2023-08-17 00:00:00+00:00,219.22,226.74,218.83,226.06,120718417
2023-08-18 00:00:00+00:00,215.49,217.58,212.36,214.12,136276584
2023-08-21 00:00:00+00:00,231.28,232.1343,220.58,221.5512,135702671
2023-08-22 00:00:00+00:00,233.19,240.82,229.55,240.25,130597886
2023-08-23 00:00:00+00:00,236.86,238.98,229.29,229.34,101077635
2023-08-24 00:00:00+00:00,230.04,238.92,228.1801,238.66,99777432
2023-08-25 00:00:00+00:00,238.59,239.0,230.35,231.31,106612231
2023-08-28 00:00:00+00:00,238.82,244.38,235.35,242.58,107673727
2023-08-29 00:00:00+00:00,257.18,257.48,237.77,238.58,134047603
2023-08-30 00:00:00+00:00,256.9,260.51,250.59,254.2,121988437
2023-08-31 00:00:00+00:00,258.08,261.18,255.05,255.98,108861698
2023-09-01 00:00:00+00:00,245.01,259.0794,242.01,257.26,132541640
2023-09-05 00:00:00+00:00,256.49,258.0,244.86,245.0,129469565
2023-09-06 00:00:00+00:00,251.92,255.39,245.06,255.135,116959759
2023-09-07 00:00:00+00:00,251.49,252.81,243.265,245.07,115312886
2023-09-08 00:00:00+00:00,248.5,256.52,246.67,251.22,118559635
2023-09-11 00:00:00+00:00,273.58,274.85,260.61,264.27,174667852
2023-09-12 00:00:00+00:00,267.48,278.39,266.6,270.76,135999866
2023-09-13 00:00:00+00:00,271.3,274.98,268.1,270.07,111673737
2023-09-14 00:00:00+00:00,276.04,276.7094,270.42,271.32,107709842
2023-09-15 00:00:00+00:00,274.39,278.98,271.0,277.55,133692313
2023-09-18 00:00:00+00:00,265.28,271.44,263.7601,271.16,101543305
2023-09-19 00:00:00+00:00,266.5,267.85,261.2,264.35,103704040
2023-09-20 00:00:00+00:00,262.59,273.93,262.4606,267.04,122514643
2023-09-21 00:00:00+00:00,255.7,260.86,254.21,257.85,119951516
2023-09-22 00:00:00+00:00,244.88,257.7888,244.48,257.4,127524083
2023-09-25 00:00:00+00:00,246.99,247.1,238.31,243.38,104636557
2023-09-26 00:00:00+00:00,244.12,249.55,241.6601,242.98,101993631
2023-09-27 00:00:00+00:00,240.5,245.33,234.58,244.262,136597184
2023-09-28 00:00:00+00:00,246.38,247.55,238.65,240.02,117058870
2023-09-29 00:00:00+00:00,250.22,254.77,246.35,250.0,128522729
2023-10-02 00:00:00+00:00,251.6,254.2799,242.62,244.81,123810402
2023-10-03 00:00:00+00:00,246.53,250.02,244.45,248.61,101985305
2023-10-04 00:00:00+00:00,261.16,261.86,247.6,248.14,129721567
2023-10-05 00:00:00+00:00,260.05,263.6,256.25,260.0,119159214
2023-10-06 00:00:00+00:00,260.53,261.65,250.65,253.98,118121812
2023-10-09 00:00:00+00:00,259.67,261.36,252.05,255.31,101377947
2023-10-10 00:00:00+00:00,263.62,268.94,257.65,257.75,122656030
2023-10-11 00:00:00+00:00,262.99,268.6,260.9,266.2,103706266
2023-10-12 00:00:00+00:00,258.87,265.41,256.6307,262.92,111508114
2023-10-13 00:00:00+00:00,251.12,259.6,250.22,258.9,102296786
2023-10-16 00:00:00+00:00,253.92,255.3999,248.48,250.05,88917176
2023-10-17 00:00:00+00:00,254.85,257.183,247.08,250.1,93562909
2023-10-18 00:00:00+00:00,242.68,254.63,242.08,252.7,125147846
2023-10-19 00:00:00+00:00,220.11,230.61,216.78,225.95,170772713
2023-10-20 00:00:00+00:00,211.99,218.8606,210.42,217.01,138010095
2023-10-23 00:00:00+00:00,212.08,216.98,202.51,210.0,150683368
2023-10-24 00:00:00+00:00,216.52,222.05,214.11,216.5,118231113
2023-10-25 00:00:00+00:00,212.42,220.1,212.2,215.88,107065087
2023-10-26 00:00:00+00:00,205.76,214.8,204.88,211.32,115112635
2023-10-27 00:00:00+00:00,207.3,212.41,205.77,210.6,94881173
2023-10-30 00:00:00+00:00,197.36,210.88,194.67,209.28,136448167
2023-10-31 00:00:00+00:00,200.84,202.8,194.07,196.12,118068273
2023-11-01 00:00:00+00:00,205.66,205.99,197.85,204.04,121661656
2023-11-02 00:00:00+00:00,218.51,219.2,211.45,212.97,125987621
2023-11-03 00:00:00+00:00,219.96,226.3701,218.4,221.15,119534790
2023-11-06 00:00:00+00:00,219.27,226.32,215.0,223.98,117335820
2023-11-07 00:00:00+00:00,222.18,223.12,215.72,219.98,116900130
2023-11-08 00:00:00+00:00,222.11,224.15,217.64,223.15,106584841
2023-11-09 00:00:00+00:00,209.98,220.8,206.68,219.75,142110454
2023-11-10 00:00:00+00:00,214.65,215.38,205.69,210.03,131310128
2023-11-13 00:00:00+00:00,223.71,225.4,211.6101,215.6,140447569
2023-11-14 00:00:00+00:00,237.41,238.135,230.72,235.03,149771642
2023-11-15 00:00:00+00:00,242.84,246.7,236.45,239.29,150353975
2023-11-16 00:00:00+00:00,233.59,240.88,230.96,239.49,136816819
2023-11-17 00:00:00+00:00,234.3,237.39,226.54,232.0,142766234
2023-11-20 00:00:00+00:00,235.6,237.1,231.02,234.04,116562402
2023-11-21 00:00:00+00:00,241.2,243.62,233.34,235.04,122288000
2023-11-22 00:00:00+00:00,234.21,244.01,231.4,242.04,118117078
2023-11-24 00:00:00+00:00,235.45,238.75,232.33,233.75,65125203
2023-11-27 00:00:00+00:00,236.08,238.33,232.1,236.89,112031763
2023-11-28 00:00:00+00:00,246.72,247.0,234.01,236.68,148549913
2023-11-29 00:00:00+00:00,244.14,252.75,242.76,249.21,135401335
2023-11-30 00:00:00+00:00,240.08,245.22,236.91,245.14,132353196
2023-12-01 00:00:00+00:00,238.83,240.19,231.9,233.14,121331709
2023-12-04 00:00:00+00:00,235.58,239.3733,233.2902,235.75,104099817
2023-12-05 00:00:00+00:00,238.72,246.66,233.7,233.87,137971115
2023-12-06 00:00:00+00:00,239.37,246.57,239.1709,242.92,125905295
2023-12-07 00:00:00+00:00,242.64,244.08,236.98,241.55,107142262
2023-12-08 00:00:00+00:00,243.84,245.27,239.2701,240.27,103126829
2023-12-11 00:00:00+00:00,239.74,243.441,237.45,242.74,97913888
2023-12-12 00:00:00+00:00,237.01,238.99,233.87,238.55,95328313
2023-12-13 00:00:00+00:00,239.29,240.3,228.2,234.19,146286348
2023-12-14 00:00:00+00:00,251.05,253.88,240.79,241.22,160829239
2023-12-15 00:00:00+00:00,253.5,254.13,248.3,251.21,135932762
2023-12-18 00:00:00+00:00,252.08,258.74,251.36,253.78,116416490
2023-12-19 00:00:00+00:00,257.22,258.3399,253.01,253.48,106287276
2023-12-20 00:00:00+00:00,247.14,259.84,247.0,256.41,125096987
2023-12-21 00:00:00+00:00,254.5,254.7999,248.55,251.9,109594227
2023-12-22 00:00:00+00:00,252.54,258.22,251.37,256.76,93370094
2023-12-26 00:00:00+00:00,256.61,257.97,252.91,254.49,86892382
2023-12-27 00:00:00+00:00,261.44,263.34,257.52,258.35,105853348
2023-12-28 00:00:00+00:00,253.18,265.13,252.71,263.66,113619943
2023-12-29 00:00:00+00:00,248.48,255.19,247.43,255.1,100891578
2024-01-02 00:00:00+00:00,248.42,251.25,244.41,250.08,104654163
2024-01-03 00:00:00+00:00,238.45,245.68,236.32,244.98,121082599
2024-01-04 00:00:00+00:00,237.93,242.7,237.73,239.25,102629283
2024-01-05 00:00:00+00:00,237.49,240.1196,234.9001,236.86,92240035
2024-01-08 00:00:00+00:00,240.45,241.25,235.3,236.14,85166580
2024-01-09 00:00:00+00:00,234.96,238.9646,232.04,238.11,96705664
2024-01-10 00:00:00+00:00,233.94,235.5,231.29,235.1,91628502
2024-01-11 00:00:00+00:00,227.22,230.93,225.37,230.57,105873612
2024-01-12 00:00:00+00:00,218.89,225.34,217.1501,220.08,123043812
2024-01-16 00:00:00+00:00,219.91,223.49,212.18,215.1,115355046
2024-01-17 00:00:00+00:00,215.55,215.67,212.01,214.86,103164400
2024-01-18 00:00:00+00:00,211.88,217.45,208.74,216.88,108595431
2024-01-19 00:00:00+00:00,212.19,213.19,207.56,209.99,102260343
2024-01-22 00:00:00+00:00,208.8,217.8,206.27,212.26,117952527
2024-01-23 00:00:00+00:00,209.14,215.65,207.7516,211.3,106605946
2024-01-24 00:00:00+00:00,207.83,212.73,206.77,211.88,112930989
2024-01-25 00:00:00+00:00,182.63,193.0,180.06,189.7,198076787
2024-01-26 00:00:00+00:00,183.25,186.78,182.1,185.5,107343231
2024-01-29 00:00:00+00:00,190.93,191.48,183.67,185.63,125013148
2024-01-30 00:00:00+00:00,191.59,196.3593,190.61,195.33,109982327
2024-01-31 00:00:00+00:00,187.29,193.97,185.8459,186.995,103221430
2024-02-01 00:00:00+00:00,188.86,189.88,184.28,188.5,91843275
2024-02-02 00:00:00+00:00,187.91,188.69,182.0,185.04,110612672
2024-02-05 00:00:00+00:00,181.06,184.68,175.01,184.26,134294447
2024-02-06 00:00:00+00:00,185.1,186.49,177.11,177.21,122675954
2024-02-07 00:00:00+00:00,187.58,189.79,182.68,188.18,111535217
2024-02-08 00:00:00+00:00,189.56,191.6171,185.58,189.0,83034043
2024-02-09 00:00:00+00:00,193.57,194.12,189.48,190.18,84476347
2024-02-12 00:00:00+00:00,188.13,194.73,187.28,192.11,95498597
2024-02-13 00:00:00+00:00,184.02,187.26,182.1087,183.99,86759478
2024-02-14 00:00:00+00:00,188.71,188.89,183.35,185.3,81202987
2024-02-15 00:00:00+00:00,200.45,200.88,188.8595,189.16,120831762
2024-02-16 00:00:00+00:00,199.95,203.17,197.4,202.06,111346705
2024-02-20 00:00:00+00:00,193.76,198.6,189.13,196.13,104545762
2024-02-21 00:00:00+00:00,194.77,199.44,191.95,193.36,103844008
2024-02-22 00:00:00+00:00,197.41,198.32,191.36,194.0,92739461
2024-02-23 00:00:00+00:00,191.97,197.57,191.5,195.31,78841917
2024-02-26 00:00:00+00:00,199.4,201.78,192.0,192.29,111747116
2024-02-27 00:00:00+00:00,199.73,205.6,198.26,204.04,108645412
2024-02-28 00:00:00+00:00,202.04,205.3,198.44,200.42,99806173
2024-02-29 00:00:00+00:00,201.88,205.28,198.4463,204.18,85906974
2024-03-01 00:00:00+00:00,202.64,204.52,198.5,200.52,82243119
2024-03-04 00:00:00+00:00,188.14,199.75,186.72,198.73,134334869
2024-03-05 00:00:00+00:00,180.74,184.59,177.57,183.05,119660758
2024-03-06 00:00:00+00:00,176.54,181.576,173.7,179.99,107920944
2024-03-07 00:00:00+00:00,178.65,180.04,173.7,174.35,102129004
2024-03-08 00:00:00+00:00,175.34,182.73,174.7,181.5,85544644
2024-03-11 00:00:00+00:00,177.77,182.87,174.8,175.45,85013157
2024-03-12 00:00:00+00:00,177.54,179.43,172.4101,177.77,87009098
2024-03-13 00:00:00+00:00,169.48,176.05,169.15,173.05,104717978
2024-03-14 00:00:00+00:00,162.5,171.17,160.51,167.77,125494925
2024-03-15 00:00:00+00:00,163.57,165.1845,160.76,163.16,97146832
2024-03-18 00:00:00+00:00,173.8,174.72,165.9,170.02,108214358
2024-03-19 00:00:00+00:00,171.32,172.82,167.42,172.36,77271428
2024-03-20 00:00:00+00:00,175.66,176.25,170.82,173.0,83846726
2024-03-21 00:00:00+00:00,172.82,178.18,171.8,176.39,73178014
2024-03-22 00:00:00+00:00,170.83,171.2,166.3,166.69,75580637
2024-03-25 00:00:00+00:00,172.63,175.24,168.73,168.76,74228615
2024-03-26 00:00:00+00:00,177.67,184.25,177.38,178.58,113186227
2024-03-27 00:00:00+00:00,179.83,181.91,176.0,181.41,81804043
2024-03-28 00:00:00+00:00,175.79,179.57,175.3,177.45,77654838
2024-04-01 00:00:00+00:00,175.22,176.75,170.21,176.17,80751684
2024-04-02 00:00:00+00:00,166.63,167.69,163.43,164.75,115344925
2024-04-03 00:00:00+00:00,168.38,168.82,163.28,164.02,82223543
2024-04-04 00:00:00+00:00,171.11,177.19,168.01,170.07,122061224
2024-04-05 00:00:00+00:00,164.9,170.86,160.51,169.08,136439809
2024-04-08 00:00:00+00:00,172.98,174.5,167.79,169.34,104039371
2024-04-09 00:00:00+00:00,176.88,179.22,171.92,172.91,102327658
2024-04-10 00:00:00+00:00,171.76,174.93,170.01,173.04,84532407
2024-04-11 00:00:00+00:00,174.6,175.88,168.51,172.55,94515987
2024-04-12 00:00:00+00:00,171.05,173.8099,170.3644,172.34,64722669
2024-04-15 00:00:00+00:00,161.48,170.69,161.38,170.24,100245310
2024-04-16 00:00:00+00:00,157.11,158.19,153.75,156.742,96999956
2024-04-17 00:00:00+00:00,155.45,158.33,153.78,157.64,82439718
2024-04-18 00:00:00+00:00,149.93,152.2,148.7,151.25,96098830
2024-04-19 00:00:00+00:00,147.05,150.94,146.22,148.97,87074500
2024-04-22 00:00:00+00:00,142.05,144.44,138.8025,140.56,107097564
2024-04-23 00:00:00+00:00,144.68,147.26,141.11,143.33,124545104
2024-04-24 00:00:00+00:00,162.13,167.97,157.51,162.84,181178020
2024-04-25 00:00:00+00:00,170.18,170.88,158.36,158.96,126427521
2024-04-26 00:00:00+00:00,168.29,172.12,166.37,168.85,109815725
2024-04-29 00:00:00+00:00,194.05,198.87,184.54,188.42,243869678
2024-04-30 00:00:00+00:00,183.28,190.95,182.8401,186.98,127031787
2024-05-01 00:00:00+00:00,179.99,185.86,179.01,182.0,92829719
2024-05-02 00:00:00+00:00,180.01,184.6,176.02,182.86,89148041
2024-05-03 00:00:00+00:00,181.19,184.78,178.42,182.1,75491539
2024-05-06 00:00:00+00:00,184.76,187.56,182.2,183.8,84390253
2024-05-07 00:00:00+00:00,177.81,183.26,177.4,182.4,75045854
2024-05-08 00:00:00+00:00,174.72,176.06,170.15,171.59,79969488
2024-05-09 00:00:00+00:00,171.97,175.62,171.37,175.01,65950292
2024-05-10 00:00:00+00:00,168.47,173.0599,167.75,173.05,72627178
2024-05-13 00:00:00+00:00,171.89,175.4,169.0,170.0,67018903
2024-05-14 00:00:00+00:00,177.55,179.49,174.07,174.4959,86407422
2024-05-15 00:00:00+00:00,173.99,180.0,173.11,179.9,79662993
2024-05-16 00:00:00+00:00,174.84,175.79,171.43,174.1,59812220
2024-05-17 00:00:00+00:00,177.46,179.63,172.75,173.55,77445845
2024-05-20 00:00:00+00:00,174.95,177.754,173.52,177.56,61727425
2024-05-21 00:00:00+00:00,186.6,186.875,174.71,175.51,115266512
2024-05-22 00:00:00+00:00,180.11,183.8,178.12,182.85,88313477
2024-05-23 00:00:00+00:00,173.74,181.9,173.26,181.8,71975496
2024-05-24 00:00:00+00:00,179.24,180.08,173.73,174.835,65584478
2024-05-28 00:00:00+00:00,176.75,178.25,173.16,176.4,59736620
2024-05-29 00:00:00+00:00,176.19,178.15,173.93,174.19,54782649
2024-05-30 00:00:00+00:00,178.79,182.67,175.38,178.575,77784755
2024-05-31 00:00:00+00:00,178.08,180.32,173.82,178.5,67314602
2024-06-03 00:00:00+00:00,176.29,182.6389,174.49,178.13,68568920
2024-06-04 00:00:00+00:00,174.77,177.755,174.0,174.775,60056340
2024-06-05 00:00:00+00:00,175.0,176.15,172.13,175.35,57953756
2024-06-06 00:00:00+00:00,177.94,179.73,172.73,174.6,69887024
2024-06-07 00:00:00+00:00,177.48,179.35,175.58,176.13,56244932
2024-06-10 00:00:00+00:00,173.79,178.57,173.17,176.06,50869682
2024-06-11 00:00:00+00:00,170.66,174.75,167.41,173.92,64761928
2024-06-12 00:00:00+00:00,177.29,180.55,169.8,171.12,90389446
2024-06-13 00:00:00+00:00,182.47,191.08,181.23,188.39,118984122
2024-06-14 00:00:00+00:00,178.01,186.0,176.92,185.8,82038194
2024-06-17 00:00:00+00:00,187.44,188.81,177.0,177.92,109786083
2024-06-18 00:00:00+00:00,184.86,187.2,182.37,186.56,68982265
2024-06-20 00:00:00+00:00,181.57,185.21,179.66,184.68,55893139
2024-06-21 00:00:00+00:00,183.01,183.95,180.69,182.3,63029482
2024-06-24 00:00:00+00:00,182.58,188.8,182.55,184.97,61992070
2024-06-25 00:00:00+00:00,187.35,187.97,182.01,184.4,63678265
2024-06-26 00:00:00+00:00,196.37,197.755,186.36,186.54,95737066
2024-06-27 00:00:00+00:00,197.42,198.72,194.05,195.17,72746521
2024-06-28 00:00:00+00:00,197.88,203.2,195.26,199.55,95438068
2024-07-01 00:00:00+00:00,209.86,213.23,200.85,201.02,135691395
2024-07-02 00:00:00+00:00,231.26,231.3,218.06,218.89,205047920
2024-07-03 00:00:00+00:00,246.39,248.35,234.25,234.56,166561471
2024-07-05 00:00:00+00:00,251.52,252.37,242.4601,249.81,154501152
2024-07-08 00:00:00+00:00,252.94,259.439,244.57,247.71,157219580
2024-07-09 00:00:00+00:00,262.33,265.61,250.3,251.0,160742516
2024-07-10 00:00:00+00:00,263.26,267.59,257.86,262.8,128519430
2024-07-11 00:00:00+00:00,241.03,271.0,239.65,263.3,221707273
2024-07-12 00:00:00+00:00,248.23,251.84,233.0912,235.8,155955773
2024-07-15 00:00:00+00:00,252.64,265.6,251.73,255.97,146912920
2024-07-16 00:00:00+00:00,256.56,258.62,245.8001,255.31,126332470
2024-07-17 00:00:00+00:00,248.5,258.47,246.182,252.73,115584810
2024-07-18 00:00:00+00:00,249.23,257.14,247.2,251.09,110869037
2024-07-19 00:00:00+00:00,239.2,249.44,236.83,247.79,87403903
2024-07-22 00:00:00+00:00,251.51,253.21,243.75,244.21,101225430
2024-07-23 00:00:00+00:00,246.38,255.7594,245.63,253.6,111928192
2024-07-24 00:00:00+00:00,215.99,225.99,214.71,225.42,167942939
2024-07-25 00:00:00+00:00,220.25,226.0,216.231,216.8,100636466
2024-07-26 00:00:00+00:00,219.8,222.2799,215.33,221.19,94604145
2024-07-29 00:00:00+00:00,232.1,234.27,224.7,224.9,129201789
2024-07-30 00:00:00+00:00,222.62,232.41,220.0,232.25,100560334
2024-07-31 00:00:00+00:00,232.07,234.68,226.7875,227.9,67497011
2024-08-01 00:00:00+00:00,216.86,231.867,214.3328,227.69,83861898
2024-08-02 00:00:00+00:00,207.67,216.13,205.78,214.88,82880120
2024-08-05 00:00:00+00:00,198.88,203.8799,182.0,185.22,100308836
2024-08-06 00:00:00+00:00,200.64,202.9,192.67,200.75,73783942
2024-08-07 00:00:00+00:00,191.76,203.49,191.48,200.77,71159778
2024-08-08 00:00:00+00:00,198.84,200.7,192.04,195.7,65033874
2024-08-09 00:00:00+00:00,200.0,200.88,195.11,197.05,58648274
2024-08-12 00:00:00+00:00,197.49,199.26,194.67,199.02,64044903
2024-08-13 00:00:00+00:00,207.83,208.49,197.06,198.47,76247387
2024-08-14 00:00:00+00:00,201.38,208.44,198.75,207.39,70250014
2024-08-15 00:00:00+00:00,214.14,215.88,204.82,205.02,89848530
2024-08-16 00:00:00+00:00,216.12,219.8,210.8,211.15,88765122
2024-08-19 00:00:00+00:00,222.72,222.98,214.09,217.07,76435222
2024-08-20 00:00:00+00:00,221.1,228.22,219.56,224.88,74001182
2024-08-21 00:00:00+00:00,223.27,224.6594,218.86,222.67,70145964
2024-08-22 00:00:00+00:00,210.66,224.8,210.32,223.82,79514482
2024-08-23 00:00:00+00:00,220.32,221.48,214.21,214.455,81525207
2024-08-26 00:00:00+00:00,213.21,219.09,211.01,218.75,59301187
2024-08-27 00:00:00+00:00,209.21,215.66,206.94,213.25,62821390
2024-08-28 00:00:00+00:00,205.75,211.84,202.59,209.72,64116350
2024-08-29 00:00:00+00:00,206.28,214.89,205.97,209.8,62308818
2024-08-30 00:00:00+00:00,214.11,214.5701,207.03,208.63,63370608
2024-09-03 00:00:00+00:00,210.6,219.9043,209.64,215.26,76714222
2024-09-04 00:00:00+00:00,219.41,222.22,210.57,210.59,80217329
2024-09-05 00:00:00+00:00,230.17,235.0,222.25,223.49,119355013
2024-09-06 00:00:00+00:00,210.73,233.6,210.51,232.6,112177004
2024-09-09 00:00:00+00:00,216.27,219.87,213.67,216.2,67443518
2024-09-10 00:00:00+00:00,226.17,226.4,218.6377,220.07,78891136
2024-09-11 00:00:00+00:00,228.13,228.47,216.8003,224.55,83548633
2024-09-12 00:00:00+00:00,229.81,231.45,223.83,224.66,72020042
2024-09-13 00:00:00+00:00,230.29,232.67,226.32,228.0,59515114
2024-09-16 00:00:00+00:00,226.78,229.96,223.53,229.3,54322995
2024-09-17 00:00:00+00:00,227.87,234.57,226.5533,229.45,66761636
2024-09-18 00:00:00+00:00,227.2,235.68,226.88,230.09,78010204
2024-09-19 00:00:00+00:00,243.92,244.24,232.13,234.0,102694576
2024-09-20 00:00:00+00:00,238.25,243.99,235.92,241.52,99879070
2024-09-23 00:00:00+00:00,250.0,250.0,241.92,242.61,86927194
2024-09-24 00:00:00+00:00,254.27,257.19,249.0501,254.08,88490999
2024-09-25 00:00:00+00:00,257.02,257.05,252.28,252.54,65034318
2024-09-26 00:00:00+00:00,254.22,261.75,251.53,260.6,67142193
2024-09-27 00:00:00+00:00,260.46,260.6999,254.12,257.375,70988067
2024-09-30 00:00:00+00:00,261.63,264.86,255.77,259.04,80873381
2024-10-01 00:00:00+00:00,258.02,263.98,248.53,262.67,87397613
2024-10-02 00:00:00+00:00,249.02,251.1585,241.5,247.55,93983930
2024-10-03 00:00:00+00:00,240.66,249.79,237.81,244.48,80729240
2024-10-04 00:00:00+00:00,250.08,250.96,244.58,246.69,86726285
2024-10-07 00:00:00+00:00,240.83,249.83,240.7,249.0,68113270
2024-10-08 00:00:00+00:00,244.5,246.21,240.56,243.56,56303160
2024-10-09 00:00:00+00:00,241.05,247.43,239.51,243.82,66289529
2024-10-10 00:00:00+00:00,238.77,242.7899,232.34,241.81,83087063
2024-10-11 00:00:00+00:00,217.8,223.34,214.38,220.13,142628874
2024-10-14 00:00:00+00:00,219.16,221.91,213.74,220.13,86291923
2024-10-15 00:00:00+00:00,219.57,224.26,217.12,220.01,62988787
2024-10-16 00:00:00+00:00,221.33,222.8199,218.93,221.4,49632824
2024-10-17 00:00:00+00:00,220.89,222.08,217.9,221.59,50791784
2024-10-18 00:00:00+00:00,220.7,222.28,219.23,220.71,49611867
2024-10-21 00:00:00+00:00,218.85,220.48,215.726,218.9,47328988
2024-10-22 00:00:00+00:00,217.97,218.22,215.26,217.31,43268741
2024-10-23 00:00:00+00:00,213.65,218.72,212.11,217.125,80938892
2024-10-24 00:00:00+00:00,260.48,262.1199,242.65,244.68,204491903
2024-10-25 00:00:00+00:00,269.19,269.49,255.32,256.01,161611931
2024-10-28 00:00:00+00:00,262.51,273.536,262.24,270.0,107653603
2024-10-29 00:00:00+00:00,259.52,264.98,255.51,264.51,80521751
2024-10-30 00:00:00+00:00,257.55,263.35,255.8201,258.035,53993576
2024-10-31 00:00:00+00:00,249.85,259.75,249.25,257.99,66575292
2024-11-01 00:00:00+00:00,248.98,254.0,246.63,252.043,57544757
2024-11-04 00:00:00+00:00,242.84,248.9,238.88,244.56,68802354
2024-11-05 00:00:00+00:00,251.44,255.2799,246.2101,247.34,69282505
2024-11-06 00:00:00+00:00,288.53,289.59,275.62,284.67,165228710
2024-11-07 00:00:00+00:00,296.91,299.75,285.52,288.89,117309232
2024-11-08 00:00:00+00:00,321.22,328.71,297.66,299.14,204782763
2024-11-11 00:00:00+00:00,350.0,358.64,336.0,346.3,210521625
2024-11-12 00:00:00+00:00,328.49,345.84,323.31,342.74,155726016
2024-11-13 00:00:00+00:00,330.24,344.5999,322.5,335.85,125405599
2024-11-14 00:00:00+00:00,311.18,329.98,310.37,327.69,120726109
2024-11-15 00:00:00+00:00,320.72,324.6799,309.22,310.57,114440286
2024-11-18 00:00:00+00:00,338.74,348.5499,330.01,340.73,126547455
2024-11-19 00:00:00+00:00,346.0,347.3799,332.75,335.76,88852452
2024-11-20 00:00:00+00:00,342.03,346.5999,334.3,345.0,66340650
2024-11-21 00:00:00+00:00,339.64,347.9899,335.28,343.81,58011719
2024-11-22 00:00:00+00:00,352.56,361.53,337.7,341.085,89140722
2024-11-25 00:00:00+00:00,338.59,361.93,338.2,360.14,95890899
2024-11-26 00:00:00+00:00,338.23,346.96,335.66,341.0,62295857
2024-11-27 00:00:00+00:00,332.89,342.55,326.59,341.8,57896439
2024-11-29 00:00:00+00:00,345.16,345.45,334.65,336.08,37167621
2024-12-02 00:00:00+00:00,357.09,360.0,351.1501,352.38,77986478
2024-12-03 00:00:00+00:00,351.42,355.69,348.2,351.8,58267196
2024-12-04 00:00:00+00:00,357.93,358.1,348.6,353.0,50810874
2024-12-05 00:00:00+00:00,369.49,375.43,359.5,359.87,81403569
2024-12-06 00:00:00+00:00,389.22,389.49,370.8,377.42,81455834
2024-12-09 00:00:00+00:00,389.79,404.8,378.01,397.61,96359173
2024-12-10 00:00:00+00:00,400.99,409.73,390.85,392.68,97563578
2024-12-11 00:00:00+00:00,424.77,424.88,402.38,409.7,104287559
2024-12-12 00:00:00+00:00,418.1,429.3,415.0,424.84,87752225
2024-12-13 00:00:00+00:00,436.23,436.3,415.71,420.0,89000158
2024-12-16 00:00:00+00:00,463.02,463.19,436.15,441.09,114083811
2024-12-17 00:00:00+00:00,479.86,483.99,457.5101,475.9,131222978
2024-12-18 00:00:00+00:00,440.13,488.5399,427.01,466.495,149340788
2024-12-19 00:00:00+00:00,436.17,456.36,420.02,451.88,118566146
2024-12-20 00:00:00+00:00,421.06,447.08,417.64,425.505,132216176
2024-12-23 00:00:00+00:00,430.6,434.51,415.4112,431.0,72698055
2024-12-24 00:00:00+00:00,462.28,462.78,435.14,435.9,59551750
2024-12-26 00:00:00+00:00,454.13,465.3299,451.02,465.16,76651210
2024-12-27 00:00:00+00:00,431.66,450.0,426.5,449.52,82666821
2024-12-30 00:00:00+00:00,417.41,427.0,415.75,419.4,64941012
2024-12-31 00:00:00+00:00,403.84,427.93,402.54,423.79,76825121
2025-01-02 00:00:00+00:00,379.28,392.7299,373.04,390.1,109710749
2025-01-03 00:00:00+00:00,410.44,411.8799,379.45,381.48,95423329
2025-01-06 00:00:00+00:00,411.05,426.43,401.7,423.2,85516534
2025-01-07 00:00:00+00:00,394.36,414.33,390.0,405.83,75699525
2025-01-08 00:00:00+00:00,394.94,402.4999,387.4,392.95,73038805
2025-01-10 00:00:00+00:00,394.74,399.28,377.29,391.4,62287333
2025-01-13 00:00:00+00:00,403.31,403.79,380.07,383.21,67580494
2025-01-14 00:00:00+00:00,396.36,422.64,394.54,414.34,84565022
2025-01-15 00:00:00+00:00,428.22,429.8,405.661,409.9,81375460
2025-01-16 00:00:00+00:00,413.82,424.0,409.13,423.49,68335151
2025-01-17 00:00:00+00:00,426.5,439.74,419.75,421.5,94991429
2025-01-21 00:00:00+00:00,424.07,433.2,406.31,432.64,87320894
2025-01-22 00:00:00+00:00,415.11,428.0,414.59,416.81,60963342
2025-01-23 00:00:00+00:00,412.38,420.73,408.95,416.06,50690592
2025-01-24 00:00:00+00:00,406.58,418.88,405.78,414.45,56427149
2025-01-27 00:00:00+00:00,397.15,406.69,389.0,394.8,58125510
2025-01-28 00:00:00+00:00,398.09,400.59,386.5,396.91,48910676
2025-01-29 00:00:00+00:00,389.1,398.5899,384.48,395.21,68033648
2025-01-30 00:00:00+00:00,400.28,412.5,384.41,410.78,98092879
2025-01-31 00:00:00+00:00,404.6,419.99,401.34,401.53,83568219
2025-02-03 00:00:00+00:00,383.68,389.17,374.36,386.68,93732122
2025-02-04 00:00:00+00:00,392.21,394.0,381.4,382.63,57072235
2025-02-05 00:00:00+00:00,378.17,388.39,375.53,387.51,57614721
2025-02-06 00:00:00+00:00,374.32,375.4,363.18,373.03,77918230
2025-02-07 00:00:00+00:00,361.62,380.5459,360.34,370.19,70298258
2025-02-10 00:00:00+00:00,350.73,362.7,350.51,356.21,77514903
2025-02-11 00:00:00+00:00,328.5,349.37,325.1,345.8,118543400
2025-02-12 00:00:00+00:00,336.51,346.4,329.12,329.94,105382729
2025-02-13 00:00:00+00:00,355.94,358.69,342.85,345.0,89441519
2025-02-14 00:00:00+00:00,355.84,362.0,347.5,360.62,68277279
2025-02-18 00:00:00+00:00,354.11,359.1,350.02,355.01,51631702
2025-02-19 00:00:00+00:00,360.56,367.34,353.67,354.0,67094374
2025-02-20 00:00:00+00:00,354.4,362.3,348.0,361.51,45965354
2025-02-21 00:00:00+00:00,337.8,354.98,334.42,353.44,74058648
2025-02-24 00:00:00+00:00,330.53,342.3973,324.7,338.14,76052321
2025-02-25 00:00:00+00:00,302.8,328.89,297.2512,327.025,134228777
2025-02-26 00:00:00+00:00,290.8,309.0,288.04,303.715,100118276
2025-02-27 00:00:00+00:00,281.95,297.23,280.88,291.16,101748197
2025-02-28 00:00:00+00:00,292.98,293.88,273.6,279.5,115696968
2025-03-03 00:00:00+00:00,284.65,303.94,277.3,300.34,115551414
2025-03-04 00:00:00+00:00,272.04,284.35,261.8401,270.93,126706623
2025-03-05 00:00:00+00:00,279.1,279.55,267.71,272.92,94042913
2025-03-06 00:00:00+00:00,263.45,272.65,260.02,272.06,98451566
2025-03-07 00:00:00+00:00,262.67,266.2499,250.73,259.32,102369640
2025-03-10 00:00:00+00:00,222.15,253.37,220.0,252.54,185037825
2025-03-11 00:00:00+00:00,230.58,237.0649,217.02,225.305,174896415
2025-03-12 00:00:00+00:00,248.09,251.84,241.1,247.22,142215681
2025-03-13 00:00:00+00:00,240.68,248.29,232.6,248.125,114813525
2025-03-14 00:00:00+00:00,249.98,251.58,240.73,247.31,100242264
2025-03-17 00:00:00+00:00,238.01,245.4,232.8,245.055,111900565
2025-03-18 00:00:00+00:00,225.31,230.1,222.28,228.155,111477636
2025-03-19 00:00:00+00:00,235.86,241.41,229.201,231.61,111993753
2025-03-20 00:00:00+00:00,236.26,238.0,230.0501,233.345,99028270
2025-03-21 00:00:00+00:00,248.71,249.52,234.55,234.985,132728684
2025-03-24 00:00:00+00:00,278.39,278.64,256.33,258.075,169079865
2025-03-25 00:00:00+00:00,288.14,288.2,271.28,283.6,150361538
2025-03-26 00:00:00+00:00,272.06,284.9,266.51,282.66,156254441
2025-03-27 00:00:00+00:00,273.13,291.85,271.8216,272.48,162572146
2025-03-28 00:00:00+00:00,263.55,276.1,260.57,275.575,123809389
2025-03-31 00:00:00+00:00,259.16,260.56,243.3601,249.31,134008936
2025-04-01 00:00:00+00:00,268.46,277.45,259.25,263.8,146486911
2025-04-02 00:00:00+00:00,282.76,284.99,251.27,254.6,212787817
2025-04-03 00:00:00+00:00,267.28,276.3,261.51,265.29,136174291
2025-04-04 00:00:00+00:00,239.43,261.0,236.0,255.38,181229353
2025-04-07 00:00:00+00:00,233.29,252.0,214.25,223.78,183453776
2025-04-08 00:00:00+00:00,221.86,250.44,217.8,245.0,171603472
2025-04-09 00:00:00+00:00,272.2,274.69,223.88,224.69,219433373
2025-04-10 00:00:00+00:00,252.4,262.49,239.33,260.0,181722604
2025-04-11 00:00:00+00:00,252.31,257.74,241.3629,251.84,128948085
2025-04-14 00:00:00+00:00,252.35,261.8,245.93,258.36,100135241
2025-04-15 00:00:00+00:00,254.11,258.75,247.54,249.91,79594318
2025-04-16 00:00:00+00:00,241.55,251.97,233.89,247.61,112378737
2025-04-17 00:00:00+00:00,241.37,244.34,237.6833,243.47,83404775
2025-04-21 00:00:00+00:00,227.5,232.21,222.79,230.26,97768007
2025-04-22 00:00:00+00:00,237.97,242.79,229.8501,230.96,120858452
2025-04-23 00:00:00+00:00,250.74,259.4499,244.43,254.86,150381903
2025-04-24 00:00:00+00:00,259.51,259.54,249.2,250.5,94464195
2025-04-25 00:00:00+00:00,284.95,286.85,259.63,261.69,167560688
2025-04-28 00:00:00+00:00,285.88,294.86,272.42,288.98,151731771
2025-04-29 00:00:00+00:00,292.03,293.32,279.4695,285.5,108906553
2025-04-30 00:00:00+00:00,282.16,284.45,270.78,279.9,128961057
2025-05-01 00:00:00+00:00,280.52,290.8688,279.81,280.01,99658974
2025-05-02 00:00:00+00:00,287.21,294.78,279.81,284.9,114454683
2025-05-05 00:00:00+00:00,280.26,284.849,274.4,284.57,94618882
2025-05-06 00:00:00+00:00,275.35,277.73,271.35,273.105,76715792
2025-05-07 00:00:00+00:00,276.22,277.92,271.0,276.88,71882408
2025-05-08 00:00:00+00:00,284.82,289.8,279.41,279.63,97539448
2025-05-09 00:00:00+00:00,298.26,307.04,290.0,290.21,132387835
2025-05-12 00:00:00+00:00,318.38,322.21,311.5,321.99,112826661
2025-05-13 00:00:00+00:00,334.07,337.5894,316.8,320.0,136992574
2025-05-14 00:00:00+00:00,347.68,350.0,337.0,342.5,136997264
2025-05-15 00:00:00+00:00,342.82,346.1393,334.7153,340.34,97882596
2025-05-16 00:00:00+00:00,349.98,351.62,342.33,346.24,95895665
2025-05-19 00:00:00+00:00,342.09,343.0,333.37,336.3,88869853
2025-05-20 00:00:00+00:00,343.82,354.9899,341.63,347.87,131715548
2025-05-21 00:00:00+00:00,334.62,347.35,332.2,344.43,102354844
2025-05-22 00:00:00+00:00,341.04,347.27,331.39,331.9,97113416
2025-05-23 00:00:00+00:00,339.34,343.18,333.21,337.92,84654818
2025-05-27 00:00:00+00:00,362.89,363.79,347.32,347.35,120146414
2025-05-28 00:00:00+00:00,356.9,365.0,355.91,364.84,91404309
2025-05-29 00:00:00+00:00,358.43,367.71,356.0,365.29,88545666
2025-05-30 00:00:00+00:00,346.46,363.68,345.29,355.52,123474938
2025-06-02 00:00:00+00:00,342.69,348.02,333.33,343.5,81873829
2025-06-03 00:00:00+00:00,344.27,355.4,343.04,346.595,99324544
2025-06-04 00:00:00+00:00,332.05,345.6,327.3308,345.095,98912075
2025-06-05 00:00:00+00:00,284.7,324.5499,273.21,322.49,292818655
2025-06-06 00:00:00+00:00,295.14,305.5,291.14,298.83,164747685
2025-06-09 00:00:00+00:00,308.58,309.83,281.85,285.955,140908876
2025-06-10 00:00:00+00:00,326.09,327.83,310.667,314.94,151256520
2025-06-11 00:00:00+00:00,326.43,335.5,322.5,334.395,122611360
2025-06-12 00:00:00+00:00,319.11,332.56,316.86,323.075,105127536
2025-06-13 00:00:00+00:00,325.31,332.99,313.3,313.97,128964279
2025-06-16 00:00:00+00:00,329.13,332.05,326.41,331.29,83925858
2025-06-17 00:00:00+00:00,316.35,327.26,314.74,326.09,88282669
2025-06-18 00:00:00+00:00,322.05,329.32,315.45,317.31,95137686
2025-06-20 00:00:00+00:00,322.16,332.36,317.78,327.95,108688008
2025-06-23 00:00:00+00:00,348.68,357.54,327.48,327.54,190716815
2025-06-24 00:00:00+00:00,340.47,356.26,340.44,356.17,114736245
2025-06-25 00:00:00+00:00,327.55,343.0,320.4,342.7,119845050
2025-06-26 00:00:00+00:00,325.78,331.05,323.61,324.61,80440907
2025-06-27 00:00:00+00:00,323.63,329.3393,317.495,324.51,89067049
2025-06-30 00:00:00+00:00,317.66,325.5799,316.6,319.9,76695081
2025-07-01 00:00:00+00:00,300.71,305.89,293.21,298.46,145085665
2025-07-02 00:00:00+00:00,315.65,316.832,303.82,312.63,119483730
2025-07-03 00:00:00+00:00,315.35,318.45,312.76,317.99,58042302
2025-07-07 00:00:00+00:00,293.94,296.15,288.7701,291.37,131177949
2025-07-08 00:00:00+00:00,297.81,304.0499,294.35,297.0,103246742
2025-07-09 00:00:00+00:00,295.88,300.15,293.55,297.55,75586771
2025-07-10 00:00:00+00:00,309.87,310.48,300.0,300.05,104365271
2025-07-11 00:00:00+00:00,313.51,314.09,305.65,307.89,79236442
2025-07-14 00:00:00+00:00,316.9,322.5986,312.67,317.73,78043430
2025-07-15 00:00:00+00:00,310.78,321.2,310.5,319.675,77556346
2025-07-16 00:00:00+00:00,321.67,323.5,312.62,312.8,97284786
2025-07-17 00:00:00+00:00,319.41,324.34,317.0601,323.15,73922870
2025-07-18 00:00:00+00:00,329.65,330.9,321.42,321.66,94254993
2025-07-21 00:00:00+00:00,328.49,338.0,326.88,334.4,75768797
2025-07-22 00:00:00+00:00,332.11,335.4098,321.55,329.74,77370371
2025-07-23 00:00:00+00:00,332.56,336.2,328.67,330.9,92553756
2025-07-24 00:00:00+00:00,305.3,310.15,300.41,310.0,156966023
2025-07-25 00:00:00+00:00,316.06,323.63,308.01,308.74,148227027
2025-07-28 00:00:00+00:00,325.59,330.49,315.69,318.45,112673755
2025-07-29 00:00:00+00:00,321.2,326.25,318.25,325.55,87358861
2025-07-30 00:00:00+00:00,319.04,324.4499,311.6164,322.18,83931942
2025-07-31 00:00:00+00:00,308.27,321.37,306.1,319.605,85270919
2025-08-01 00:00:00+00:00,302.63,309.31,297.82,306.205,89121446
2025-08-04 00:00:00+00:00,309.26,312.1186,303.0001,309.08,78683905
2025-08-05 00:00:00+00:00,308.72,312.4499,305.5,308.95,57961278
2025-08-06 00:00:00+00:00,319.91,320.47,306.9345,307.89,78523579
2025-08-07 00:00:00+00:00,322.27,322.4,316.16,319.79,66658672
2025-08-08 00:00:00+00:00,329.65,335.15,320.98,321.43,91200319
2025-08-11 00:00:00+00:00,339.03,346.64,334.15,335.0,105320174
2025-08-12 00:00:00+00:00,340.84,345.26,332.94,345.0,80690111
2025-08-13 00:00:00+00:00,339.38,348.98,338.2,341.5,67838892
2025-08-14 00:00:00+00:00,335.58,340.4699,330.4,335.76,75000662
2025-08-15 00:00:00+00:00,330.56,339.3,327.02,337.655,74319792
2025-08-18 00:00:00+00:00,335.16,336.27,329.59,329.62,56956552
2025-08-19 00:00:00+00:00,329.31,340.55,327.85,335.79,75956002
2025-08-20 00:00:00+00:00,323.9,331.37,314.6,329.22,77481768
2025-08-21 00:00:00+00:00,320.11,324.9,318.68,322.08,55744445
2025-08-22 00:00:00+00:00,340.01,340.25,319.69,321.66,94016347
2025-08-25 00:00:00+00:00,346.6,349.53,335.03,338.9,86670037
2025-08-26 00:00:00+00:00,351.67,351.9,343.72,344.93,76651550
2025-08-27 00:00:00+00:00,349.6,355.39,349.156,351.94,65519012
2025-08-28 00:00:00+00:00,345.98,353.55,340.26,350.91,67903224
2025-08-29 00:00:00+00:00,333.87,348.7499,331.7,347.23,81145660
2025-09-02 00:00:00+00:00,329.36,333.33,325.6,328.23,58391952
2025-09-03 00:00:00+00:00,334.09,343.33,328.51,335.2,88238894
2025-09-04 00:00:00+00:00,338.53,338.89,331.48,336.15,60711033
2025-09-05 00:00:00+00:00,350.84,355.87,344.6801,348.0,108989785
2025-09-08 00:00:00+00:00,346.4,358.44,344.84,354.64,75208290
2025-09-09 00:00:00+00:00,346.97,350.77,343.82,348.44,53815991
2025-09-10 00:00:00+00:00,347.79,356.33,346.07,350.55,72121679
2025-09-11 00:00:00+00:00,368.81,368.99,347.6,350.17,103756010
2025-09-12 00:00:00+00:00,395.94,396.6899,370.24,370.94,168156391
2025-09-15 00:00:00+00:00,410.04,425.7,402.43,423.13,163823667
2025-09-16 00:00:00+00:00,421.62,423.25,411.43,414.495,104285721
2025-09-17 00:00:00+00:00,425.86,428.312095,409.67,415.75,106133532
2025-09-18 00:00:00+00:00,416.85,432.2199,416.56,428.865,90454509
2025-09-19 00:00:00+00:00,426.07,429.47,421.72,421.82,93131034
2025-09-22 00:00:00+00:00,434.21,444.98,429.13,431.11,97108777
2025-09-23 00:00:00+00:00,425.85,440.97,423.72,439.88,83422691
2025-09-24 00:00:00+00:00,442.79,444.21,429.0301,429.83,93133570
2025-09-25 00:00:00+00:00,423.39,435.35,419.08,435.24,96746426
2025-09-26 00:00:00+00:00,440.4,440.47,421.02,428.3,101628160
2025-09-29 00:00:00+00:00,443.21,450.98,439.5,444.35,79491510
2025-09-30 00:00:00+00:00,444.72,445.0,433.12,441.52,74357960
2025-10-01 00:00:00+00:00,459.46,462.29,440.75,443.8,98122285
2025-10-02 00:00:00+00:00,436.0,470.75,435.57,470.54,137008950
2025-10-03 00:00:00+00:00,429.83,446.77,416.575,443.285,133188180
2025-10-06 00:00:00+00:00,453.25,453.55,436.69,440.75,85324878
2025-10-07 00:00:00+00:00,433.09,452.68,432.4501,447.82,102296082
2025-10-08 00:00:00+00:00,438.69,441.33,425.23,437.57,71192128
2025-10-09 00:00:00+00:00,435.54,436.35,426.18,431.81,69339928
2025-10-10 00:00:00+00:00,413.49,443.13,411.45,436.54,112107870
2025-10-13 00:00:00+00:00,435.9,436.89,419.7,423.53,79552785
2025-10-14 00:00:00+00:00,429.24,434.2,417.86,426.79,72669438
2025-10-15 00:00:00+00:00,435.15,440.51,426.3301,434.9,71558185
2025-10-16 00:00:00+00:00,428.75,439.35,421.3101,434.73,77189889
2025-10-17 00:00:00+00:00,439.31,441.4558,423.6,425.5,89331578
2025-10-20 00:00:00+00:00,447.43,449.8,440.61,443.865,63718971
2025-10-21 00:00:00+00:00,442.6,449.3,442.05,445.755,54412169
2025-10-22 00:00:00+00:00,438.97,445.539,429.0,443.45,84023458
2025-10-23 00:00:00+00:00,448.98,449.3999,413.9,420.0,126709833
2025-10-24 00:00:00+00:00,433.72,451.68,430.17,446.83,94727774
2025-10-27 00:00:00+00:00,452.42,460.16,438.69,439.98,105867547
2025-10-28 00:00:00+00:00,460.55,467.0,451.6,454.775,80185667
2025-10-29 00:00:00+00:00,461.51,465.7,452.65,462.5,67983544
